================================================================================
CRSF Raw Logger - nasłuchiwanie na /dev/ttyUSB1 @ 420000 baud
Anti false-sync: włączona (loguje tylko ramki z CRC OK)
Naciśnij Ctrl+C aby zakończyć
================================================================================
[21:08:47.416] ADDR:0xEE TYPE:RC_CHANNELS_PACKED        LEN:26 | EE 18 16 DF BB 5E 2B B2 D7 8A 56 B4 02 7C E0 03 1F F8 C0 07 3E F0 81 0F 7C C6
[21:08:47.416] ADDR:0xEE TYPE:RC_CHANNELS_PACKED        LEN:26 | EE 18 16 E0 C3 5E 2B B2 D7 8A 56 B4 02 7C E0 03 1F F8 C0 07 3E F0 81 0F 7C E4
[21:08:47.416] ADDR:0xEE TYPE:RC_CHANNELS_PACKED        LEN:26 | EE 18 16 E0 BB 5E 2B B2 D7 8A 56 B4 02 7C E0 03 1F F8 C0 07 3E F0 81 0F 7C 44
[21:08:47.416] ADDR:0xEE TYPE:RC_CHANNELS_PACKED        LEN:26 | EE 18 16 E0 C3 5E 2B B2 D7 8A 56 B4 02 7C E0 03 1F F8 C0 07 3E F0 81 0F 7C E4
[21:08:47.416] ADDR:0xEE TYPE:RC_CHANNELS_PACKED        LEN:26 | EE 18 16 E0 C3 5E 2B B4 D7 8A 56 B4 02 7C E0 03 1F F8 C0 07 3E F0 81 0F 7C 60
[21:08:47.416] ADDR:0xEE TYPE:RC_CHANNELS_PACKED        LEN:26 | EE 18 16 E0 C3 5E 2B B0 D7 8A 56 B4 02 7C E0 03 1F F8 C0 07 3E F0 81 0F 7C 98
[21:08:47.416] ADDR:0xEE TYPE:RC_CHANNELS_PACKED        LEN:26 | EE 18 16 DF BB 5E 2B AE D7 8A 56 B4 02 7C E0 03 1F F8 C0 07 3E F0 81 0F 7C 51
[21:08:47.416] ADDR:0xEE TYPE:RC_CHANNELS_PACKED        LEN:26 | EE 18 16 E0 C3 5E 2B B2 D7 8A 56 B4 02 7C E0 03 1F F8 C0 07 3E F0 81 0F 7C E4
[21:08:47.416] ADDR:0xEE TYPE:RC_CHANNELS_PACKED        LEN:26 | EE 18 16 E0 BB 5E 2B B2 D7 8A 56 B4 02 7C E0 03 1F F8 C0 07 3E F0 81 0F 7C 44
[21:08:47.416] ADDR:0xEE TYPE:RC_CHANNELS_PACKED        LEN:26 | EE 18 16 E0 C3 5E 2B B2 D7 8A 56 B4 02 7C E0 03 1F F8 C0 07 3E F0 81 0F 7C E4
[21:08:47.416] ADDR:0xEE TYPE:RC_CHANNELS_PACKED        LEN:26 | EE 18 16 E0 C3 5E 2B B0 D7 8A 56 B4 02 7C E0 03 1F F8 C0 07 3E F0 81 0F 7C 98
[21:08:47.417] ADDR:0xEE TYPE:RC_CHANNELS_PACKED        LEN:26 | EE 18 16 E0 C3 5E 2B B0 D7 8A 56 B4 02 7C E0 03 1F F8 C0 07 3E F0 81 0F 7C 98
[21:08:47.417] ADDR:0xEE TYPE:RC_CHANNELS_PACKED        LEN:26 | EE 18 16 E0 C3 5E 2B AE D7 8A 56 B4 02 7C E0 03 1F F8 C0 07 3E F0 81 0F 7C 73
[21:08:47.417] ADDR:0xEE TYPE:RC_CHANNELS_PACKED        LEN:26 | EE 18 16 E0 C3 5E 2B B2 D7 8A 56 B4 02 7C E0 03 1F F8 C0 07 3E F0 81 0F 7C E4
[21:08:47.417] ADDR:0xEE TYPE:RC_CHANNELS_PACKED        LEN:26 | EE 18 16 E0 C3 5E 2B B2 D7 8A 56 B4 02 7C E0 03 1F F8 C0 07 3E F0 81 0F 7C E4
[21:08:47.417] ADDR:0xEE TYPE:RC_CHANNELS_PACKED        LEN:26 | EE 18 16 E0 C3 5E 2B B4 D7 8A 56 B4 02 7C E0 03 1F F8 C0 07 3E F0 81 0F 7C 60
[21:08:47.417] ADDR:0xEE TYPE:RC_CHANNELS_PACKED        LEN:26 | EE 18 16 E0 C3 5E 2B B2 D7 8A 56 B4 02 7C E0 03 1F F8 C0 07 3E F0 81 0F 7C E4
[21:08:47.417] ADDR:0xEE TYPE:RC_CHANNELS_PACKED        LEN:26 | EE 18 16 E0 BB 5E 2B B2 D7 8A 56 B4 02 7C E0 03 1F F8 C0 07 3E F0 81 0F 7C 44
[21:08:47.417] ADDR:0xEE TYPE:RC_CHANNELS_PACKED        LEN:26 | EE 18 16 E0 C3 5E 2B B2 D7 8A 56 B4 02 7C E0 03 1F F8 C0 07 3E F0 81 0F 7C E4
[21:08:47.498] ADDR:0xEE TYPE:RC_CHANNELS_PACKED        LEN:26 | EE 18 16 E0 C3 5E 2B B2 D7 8A 56 B4 02 7C E0 03 1F F8 C0 07 3E F0 81 0F 7C E4
[21:08:47.498] ADDR:0xEE TYPE:RC_CHANNELS_PACKED        LEN:26 | EE 18 16 E0 C3 5E 2B B2 D7 8A 56 B4 02 7C E0 03 1F F8 C0 07 3E F0 81 0F 7C E4
[21:08:47.498] ADDR:0xEE TYPE:RC_CHANNELS_PACKED        LEN:26 | EE 18 16 E0 C3 5E 2B B2 D7 8A 56 B4 02 7C E0 03 1F F8 C0 07 3E F0 81 0F 7C E4
[21:08:47.498] ADDR:0xEE TYPE:RC_CHANNELS_PACKED        LEN:26 | EE 18 16 E0 BB 5E 2B B0 D7 8A 56 B4 02 7C E0 03 1F F8 C0 07 3E F0 81 0F 7C 38
[21:08:47.498] ADDR:0xEE TYPE:RC_CHANNELS_PACKED        LEN:26 | EE 18 16 E0 C3 5E 2B B2 D7 8A 56 B4 02 7C E0 03 1F F8 C0 07 3E F0 81 0F 7C E4
[21:08:47.498] ADDR:0xEE TYPE:RC_CHANNELS_PACKED        LEN:26 | EE 18 16 E0 C3 5E 2B B4 D7 8A 56 B4 02 7C E0 03 1F F8 C0 07 3E F0 81 0F 7C 60
[21:08:47.498] ADDR:0xEE TYPE:RC_CHANNELS_PACKED        LEN:26 | EE 18 16 DF C3 5E 2B AE D7 8A 56 B4 02 7C E0 03 1F F8 C0 07 3E F0 81 0F 7C F1
[21:08:47.498] ADDR:0xEE TYPE:RC_CHANNELS_PACKED        LEN:26 | EE 18 16 E0 C3 5E 2B B2 D7 8A 56 B4 02 7C E0 03 1F F8 C0 07 3E F0 81 0F 7C E4
[21:08:47.498] ADDR:0xEE TYPE:RC_CHANNELS_PACKED        LEN:26 | EE 18 16 E0 C3 5E 2B B2 D7 8A 56 B4 02 7C E0 03 1F F8 C0 07 3E F0 81 0F 7C E4
[21:08:47.498] ADDR:0xEE TYPE:RC_CHANNELS_PACKED        LEN:26 | EE 18 16 E0 C3 5E 2B B0 D7 8A 56 B4 02 7C E0 03 1F F8 C0 07 3E F0 81 0F 7C 98
[21:08:47.498] ADDR:0xEE TYPE:RC_CHANNELS_PACKED        LEN:26 | EE 18 16 DF C3 5E 2B B2 D7 8A 56 B4 02 7C E0 03 1F F8 C0 07 3E F0 81 0F 7C 66
[21:08:47.498] ADDR:0xEE TYPE:RC_CHANNELS_PACKED        LEN:26 | EE 18 16 E0 BB 5E 2B B2 D7 8A 56 B4 02 7C E0 03 1F F8 C0 07 3E F0 81 0F 7C 44
[21:08:47.499] ADDR:0xEE TYPE:RC_CHANNELS_PACKED        LEN:26 | EE 18 16 E0 C3 5E 2B B2 D7 8A 56 B4 02 7C E0 03 1F F8 C0 07 3E F0 81 0F 7C E4
[21:08:47.499] ADDR:0xEE TYPE:RC_CHANNELS_PACKED        LEN:26 | EE 18 16 E0 C3 5E 2B B2 D7 8A 56 B4 02 7C E0 03 1F F8 C0 07 3E F0 81 0F 7C E4
[21:08:47.499] ADDR:0xEE TYPE:RC_CHANNELS_PACKED        LEN:26 | EE 18 16 E0 C3 5E 2B B0 D7 8A 56 B4 02 7C E0 03 1F F8 C0 07 3E F0 81 0F 7C 98
[21:08:47.499] ADDR:0xEE TYPE:RC_CHANNELS_PACKED        LEN:26 | EE 18 16 E0 C3 5E 2B B2 D7 8A 56 B4 02 7C E0 03 1F F8 C0 07 3E F0 81 0F 7C E4
[21:08:47.499] ADDR:0xEE TYPE:RC_CHANNELS_PACKED        LEN:26 | EE 18 16 E0 C3 5E 2B B2 D7 8A 56 B4 02 7C E0 03 1F F8 C0 07 3E F0 81 0F 7C E4
[21:08:47.499] ADDR:0xEE TYPE:RC_CHANNELS_PACKED        LEN:26 | EE 18 16 E0 C3 5E 2B B0 D7 8A 56 B4 02 7C E0 03 1F F8 C0 07 3E F0 81 0F 7C 98
[21:08:47.499] ADDR:0xEE TYPE:RC_CHANNELS_PACKED        LEN:26 | EE 18 16 E0 C3 5E 2B B2 D7 8A 56 B4 02 7C E0 03 1F F8 C0 07 3E F0 81 0F 7C E4
[21:08:47.570] ADDR:0xEE TYPE:RC_CHANNELS_PACKED        LEN:26 | EE 18 16 E0 C3 5E 2B B2 D7 8A 56 B4 02 7C E0 03 1F F8 C0 07 3E F0 81 0F 7C E4
[21:08:47.570] ADDR:0xEE TYPE:RC_CHANNELS_PACKED        LEN:26 | EE 18 16 E0 D3 5E 2B B2 D7 8A 56 B4 02 7C E0 03 1F F8 C0 07 3E F0 81 0F 7C B5
[21:08:47.570] ADDR:0xEE TYPE:RC_CHANNELS_PACKED        LEN:26 | EE 18 16 E0 C3 5E 2B B0 D7 8A 56 B4 02 7C E0 03 1F F8 C0 07 3E F0 81 0F 7C 98
[21:08:47.570] ADDR:0xEE TYPE:RC_CHANNELS_PACKED        LEN:26 | EE 18 16 E0 C3 5E 2B B2 D7 8A 56 B4 02 7C E0 03 1F F8 C0 07 3E F0 81 0F 7C E4
[21:08:47.570] ADDR:0xEE TYPE:RC_CHANNELS_PACKED        LEN:26 | EE 18 16 E0 BB 5E 2B B0 D7 8A 56 B4 02 7C E0 03 1F F8 C0 07 3E F0 81 0F 7C 38
[21:08:47.570] ADDR:0xEE TYPE:RC_CHANNELS_PACKED        LEN:26 | EE 18 16 E0 C3 5E 2B B2 D7 8A 56 B4 02 7C E0 03 1F F8 C0 07 3E F0 81 0F 7C E4
[21:08:47.570] ADDR:0xEE TYPE:RC_CHANNELS_PACKED        LEN:26 | EE 18 16 E0 C3 5E 2B B0 D7 8A 56 B4 02 7C E0 03 1F F8 C0 07 3E F0 81 0F 7C 98
[21:08:47.570] ADDR:0xEE TYPE:RC_CHANNELS_PACKED        LEN:26 | EE 18 16 E0 C3 5E 2B B0 D7 8A 56 B4 02 7C E0 03 1F F8 C0 07 3E F0 81 0F 7C 98
[21:08:47.570] ADDR:0xEE TYPE:RC_CHANNELS_PACKED        LEN:26 | EE 18 16 E0 C3 5E 2B B2 D7 8A 56 B4 02 7C E0 03 1F F8 C0 07 3E F0 81 0F 7C E4
[21:08:47.570] ADDR:0xEE TYPE:RC_CHANNELS_PACKED        LEN:26 | EE 18 16 E0 C3 5E 2B B0 D7 8A 56 B4 02 7C E0 03 1F F8 C0 07 3E F0 81 0F 7C 98
[21:08:47.570] ADDR:0xEE TYPE:RC_CHANNELS_PACKED        LEN:26 | EE 18 16 E0 C3 5E 2B AE D7 8A 56 B4 02 7C E0 03 1F F8 C0 07 3E F0 81 0F 7C 73
[21:08:47.570] ADDR:0xEE TYPE:RC_CHANNELS_PACKED        LEN:26 | EE 18 16 E0 BB 5E 2B B2 D7 8A 56 B4 02 7C E0 03 1F F8 C0 07 3E F0 81 0F 7C 44
[21:08:47.570] ADDR:0xEE TYPE:RC_CHANNELS_PACKED        LEN:26 | EE 18 16 E0 C3 5E 2B B2 D7 8A 56 B4 02 7C E0 03 1F F8 C0 07 3E F0 81 0F 7C E4
[21:08:47.570] ADDR:0xEE TYPE:RC_CHANNELS_PACKED        LEN:26 | EE 18 16 DF C3 5E 2B B2 D7 8A 56 B4 02 7C E0 03 1F F8 C0 07 3E F0 81 0F 7C 66
[21:08:47.571] ADDR:0xEE TYPE:RC_CHANNELS_PACKED        LEN:26 | EE 18 16 DF BB 5E 2B AE D7 8A 56 B4 02 7C E0 03 1F F8 C0 07 3E F0 81 0F 7C 51
[21:08:47.571] ADDR:0xEE TYPE:RC_CHANNELS_PACKED        LEN:26 | EE 18 16 E0 C3 5E 2B B2 D7 8A 56 B4 02 7C E0 03 1F F8 C0 07 3E F0 81 0F 7C E4
[21:08:47.571] ADDR:0xEE TYPE:RC_CHANNELS_PACKED        LEN:26 | EE 18 16 E0 C3 5E 2B B0 D7 8A 56 B4 02 7C E0 03 1F F8 C0 07 3E F0 81 0F 7C 98
[21:08:47.571] ADDR:0xEE TYPE:RC_CHANNELS_PACKED        LEN:26 | EE 18 16 E0 BB 5E 2B AE D7 8A 56 B4 02 7C E0 03 1F F8 C0 07 3E F0 81 0F 7C D3
[21:08:47.571] ADDR:0xEE TYPE:RC_CHANNELS_PACKED        LEN:26 | EE 18 16 E0 BB 5E 2B B0 D7 8A 56 B4 02 7C E0 03 1F F8 C0 07 3E F0 81 0F 7C 38
[21:08:47.652] ADDR:0xEE TYPE:RC_CHANNELS_PACKED        LEN:26 | EE 18 16 E0 C3 5E 2B B2 D7 8A 56 B4 02 7C E0 03 1F F8 C0 07 3E F0 81 0F 7C E4
[21:08:47.652] ADDR:0xEE TYPE:RC_CHANNELS_PACKED        LEN:26 | EE 18 16 E0 C3 5E 2B B4 D7 8A 56 B4 02 7C E0 03 1F F8 C0 07 3E F0 81 0F 7C 60
[21:08:47.652] ADDR:0xEE TYPE:RC_CHANNELS_PACKED        LEN:26 | EE 18 16 E0 C3 5E 2B B2 D7 8A 56 B4 02 7C E0 03 1F F8 C0 07 3E F0 81 0F 7C E4
[21:08:47.652] ADDR:0xEE TYPE:RC_CHANNELS_PACKED        LEN:26 | EE 18 16 E0 C3 5E 2B B2 D7 8A 56 B4 02 7C E0 03 1F F8 C0 07 3E F0 81 0F 7C E4
[21:08:47.652] ADDR:0xEE TYPE:RC_CHANNELS_PACKED        LEN:26 | EE 18 16 E0 C3 5E 2B B0 D7 8A 56 B4 02 7C E0 03 1F F8 C0 07 3E F0 81 0F 7C 98
[21:08:47.652] ADDR:0xEE TYPE:RC_CHANNELS_PACKED        LEN:26 | EE 18 16 E0 C3 5E 2B B2 D7 8A 56 B4 02 7C E0 03 1F F8 C0 07 3E F0 81 0F 7C E4
[21:08:47.652] ADDR:0xEE TYPE:RC_CHANNELS_PACKED        LEN:26 | EE 18 16 E0 C3 5E 2B B4 D7 8A 56 B4 02 7C E0 03 1F F8 C0 07 3E F0 81 0F 7C 60
[21:08:47.652] ADDR:0xEE TYPE:RC_CHANNELS_PACKED        LEN:26 | EE 18 16 E0 C3 5E 2B B0 D7 8A 56 B4 02 7C E0 03 1F F8 C0 07 3E F0 81 0F 7C 98
[21:08:47.652] ADDR:0xEE TYPE:RC_CHANNELS_PACKED        LEN:26 | EE 18 16 E0 C3 5E 2B B2 D7 8A 56 B4 02 7C E0 03 1F F8 C0 07 3E F0 81 0F 7C E4
[21:08:47.652] ADDR:0xEE TYPE:RC_CHANNELS_PACKED        LEN:26 | EE 18 16 E0 C3 5E 2B AE D7 8A 56 B4 02 7C E0 03 1F F8 C0 07 3E F0 81 0F 7C 73
[21:08:47.652] ADDR:0xEE TYPE:RC_CHANNELS_PACKED        LEN:26 | EE 18 16 E0 C3 5E 2B B2 D7 8A 56 B4 02 7C E0 03 1F F8 C0 07 3E F0 81 0F 7C E4
[21:08:47.652] ADDR:0xEE TYPE:RC_CHANNELS_PACKED        LEN:26 | EE 18 16 E0 C3 5E 2B B2 D7 8A 56 B4 02 7C E0 03 1F F8 C0 07 3E F0 81 0F 7C E4
[21:08:47.653] ADDR:0xEE TYPE:RC_CHANNELS_PACKED        LEN:26 | EE 18 16 E0 BB 5E 2B B2 D7 8A 56 B4 02 7C E0 03 1F F8 C0 07 3E F0 81 0F 7C 44
[21:08:47.653] ADDR:0xEE TYPE:RC_CHANNELS_PACKED        LEN:26 | EE 18 16 E0 C3 5E 2B B2 D7 8A 56 B4 02 7C E0 03 1F F8 C0 07 3E F0 81 0F 7C E4
[21:08:47.653] ADDR:0xEE TYPE:RC_CHANNELS_PACKED        LEN:26 | EE 18 16 E0 C3 5E 2B B2 D7 8A 56 B4 02 7C E0 03 1F F8 C0 07 3E F0 81 0F 7C E4
[21:08:47.653] ADDR:0xEE TYPE:RC_CHANNELS_PACKED        LEN:26 | EE 18 16 E0 C3 5E 2B B0 D7 8A 56 B4 02 7C E0 03 1F F8 C0 07 3E F0 81 0F 7C 98
[21:08:47.653] ADDR:0xEE TYPE:RC_CHANNELS_PACKED        LEN:26 | EE 18 16 E0 C3 5E 2B B2 D7 8A 56 B4 02 7C E0 03 1F F8 C0 07 3E F0 81 0F 7C E4
[21:08:47.653] ADDR:0xEE TYPE:RC_CHANNELS_PACKED        LEN:26 | EE 18 16 E0 BB 5E 2B B2 D7 8A 56 B4 02 7C E0 03 1F F8 C0 07 3E F0 81 0F 7C 44
[21:08:47.653] ADDR:0xEE TYPE:RC_CHANNELS_PACKED        LEN:26 | EE 18 16 E0 C3 5E 2B AE D7 8A 56 B4 02 7C E0 03 1F F8 C0 07 3E F0 81 0F 7C 73
[21:08:47.724] ADDR:0xEE TYPE:RC_CHANNELS_PACKED        LEN:26 | EE 18 16 E0 C3 5E 2B B2 D7 8A 56 B4 02 7C E0 03 1F F8 C0 07 3E F0 81 0F 7C E4
[21:08:47.724] ADDR:0xEE TYPE:RC_CHANNELS_PACKED        LEN:26 | EE 18 16 E0 C3 5E 2B B2 D7 8A 56 B4 02 7C E0 03 1F F8 C0 07 3E F0 81 0F 7C E4
[21:08:47.724] ADDR:0xEE TYPE:RC_CHANNELS_PACKED        LEN:26 | EE 18 16 E0 BB 5E 2B B2 D7 8A 56 B4 02 7C E0 03 1F F8 C0 07 3E F0 81 0F 7C 44
[21:08:47.724] ADDR:0xEE TYPE:RC_CHANNELS_PACKED        LEN:26 | EE 18 16 E0 C3 5E 2B AE D7 8A 56 B4 02 7C E0 03 1F F8 C0 07 3E F0 81 0F 7C 73
[21:08:47.724] ADDR:0xEE TYPE:RC_CHANNELS_PACKED        LEN:26 | EE 18 16 E0 C3 5E 2B B2 D7 8A 56 B4 02 7C E0 03 1F F8 C0 07 3E F0 81 0F 7C E4
[21:08:47.724] ADDR:0xEE TYPE:RC_CHANNELS_PACKED        LEN:26 | EE 18 16 E0 C3 5E 2B B2 D7 8A 56 B4 02 7C E0 03 1F F8 C0 07 3E F0 81 0F 7C E4
[21:08:47.724] ADDR:0xEE TYPE:RC_CHANNELS_PACKED        LEN:26 | EE 18 16 E0 C3 5E 2B B2 D7 8A 56 B4 02 7C E0 03 1F F8 C0 07 3E F0 81 0F 7C E4
[21:08:47.724] ADDR:0xEE TYPE:RC_CHANNELS_PACKED        LEN:26 | EE 18 16 E0 C3 5E 2B B2 D7 8A 56 B4 02 7C E0 03 1F F8 C0 07 3E F0 81 0F 7C E4
[21:08:47.724] ADDR:0xEE TYPE:RC_CHANNELS_PACKED        LEN:26 | EE 18 16 E0 C3 5E 2B B2 D7 8A 56 B4 02 7C E0 03 1F F8 C0 07 3E F0 81 0F 7C E4
[21:08:47.724] ADDR:0xEE TYPE:RC_CHANNELS_PACKED        LEN:26 | EE 18 16 DF C3 5E 2B B2 D7 8A 56 B4 02 7C E0 03 1F F8 C0 07 3E F0 81 0F 7C 66
[21:08:47.725] ADDR:0xEE TYPE:RC_CHANNELS_PACKED        LEN:26 | EE 18 16 E0 C3 5E 2B B2 D7 8A 56 B4 02 7C E0 03 1F F8 C0 07 3E F0 81 0F 7C E4
[21:08:47.725] ADDR:0xEE TYPE:RC_CHANNELS_PACKED        LEN:26 | EE 18 16 E0 C3 5E 2B B2 D7 8A 56 B4 02 7C E0 03 1F F8 C0 07 3E F0 81 0F 7C E4
[21:08:47.725] ADDR:0xEE TYPE:RC_CHANNELS_PACKED        LEN:26 | EE 18 16 E0 C3 5E 2B B0 D7 8A 56 B4 02 7C E0 03 1F F8 C0 07 3E F0 81 0F 7C 98
[21:08:47.725] ADDR:0xEE TYPE:RC_CHANNELS_PACKED        LEN:26 | EE 18 16 E0 C3 5E 2B B2 D7 8A 56 B4 02 7C E0 03 1F F8 C0 07 3E F0 81 0F 7C E4
[21:08:47.725] ADDR:0xEE TYPE:RC_CHANNELS_PACKED        LEN:26 | EE 18 16 E0 C3 5E 2B AE D7 8A 56 B4 02 7C E0 03 1F F8 C0 07 3E F0 81 0F 7C 73
[21:08:47.725] ADDR:0xEE TYPE:RC_CHANNELS_PACKED        LEN:26 | EE 18 16 E0 C3 5E 2B B2 D7 8A 56 B4 02 7C E0 03 1F F8 C0 07 3E F0 81 0F 7C E4
[21:08:47.725] ADDR:0xEE TYPE:RC_CHANNELS_PACKED        LEN:26 | EE 18 16 E0 C3 5E 2B B2 D7 8A 56 B4 02 7C E0 03 1F F8 C0 07 3E F0 81 0F 7C E4
[21:08:47.725] ADDR:0xEE TYPE:RC_CHANNELS_PACKED        LEN:26 | EE 18 16 E0 BB 5E 2B B2 D7 8A 56 B4 02 7C E0 03 1F F8 C0 07 3E F0 81 0F 7C 44
[21:08:47.725] ADDR:0xEE TYPE:RC_CHANNELS_PACKED        LEN:26 | EE 18 16 E0 C3 5E 2B B2 D7 8A 56 B4 02 7C E0 03 1F F8 C0 07 3E F0 81 0F 7C E4
[21:08:47.796] ADDR:0xEE TYPE:RC_CHANNELS_PACKED        LEN:26 | EE 18 16 E0 C3 5E 2B B2 D7 8A 56 B4 02 7C E0 03 1F F8 C0 07 3E F0 81 0F 7C E4
[21:08:47.796] ADDR:0xEE TYPE:RC_CHANNELS_PACKED        LEN:26 | EE 18 16 E0 C3 5E 2B B0 D7 8A 56 B4 02 7C E0 03 1F F8 C0 07 3E F0 81 0F 7C 98
[21:08:47.796] ADDR:0xEE TYPE:RC_CHANNELS_PACKED        LEN:26 | EE 18 16 E0 C3 5E 2B B2 D7 8A 56 B4 02 7C E0 03 1F F8 C0 07 3E F0 81 0F 7C E4
[21:08:47.796] ADDR:0xEE TYPE:RC_CHANNELS_PACKED        LEN:26 | EE 18 16 DF C3 5E 2B AE D7 8A 56 B4 02 7C E0 03 1F F8 C0 07 3E F0 81 0F 7C F1
[21:08:47.796] ADDR:0xEE TYPE:RC_CHANNELS_PACKED        LEN:26 | EE 18 16 E0 C3 5E 2B B2 D7 8A 56 B4 02 7C E0 03 1F F8 C0 07 3E F0 81 0F 7C E4
[21:08:47.796] ADDR:0xEE TYPE:RC_CHANNELS_PACKED        LEN:26 | EE 18 16 E0 C3 5E 2B B0 D7 8A 56 B4 02 7C E0 03 1F F8 C0 07 3E F0 81 0F 7C 98
[21:08:47.796] ADDR:0xEE TYPE:RC_CHANNELS_PACKED        LEN:26 | EE 18 16 E0 C3 5E 2B B4 D7 8A 56 B4 02 7C E0 03 1F F8 C0 07 3E F0 81 0F 7C 60
[21:08:47.796] ADDR:0xEE TYPE:RC_CHANNELS_PACKED        LEN:26 | EE 18 16 E0 C3 5E 2B B2 D7 8A 56 B4 02 7C E0 03 1F F8 C0 07 3E F0 81 0F 7C E4
[21:08:47.796] ADDR:0xEE TYPE:RC_CHANNELS_PACKED        LEN:26 | EE 18 16 E0 C3 5E 2B B2 D7 8A 56 B4 02 7C E0 03 1F F8 C0 07 3E F0 81 0F 7C E4
[21:08:47.796] ADDR:0xEE TYPE:RC_CHANNELS_PACKED        LEN:26 | EE 18 16 E0 C3 5E 2B AE D7 8A 56 B4 02 7C E0 03 1F F8 C0 07 3E F0 81 0F 7C 73
[21:08:47.796] ADDR:0xEE TYPE:RC_CHANNELS_PACKED        LEN:26 | EE 18 16 E0 C3 5E 2B B2 D7 8A 56 B4 02 7C E0 03 1F F8 C0 07 3E F0 81 0F 7C E4
[21:08:47.797] ADDR:0xEE TYPE:RC_CHANNELS_PACKED        LEN:26 | EE 18 16 E0 C3 5E 2B B2 D7 8A 56 B4 02 7C E0 03 1F F8 C0 07 3E F0 81 0F 7C E4
[21:08:47.797] ADDR:0xEE TYPE:RC_CHANNELS_PACKED        LEN:26 | EE 18 16 E0 C3 5E 2B AE D7 8A 56 B4 02 7C E0 03 1F F8 C0 07 3E F0 81 0F 7C 73
[21:08:47.797] ADDR:0xEE TYPE:RC_CHANNELS_PACKED        LEN:26 | EE 18 16 E0 C3 5E 2B B2 D7 8A 56 B4 02 7C E0 03 1F F8 C0 07 3E F0 81 0F 7C E4
[21:08:47.797] ADDR:0xEE TYPE:RC_CHANNELS_PACKED        LEN:26 | EE 18 16 E0 C3 5E 2B B2 D7 8A 56 B4 02 7C E0 03 1F F8 C0 07 3E F0 81 0F 7C E4
[21:08:47.797] ADDR:0xEE TYPE:RC_CHANNELS_PACKED        LEN:26 | EE 18 16 E0 C3 5E 2B B2 D7 8A 56 B4 02 7C E0 03 1F F8 C0 07 3E F0 81 0F 7C E4
[21:08:47.797] ADDR:0xEE TYPE:RC_CHANNELS_PACKED        LEN:26 | EE 18 16 E0 C3 5E 2B B2 D7 8A 56 B4 02 7C E0 03 1F F8 C0 07 3E F0 81 0F 7C E4
[21:08:47.797] ADDR:0xEE TYPE:RC_CHANNELS_PACKED        LEN:26 | EE 18 16 E0 C3 5E 2B B0 D7 8A 56 B4 02 7C E0 03 1F F8 C0 07 3E F0 81 0F 7C 98
[21:08:47.797] ADDR:0xEE TYPE:RC_CHANNELS_PACKED        LEN:26 | EE 18 16 E0 AB 5E 2B B2 D7 8A 56 B4 02 7C E0 03 1F F8 C0 07 3E F0 81 0F 7C 15
[21:08:47.878] ADDR:0xEE TYPE:RC_CHANNELS_PACKED        LEN:26 | EE 18 16 E0 C3 5E 2B B0 D7 8A 56 B4 02 7C E0 03 1F F8 C0 07 3E F0 81 0F 7C 98
[21:08:47.878] ADDR:0xEE TYPE:RC_CHANNELS_PACKED        LEN:26 | EE 18 16 E0 C3 5E 2B B2 D7 8A 56 B4 02 7C E0 03 1F F8 C0 07 3E F0 81 0F 7C E4
[21:08:47.878] ADDR:0xEE TYPE:RC_CHANNELS_PACKED        LEN:26 | EE 18 16 E0 C3 5E 2B B2 D7 8A 56 B4 02 7C E0 03 1F F8 C0 07 3E F0 81 0F 7C E4
[21:08:47.878] ADDR:0xEE TYPE:RC_CHANNELS_PACKED        LEN:26 | EE 18 16 E0 C3 5E 2B AE D7 8A 56 B4 02 7C E0 03 1F F8 C0 07 3E F0 81 0F 7C 73
[21:08:47.878] ADDR:0xEE TYPE:RC_CHANNELS_PACKED        LEN:26 | EE 18 16 DF C3 5E 2B B2 D7 8A 56 B4 02 7C E0 03 1F F8 C0 07 3E F0 81 0F 7C 66
[21:08:47.878] ADDR:0xEE TYPE:RC_CHANNELS_PACKED        LEN:26 | EE 18 16 E0 C3 5E 2B B2 D7 8A 56 B4 02 7C E0 03 1F F8 C0 07 3E F0 81 0F 7C E4
[21:08:47.878] ADDR:0xEE TYPE:RC_CHANNELS_PACKED        LEN:26 | EE 18 16 E0 C3 5E 2B B2 D7 8A 56 B4 02 7C E0 03 1F F8 C0 07 3E F0 81 0F 7C E4
[21:08:47.878] ADDR:0xEE TYPE:RC_CHANNELS_PACKED        LEN:26 | EE 18 16 E0 C3 5E 2B B2 D7 8A 56 B4 02 7C E0 03 1F F8 C0 07 3E F0 81 0F 7C E4
[21:08:47.878] ADDR:0xEE TYPE:RC_CHANNELS_PACKED        LEN:26 | EE 18 16 DF BB 5E 2B B2 D7 8A 56 B4 02 7C E0 03 1F F8 C0 07 3E F0 81 0F 7C C6
[21:08:47.878] ADDR:0xEE TYPE:RC_CHANNELS_PACKED        LEN:26 | EE 18 16 E0 C3 5E 2B B0 D7 8A 56 B4 02 7C E0 03 1F F8 C0 07 3E F0 81 0F 7C 98
[21:08:47.879] ADDR:0xEE TYPE:RC_CHANNELS_PACKED        LEN:26 | EE 18 16 E0 BB 5E 2B B0 D7 8A 56 B4 02 7C E0 03 1F F8 C0 07 3E F0 81 0F 7C 38
[21:08:47.879] ADDR:0xEE TYPE:RC_CHANNELS_PACKED        LEN:26 | EE 18 16 E0 BB 5E 2B B0 D7 8A 56 B4 02 7C E0 03 1F F8 C0 07 3E F0 81 0F 7C 38
[21:08:47.879] ADDR:0xEE TYPE:RC_CHANNELS_PACKED        LEN:26 | EE 18 16 E0 C3 5E 2B B2 D7 8A 56 B4 02 7C E0 03 1F F8 C0 07 3E F0 81 0F 7C E4
[21:08:47.879] ADDR:0xEE TYPE:RC_CHANNELS_PACKED        LEN:26 | EE 18 16 E0 C3 5E 2B B0 D7 8A 56 B4 02 7C E0 03 1F F8 C0 07 3E F0 81 0F 7C 98
[21:08:47.879] ADDR:0xEE TYPE:RC_CHANNELS_PACKED        LEN:26 | EE 18 16 DF C3 5E 2B B2 D7 8A 56 B4 02 7C E0 03 1F F8 C0 07 3E F0 81 0F 7C 66
[21:08:47.879] ADDR:0xEE TYPE:RC_CHANNELS_PACKED        LEN:26 | EE 18 16 E0 C3 5E 2B B0 D7 8A 56 B4 02 7C E0 03 1F F8 C0 07 3E F0 81 0F 7C 98
[21:08:47.879] ADDR:0xEE TYPE:RC_CHANNELS_PACKED        LEN:26 | EE 18 16 DF C3 5E 2B B2 D7 8A 56 B4 02 7C E0 03 1F F8 C0 07 3E F0 81 0F 7C 66
[21:08:47.879] ADDR:0xEE TYPE:RC_CHANNELS_PACKED        LEN:26 | EE 18 16 E0 C3 5E 2B B2 D7 8A 56 B4 02 7C E0 03 1F F8 C0 07 3E F0 81 0F 7C E4
[21:08:47.879] ADDR:0xEE TYPE:RC_CHANNELS_PACKED        LEN:26 | EE 18 16 E0 C3 5E 2B B2 D7 8A 56 B4 02 7C E0 03 1F F8 C0 07 3E F0 81 0F 7C E4
[21:08:47.950] ADDR:0xEE TYPE:RC_CHANNELS_PACKED        LEN:26 | EE 18 16 E0 C3 5E 2B B2 D7 8A 56 B4 02 7C E0 03 1F F8 C0 07 3E F0 81 0F 7C E4
[21:08:47.950] ADDR:0xEE TYPE:RC_CHANNELS_PACKED        LEN:26 | EE 18 16 E0 C3 5E 2B B2 D7 8A 56 B4 02 7C E0 03 1F F8 C0 07 3E F0 81 0F 7C E4
[21:08:47.950] ADDR:0xEE TYPE:RC_CHANNELS_PACKED        LEN:26 | EE 18 16 E0 C3 5E 2B B4 D7 8A 56 B4 02 7C E0 03 1F F8 C0 07 3E F0 81 0F 7C 60
[21:08:47.950] ADDR:0xEE TYPE:RC_CHANNELS_PACKED        LEN:26 | EE 18 16 DF BB 5E 2B B0 D7 8A 56 B4 02 7C E0 03 1F F8 C0 07 3E F0 81 0F 7C BA
[21:08:47.950] ADDR:0xEE TYPE:RC_CHANNELS_PACKED        LEN:26 | EE 18 16 E0 C3 5E 2B B2 D7 8A 56 B4 02 7C E0 03 1F F8 C0 07 3E F0 81 0F 7C E4
[21:08:47.950] ADDR:0xEE TYPE:RC_CHANNELS_PACKED        LEN:26 | EE 18 16 E0 C3 5E 2B B2 D7 8A 56 B4 02 7C E0 03 1F F8 C0 07 3E F0 81 0F 7C E4
[21:08:47.950] ADDR:0xEE TYPE:RC_CHANNELS_PACKED        LEN:26 | EE 18 16 DF C3 5E 2B B2 D7 8A 56 B4 02 7C E0 03 1F F8 C0 07 3E F0 81 0F 7C 66
[21:08:47.950] ADDR:0xEE TYPE:RC_CHANNELS_PACKED        LEN:26 | EE 18 16 E0 C3 5E 2B B2 D7 8A 56 B4 02 7C E0 03 1F F8 C0 07 3E F0 81 0F 7C E4
[21:08:47.950] ADDR:0xEE TYPE:RC_CHANNELS_PACKED        LEN:26 | EE 18 16 E0 C3 5E 2B B2 D7 8A 56 B4 02 7C E0 03 1F F8 C0 07 3E F0 81 0F 7C E4
[21:08:47.950] ADDR:0xEE TYPE:RC_CHANNELS_PACKED        LEN:26 | EE 18 16 E0 C3 5E 2B B2 D7 8A 56 B4 02 7C E0 03 1F F8 C0 07 3E F0 81 0F 7C E4
[21:08:47.950] ADDR:0xEE TYPE:RC_CHANNELS_PACKED        LEN:26 | EE 18 16 E0 C3 5E 2B B2 D7 8A 56 B4 02 7C E0 03 1F F8 C0 07 3E F0 81 0F 7C E4
[21:08:47.950] ADDR:0xEE TYPE:RC_CHANNELS_PACKED        LEN:26 | EE 18 16 E0 C3 5E 2B B2 D7 8A 56 B4 02 7C E0 03 1F F8 C0 07 3E F0 81 0F 7C E4
[21:08:47.950] ADDR:0xEE TYPE:RC_CHANNELS_PACKED        LEN:26 | EE 18 16 E0 C3 5E 2B B0 D7 8A 56 B4 02 7C E0 03 1F F8 C0 07 3E F0 81 0F 7C 98
[21:08:47.951] ADDR:0xEE TYPE:RC_CHANNELS_PACKED        LEN:26 | EE 18 16 E0 C3 5E 2B AE D7 8A 56 B4 02 7C E0 03 1F F8 C0 07 3E F0 81 0F 7C 73
[21:08:47.951] ADDR:0xEE TYPE:RC_CHANNELS_PACKED        LEN:26 | EE 18 16 E0 C3 5E 2B B2 D7 8A 56 B4 02 7C E0 03 1F F8 C0 07 3E F0 81 0F 7C E4
[21:08:47.951] ADDR:0xEE TYPE:RC_CHANNELS_PACKED        LEN:26 | EE 18 16 DF C3 5E 2B B2 D7 8A 56 B4 02 7C E0 03 1F F8 C0 07 3E F0 81 0F 7C 66
[21:08:47.951] ADDR:0xEE TYPE:RC_CHANNELS_PACKED        LEN:26 | EE 18 16 E0 C3 5E 2B B2 D7 8A 56 B4 02 7C E0 03 1F F8 C0 07 3E F0 81 0F 7C E4
[21:08:47.951] ADDR:0xEE TYPE:RC_CHANNELS_PACKED        LEN:26 | EE 18 16 E0 C3 5E 2B B2 D7 8A 56 B4 02 7C E0 03 1F F8 C0 07 3E F0 81 0F 7C E4
[21:08:47.951] ADDR:0xEE TYPE:RC_CHANNELS_PACKED        LEN:26 | EE 18 16 E0 C3 5E 2B B0 D7 8A 56 B4 02 7C E0 03 1F F8 C0 07 3E F0 81 0F 7C 98
[21:08:48.032] ADDR:0xEE TYPE:RC_CHANNELS_PACKED        LEN:26 | EE 18 16 E0 BB 5E 2B B0 D7 8A 56 B4 02 7C E0 03 1F F8 C0 07 3E F0 81 0F 7C 38
[21:08:48.032] ADDR:0xEE TYPE:RC_CHANNELS_PACKED        LEN:26 | EE 18 16 E0 C3 5E 2B B2 D7 8A 56 B4 02 7C E0 03 1F F8 C0 07 3E F0 81 0F 7C E4
[21:08:48.032] ADDR:0xEE TYPE:RC_CHANNELS_PACKED        LEN:26 | EE 18 16 E0 C3 5E 2B B2 D7 8A 56 B4 02 7C E0 03 1F F8 C0 07 3E F0 81 0F 7C E4
[21:08:48.032] ADDR:0xEE TYPE:RC_CHANNELS_PACKED        LEN:26 | EE 18 16 E0 C3 5E 2B B2 D7 8A 56 B4 02 7C E0 03 1F F8 C0 07 3E F0 81 0F 7C E4
[21:08:48.032] ADDR:0xEE TYPE:RC_CHANNELS_PACKED        LEN:26 | EE 18 16 E0 C3 5E 2B B2 D7 8A 56 B4 02 7C E0 03 1F F8 C0 07 3E F0 81 0F 7C E4
[21:08:48.032] ADDR:0xEE TYPE:RC_CHANNELS_PACKED        LEN:26 | EE 18 16 DF C3 5E 2B B2 D7 8A 56 B4 02 7C E0 03 1F F8 C0 07 3E F0 81 0F 7C 66
[21:08:48.032] ADDR:0xEE TYPE:RC_CHANNELS_PACKED        LEN:26 | EE 18 16 E0 C3 5E 2B B2 D7 8A 56 B4 02 7C E0 03 1F F8 C0 07 3E F0 81 0F 7C E4
[21:08:48.032] ADDR:0xEE TYPE:RC_CHANNELS_PACKED        LEN:26 | EE 18 16 E0 C3 5E 2B B2 D7 8A 56 B4 02 7C E0 03 1F F8 C0 07 3E F0 81 0F 7C E4
[21:08:48.032] ADDR:0xEE TYPE:RC_CHANNELS_PACKED        LEN:26 | EE 18 16 E0 C3 5E 2B B0 D7 8A 56 B4 02 7C E0 03 1F F8 C0 07 3E F0 81 0F 7C 98
[21:08:48.032] ADDR:0xEE TYPE:RC_CHANNELS_PACKED        LEN:26 | EE 18 16 E0 C3 5E 2B B2 D7 8A 56 B4 02 7C E0 03 1F F8 C0 07 3E F0 81 0F 7C E4
[21:08:48.032] ADDR:0xEE TYPE:RC_CHANNELS_PACKED        LEN:26 | EE 18 16 E0 C3 5E 2B B2 D7 8A 56 B4 02 7C E0 03 1F F8 C0 07 3E F0 81 0F 7C E4
[21:08:48.033] ADDR:0xEE TYPE:RC_CHANNELS_PACKED        LEN:26 | EE 18 16 E0 BB 5E 2B B2 D7 8A 56 B4 02 7C E0 03 1F F8 C0 07 3E F0 81 0F 7C 44
[21:08:48.033] ADDR:0xEE TYPE:RC_CHANNELS_PACKED        LEN:26 | EE 18 16 E0 C3 5E 2B B2 D7 8A 56 B4 02 7C E0 03 1F F8 C0 07 3E F0 81 0F 7C E4
[21:08:48.033] ADDR:0xEE TYPE:RC_CHANNELS_PACKED        LEN:26 | EE 18 16 E0 C3 5E 2B B2 D7 8A 56 B4 02 7C E0 03 1F F8 C0 07 3E F0 81 0F 7C E4
[21:08:48.033] ADDR:0xEE TYPE:RC_CHANNELS_PACKED        LEN:26 | EE 18 16 E0 C3 5E 2B B2 D7 8A 56 B4 02 7C E0 03 1F F8 C0 07 3E F0 81 0F 7C E4
[21:08:48.033] ADDR:0xEE TYPE:RC_CHANNELS_PACKED        LEN:26 | EE 18 16 E0 C3 5E 2B B0 D7 8A 56 B4 02 7C E0 03 1F F8 C0 07 3E F0 81 0F 7C 98
[21:08:48.033] ADDR:0xEE TYPE:RC_CHANNELS_PACKED        LEN:26 | EE 18 16 E0 C3 5E 2B B2 D7 8A 56 B4 02 7C E0 03 1F F8 C0 07 3E F0 81 0F 7C E4
[21:08:48.033] ADDR:0xEE TYPE:RC_CHANNELS_PACKED        LEN:26 | EE 18 16 E0 C3 5E 2B B2 D7 8A 56 B4 02 7C E0 03 1F F8 C0 07 3E F0 81 0F 7C E4
[21:08:48.033] ADDR:0xEE TYPE:RC_CHANNELS_PACKED        LEN:26 | EE 18 16 E0 BB 5E 2B B2 D7 8A 56 B4 02 7C E0 03 1F F8 C0 07 3E F0 81 0F 7C 44
[21:08:48.104] ADDR:0xEE TYPE:RC_CHANNELS_PACKED        LEN:26 | EE 18 16 E0 C3 5E 2B B2 D7 8A 56 B4 02 7C E0 03 1F F8 C0 07 3E F0 81 0F 7C E4
[21:08:48.104] ADDR:0xEE TYPE:RC_CHANNELS_PACKED        LEN:26 | EE 18 16 E0 C3 5E 2B AE D7 8A 56 B4 02 7C E0 03 1F F8 C0 07 3E F0 81 0F 7C 73
[21:08:48.104] ADDR:0xEE TYPE:RC_CHANNELS_PACKED        LEN:26 | EE 18 16 E0 C3 5E 2B B2 D7 8A 56 B4 02 7C E0 03 1F F8 C0 07 3E F0 81 0F 7C E4
[21:08:48.104] ADDR:0xEE TYPE:RC_CHANNELS_PACKED        LEN:26 | EE 18 16 E0 C3 5E 2B B2 D7 8A 56 B4 02 7C E0 03 1F F8 C0 07 3E F0 81 0F 7C E4
[21:08:48.104] ADDR:0xEE TYPE:RC_CHANNELS_PACKED        LEN:26 | EE 18 16 E0 BB 5E 2B AE D7 8A 56 B4 02 7C E0 03 1F F8 C0 07 3E F0 81 0F 7C D3
[21:08:48.104] ADDR:0xEE TYPE:RC_CHANNELS_PACKED        LEN:26 | EE 18 16 E0 C3 5E 2B B2 D7 8A 56 B4 02 7C E0 03 1F F8 C0 07 3E F0 81 0F 7C E4
[21:08:48.104] ADDR:0xEE TYPE:RC_CHANNELS_PACKED        LEN:26 | EE 18 16 E0 C3 5E 2B B2 D7 8A 56 B4 02 7C E0 03 1F F8 C0 07 3E F0 81 0F 7C E4
[21:08:48.104] ADDR:0xEE TYPE:RC_CHANNELS_PACKED        LEN:26 | EE 18 16 E0 C3 5E 2B B0 D7 8A 56 B4 02 7C E0 03 1F F8 C0 07 3E F0 81 0F 7C 98
[21:08:48.104] ADDR:0xEE TYPE:RC_CHANNELS_PACKED        LEN:26 | EE 18 16 E0 C3 5E 2B B2 D7 8A 56 B4 02 7C E0 03 1F F8 C0 07 3E F0 81 0F 7C E4
[21:08:48.104] ADDR:0xEE TYPE:RC_CHANNELS_PACKED        LEN:26 | EE 18 16 E0 C3 5E 2B B2 D7 8A 56 B4 02 7C E0 03 1F F8 C0 07 3E F0 81 0F 7C E4
[21:08:48.104] ADDR:0xEE TYPE:RC_CHANNELS_PACKED        LEN:26 | EE 18 16 E0 C3 5E 2B B0 D7 8A 56 B4 02 7C E0 03 1F F8 C0 07 3E F0 81 0F 7C 98
[21:08:48.105] ADDR:0xEE TYPE:RC_CHANNELS_PACKED        LEN:26 | EE 18 16 E0 C3 5E 2B B2 D7 8A 56 B4 02 7C E0 03 1F F8 C0 07 3E F0 81 0F 7C E4
[21:08:48.105] ADDR:0xEE TYPE:RC_CHANNELS_PACKED        LEN:26 | EE 18 16 E0 C3 5E 2B B2 D7 8A 56 B4 02 7C E0 03 1F F8 C0 07 3E F0 81 0F 7C E4
[21:08:48.105] ADDR:0xEE TYPE:RC_CHANNELS_PACKED        LEN:26 | EE 18 16 E0 C3 5E 2B B2 D7 8A 56 B4 02 7C E0 03 1F F8 C0 07 3E F0 81 0F 7C E4
[21:08:48.105] ADDR:0xEE TYPE:RC_CHANNELS_PACKED        LEN:26 | EE 18 16 E0 C3 5E 2B B2 D7 8A 56 B4 02 7C E0 03 1F F8 C0 07 3E F0 81 0F 7C E4
[21:08:48.105] ADDR:0xEE TYPE:RC_CHANNELS_PACKED        LEN:26 | EE 18 16 E0 C3 5E 2B B0 D7 8A 56 B4 02 7C E0 03 1F F8 C0 07 3E F0 81 0F 7C 98
[21:08:48.105] ADDR:0xEE TYPE:RC_CHANNELS_PACKED        LEN:26 | EE 18 16 E0 C3 5E 2B B2 D7 8A 56 B4 02 7C E0 03 1F F8 C0 07 3E F0 81 0F 7C E4
[21:08:48.105] ADDR:0xEE TYPE:RC_CHANNELS_PACKED        LEN:26 | EE 18 16 E0 C3 5E 2B B2 D7 8A 56 B4 02 7C E0 03 1F F8 C0 07 3E F0 81 0F 7C E4
[21:08:48.105] ADDR:0xEE TYPE:RC_CHANNELS_PACKED        LEN:26 | EE 18 16 E0 BB 5E 2B B2 D7 8A 56 B4 02 7C E0 03 1F F8 C0 07 3E F0 81 0F 7C 44
[21:08:48.176] ADDR:0xEE TYPE:RC_CHANNELS_PACKED        LEN:26 | EE 18 16 E0 C3 5E 2B AE D7 8A 56 B4 02 7C E0 03 1F F8 C0 07 3E F0 81 0F 7C 73
[21:08:48.176] ADDR:0xEE TYPE:RC_CHANNELS_PACKED        LEN:26 | EE 18 16 E0 C3 5E 2B B2 D7 8A 56 B4 02 7C E0 03 1F F8 C0 07 3E F0 81 0F 7C E4
[21:08:48.176] ADDR:0xEE TYPE:RC_CHANNELS_PACKED        LEN:26 | EE 18 16 E0 C3 5E 2B B2 D7 8A 56 B4 02 7C E0 03 1F F8 C0 07 3E F0 81 0F 7C E4
[21:08:48.176] ADDR:0xEE TYPE:RC_CHANNELS_PACKED        LEN:26 | EE 18 16 E0 C3 5E 2B B2 D7 8A 56 B4 02 7C E0 03 1F F8 C0 07 3E F0 81 0F 7C E4
[21:08:48.176] ADDR:0xEE TYPE:RC_CHANNELS_PACKED        LEN:26 | EE 18 16 DF C3 5E 2B B2 D7 8A 56 B4 02 7C E0 03 1F F8 C0 07 3E F0 81 0F 7C 66
[21:08:48.176] ADDR:0xEE TYPE:RC_CHANNELS_PACKED        LEN:26 | EE 18 16 E0 C3 5E 2B B2 D7 8A 56 B4 02 7C E0 03 1F F8 C0 07 3E F0 81 0F 7C E4
[21:08:48.176] ADDR:0xEE TYPE:RC_CHANNELS_PACKED        LEN:26 | EE 18 16 E0 C3 5E 2B B0 D7 8A 56 B4 02 7C E0 03 1F F8 C0 07 3E F0 81 0F 7C 98
[21:08:48.176] ADDR:0xEE TYPE:RC_CHANNELS_PACKED        LEN:26 | EE 18 16 E0 C3 5E 2B B2 D7 8A 56 B4 02 7C E0 03 1F F8 C0 07 3E F0 81 0F 7C E4
[21:08:48.176] ADDR:0xEE TYPE:RC_CHANNELS_PACKED        LEN:26 | EE 18 16 E0 C3 5E 2B B2 D7 8A 56 B4 02 7C E0 03 1F F8 C0 07 3E F0 81 0F 7C E4
[21:08:48.176] ADDR:0xEE TYPE:RC_CHANNELS_PACKED        LEN:26 | EE 18 16 E0 C3 5E 2B AE D7 8A 56 B4 02 7C E0 03 1F F8 C0 07 3E F0 81 0F 7C 73
[21:08:48.176] ADDR:0xEE TYPE:RC_CHANNELS_PACKED        LEN:26 | EE 18 16 E0 BB 5E 2B AA D7 8A 56 B4 02 7C E0 03 1F F8 C0 07 3E F0 81 0F 7C 2B
[21:08:48.176] ADDR:0xEE TYPE:RC_CHANNELS_PACKED        LEN:26 | EE 18 16 E0 C3 5E 2B B2 D7 8A 56 B4 02 7C E0 03 1F F8 C0 07 3E F0 81 0F 7C E4
[21:08:48.177] ADDR:0xEE TYPE:RC_CHANNELS_PACKED        LEN:26 | EE 18 16 E0 C3 5E 2B B2 D7 8A 56 B4 02 7C E0 03 1F F8 C0 07 3E F0 81 0F 7C E4
[21:08:48.177] ADDR:0xEE TYPE:RC_CHANNELS_PACKED        LEN:26 | EE 18 16 E0 C3 5E 2B AE D7 8A 56 B4 02 7C E0 03 1F F8 C0 07 3E F0 81 0F 7C 73
[21:08:48.177] ADDR:0xEE TYPE:RC_CHANNELS_PACKED        LEN:26 | EE 18 16 E0 BB 5E 2B B2 D7 8A 56 B4 02 7C E0 03 1F F8 C0 07 3E F0 81 0F 7C 44
[21:08:48.177] ADDR:0xEE TYPE:RC_CHANNELS_PACKED        LEN:26 | EE 18 16 E0 C3 5E 2B B2 D7 8A 56 B4 02 7C E0 03 1F F8 C0 07 3E F0 81 0F 7C E4
[21:08:48.177] ADDR:0xEE TYPE:RC_CHANNELS_PACKED        LEN:26 | EE 18 16 E0 BB 5E 2B B2 D7 8A 56 B4 02 7C E0 03 1F F8 C0 07 3E F0 81 0F 7C 44
[21:08:48.177] ADDR:0xEE TYPE:RC_CHANNELS_PACKED        LEN:26 | EE 18 16 E0 C3 5E 2B B0 D7 8A 56 B4 02 7C E0 03 1F F8 C0 07 3E F0 81 0F 7C 98
[21:08:48.177] ADDR:0xEE TYPE:RC_CHANNELS_PACKED        LEN:26 | EE 18 16 E0 C3 5E 2B B4 D7 8A 56 B4 02 7C E0 03 1F F8 C0 07 3E F0 81 0F 7C 60
[21:08:48.258] ADDR:0xEE TYPE:RC_CHANNELS_PACKED        LEN:26 | EE 18 16 E0 C3 5E 2B B2 D7 8A 56 B4 02 7C E0 03 1F F8 C0 07 3E F0 81 0F 7C E4
[21:08:48.258] ADDR:0xEE TYPE:RC_CHANNELS_PACKED        LEN:26 | EE 18 16 E0 C3 5E 2B B4 D7 8A 56 B4 02 7C E0 03 1F F8 C0 07 3E F0 81 0F 7C 60
[21:08:48.258] ADDR:0xEE TYPE:RC_CHANNELS_PACKED        LEN:26 | EE 18 16 E0 C3 5E 2B B2 D7 8A 56 B4 02 7C E0 03 1F F8 C0 07 3E F0 81 0F 7C E4
[21:08:48.258] ADDR:0xEE TYPE:RC_CHANNELS_PACKED        LEN:26 | EE 18 16 E0 C3 5E 2B B4 D7 8A 56 B4 02 7C E0 03 1F F8 C0 07 3E F0 81 0F 7C 60
[21:08:48.258] ADDR:0xEE TYPE:RC_CHANNELS_PACKED        LEN:26 | EE 18 16 E0 BB 5E 2B B0 D7 8A 56 B4 02 7C E0 03 1F F8 C0 07 3E F0 81 0F 7C 38
[21:08:48.258] ADDR:0xEE TYPE:RC_CHANNELS_PACKED        LEN:26 | EE 18 16 E0 C3 5E 2B B2 D7 8A 56 B4 02 7C E0 03 1F F8 C0 07 3E F0 81 0F 7C E4
[21:08:48.258] ADDR:0xEE TYPE:RC_CHANNELS_PACKED        LEN:26 | EE 18 16 E0 C3 5E 2B B2 D7 8A 56 B4 02 7C E0 03 1F F8 C0 07 3E F0 81 0F 7C E4
[21:08:48.258] ADDR:0xEE TYPE:RC_CHANNELS_PACKED        LEN:26 | EE 18 16 E0 C3 5E 2B B2 D7 8A 56 B4 02 7C E0 03 1F F8 C0 07 3E F0 81 0F 7C E4
[21:08:48.258] ADDR:0xEE TYPE:RC_CHANNELS_PACKED        LEN:26 | EE 18 16 E0 C3 5E 2B B2 D7 8A 56 B4 02 7C E0 03 1F F8 C0 07 3E F0 81 0F 7C E4
[21:08:48.258] ADDR:0xEE TYPE:RC_CHANNELS_PACKED        LEN:26 | EE 18 16 E0 C3 5E 2B B2 D7 8A 56 B4 02 7C E0 03 1F F8 C0 07 3E F0 81 0F 7C E4
[21:08:48.258] ADDR:0xEE TYPE:RC_CHANNELS_PACKED        LEN:26 | EE 18 16 E0 C3 5E 2B B4 D7 8A 56 B4 02 7C E0 03 1F F8 C0 07 3E F0 81 0F 7C 60
[21:08:48.259] ADDR:0xEE TYPE:RC_CHANNELS_PACKED        LEN:26 | EE 18 16 E0 C3 5E 2B B2 D7 8A 56 B4 02 7C E0 03 1F F8 C0 07 3E F0 81 0F 7C E4
[21:08:48.259] ADDR:0xEE TYPE:RC_CHANNELS_PACKED        LEN:26 | EE 18 16 E0 C3 5E 2B B2 D7 8A 56 B4 02 7C E0 03 1F F8 C0 07 3E F0 81 0F 7C E4
[21:08:48.259] ADDR:0xEE TYPE:RC_CHANNELS_PACKED        LEN:26 | EE 18 16 E0 C3 5E 2B B4 D7 8A 56 B4 02 7C E0 03 1F F8 C0 07 3E F0 81 0F 7C 60
[21:08:48.259] ADDR:0xEE TYPE:RC_CHANNELS_PACKED        LEN:26 | EE 18 16 E0 C3 5E 2B B2 D7 8A 56 B4 02 7C E0 03 1F F8 C0 07 3E F0 81 0F 7C E4
[21:08:48.259] ADDR:0xEE TYPE:RC_CHANNELS_PACKED        LEN:26 | EE 18 16 E0 C3 5E 2B B0 D7 8A 56 B4 02 7C E0 03 1F F8 C0 07 3E F0 81 0F 7C 98
[21:08:48.259] ADDR:0xEE TYPE:RC_CHANNELS_PACKED        LEN:26 | EE 18 16 E0 C3 5E 2B B2 D7 8A 56 B4 02 7C E0 03 1F F8 C0 07 3E F0 81 0F 7C E4
[21:08:48.259] ADDR:0xEE TYPE:RC_CHANNELS_PACKED        LEN:26 | EE 18 16 E0 C3 5E 2B B0 D7 8A 56 B4 02 7C E0 03 1F F8 C0 07 3E F0 81 0F 7C 98
[21:08:48.259] ADDR:0xEE TYPE:RC_CHANNELS_PACKED        LEN:26 | EE 18 16 E0 BB 5E 2B B0 D7 8A 56 B4 02 7C E0 03 1F F8 C0 07 3E F0 81 0F 7C 38
[21:08:48.340] ADDR:0xEE TYPE:RC_CHANNELS_PACKED        LEN:26 | EE 18 16 E0 C3 5E 2B B2 D7 8A 56 B4 02 7C E0 03 1F F8 C0 07 3E F0 81 0F 7C E4
[21:08:48.340] ADDR:0xEE TYPE:RC_CHANNELS_PACKED        LEN:26 | EE 18 16 E0 C3 5E 2B B0 D7 8A 56 B4 02 7C E0 03 1F F8 C0 07 3E F0 81 0F 7C 98
[21:08:48.340] ADDR:0xEE TYPE:RC_CHANNELS_PACKED        LEN:26 | EE 18 16 E0 C3 5E 2B B0 D7 8A 56 B4 02 7C E0 03 1F F8 C0 07 3E F0 81 0F 7C 98
[21:08:48.340] ADDR:0xEE TYPE:RC_CHANNELS_PACKED        LEN:26 | EE 18 16 E0 C3 5E 2B B2 D7 8A 56 B4 02 7C E0 03 1F F8 C0 07 3E F0 81 0F 7C E4
[21:08:48.340] ADDR:0xEE TYPE:RC_CHANNELS_PACKED        LEN:26 | EE 18 16 DF C3 5E 2B B2 D7 8A 56 B4 02 7C E0 03 1F F8 C0 07 3E F0 81 0F 7C 66
[21:08:48.340] ADDR:0xEE TYPE:RC_CHANNELS_PACKED        LEN:26 | EE 18 16 E0 C3 5E 2B B2 D7 8A 56 B4 02 7C E0 03 1F F8 C0 07 3E F0 81 0F 7C E4
[21:08:48.340] ADDR:0xEE TYPE:RC_CHANNELS_PACKED        LEN:26 | EE 18 16 E0 C3 5E 2B B2 D7 8A 56 B4 02 7C E0 03 1F F8 C0 07 3E F0 81 0F 7C E4
[21:08:48.340] ADDR:0xEE TYPE:RC_CHANNELS_PACKED        LEN:26 | EE 18 16 E0 C3 5E 2B B2 D7 8A 56 B4 02 7C E0 03 1F F8 C0 07 3E F0 81 0F 7C E4
[21:08:48.341] ADDR:0xEE TYPE:RC_CHANNELS_PACKED        LEN:26 | EE 18 16 E0 D3 5E 2B B0 D7 8A 56 B4 02 7C E0 03 1F F8 C0 07 3E F0 81 0F 7C C9
[21:08:48.341] ADDR:0xEE TYPE:RC_CHANNELS_PACKED        LEN:26 | EE 18 16 E0 BB 5E 2B B0 D7 8A 56 B4 02 7C E0 03 1F F8 C0 07 3E F0 81 0F 7C 38
[21:08:48.341] ADDR:0xEE TYPE:RC_CHANNELS_PACKED        LEN:26 | EE 18 16 E0 BB 5E 2B B2 D7 8A 56 B4 02 7C E0 03 1F F8 C0 07 3E F0 81 0F 7C 44
[21:08:48.341] ADDR:0xEE TYPE:RC_CHANNELS_PACKED        LEN:26 | EE 18 16 E0 C3 5E 2B B2 D7 8A 56 B4 02 7C E0 03 1F F8 C0 07 3E F0 81 0F 7C E4
[21:08:48.341] ADDR:0xEE TYPE:RC_CHANNELS_PACKED        LEN:26 | EE 18 16 E0 C3 5E 2B B0 D7 8A 56 B4 02 7C E0 03 1F F8 C0 07 3E F0 81 0F 7C 98
[21:08:48.341] ADDR:0xEE TYPE:RC_CHANNELS_PACKED        LEN:26 | EE 18 16 E0 C3 5E 2B AE D7 8A 56 B4 02 7C E0 03 1F F8 C0 07 3E F0 81 0F 7C 73
[21:08:48.341] ADDR:0xEE TYPE:RC_CHANNELS_PACKED        LEN:26 | EE 18 16 DF C3 5E 2B B0 D7 8A 56 B4 02 7C E0 03 1F F8 C0 07 3E F0 81 0F 7C 1A
[21:08:48.341] ADDR:0xEE TYPE:RC_CHANNELS_PACKED        LEN:26 | EE 18 16 E0 C3 5E 2B B0 D7 8A 56 B4 02 7C E0 03 1F F8 C0 07 3E F0 81 0F 7C 98
[21:08:48.341] ADDR:0xEE TYPE:RC_CHANNELS_PACKED        LEN:26 | EE 18 16 DF C3 5E 2B B2 D7 8A 56 B4 02 7C E0 03 1F F8 C0 07 3E F0 81 0F 7C 66
[21:08:48.341] ADDR:0xEE TYPE:RC_CHANNELS_PACKED        LEN:26 | EE 18 16 E0 C3 5E 2B B2 D7 8A 56 B4 02 7C E0 03 1F F8 C0 07 3E F0 81 0F 7C E4
[21:08:48.341] ADDR:0xEE TYPE:RC_CHANNELS_PACKED        LEN:26 | EE 18 16 E0 C3 5E 2B B2 D7 8A 56 B4 02 7C E0 03 1F F8 C0 07 3E F0 81 0F 7C E4
[21:08:48.341] ADDR:0xEE TYPE:RC_CHANNELS_PACKED        LEN:26 | EE 18 16 E0 C3 5E 2B B2 D7 8A 56 B4 02 7C E0 03 1F F8 C0 07 3E F0 81 0F 7C E4
[21:08:48.412] ADDR:0xEE TYPE:RC_CHANNELS_PACKED        LEN:26 | EE 18 16 E0 C3 5E 2B B0 D7 8A 56 B4 02 7C E0 03 1F F8 C0 07 3E F0 81 0F 7C 98
[21:08:48.412] ADDR:0xEE TYPE:RC_CHANNELS_PACKED        LEN:26 | EE 18 16 E0 BB 5E 2B B2 D7 8A 56 B4 02 7C E0 03 1F F8 C0 07 3E F0 81 0F 7C 44
[21:08:48.412] ADDR:0xEE TYPE:RC_CHANNELS_PACKED        LEN:26 | EE 18 16 E0 C3 5E 2B B0 D7 8A 56 B4 02 7C E0 03 1F F8 C0 07 3E F0 81 0F 7C 98
[21:08:48.412] ADDR:0xEE TYPE:RC_CHANNELS_PACKED        LEN:26 | EE 18 16 E0 C3 5E 2B B2 D7 8A 56 B4 02 7C E0 03 1F F8 C0 07 3E F0 81 0F 7C E4
[21:08:48.412] ADDR:0xEE TYPE:RC_CHANNELS_PACKED        LEN:26 | EE 18 16 E0 C3 5E 2B B2 D7 8A 56 B4 02 7C E0 03 1F F8 C0 07 3E F0 81 0F 7C E4
[21:08:48.412] ADDR:0xEE TYPE:RC_CHANNELS_PACKED        LEN:26 | EE 18 16 E0 C3 5E 2B B0 D7 8A 56 B4 02 7C E0 03 1F F8 C0 07 3E F0 81 0F 7C 98
[21:08:48.412] ADDR:0xEE TYPE:RC_CHANNELS_PACKED        LEN:26 | EE 18 16 E0 C3 5E 2B B0 D7 8A 56 B4 02 7C E0 03 1F F8 C0 07 3E F0 81 0F 7C 98
[21:08:48.413] ADDR:0xEE TYPE:RC_CHANNELS_PACKED        LEN:26 | EE 18 16 E0 C3 5E 2B AE D7 8A 56 B4 02 7C E0 03 1F F8 C0 07 3E F0 81 0F 7C 73
[21:08:48.413] ADDR:0xEE TYPE:RC_CHANNELS_PACKED        LEN:26 | EE 18 16 E0 C3 5E 2B B2 D7 8A 56 B4 02 7C E0 03 1F F8 C0 07 3E F0 81 0F 7C E4
[21:08:48.413] ADDR:0xEE TYPE:RC_CHANNELS_PACKED        LEN:26 | EE 18 16 E0 C3 5E 2B B2 D7 8A 56 B4 02 7C E0 03 1F F8 C0 07 3E F0 81 0F 7C E4
[21:08:48.413] ADDR:0xEE TYPE:RC_CHANNELS_PACKED        LEN:26 | EE 18 16 E0 C3 5E 2B B2 D7 8A 56 B4 02 7C E0 03 1F F8 C0 07 3E F0 81 0F 7C E4
[21:08:48.413] ADDR:0xEE TYPE:RC_CHANNELS_PACKED        LEN:26 | EE 18 16 E0 BB 5E 2B B2 D7 8A 56 B4 02 7C E0 03 1F F8 C0 07 3E F0 81 0F 7C 44
[21:08:48.413] ADDR:0xEE TYPE:RC_CHANNELS_PACKED        LEN:26 | EE 18 16 E0 C3 5E 2B B2 D7 8A 56 B4 02 7C E0 03 1F F8 C0 07 3E F0 81 0F 7C E4
[21:08:48.413] ADDR:0xEE TYPE:RC_CHANNELS_PACKED        LEN:26 | EE 18 16 E0 C3 5E 2B B2 D7 8A 56 B4 02 7C E0 03 1F F8 C0 07 3E F0 81 0F 7C E4
[21:08:48.413] ADDR:0xEE TYPE:RC_CHANNELS_PACKED        LEN:26 | EE 18 16 E0 BB 5E 2B B2 D7 8A 56 B4 02 7C E0 03 1F F8 C0 07 3E F0 81 0F 7C 44
[21:08:48.413] ADDR:0xEE TYPE:RC_CHANNELS_PACKED        LEN:26 | EE 18 16 E0 C3 5E 2B B0 D7 8A 56 B4 02 7C E0 03 1F F8 C0 07 3E F0 81 0F 7C 98
[21:08:48.413] ADDR:0xEE TYPE:RC_CHANNELS_PACKED        LEN:26 | EE 18 16 E0 C3 5E 2B B2 D7 8A 56 B4 02 7C E0 03 1F F8 C0 07 3E F0 81 0F 7C E4
[21:08:48.413] ADDR:0xEE TYPE:RC_CHANNELS_PACKED        LEN:26 | EE 18 16 E0 C3 5E 2B B2 D7 8A 56 B4 02 7C E0 03 1F F8 C0 07 3E F0 81 0F 7C E4
[21:08:48.413] ADDR:0xEE TYPE:RC_CHANNELS_PACKED        LEN:26 | EE 18 16 E0 C3 5E 2B AE D7 8A 56 B4 02 7C E0 03 1F F8 C0 07 3E F0 81 0F 7C 73
[21:08:48.484] ADDR:0xEE TYPE:RC_CHANNELS_PACKED        LEN:26 | EE 18 16 E0 C3 5E 2B B0 D7 8A 56 B4 02 7C E0 03 1F F8 C0 07 3E F0 81 0F 7C 98
[21:08:48.484] ADDR:0xEE TYPE:RC_CHANNELS_PACKED        LEN:26 | EE 18 16 E0 C3 5E 2B B2 D7 8A 56 B4 02 7C E0 03 1F F8 C0 07 3E F0 81 0F 7C E4
[21:08:48.484] ADDR:0xEE TYPE:RC_CHANNELS_PACKED        LEN:26 | EE 18 16 E0 C3 5E 2B B4 D7 8A 56 B4 02 7C E0 03 1F F8 C0 07 3E F0 81 0F 7C 60
[21:08:48.484] ADDR:0xEE TYPE:RC_CHANNELS_PACKED        LEN:26 | EE 18 16 E0 C3 5E 2B B2 D7 8A 56 B4 02 7C E0 03 1F F8 C0 07 3E F0 81 0F 7C E4
[21:08:48.484] ADDR:0xEE TYPE:RC_CHANNELS_PACKED        LEN:26 | EE 18 16 E0 C3 5E 2B B2 D7 8A 56 B4 02 7C E0 03 1F F8 C0 07 3E F0 81 0F 7C E4
[21:08:48.484] ADDR:0xEE TYPE:RC_CHANNELS_PACKED        LEN:26 | EE 18 16 DF BB 5E 2B B2 D7 8A 56 B4 02 7C E0 03 1F F8 C0 07 3E F0 81 0F 7C C6
[21:08:48.484] ADDR:0xEE TYPE:RC_CHANNELS_PACKED        LEN:26 | EE 18 16 E0 BB 5E 2B B2 D7 8A 56 B4 02 7C E0 03 1F F8 C0 07 3E F0 81 0F 7C 44
[21:08:48.484] ADDR:0xEE TYPE:RC_CHANNELS_PACKED        LEN:26 | EE 18 16 E0 C3 5E 2B AE D7 8A 56 B4 02 7C E0 03 1F F8 C0 07 3E F0 81 0F 7C 73
[21:08:48.484] ADDR:0xEE TYPE:RC_CHANNELS_PACKED        LEN:26 | EE 18 16 DF C3 5E 2B B2 D7 8A 56 B4 02 7C E0 03 1F F8 C0 07 3E F0 81 0F 7C 66
[21:08:48.484] ADDR:0xEE TYPE:RC_CHANNELS_PACKED        LEN:26 | EE 18 16 E0 C3 5E 2B B0 D7 8A 56 B4 02 7C E0 03 1F F8 C0 07 3E F0 81 0F 7C 98
[21:08:48.484] ADDR:0xEE TYPE:RC_CHANNELS_PACKED        LEN:26 | EE 18 16 E0 C3 5E 2B B0 D7 8A 56 B4 02 7C E0 03 1F F8 C0 07 3E F0 81 0F 7C 98
[21:08:48.485] ADDR:0xEE TYPE:RC_CHANNELS_PACKED        LEN:26 | EE 18 16 E0 C3 5E 2B B0 D7 8A 56 B4 02 7C E0 03 1F F8 C0 07 3E F0 81 0F 7C 98
[21:08:48.485] ADDR:0xEE TYPE:RC_CHANNELS_PACKED        LEN:26 | EE 18 16 E0 C3 5E 2B B2 D7 8A 56 B4 02 7C E0 03 1F F8 C0 07 3E F0 81 0F 7C E4
[21:08:48.485] ADDR:0xEE TYPE:RC_CHANNELS_PACKED        LEN:26 | EE 18 16 E0 C3 5E 2B B0 D7 8A 56 B4 02 7C E0 03 1F F8 C0 07 3E F0 81 0F 7C 98
[21:08:48.485] ADDR:0xEE TYPE:RC_CHANNELS_PACKED        LEN:26 | EE 18 16 E0 C3 5E 2B B2 D7 8A 56 B4 02 7C E0 03 1F F8 C0 07 3E F0 81 0F 7C E4
[21:08:48.485] ADDR:0xEE TYPE:RC_CHANNELS_PACKED        LEN:26 | EE 18 16 E0 BB 5E 2B B2 D7 8A 56 B4 02 7C E0 03 1F F8 C0 07 3E F0 81 0F 7C 44
[21:08:48.485] ADDR:0xEE TYPE:RC_CHANNELS_PACKED        LEN:26 | EE 18 16 E0 C3 5E 2B B2 D7 8A 56 B4 02 7C E0 03 1F F8 C0 07 3E F0 81 0F 7C E4
[21:08:48.485] ADDR:0xEE TYPE:RC_CHANNELS_PACKED        LEN:26 | EE 18 16 E0 C3 5E 2B B4 D7 8A 56 B4 02 7C E0 03 1F F8 C0 07 3E F0 81 0F 7C 60
[21:08:48.485] ADDR:0xEE TYPE:RC_CHANNELS_PACKED        LEN:26 | EE 18 16 E0 C3 5E 2B B2 D7 8A 56 B4 02 7C E0 03 1F F8 C0 07 3E F0 81 0F 7C E4
[21:08:48.566] ADDR:0xEE TYPE:RC_CHANNELS_PACKED        LEN:26 | EE 18 16 E0 BB 5E 2B B2 D7 8A 56 B4 02 7C E0 03 1F F8 C0 07 3E F0 81 0F 7C 44
[21:08:48.566] ADDR:0xEE TYPE:RC_CHANNELS_PACKED        LEN:26 | EE 18 16 E0 C3 5E 2B B0 D7 8A 56 B4 02 7C E0 03 1F F8 C0 07 3E F0 81 0F 7C 98
[21:08:48.566] ADDR:0xEE TYPE:RC_CHANNELS_PACKED        LEN:26 | EE 18 16 E0 C3 5E 2B AA D7 8A 56 B4 02 7C E0 03 1F F8 C0 07 3E F0 81 0F 7C 8B
[21:08:48.566] ADDR:0xEE TYPE:RC_CHANNELS_PACKED        LEN:26 | EE 18 16 E0 C3 5E 2B B2 D7 8A 56 B4 02 7C E0 03 1F F8 C0 07 3E F0 81 0F 7C E4
[21:08:48.566] ADDR:0xEE TYPE:RC_CHANNELS_PACKED        LEN:26 | EE 18 16 E0 C3 5E 2B B2 D7 8A 56 B4 02 7C E0 03 1F F8 C0 07 3E F0 81 0F 7C E4
[21:08:48.566] ADDR:0xEE TYPE:RC_CHANNELS_PACKED        LEN:26 | EE 18 16 E0 BB 5E 2B B2 D7 8A 56 B4 02 7C E0 03 1F F8 C0 07 3E F0 81 0F 7C 44
[21:08:48.566] ADDR:0xEE TYPE:RC_CHANNELS_PACKED        LEN:26 | EE 18 16 E0 C3 5E 2B B2 D7 8A 56 B4 02 7C E0 03 1F F8 C0 07 3E F0 81 0F 7C E4
[21:08:48.566] ADDR:0xEE TYPE:RC_CHANNELS_PACKED        LEN:26 | EE 18 16 E0 BB 5E 2B B0 D7 8A 56 B4 02 7C E0 03 1F F8 C0 07 3E F0 81 0F 7C 38
[21:08:48.566] ADDR:0xEE TYPE:RC_CHANNELS_PACKED        LEN:26 | EE 18 16 E0 C3 5E 2B B2 D7 8A 56 B4 02 7C E0 03 1F F8 C0 07 3E F0 81 0F 7C E4
[21:08:48.566] ADDR:0xEE TYPE:RC_CHANNELS_PACKED        LEN:26 | EE 18 16 E0 BB 5E 2B B2 D7 8A 56 B4 02 7C E0 03 1F F8 C0 07 3E F0 81 0F 7C 44
[21:08:48.566] ADDR:0xEE TYPE:RC_CHANNELS_PACKED        LEN:26 | EE 18 16 E0 C3 5E 2B B0 D7 8A 56 B4 02 7C E0 03 1F F8 C0 07 3E F0 81 0F 7C 98
[21:08:48.566] ADDR:0xEE TYPE:RC_CHANNELS_PACKED        LEN:26 | EE 18 16 E0 BB 5E 2B B0 D7 8A 56 B4 02 7C E0 03 1F F8 C0 07 3E F0 81 0F 7C 38
[21:08:48.566] ADDR:0xEE TYPE:RC_CHANNELS_PACKED        LEN:26 | EE 18 16 E0 C3 5E 2B B2 D7 8A 56 B4 02 7C E0 03 1F F8 C0 07 3E F0 81 0F 7C E4
[21:08:48.567] ADDR:0xEE TYPE:RC_CHANNELS_PACKED        LEN:26 | EE 18 16 E0 C3 5E 2B AE D7 8A 56 B4 02 7C E0 03 1F F8 C0 07 3E F0 81 0F 7C 73
[21:08:48.567] ADDR:0xEE TYPE:RC_CHANNELS_PACKED        LEN:26 | EE 18 16 E0 C3 5E 2B B2 D7 8A 56 B4 02 7C E0 03 1F F8 C0 07 3E F0 81 0F 7C E4
[21:08:48.567] ADDR:0xEE TYPE:RC_CHANNELS_PACKED        LEN:26 | EE 18 16 E0 C3 5E 2B B2 D7 8A 56 B4 02 7C E0 03 1F F8 C0 07 3E F0 81 0F 7C E4
[21:08:48.567] ADDR:0xEE TYPE:RC_CHANNELS_PACKED        LEN:26 | EE 18 16 E0 C3 5E 2B B2 D7 8A 56 B4 02 7C E0 03 1F F8 C0 07 3E F0 81 0F 7C E4
[21:08:48.567] ADDR:0xEE TYPE:RC_CHANNELS_PACKED        LEN:26 | EE 18 16 E0 C3 5E 2B B0 D7 8A 56 B4 02 7C E0 03 1F F8 C0 07 3E F0 81 0F 7C 98
[21:08:48.567] ADDR:0xEE TYPE:RC_CHANNELS_PACKED        LEN:26 | EE 18 16 E0 C3 5E 2B B2 D7 8A 56 B4 02 7C E0 03 1F F8 C0 07 3E F0 81 0F 7C E4
[21:08:48.637] ADDR:0xEE TYPE:RC_CHANNELS_PACKED        LEN:26 | EE 18 16 E0 C3 5E 2B B0 D7 8A 56 B4 02 7C E0 03 1F F8 C0 07 3E F0 81 0F 7C 98
[21:08:48.638] ADDR:0xEE TYPE:RC_CHANNELS_PACKED        LEN:26 | EE 18 16 E0 C3 5E 2B B0 D7 8A 56 B4 02 7C E0 03 1F F8 C0 07 3E F0 81 0F 7C 98
[21:08:48.638] ADDR:0xEE TYPE:RC_CHANNELS_PACKED        LEN:26 | EE 18 16 E0 C3 5E 2B B2 D7 8A 56 B4 02 7C E0 03 1F F8 C0 07 3E F0 81 0F 7C E4
[21:08:48.638] ADDR:0xEE TYPE:RC_CHANNELS_PACKED        LEN:26 | EE 18 16 E0 C3 5E 2B B2 D7 8A 56 B4 02 7C E0 03 1F F8 C0 07 3E F0 81 0F 7C E4
[21:08:48.638] ADDR:0xEE TYPE:RC_CHANNELS_PACKED        LEN:26 | EE 18 16 E0 C3 5E 2B B0 D7 8A 56 B4 02 7C E0 03 1F F8 C0 07 3E F0 81 0F 7C 98
[21:08:48.638] ADDR:0xEE TYPE:RC_CHANNELS_PACKED        LEN:26 | EE 18 16 E0 BB 5E 2B B2 D7 8A 56 B4 02 7C E0 03 1F F8 C0 07 3E F0 81 0F 7C 44
[21:08:48.638] ADDR:0xEE TYPE:RC_CHANNELS_PACKED        LEN:26 | EE 18 16 E0 C3 5E 2B AE D7 8A 56 B4 02 7C E0 03 1F F8 C0 07 3E F0 81 0F 7C 73
[21:08:48.638] ADDR:0xEE TYPE:RC_CHANNELS_PACKED        LEN:26 | EE 18 16 E0 C3 5E 2B B4 D7 8A 56 B4 02 7C E0 03 1F F8 C0 07 3E F0 81 0F 7C 60
[21:08:48.638] ADDR:0xEE TYPE:RC_CHANNELS_PACKED        LEN:26 | EE 18 16 E0 C3 5E 2B B0 D7 8A 56 B4 02 7C E0 03 1F F8 C0 07 3E F0 81 0F 7C 98
[21:08:48.638] ADDR:0xEE TYPE:RC_CHANNELS_PACKED        LEN:26 | EE 18 16 E0 C3 5E 2B B2 D7 8A 56 B4 02 7C E0 03 1F F8 C0 07 3E F0 81 0F 7C E4
[21:08:48.638] ADDR:0xEE TYPE:RC_CHANNELS_PACKED        LEN:26 | EE 18 16 E0 C3 5E 2B B2 D7 8A 56 B4 02 7C E0 03 1F F8 C0 07 3E F0 81 0F 7C E4
[21:08:48.638] ADDR:0xEE TYPE:RC_CHANNELS_PACKED        LEN:26 | EE 18 16 E0 C3 5E 2B B2 D7 8A 56 B4 02 7C E0 03 1F F8 C0 07 3E F0 81 0F 7C E4
[21:08:48.638] ADDR:0xEE TYPE:RC_CHANNELS_PACKED        LEN:26 | EE 18 16 DF C3 5E 2B B2 D7 8A 56 B4 02 7C E0 03 1F F8 C0 07 3E F0 81 0F 7C 66
[21:08:48.638] ADDR:0xEE TYPE:RC_CHANNELS_PACKED        LEN:26 | EE 18 16 DF BB 5E 2B B4 D7 8A 56 B4 02 7C E0 03 1F F8 C0 07 3E F0 81 0F 7C 42
[21:08:48.639] ADDR:0xEE TYPE:RC_CHANNELS_PACKED        LEN:26 | EE 18 16 E0 C3 5E 2B B2 D7 8A 56 B4 02 7C E0 03 1F F8 C0 07 3E F0 81 0F 7C E4
[21:08:48.639] ADDR:0xEE TYPE:RC_CHANNELS_PACKED        LEN:26 | EE 18 16 E0 C3 5E 2B B2 D7 8A 56 B4 02 7C E0 03 1F F8 C0 07 3E F0 81 0F 7C E4
[21:08:48.639] ADDR:0xEE TYPE:RC_CHANNELS_PACKED        LEN:26 | EE 18 16 E0 BB 5E 2B B2 D7 8A 56 B4 02 7C E0 03 1F F8 C0 07 3E F0 81 0F 7C 44
[21:08:48.639] ADDR:0xEE TYPE:RC_CHANNELS_PACKED        LEN:26 | EE 18 16 E0 C3 5E 2B B2 D7 8A 56 B4 02 7C E0 03 1F F8 C0 07 3E F0 81 0F 7C E4
[21:08:48.639] ADDR:0xEE TYPE:RC_CHANNELS_PACKED        LEN:26 | EE 18 16 E0 C3 5E 2B B2 D7 8A 56 B4 02 7C E0 03 1F F8 C0 07 3E F0 81 0F 7C E4
[21:08:48.720] ADDR:0xEE TYPE:RC_CHANNELS_PACKED        LEN:26 | EE 18 16 E0 C3 5E 2B B2 D7 8A 56 B4 02 7C E0 03 1F F8 C0 07 3E F0 81 0F 7C E4
[21:08:48.720] ADDR:0xEE TYPE:RC_CHANNELS_PACKED        LEN:26 | EE 18 16 E0 C3 5E 2B B0 D7 8A 56 B4 02 7C E0 03 1F F8 C0 07 3E F0 81 0F 7C 98
[21:08:48.720] ADDR:0xEE TYPE:RC_CHANNELS_PACKED        LEN:26 | EE 18 16 E0 C3 5E 2B B2 D7 8A 56 B4 02 7C E0 03 1F F8 C0 07 3E F0 81 0F 7C E4
[21:08:48.720] ADDR:0xEE TYPE:RC_CHANNELS_PACKED        LEN:26 | EE 18 16 E0 C3 5E 2B B2 D7 8A 56 B4 02 7C E0 03 1F F8 C0 07 3E F0 81 0F 7C E4
[21:08:48.720] ADDR:0xEE TYPE:RC_CHANNELS_PACKED        LEN:26 | EE 18 16 DF C3 5E 2B B2 D7 8A 56 B4 02 7C E0 03 1F F8 C0 07 3E F0 81 0F 7C 66
[21:08:48.720] ADDR:0xEE TYPE:RC_CHANNELS_PACKED        LEN:26 | EE 18 16 E0 C3 5E 2B B2 D7 8A 56 B4 02 7C E0 03 1F F8 C0 07 3E F0 81 0F 7C E4
[21:08:48.720] ADDR:0xEE TYPE:RC_CHANNELS_PACKED        LEN:26 | EE 18 16 E0 C3 5E 2B B0 D7 8A 56 B4 02 7C E0 03 1F F8 C0 07 3E F0 81 0F 7C 98
[21:08:48.720] ADDR:0xEE TYPE:RC_CHANNELS_PACKED        LEN:26 | EE 18 16 E0 C3 5E 2B B0 D7 8A 56 B4 02 7C E0 03 1F F8 C0 07 3E F0 81 0F 7C 98
[21:08:48.720] ADDR:0xEE TYPE:RC_CHANNELS_PACKED        LEN:26 | EE 18 16 E0 C3 5E 2B B2 D7 8A 56 B4 02 7C E0 03 1F F8 C0 07 3E F0 81 0F 7C E4
[21:08:48.720] ADDR:0xEE TYPE:RC_CHANNELS_PACKED        LEN:26 | EE 18 16 E0 C3 5E 2B B0 D7 8A 56 B4 02 7C E0 03 1F F8 C0 07 3E F0 81 0F 7C 98
[21:08:48.720] ADDR:0xEE TYPE:RC_CHANNELS_PACKED        LEN:26 | EE 18 16 E0 C3 5E 2B B0 D7 8A 56 B4 02 7C E0 03 1F F8 C0 07 3E F0 81 0F 7C 98
[21:08:48.720] ADDR:0xEE TYPE:RC_CHANNELS_PACKED        LEN:26 | EE 18 16 DF C3 5E 2B B2 D7 8A 56 B4 02 7C E0 03 1F F8 C0 07 3E F0 81 0F 7C 66
[21:08:48.720] ADDR:0xEE TYPE:RC_CHANNELS_PACKED        LEN:26 | EE 18 16 E0 C3 5E 2B B2 D7 8A 56 B4 02 7C E0 03 1F F8 C0 07 3E F0 81 0F 7C E4
[21:08:48.721] ADDR:0xEE TYPE:RC_CHANNELS_PACKED        LEN:26 | EE 18 16 E0 C3 5E 2B B2 D7 8A 56 B4 02 7C E0 03 1F F8 C0 07 3E F0 81 0F 7C E4
[21:08:48.721] ADDR:0xEE TYPE:RC_CHANNELS_PACKED        LEN:26 | EE 18 16 DF C3 5E 2B B2 D7 8A 56 B4 02 7C E0 03 1F F8 C0 07 3E F0 81 0F 7C 66
[21:08:48.721] ADDR:0xEE TYPE:RC_CHANNELS_PACKED        LEN:26 | EE 18 16 E0 C3 5E 2B AE D7 8A 56 B4 02 7C E0 03 1F F8 C0 07 3E F0 81 0F 7C 73
[21:08:48.721] ADDR:0xEE TYPE:RC_CHANNELS_PACKED        LEN:26 | EE 18 16 E0 C3 5E 2B B2 D7 8A 56 B4 02 7C E0 03 1F F8 C0 07 3E F0 81 0F 7C E4
[21:08:48.721] ADDR:0xEE TYPE:RC_CHANNELS_PACKED        LEN:26 | EE 18 16 E0 C3 5E 2B B0 D7 8A 56 B4 02 7C E0 03 1F F8 C0 07 3E F0 81 0F 7C 98
[21:08:48.721] ADDR:0xEE TYPE:RC_CHANNELS_PACKED        LEN:26 | EE 18 16 E0 C3 5E 2B B0 D7 8A 56 B4 02 7C E0 03 1F F8 C0 07 3E F0 81 0F 7C 98
[21:08:48.791] ADDR:0xEE TYPE:RC_CHANNELS_PACKED        LEN:26 | EE 18 16 E0 BB 5E 2B B2 D7 8A 56 B4 02 7C E0 03 1F F8 C0 07 3E F0 81 0F 7C 44
[21:08:48.792] ADDR:0xEE TYPE:RC_CHANNELS_PACKED        LEN:26 | EE 18 16 E0 C3 5E 2B B2 D7 8A 56 B4 02 7C E0 03 1F F8 C0 07 3E F0 81 0F 7C E4
[21:08:48.792] ADDR:0xEE TYPE:RC_CHANNELS_PACKED        LEN:26 | EE 18 16 E0 C3 5E 2B B2 D7 8A 56 B4 02 7C E0 03 1F F8 C0 07 3E F0 81 0F 7C E4
[21:08:48.792] ADDR:0xEE TYPE:RC_CHANNELS_PACKED        LEN:26 | EE 18 16 E0 C3 5E 2B B0 D7 8A 56 B4 02 7C E0 03 1F F8 C0 07 3E F0 81 0F 7C 98
[21:08:48.792] ADDR:0xEE TYPE:RC_CHANNELS_PACKED        LEN:26 | EE 18 16 E0 C3 5E 2B B0 D7 8A 56 B4 02 7C E0 03 1F F8 C0 07 3E F0 81 0F 7C 98
[21:08:48.792] ADDR:0xEE TYPE:RC_CHANNELS_PACKED        LEN:26 | EE 18 16 E0 C3 5E 2B B0 D7 8A 56 B4 02 7C E0 03 1F F8 C0 07 3E F0 81 0F 7C 98
[21:08:48.792] ADDR:0xEE TYPE:RC_CHANNELS_PACKED        LEN:26 | EE 18 16 E0 C3 5E 2B AE D7 8A 56 B4 02 7C E0 03 1F F8 C0 07 3E F0 81 0F 7C 73
[21:08:48.792] ADDR:0xEE TYPE:RC_CHANNELS_PACKED        LEN:26 | EE 18 16 E0 C3 5E 2B B2 D7 8A 56 B4 02 7C E0 03 1F F8 C0 07 3E F0 81 0F 7C E4
[21:08:48.792] ADDR:0xEE TYPE:RC_CHANNELS_PACKED        LEN:26 | EE 18 16 E0 C3 5E 2B B2 D7 8A 56 B4 02 7C E0 03 1F F8 C0 07 3E F0 81 0F 7C E4
[21:08:48.792] ADDR:0xEE TYPE:RC_CHANNELS_PACKED        LEN:26 | EE 18 16 E0 C3 5E 2B B0 D7 8A 56 B4 02 7C E0 03 1F F8 C0 07 3E F0 81 0F 7C 98
[21:08:48.792] ADDR:0xEE TYPE:RC_CHANNELS_PACKED        LEN:26 | EE 18 16 E0 C3 5E 2B B2 D7 8A 56 B4 02 7C E0 03 1F F8 C0 07 3E F0 81 0F 7C E4
[21:08:48.792] ADDR:0xEE TYPE:RC_CHANNELS_PACKED        LEN:26 | EE 18 16 E0 C3 5E 2B B2 D7 8A 56 B4 02 7C E0 03 1F F8 C0 07 3E F0 81 0F 7C E4
[21:08:48.792] ADDR:0xEE TYPE:RC_CHANNELS_PACKED        LEN:26 | EE 18 16 E0 C3 5E 2B B2 D7 8A 56 B4 02 7C E0 03 1F F8 C0 07 3E F0 81 0F 7C E4
[21:08:48.793] ADDR:0xEE TYPE:RC_CHANNELS_PACKED        LEN:26 | EE 18 16 E0 C3 5E 2B AA D7 8A 56 B4 02 7C E0 03 1F F8 C0 07 3E F0 81 0F 7C 8B
[21:08:48.793] ADDR:0xEE TYPE:RC_CHANNELS_PACKED        LEN:26 | EE 18 16 E0 C3 5E 2B AE D7 8A 56 B4 02 7C E0 03 1F F8 C0 07 3E F0 81 0F 7C 73
[21:08:48.793] ADDR:0xEE TYPE:RC_CHANNELS_PACKED        LEN:26 | EE 18 16 E0 C3 5E 2B B2 D7 8A 56 B4 02 7C E0 03 1F F8 C0 07 3E F0 81 0F 7C E4
[21:08:48.793] ADDR:0xEE TYPE:RC_CHANNELS_PACKED        LEN:26 | EE 18 16 E0 C3 5E 2B B4 D7 8A 56 B4 02 7C E0 03 1F F8 C0 07 3E F0 81 0F 7C 60
[21:08:48.793] ADDR:0xEE TYPE:RC_CHANNELS_PACKED        LEN:26 | EE 18 16 E0 C3 5E 2B B2 D7 8A 56 B4 02 7C E0 03 1F F8 C0 07 3E F0 81 0F 7C E4
[21:08:48.793] ADDR:0xEE TYPE:RC_CHANNELS_PACKED        LEN:26 | EE 18 16 E0 C3 5E 2B B2 D7 8A 56 B4 02 7C E0 03 1F F8 C0 07 3E F0 81 0F 7C E4
[21:08:48.863] ADDR:0xEE TYPE:RC_CHANNELS_PACKED        LEN:26 | EE 18 16 E0 BB 5E 2B B2 D7 8A 56 B4 02 7C E0 03 1F F8 C0 07 3E F0 81 0F 7C 44
[21:08:48.864] ADDR:0xEE TYPE:RC_CHANNELS_PACKED        LEN:26 | EE 18 16 E0 C3 5E 2B B2 D7 8A 56 B4 02 7C E0 03 1F F8 C0 07 3E F0 81 0F 7C E4
[21:08:48.864] ADDR:0xEE TYPE:RC_CHANNELS_PACKED        LEN:26 | EE 18 16 E0 C3 5E 2B B4 D7 8A 56 B4 02 7C E0 03 1F F8 C0 07 3E F0 81 0F 7C 60
[21:08:48.864] ADDR:0xEE TYPE:RC_CHANNELS_PACKED        LEN:26 | EE 18 16 E0 C3 5E 2B B4 D7 8A 56 B4 02 7C E0 03 1F F8 C0 07 3E F0 81 0F 7C 60
[21:08:48.864] ADDR:0xEE TYPE:RC_CHANNELS_PACKED        LEN:26 | EE 18 16 E0 C3 5E 2B B0 D7 8A 56 B4 02 7C E0 03 1F F8 C0 07 3E F0 81 0F 7C 98
[21:08:48.864] ADDR:0xEE TYPE:RC_CHANNELS_PACKED        LEN:26 | EE 18 16 E0 C3 5E 2B B2 D7 8A 56 B4 02 7C E0 03 1F F8 C0 07 3E F0 81 0F 7C E4
[21:08:48.864] ADDR:0xEE TYPE:RC_CHANNELS_PACKED        LEN:26 | EE 18 16 DF C3 5E 2B B2 D7 8A 56 B4 02 7C E0 03 1F F8 C0 07 3E F0 81 0F 7C 66
[21:08:48.864] ADDR:0xEE TYPE:RC_CHANNELS_PACKED        LEN:26 | EE 18 16 E0 C3 5E 2B B4 D7 8A 56 B4 02 7C E0 03 1F F8 C0 07 3E F0 81 0F 7C 60
[21:08:48.864] ADDR:0xEE TYPE:RC_CHANNELS_PACKED        LEN:26 | EE 18 16 E0 C3 5E 2B B2 D7 8A 56 B4 02 7C E0 03 1F F8 C0 07 3E F0 81 0F 7C E4
[21:08:48.864] ADDR:0xEE TYPE:RC_CHANNELS_PACKED        LEN:26 | EE 18 16 E0 C3 5E 2B B2 D7 8A 56 B4 02 7C E0 03 1F F8 C0 07 3E F0 81 0F 7C E4
[21:08:48.864] ADDR:0xEE TYPE:RC_CHANNELS_PACKED        LEN:26 | EE 18 16 E0 C3 5E 2B B0 D7 8A 56 B4 02 7C E0 03 1F F8 C0 07 3E F0 81 0F 7C 98
[21:08:48.864] ADDR:0xEE TYPE:RC_CHANNELS_PACKED        LEN:26 | EE 18 16 E0 C3 5E 2B B2 D7 8A 56 B4 02 7C E0 03 1F F8 C0 07 3E F0 81 0F 7C E4
[21:08:48.864] ADDR:0xEE TYPE:RC_CHANNELS_PACKED        LEN:26 | EE 18 16 E0 C3 5E 2B B2 D7 8A 56 B4 02 7C E0 03 1F F8 C0 07 3E F0 81 0F 7C E4
[21:08:48.864] ADDR:0xEE TYPE:RC_CHANNELS_PACKED        LEN:26 | EE 18 16 E0 C3 5E 2B B0 D7 8A 56 B4 02 7C E0 03 1F F8 C0 07 3E F0 81 0F 7C 98
[21:08:48.865] ADDR:0xEE TYPE:RC_CHANNELS_PACKED        LEN:26 | EE 18 16 E0 C3 5E 2B B0 D7 8A 56 B4 02 7C E0 03 1F F8 C0 07 3E F0 81 0F 7C 98
[21:08:48.865] ADDR:0xEE TYPE:RC_CHANNELS_PACKED        LEN:26 | EE 18 16 E0 AB 5E 2B B2 D7 8A 56 B4 02 7C E0 03 1F F8 C0 07 3E F0 81 0F 7C 15
[21:08:48.865] ADDR:0xEE TYPE:RC_CHANNELS_PACKED        LEN:26 | EE 18 16 E0 C3 5E 2B B2 D7 8A 56 B4 02 7C E0 03 1F F8 C0 07 3E F0 81 0F 7C E4
[21:08:48.865] ADDR:0xEE TYPE:RC_CHANNELS_PACKED        LEN:26 | EE 18 16 DF C3 5E 2B B2 D7 8A 56 B4 02 7C E0 03 1F F8 C0 07 3E F0 81 0F 7C 66
[21:08:48.865] ADDR:0xEE TYPE:RC_CHANNELS_PACKED        LEN:26 | EE 18 16 E0 C3 5E 2B B2 D7 8A 56 B4 02 7C E0 03 1F F8 C0 07 3E F0 81 0F 7C E4
[21:08:48.946] ADDR:0xEE TYPE:RC_CHANNELS_PACKED        LEN:26 | EE 18 16 E0 BB 5E 2B AE D7 8A 56 B4 02 7C E0 03 1F F8 C0 07 3E F0 81 0F 7C D3
[21:08:48.946] ADDR:0xEE TYPE:RC_CHANNELS_PACKED        LEN:26 | EE 18 16 E0 C3 5E 2B B2 D7 8A 56 B4 02 7C E0 03 1F F8 C0 07 3E F0 81 0F 7C E4
[21:08:48.946] ADDR:0xEE TYPE:RC_CHANNELS_PACKED        LEN:26 | EE 18 16 DF C3 5E 2B B2 D7 8A 56 B4 02 7C E0 03 1F F8 C0 07 3E F0 81 0F 7C 66
[21:08:48.946] ADDR:0xEE TYPE:RC_CHANNELS_PACKED        LEN:26 | EE 18 16 E0 BB 5E 2B B2 D7 8A 56 B4 02 7C E0 03 1F F8 C0 07 3E F0 81 0F 7C 44
[21:08:48.946] ADDR:0xEE TYPE:RC_CHANNELS_PACKED        LEN:26 | EE 18 16 E0 BB 5E 2B AE D7 8A 56 B4 02 7C E0 03 1F F8 C0 07 3E F0 81 0F 7C D3
[21:08:48.946] ADDR:0xEE TYPE:RC_CHANNELS_PACKED        LEN:26 | EE 18 16 E0 C3 5E 2B B0 D7 8A 56 B4 02 7C E0 03 1F F8 C0 07 3E F0 81 0F 7C 98
[21:08:48.946] ADDR:0xEE TYPE:RC_CHANNELS_PACKED        LEN:26 | EE 18 16 E0 C3 5E 2B B2 D7 8A 56 B4 02 7C E0 03 1F F8 C0 07 3E F0 81 0F 7C E4
[21:08:48.946] ADDR:0xEE TYPE:RC_CHANNELS_PACKED        LEN:26 | EE 18 16 E0 C3 5E 2B B2 D7 8A 56 B4 02 7C E0 03 1F F8 C0 07 3E F0 81 0F 7C E4
[21:08:48.946] ADDR:0xEE TYPE:RC_CHANNELS_PACKED        LEN:26 | EE 18 16 E0 C3 5E 2B B2 D7 8A 56 B4 02 7C E0 03 1F F8 C0 07 3E F0 81 0F 7C E4
[21:08:48.946] ADDR:0xEE TYPE:RC_CHANNELS_PACKED        LEN:26 | EE 18 16 E0 C3 5E 2B AE D7 8A 56 B4 02 7C E0 03 1F F8 C0 07 3E F0 81 0F 7C 73
[21:08:48.946] ADDR:0xEE TYPE:RC_CHANNELS_PACKED        LEN:26 | EE 18 16 DF C3 5E 2B B0 D7 8A 56 B4 02 7C E0 03 1F F8 C0 07 3E F0 81 0F 7C 1A
[21:08:48.946] ADDR:0xEE TYPE:RC_CHANNELS_PACKED        LEN:26 | EE 18 16 DF C3 5E 2B B2 D7 8A 56 B4 02 7C E0 03 1F F8 C0 07 3E F0 81 0F 7C 66
[21:08:48.947] ADDR:0xEE TYPE:RC_CHANNELS_PACKED        LEN:26 | EE 18 16 E0 C3 5E 2B B2 D7 8A 56 B4 02 7C E0 03 1F F8 C0 07 3E F0 81 0F 7C E4
[21:08:48.947] ADDR:0xEE TYPE:RC_CHANNELS_PACKED        LEN:26 | EE 18 16 E0 BB 5E 2B B2 D7 8A 56 B4 02 7C E0 03 1F F8 C0 07 3E F0 81 0F 7C 44
[21:08:48.947] ADDR:0xEE TYPE:RC_CHANNELS_PACKED        LEN:26 | EE 18 16 E0 C3 5E 2B B0 D7 8A 56 B4 02 7C E0 03 1F F8 C0 07 3E F0 81 0F 7C 98
[21:08:48.947] ADDR:0xEE TYPE:RC_CHANNELS_PACKED        LEN:26 | EE 18 16 E0 C3 5E 2B B2 D7 8A 56 B4 02 7C E0 03 1F F8 C0 07 3E F0 81 0F 7C E4
[21:08:48.947] ADDR:0xEE TYPE:RC_CHANNELS_PACKED        LEN:26 | EE 18 16 E0 C3 5E 2B AE D7 8A 56 B4 02 7C E0 03 1F F8 C0 07 3E F0 81 0F 7C 73
[21:08:48.947] ADDR:0xEE TYPE:RC_CHANNELS_PACKED        LEN:26 | EE 18 16 E0 C3 5E 2B B2 D7 8A 56 B4 02 7C E0 03 1F F8 C0 07 3E F0 81 0F 7C E4
[21:08:48.947] ADDR:0xEE TYPE:RC_CHANNELS_PACKED        LEN:26 | EE 18 16 E0 C3 5E 2B B2 D7 8A 56 B4 02 7C E0 03 1F F8 C0 07 3E F0 81 0F 7C E4
[21:08:49.018] ADDR:0xEE TYPE:RC_CHANNELS_PACKED        LEN:26 | EE 18 16 E0 C3 5E 2B B0 D7 8A 56 B4 02 7C E0 03 1F F8 C0 07 3E F0 81 0F 7C 98
[21:08:49.018] ADDR:0xEE TYPE:RC_CHANNELS_PACKED        LEN:26 | EE 18 16 E0 C3 5E 2B B2 D7 8A 56 B4 02 7C E0 03 1F F8 C0 07 3E F0 81 0F 7C E4
[21:08:49.018] ADDR:0xEE TYPE:RC_CHANNELS_PACKED        LEN:26 | EE 18 16 E0 C3 5E 2B B2 D7 8A 56 B4 02 7C E0 03 1F F8 C0 07 3E F0 81 0F 7C E4
[21:08:49.018] ADDR:0xEE TYPE:RC_CHANNELS_PACKED        LEN:26 | EE 18 16 E0 C3 5E 2B B2 D7 8A 56 B4 02 7C E0 03 1F F8 C0 07 3E F0 81 0F 7C E4
[21:08:49.018] ADDR:0xEE TYPE:RC_CHANNELS_PACKED        LEN:26 | EE 18 16 E0 BB 5E 2B B2 D7 8A 56 B4 02 7C E0 03 1F F8 C0 07 3E F0 81 0F 7C 44
[21:08:49.018] ADDR:0xEE TYPE:RC_CHANNELS_PACKED        LEN:26 | EE 18 16 E0 BB 5E 2B B2 D7 8A 56 B4 02 7C E0 03 1F F8 C0 07 3E F0 81 0F 7C 44
[21:08:49.018] ADDR:0xEE TYPE:RC_CHANNELS_PACKED        LEN:26 | EE 18 16 E0 C3 5E 2B B2 D7 8A 56 B4 02 7C E0 03 1F F8 C0 07 3E F0 81 0F 7C E4
[21:08:49.018] ADDR:0xEE TYPE:RC_CHANNELS_PACKED        LEN:26 | EE 18 16 E0 C3 5E 2B B2 D7 8A 56 B4 02 7C E0 03 1F F8 C0 07 3E F0 81 0F 7C E4
[21:08:49.018] ADDR:0xEE TYPE:RC_CHANNELS_PACKED        LEN:26 | EE 18 16 E0 C3 5E 2B B0 D7 8A 56 B4 02 7C E0 03 1F F8 C0 07 3E F0 81 0F 7C 98
[21:08:49.018] ADDR:0xEE TYPE:RC_CHANNELS_PACKED        LEN:26 | EE 18 16 E0 C3 5E 2B B2 D7 8A 56 B4 02 7C E0 03 1F F8 C0 07 3E F0 81 0F 7C E4
[21:08:49.018] ADDR:0xEE TYPE:RC_CHANNELS_PACKED        LEN:26 | EE 18 16 E0 C3 5E 2B B2 D7 8A 56 B4 02 7C E0 03 1F F8 C0 07 3E F0 81 0F 7C E4
[21:08:49.018] ADDR:0xEE TYPE:RC_CHANNELS_PACKED        LEN:26 | EE 18 16 E0 C3 5E 2B B2 D7 8A 56 B4 02 7C E0 03 1F F8 C0 07 3E F0 81 0F 7C E4
[21:08:49.019] ADDR:0xEE TYPE:RC_CHANNELS_PACKED        LEN:26 | EE 18 16 E0 C3 5E 2B B0 D7 8A 56 B4 02 7C E0 03 1F F8 C0 07 3E F0 81 0F 7C 98
[21:08:49.019] ADDR:0xEE TYPE:RC_CHANNELS_PACKED        LEN:26 | EE 18 16 E0 C3 5E 2B B2 D7 8A 56 B4 02 7C E0 03 1F F8 C0 07 3E F0 81 0F 7C E4
[21:08:49.019] ADDR:0xEE TYPE:RC_CHANNELS_PACKED        LEN:26 | EE 18 16 E0 C3 5E 2B B4 D7 8A 56 B4 02 7C E0 03 1F F8 C0 07 3E F0 81 0F 7C 60
[21:08:49.019] ADDR:0xEE TYPE:RC_CHANNELS_PACKED        LEN:26 | EE 18 16 E0 C3 5E 2B AE D7 8A 56 B4 02 7C E0 03 1F F8 C0 07 3E F0 81 0F 7C 73
[21:08:49.019] ADDR:0xEE TYPE:RC_CHANNELS_PACKED        LEN:26 | EE 18 16 E0 C3 5E 2B B2 D7 8A 56 B4 02 7C E0 03 1F F8 C0 07 3E F0 81 0F 7C E4
[21:08:49.019] ADDR:0xEE TYPE:RC_CHANNELS_PACKED        LEN:26 | EE 18 16 E0 BB 5E 2B B2 D7 8A 56 B4 02 7C E0 03 1F F8 C0 07 3E F0 81 0F 7C 44
[21:08:49.019] ADDR:0xEE TYPE:RC_CHANNELS_PACKED        LEN:26 | EE 18 16 E0 C3 5E 2B B2 D7 8A 56 B4 02 7C E0 03 1F F8 C0 07 3E F0 81 0F 7C E4
[21:08:49.100] ADDR:0xEE TYPE:RC_CHANNELS_PACKED        LEN:26 | EE 18 16 E0 C3 5E 2B AE D7 8A 56 B4 02 7C E0 03 1F F8 C0 07 3E F0 81 0F 7C 73
[21:08:49.100] ADDR:0xEE TYPE:RC_CHANNELS_PACKED        LEN:26 | EE 18 16 E0 C3 5E 2B B2 D7 8A 56 B4 02 7C E0 03 1F F8 C0 07 3E F0 81 0F 7C E4
[21:08:49.100] ADDR:0xEE TYPE:RC_CHANNELS_PACKED        LEN:26 | EE 18 16 E0 C3 5E 2B B2 D7 8A 56 B4 02 7C E0 03 1F F8 C0 07 3E F0 81 0F 7C E4
[21:08:49.100] ADDR:0xEE TYPE:RC_CHANNELS_PACKED        LEN:26 | EE 18 16 E0 C3 5E 2B B0 D7 8A 56 B4 02 7C E0 03 1F F8 C0 07 3E F0 81 0F 7C 98
[21:08:49.100] ADDR:0xEE TYPE:RC_CHANNELS_PACKED        LEN:26 | EE 18 16 E0 C3 5E 2B B0 D7 8A 56 B4 02 7C E0 03 1F F8 C0 07 3E F0 81 0F 7C 98
[21:08:49.100] ADDR:0xEE TYPE:RC_CHANNELS_PACKED        LEN:26 | EE 18 16 E0 BB 5E 2B B2 D7 8A 56 B4 02 7C E0 03 1F F8 C0 07 3E F0 81 0F 7C 44
[21:08:49.100] ADDR:0xEE TYPE:RC_CHANNELS_PACKED        LEN:26 | EE 18 16 E0 BB 5E 2B B0 D7 8A 56 B4 02 7C E0 03 1F F8 C0 07 3E F0 81 0F 7C 38
[21:08:49.100] ADDR:0xEE TYPE:RC_CHANNELS_PACKED        LEN:26 | EE 18 16 E0 C3 5E 2B B2 D7 8A 56 B4 02 7C E0 03 1F F8 C0 07 3E F0 81 0F 7C E4
[21:08:49.100] ADDR:0xEE TYPE:RC_CHANNELS_PACKED        LEN:26 | EE 18 16 E0 C3 5E 2B B2 D7 8A 56 B4 02 7C E0 03 1F F8 C0 07 3E F0 81 0F 7C E4
[21:08:49.100] ADDR:0xEE TYPE:RC_CHANNELS_PACKED        LEN:26 | EE 18 16 E0 C3 5E 2B B2 D7 8A 56 B4 02 7C E0 03 1F F8 C0 07 3E F0 81 0F 7C E4
[21:08:49.100] ADDR:0xEE TYPE:RC_CHANNELS_PACKED        LEN:26 | EE 18 16 E0 C3 5E 2B B2 D7 8A 56 B4 02 7C E0 03 1F F8 C0 07 3E F0 81 0F 7C E4
[21:08:49.100] ADDR:0xEE TYPE:RC_CHANNELS_PACKED        LEN:26 | EE 18 16 E0 BB 5E 2B B2 D7 8A 56 B4 02 7C E0 03 1F F8 C0 07 3E F0 81 0F 7C 44
[21:08:49.100] ADDR:0xEE TYPE:RC_CHANNELS_PACKED        LEN:26 | EE 18 16 E0 C3 5E 2B B2 D7 8A 56 B4 02 7C E0 03 1F F8 C0 07 3E F0 81 0F 7C E4
[21:08:49.100] ADDR:0xEE TYPE:RC_CHANNELS_PACKED        LEN:26 | EE 18 16 E0 C3 5E 2B B2 D7 8A 56 B4 02 7C E0 03 1F F8 C0 07 3E F0 81 0F 7C E4
[21:08:49.100] ADDR:0xEE TYPE:RC_CHANNELS_PACKED        LEN:26 | EE 18 16 E0 C3 5E 2B B2 D7 8A 56 B4 02 7C E0 03 1F F8 C0 07 3E F0 81 0F 7C E4
[21:08:49.101] ADDR:0xEE TYPE:RC_CHANNELS_PACKED        LEN:26 | EE 18 16 E0 C3 5E 2B B0 D7 8A 56 B4 02 7C E0 03 1F F8 C0 07 3E F0 81 0F 7C 98
[21:08:49.101] ADDR:0xEE TYPE:RC_CHANNELS_PACKED        LEN:26 | EE 18 16 E0 C3 5E 2B B2 D7 8A 56 B4 02 7C E0 03 1F F8 C0 07 3E F0 81 0F 7C E4
[21:08:49.101] ADDR:0xEE TYPE:RC_CHANNELS_PACKED        LEN:26 | EE 18 16 E0 C3 5E 2B B0 D7 8A 56 B4 02 7C E0 03 1F F8 C0 07 3E F0 81 0F 7C 98
[21:08:49.101] ADDR:0xEE TYPE:RC_CHANNELS_PACKED        LEN:26 | EE 18 16 E0 C3 5E 2B B2 D7 8A 56 B4 02 7C E0 03 1F F8 C0 07 3E F0 81 0F 7C E4
[21:08:49.171] ADDR:0xEE TYPE:RC_CHANNELS_PACKED        LEN:26 | EE 18 16 DF C3 5E 2B B2 D7 8A 56 B4 02 7C E0 03 1F F8 C0 07 3E F0 81 0F 7C 66
[21:08:49.171] ADDR:0xEE TYPE:RC_CHANNELS_PACKED        LEN:26 | EE 18 16 DF C3 5E 2B B2 D7 8A 56 B4 02 7C E0 03 1F F8 C0 07 3E F0 81 0F 7C 66
[21:08:49.171] ADDR:0xEE TYPE:RC_CHANNELS_PACKED        LEN:26 | EE 18 16 E0 C3 5E 2B B2 D7 8A 56 B4 02 7C E0 03 1F F8 C0 07 3E F0 81 0F 7C E4
[21:08:49.172] ADDR:0xEE TYPE:RC_CHANNELS_PACKED        LEN:26 | EE 18 16 E0 C3 5E 2B B2 D7 8A 56 B4 02 7C E0 03 1F F8 C0 07 3E F0 81 0F 7C E4
[21:08:49.172] ADDR:0xEE TYPE:RC_CHANNELS_PACKED        LEN:26 | EE 18 16 E0 C3 5E 2B B2 D7 8A 56 B4 02 7C E0 03 1F F8 C0 07 3E F0 81 0F 7C E4
[21:08:49.172] ADDR:0xEE TYPE:RC_CHANNELS_PACKED        LEN:26 | EE 18 16 E0 C3 5E 2B B2 D7 8A 56 B4 02 7C E0 03 1F F8 C0 07 3E F0 81 0F 7C E4
[21:08:49.172] ADDR:0xEE TYPE:RC_CHANNELS_PACKED        LEN:26 | EE 18 16 E0 C3 5E 2B B2 D7 8A 56 B4 02 7C E0 03 1F F8 C0 07 3E F0 81 0F 7C E4
[21:08:49.172] ADDR:0xEE TYPE:RC_CHANNELS_PACKED        LEN:26 | EE 18 16 E0 C3 5E 2B B2 D7 8A 56 B4 02 7C E0 03 1F F8 C0 07 3E F0 81 0F 7C E4
[21:08:49.172] ADDR:0xEE TYPE:RC_CHANNELS_PACKED        LEN:26 | EE 18 16 E0 C3 5E 2B B2 D7 8A 56 B4 02 7C E0 03 1F F8 C0 07 3E F0 81 0F 7C E4
[21:08:49.172] ADDR:0xEE TYPE:RC_CHANNELS_PACKED        LEN:26 | EE 18 16 E0 C3 5E 2B B2 D7 8A 56 B4 02 7C E0 03 1F F8 C0 07 3E F0 81 0F 7C E4
[21:08:49.172] ADDR:0xEE TYPE:RC_CHANNELS_PACKED        LEN:26 | EE 18 16 E0 C3 5E 2B B2 D7 8A 56 B4 02 7C E0 03 1F F8 C0 07 3E F0 81 0F 7C E4
[21:08:49.172] ADDR:0xEE TYPE:RC_CHANNELS_PACKED        LEN:26 | EE 18 16 E0 C3 5E 2B B2 D7 8A 56 B4 02 7C E0 03 1F F8 C0 07 3E F0 81 0F 7C E4
[21:08:49.172] ADDR:0xEE TYPE:RC_CHANNELS_PACKED        LEN:26 | EE 18 16 E0 BB 5E 2B B0 D7 8A 56 B4 02 7C E0 03 1F F8 C0 07 3E F0 81 0F 7C 38
[21:08:49.172] ADDR:0xEE TYPE:RC_CHANNELS_PACKED        LEN:26 | EE 18 16 E0 C3 5E 2B B2 D7 8A 56 B4 02 7C E0 03 1F F8 C0 07 3E F0 81 0F 7C E4
[21:08:49.172] ADDR:0xEE TYPE:RC_CHANNELS_PACKED        LEN:26 | EE 18 16 E0 BB 5E 2B B2 D7 8A 56 B4 02 7C E0 03 1F F8 C0 07 3E F0 81 0F 7C 44
[21:08:49.172] ADDR:0xEE TYPE:RC_CHANNELS_PACKED        LEN:26 | EE 18 16 E0 C3 5E 2B B2 D7 8A 56 B4 02 7C E0 03 1F F8 C0 07 3E F0 81 0F 7C E4
[21:08:49.172] ADDR:0xEE TYPE:RC_CHANNELS_PACKED        LEN:26 | EE 18 16 E0 BB 5E 2B B0 D7 8A 56 B4 02 7C E0 03 1F F8 C0 07 3E F0 81 0F 7C 38
[21:08:49.172] ADDR:0xEE TYPE:RC_CHANNELS_PACKED        LEN:26 | EE 18 16 E0 C3 5E 2B B0 D7 8A 56 B4 02 7C E0 03 1F F8 C0 07 3E F0 81 0F 7C 98
[21:08:49.172] ADDR:0xEE TYPE:RC_CHANNELS_PACKED        LEN:26 | EE 18 16 E0 C3 5E 2B B2 D7 8A 56 B4 02 7C E0 03 1F F8 C0 07 3E F0 81 0F 7C E4
[21:08:49.253] ADDR:0xEE TYPE:RC_CHANNELS_PACKED        LEN:26 | EE 18 16 E0 BB 5E 2B B2 D7 8A 56 B4 02 7C E0 03 1F F8 C0 07 3E F0 81 0F 7C 44
[21:08:49.253] ADDR:0xEE TYPE:RC_CHANNELS_PACKED        LEN:26 | EE 18 16 E0 C3 5E 2B B0 D7 8A 56 B4 02 7C E0 03 1F F8 C0 07 3E F0 81 0F 7C 98
[21:08:49.253] ADDR:0xEE TYPE:RC_CHANNELS_PACKED        LEN:26 | EE 18 16 E0 C3 5E 2B B0 D7 8A 56 B4 02 7C E0 03 1F F8 C0 07 3E F0 81 0F 7C 98
[21:08:49.253] ADDR:0xEE TYPE:RC_CHANNELS_PACKED        LEN:26 | EE 18 16 E0 C3 5E 2B B0 D7 8A 56 B4 02 7C E0 03 1F F8 C0 07 3E F0 81 0F 7C 98
[21:08:49.254] ADDR:0xEE TYPE:RC_CHANNELS_PACKED        LEN:26 | EE 18 16 E0 C3 5E 2B B2 D7 8A 56 B4 02 7C E0 03 1F F8 C0 07 3E F0 81 0F 7C E4
[21:08:49.254] ADDR:0xEE TYPE:RC_CHANNELS_PACKED        LEN:26 | EE 18 16 E0 BB 5E 2B B0 D7 8A 56 B4 02 7C E0 03 1F F8 C0 07 3E F0 81 0F 7C 38
[21:08:49.254] ADDR:0xEE TYPE:RC_CHANNELS_PACKED        LEN:26 | EE 18 16 E0 C3 5E 2B B2 D7 8A 56 B4 02 7C E0 03 1F F8 C0 07 3E F0 81 0F 7C E4
[21:08:49.254] ADDR:0xEE TYPE:RC_CHANNELS_PACKED        LEN:26 | EE 18 16 E0 C3 5E 2B B2 D7 8A 56 B4 02 7C E0 03 1F F8 C0 07 3E F0 81 0F 7C E4
[21:08:49.254] ADDR:0xEE TYPE:RC_CHANNELS_PACKED        LEN:26 | EE 18 16 E0 C3 5E 2B AE D7 8A 56 B4 02 7C E0 03 1F F8 C0 07 3E F0 81 0F 7C 73
[21:08:49.254] ADDR:0xEE TYPE:RC_CHANNELS_PACKED        LEN:26 | EE 18 16 E0 C3 5E 2B B2 D7 8A 56 B4 02 7C E0 03 1F F8 C0 07 3E F0 81 0F 7C E4
[21:08:49.254] ADDR:0xEE TYPE:RC_CHANNELS_PACKED        LEN:26 | EE 18 16 E0 C3 5E 2B B0 D7 8A 56 B4 02 7C E0 03 1F F8 C0 07 3E F0 81 0F 7C 98
[21:08:49.254] ADDR:0xEE TYPE:RC_CHANNELS_PACKED        LEN:26 | EE 18 16 E0 C3 5E 2B B2 D7 8A 56 B4 02 7C E0 03 1F F8 C0 07 3E F0 81 0F 7C E4
[21:08:49.254] ADDR:0xEE TYPE:RC_CHANNELS_PACKED        LEN:26 | EE 18 16 DF C3 5E 2B B0 D7 8A 56 B4 02 7C E0 03 1F F8 C0 07 3E F0 81 0F 7C 1A
[21:08:49.254] ADDR:0xEE TYPE:RC_CHANNELS_PACKED        LEN:26 | EE 18 16 E0 C3 5E 2B B0 D7 8A 56 B4 02 7C E0 03 1F F8 C0 07 3E F0 81 0F 7C 98
[21:08:49.254] ADDR:0xEE TYPE:RC_CHANNELS_PACKED        LEN:26 | EE 18 16 E0 C3 5E 2B B2 D7 8A 56 B4 02 7C E0 03 1F F8 C0 07 3E F0 81 0F 7C E4
[21:08:49.254] ADDR:0xEE TYPE:RC_CHANNELS_PACKED        LEN:26 | EE 18 16 E0 C3 5E 2B B2 D7 8A 56 B4 02 7C E0 03 1F F8 C0 07 3E F0 81 0F 7C E4
[21:08:49.254] ADDR:0xEE TYPE:RC_CHANNELS_PACKED        LEN:26 | EE 18 16 E0 BB 5E 2B B2 D7 8A 56 B4 02 7C E0 03 1F F8 C0 07 3E F0 81 0F 7C 44
[21:08:49.255] ADDR:0xEE TYPE:RC_CHANNELS_PACKED        LEN:26 | EE 18 16 E0 C3 5E 2B B2 D7 8A 56 B4 02 7C E0 03 1F F8 C0 07 3E F0 81 0F 7C E4
[21:08:49.255] ADDR:0xEE TYPE:RC_CHANNELS_PACKED        LEN:26 | EE 18 16 E0 C3 5E 2B B2 D7 8A 56 B4 02 7C E0 03 1F F8 C0 07 3E F0 81 0F 7C E4
[21:08:49.325] ADDR:0xEE TYPE:RC_CHANNELS_PACKED        LEN:26 | EE 18 16 E0 BB 5E 2B B2 D7 8A 56 B4 02 7C E0 03 1F F8 C0 07 3E F0 81 0F 7C 44
[21:08:49.325] ADDR:0xEE TYPE:RC_CHANNELS_PACKED        LEN:26 | EE 18 16 E0 C3 5E 2B B2 D7 8A 56 B4 02 7C E0 03 1F F8 C0 07 3E F0 81 0F 7C E4
[21:08:49.326] ADDR:0xEE TYPE:RC_CHANNELS_PACKED        LEN:26 | EE 18 16 E0 C3 5E 2B B2 D7 8A 56 B4 02 7C E0 03 1F F8 C0 07 3E F0 81 0F 7C E4
[21:08:49.326] ADDR:0xEE TYPE:RC_CHANNELS_PACKED        LEN:26 | EE 18 16 E0 C3 5E 2B B2 D7 8A 56 B4 02 7C E0 03 1F F8 C0 07 3E F0 81 0F 7C E4
[21:08:49.326] ADDR:0xEE TYPE:RC_CHANNELS_PACKED        LEN:26 | EE 18 16 E0 C3 5E 2B B2 D7 8A 56 B4 02 7C E0 03 1F F8 C0 07 3E F0 81 0F 7C E4
[21:08:49.326] ADDR:0xEE TYPE:RC_CHANNELS_PACKED        LEN:26 | EE 18 16 E0 C3 5E 2B B4 D7 8A 56 B4 02 7C E0 03 1F F8 C0 07 3E F0 81 0F 7C 60
[21:08:49.326] ADDR:0xEE TYPE:RC_CHANNELS_PACKED        LEN:26 | EE 18 16 E0 BB 5E 2B B2 D7 8A 56 B4 02 7C E0 03 1F F8 C0 07 3E F0 81 0F 7C 44
[21:08:49.326] ADDR:0xEE TYPE:RC_CHANNELS_PACKED        LEN:26 | EE 18 16 E0 C3 5E 2B B2 D7 8A 56 B4 02 7C E0 03 1F F8 C0 07 3E F0 81 0F 7C E4
[21:08:49.326] ADDR:0xEE TYPE:RC_CHANNELS_PACKED        LEN:26 | EE 18 16 E0 C3 5E 2B B2 D7 8A 56 B4 02 7C E0 03 1F F8 C0 07 3E F0 81 0F 7C E4
[21:08:49.326] ADDR:0xEE TYPE:RC_CHANNELS_PACKED        LEN:26 | EE 18 16 E0 C3 5E 2B B2 D7 8A 56 B4 02 7C E0 03 1F F8 C0 07 3E F0 81 0F 7C E4
[21:08:49.326] ADDR:0xEE TYPE:RC_CHANNELS_PACKED        LEN:26 | EE 18 16 E0 C3 5E 2B B0 D7 8A 56 B4 02 7C E0 03 1F F8 C0 07 3E F0 81 0F 7C 98
[21:08:49.326] ADDR:0xEE TYPE:RC_CHANNELS_PACKED        LEN:26 | EE 18 16 E0 C3 5E 2B B2 D7 8A 56 B4 02 7C E0 03 1F F8 C0 07 3E F0 81 0F 7C E4
[21:08:49.326] ADDR:0xEE TYPE:RC_CHANNELS_PACKED        LEN:26 | EE 18 16 DF C3 5E 2B B2 D7 8A 56 B4 02 7C E0 03 1F F8 C0 07 3E F0 81 0F 7C 66
[21:08:49.326] ADDR:0xEE TYPE:RC_CHANNELS_PACKED        LEN:26 | EE 18 16 E0 C3 5E 2B B2 D7 8A 56 B4 02 7C E0 03 1F F8 C0 07 3E F0 81 0F 7C E4
[21:08:49.326] ADDR:0xEE TYPE:RC_CHANNELS_PACKED        LEN:26 | EE 18 16 E0 C3 5E 2B B2 D7 8A 56 B4 02 7C E0 03 1F F8 C0 07 3E F0 81 0F 7C E4
[21:08:49.326] ADDR:0xEE TYPE:RC_CHANNELS_PACKED        LEN:26 | EE 18 16 E0 C3 5E 2B B0 D7 8A 56 B4 02 7C E0 03 1F F8 C0 07 3E F0 81 0F 7C 98
[21:08:49.327] ADDR:0xEE TYPE:RC_CHANNELS_PACKED        LEN:26 | EE 18 16 E0 C3 5E 2B B2 D7 8A 56 B4 02 7C E0 03 1F F8 C0 07 3E F0 81 0F 7C E4
[21:08:49.327] ADDR:0xEE TYPE:RC_CHANNELS_PACKED        LEN:26 | EE 18 16 E0 C3 5E 2B B2 D7 8A 56 B4 02 7C E0 03 1F F8 C0 07 3E F0 81 0F 7C E4
[21:08:49.327] ADDR:0xEE TYPE:RC_CHANNELS_PACKED        LEN:26 | EE 18 16 E0 C3 5E 2B AA D7 8A 56 B4 02 7C E0 03 1F F8 C0 07 3E F0 81 0F 7C 8B
[21:08:49.327] ADDR:0xEE TYPE:RC_CHANNELS_PACKED        LEN:26 | EE 18 16 E0 C3 5E 2B B2 D7 8A 56 B4 02 7C E0 03 1F F8 C0 07 3E F0 81 0F 7C E4
[21:08:49.407] ADDR:0xEE TYPE:RC_CHANNELS_PACKED        LEN:26 | EE 18 16 E0 C3 5E 2B B2 D7 8A 56 B4 02 7C E0 03 1F F8 C0 07 3E F0 81 0F 7C E4
[21:08:49.407] ADDR:0xEE TYPE:RC_CHANNELS_PACKED        LEN:26 | EE 18 16 DF C3 5E 2B B2 D7 8A 56 B4 02 7C E0 03 1F F8 C0 07 3E F0 81 0F 7C 66
[21:08:49.408] ADDR:0xEE TYPE:RC_CHANNELS_PACKED        LEN:26 | EE 18 16 DF C3 5E 2B B2 D7 8A 56 B4 02 7C E0 03 1F F8 C0 07 3E F0 81 0F 7C 66
[21:08:49.408] ADDR:0xEE TYPE:RC_CHANNELS_PACKED        LEN:26 | EE 18 16 E0 BB 5E 2B B2 D7 8A 56 B4 02 7C E0 03 1F F8 C0 07 3E F0 81 0F 7C 44
[21:08:49.408] ADDR:0xEE TYPE:RC_CHANNELS_PACKED        LEN:26 | EE 18 16 E0 BB 5E 2B B2 D7 8A 56 B4 02 7C E0 03 1F F8 C0 07 3E F0 81 0F 7C 44
[21:08:49.408] ADDR:0xEE TYPE:RC_CHANNELS_PACKED        LEN:26 | EE 18 16 E0 C3 5E 2B B2 D7 8A 56 B4 02 7C E0 03 1F F8 C0 07 3E F0 81 0F 7C E4
[21:08:49.408] ADDR:0xEE TYPE:RC_CHANNELS_PACKED        LEN:26 | EE 18 16 E0 C3 5E 2B B2 D7 8A 56 B4 02 7C E0 03 1F F8 C0 07 3E F0 81 0F 7C E4
[21:08:49.408] ADDR:0xEE TYPE:RC_CHANNELS_PACKED        LEN:26 | EE 18 16 E0 C3 5E 2B B2 D7 8A 56 B4 02 7C E0 03 1F F8 C0 07 3E F0 81 0F 7C E4
[21:08:49.408] ADDR:0xEE TYPE:RC_CHANNELS_PACKED        LEN:26 | EE 18 16 E0 C3 5E 2B B0 D7 8A 56 B4 02 7C E0 03 1F F8 C0 07 3E F0 81 0F 7C 98
[21:08:49.408] ADDR:0xEE TYPE:RC_CHANNELS_PACKED        LEN:26 | EE 18 16 E0 C3 5E 2B B0 D7 8A 56 B4 02 7C E0 03 1F F8 C0 07 3E F0 81 0F 7C 98
[21:08:49.408] ADDR:0xEE TYPE:RC_CHANNELS_PACKED        LEN:26 | EE 18 16 E0 C3 5E 2B B0 D7 8A 56 B4 02 7C E0 03 1F F8 C0 07 3E F0 81 0F 7C 98
[21:08:49.408] ADDR:0xEE TYPE:RC_CHANNELS_PACKED        LEN:26 | EE 18 16 DF C3 5E 2B B0 D7 8A 56 B4 02 7C E0 03 1F F8 C0 07 3E F0 81 0F 7C 1A
[21:08:49.408] ADDR:0xEE TYPE:RC_CHANNELS_PACKED        LEN:26 | EE 18 16 E0 BB 5E 2B B2 D7 8A 56 B4 02 7C E0 03 1F F8 C0 07 3E F0 81 0F 7C 44
[21:08:49.408] ADDR:0xEE TYPE:RC_CHANNELS_PACKED        LEN:26 | EE 18 16 E0 C3 5E 2B B0 D7 8A 56 B4 02 7C E0 03 1F F8 C0 07 3E F0 81 0F 7C 98
[21:08:49.408] ADDR:0xEE TYPE:RC_CHANNELS_PACKED        LEN:26 | EE 18 16 E0 C3 5E 2B B0 D7 8A 56 B4 02 7C E0 03 1F F8 C0 07 3E F0 81 0F 7C 98
[21:08:49.408] ADDR:0xEE TYPE:RC_CHANNELS_PACKED        LEN:26 | EE 18 16 E0 C3 5E 2B B2 D7 8A 56 B4 02 7C E0 03 1F F8 C0 07 3E F0 81 0F 7C E4
[21:08:49.409] ADDR:0xEE TYPE:RC_CHANNELS_PACKED        LEN:26 | EE 18 16 E0 C3 5E 2B B2 D7 8A 56 B4 02 7C E0 03 1F F8 C0 07 3E F0 81 0F 7C E4
[21:08:49.409] ADDR:0xEE TYPE:RC_CHANNELS_PACKED        LEN:26 | EE 18 16 E0 C3 5E 2B B2 D7 8A 56 B4 02 7C E0 03 1F F8 C0 07 3E F0 81 0F 7C E4
[21:08:49.409] ADDR:0xEE TYPE:RC_CHANNELS_PACKED        LEN:26 | EE 18 16 E0 C3 5E 2B B0 D7 8A 56 B4 02 7C E0 03 1F F8 C0 07 3E F0 81 0F 7C 98
[21:08:49.479] ADDR:0xEE TYPE:RC_CHANNELS_PACKED        LEN:26 | EE 18 16 DF C3 5E 2B B2 D7 8A 56 B4 02 7C E0 03 1F F8 C0 07 3E F0 81 0F 7C 66
[21:08:49.480] ADDR:0xEE TYPE:RC_CHANNELS_PACKED        LEN:26 | EE 18 16 E0 C3 5E 2B B2 D7 8A 56 B4 02 7C E0 03 1F F8 C0 07 3E F0 81 0F 7C E4
[21:08:49.480] ADDR:0xEE TYPE:RC_CHANNELS_PACKED        LEN:26 | EE 18 16 E0 C3 5E 2B B2 D7 8A 56 B4 02 7C E0 03 1F F8 C0 07 3E F0 81 0F 7C E4
[21:08:49.480] ADDR:0xEE TYPE:RC_CHANNELS_PACKED        LEN:26 | EE 18 16 E0 BB 5E 2B B2 D7 8A 56 B4 02 7C E0 03 1F F8 C0 07 3E F0 81 0F 7C 44
[21:08:49.480] ADDR:0xEE TYPE:RC_CHANNELS_PACKED        LEN:26 | EE 18 16 E0 C3 5E 2B B0 D7 8A 56 B4 02 7C E0 03 1F F8 C0 07 3E F0 81 0F 7C 98
[21:08:49.480] ADDR:0xEE TYPE:RC_CHANNELS_PACKED        LEN:26 | EE 18 16 E0 C3 5E 2B B2 D7 8A 56 B4 02 7C E0 03 1F F8 C0 07 3E F0 81 0F 7C E4
[21:08:49.480] ADDR:0xEE TYPE:RC_CHANNELS_PACKED        LEN:26 | EE 18 16 E0 C3 5E 2B B2 D7 8A 56 B4 02 7C E0 03 1F F8 C0 07 3E F0 81 0F 7C E4
[21:08:49.481] ADDR:0xEE TYPE:RC_CHANNELS_PACKED        LEN:26 | EE 18 16 E0 C3 5E 2B B2 D7 8A 56 B4 02 7C E0 03 1F F8 C0 07 3E F0 81 0F 7C E4
[21:08:49.481] ADDR:0xEE TYPE:RC_CHANNELS_PACKED        LEN:26 | EE 18 16 E0 C3 5E 2B B0 D7 8A 56 B4 02 7C E0 03 1F F8 C0 07 3E F0 81 0F 7C 98
[21:08:49.481] ADDR:0xEE TYPE:RC_CHANNELS_PACKED        LEN:26 | EE 18 16 E0 C3 5E 2B B0 D7 8A 56 B4 02 7C E0 03 1F F8 C0 07 3E F0 81 0F 7C 98
[21:08:49.481] ADDR:0xEE TYPE:RC_CHANNELS_PACKED        LEN:26 | EE 18 16 DF C3 5E 2B B2 D7 8A 56 B4 02 7C E0 03 1F F8 C0 07 3E F0 81 0F 7C 66
[21:08:49.481] ADDR:0xEE TYPE:RC_CHANNELS_PACKED        LEN:26 | EE 18 16 E0 C3 5E 2B B2 D7 8A 56 B4 02 7C E0 03 1F F8 C0 07 3E F0 81 0F 7C E4
[21:08:49.481] ADDR:0xEE TYPE:RC_CHANNELS_PACKED        LEN:26 | EE 18 16 E0 C3 5E 2B B2 D7 8A 56 B4 02 7C E0 03 1F F8 C0 07 3E F0 81 0F 7C E4
[21:08:49.481] ADDR:0xEE TYPE:RC_CHANNELS_PACKED        LEN:26 | EE 18 16 E0 BB 5E 2B B0 D7 8A 56 B4 02 7C E0 03 1F F8 C0 07 3E F0 81 0F 7C 38
[21:08:49.481] ADDR:0xEA TYPE:ELRS_STATUS               LEN:15 | EA 0D 3A EA EE 10 00 03 0D 40 FF FF FC 18 2B
[21:08:49.481] ADDR:0xEE TYPE:RC_CHANNELS_PACKED        LEN:26 | EE 18 16 E0 C3 5E 2B B2 D7 8A 56 B4 02 7C E0 03 1F F8 C0 07 3E F0 81 0F 7C E4
[21:08:49.481] ADDR:0xC8 TYPE:COMMAND                   LEN:10 | C8 08 32 EE EA 10 05 00 DC 4D
[21:08:49.481] ADDR:0xEE TYPE:RC_CHANNELS_PACKED        LEN:26 | EE 18 16 E0 C3 5E 2B B2 D7 8A 56 B4 02 7C E0 03 1F F8 C0 07 3E F0 81 0F 7C E4
[21:08:49.502] ADDR:0xEE TYPE:RC_CHANNELS_PACKED        LEN:26 | EE 18 16 E0 C3 5E 2B B2 D7 8A 56 B4 02 7C E0 03 1F F8 C0 07 3E F0 81 0F 7C E4
[21:08:49.512] ADDR:0xEE TYPE:RC_CHANNELS_PACKED        LEN:26 | EE 18 16 E0 C3 5E 2B B2 D7 8A 56 B4 02 7C E0 03 1F F8 C0 07 3E F0 81 0F 7C E4
[21:08:49.532] ADDR:0xEE TYPE:RC_CHANNELS_PACKED        LEN:26 | EE 18 16 E0 C3 5E 2B B2 D7 8A 56 B4 02 7C E0 03 1F F8 C0 07 3E F0 81 0F 7C E4
[21:08:49.562] ADDR:0xEE TYPE:RC_CHANNELS_PACKED        LEN:26 | EE 18 16 E0 C3 5E 2B AE D7 8A 56 B4 02 7C E0 03 1F F8 C0 07 3E F0 81 0F 7C 73
[21:08:49.583] ADDR:0xEE TYPE:RC_CHANNELS_PACKED        LEN:26 | EE 18 16 E0 C3 5E 2B B2 D7 8A 56 B4 02 7C E0 03 1F F8 C0 07 3E F0 81 0F 7C E4
[21:08:49.593] ADDR:0xEE TYPE:RC_CHANNELS_PACKED        LEN:26 | EE 18 16 E0 C3 5E 2B B2 D7 8A 56 B4 02 7C E0 03 1F F8 C0 07 3E F0 81 0F 7C E4
[21:08:49.613] ADDR:0xEE TYPE:RC_CHANNELS_PACKED        LEN:26 | EE 18 16 E0 C3 5E 2B B2 D7 8A 56 B4 02 7C E0 03 1F F8 C0 07 3E F0 81 0F 7C E4
[21:08:49.645] ADDR:0xEE TYPE:RC_CHANNELS_PACKED        LEN:26 | EE 18 16 E0 C3 5E 2B B2 D7 8A 56 B4 02 7C E0 03 1F F8 C0 07 3E F0 81 0F 7C E4
[21:08:49.655] ADDR:0xEE TYPE:RC_CHANNELS_PACKED        LEN:26 | EE 18 16 E0 C3 5E 2B B2 D7 8A 56 B4 02 7C E0 03 1F F8 C0 07 3E F0 81 0F 7C E4
[21:08:49.675] ADDR:0xEE TYPE:RC_CHANNELS_PACKED        LEN:26 | EE 18 16 E0 C3 5E 2B B2 D7 8A 56 B4 02 7C E0 03 1F F8 C0 07 3E F0 81 0F 7C E4
[21:08:49.675] ADDR:0xEA TYPE:ELRS_STATUS               LEN:15 | EA 0D 3A EA EE 10 00 03 0D 40 00 01 42 12 92
[21:08:49.696] ADDR:0xEE TYPE:RC_CHANNELS_PACKED        LEN:26 | EE 18 16 E0 C3 5E 2B B2 D7 8A 56 B4 02 7C E0 03 1F F8 C0 07 3E F0 81 0F 7C E4
[21:08:49.726] ADDR:0xEE TYPE:RC_CHANNELS_PACKED        LEN:26 | EE 18 16 E0 C3 5E 2B B2 D7 8A 56 B4 02 7C E0 03 1F F8 C0 07 3E F0 81 0F 7C E4
[21:08:49.736] ADDR:0xEE TYPE:RC_CHANNELS_PACKED        LEN:26 | EE 18 16 E0 C3 5E 2B B2 D7 8A 56 B4 02 7C E0 03 1F F8 C0 07 3E F0 81 0F 7C E4
[21:08:49.776] ADDR:0xEE TYPE:RC_CHANNELS_PACKED        LEN:26 | EE 18 16 E0 D3 5E 2B B2 D7 8A 56 B4 02 7C E0 03 1F F8 C0 07 3E F0 81 0F 7C B5
[21:08:49.787] ADDR:0xEE TYPE:RC_CHANNELS_PACKED        LEN:26 | EE 18 16 E0 C3 5E 2B B2 D7 8A 56 B4 02 7C E0 03 1F F8 C0 07 3E F0 81 0F 7C E4
[21:08:49.807] ADDR:0xEE TYPE:RC_CHANNELS_PACKED        LEN:26 | EE 18 16 E0 C3 5E 2B B2 D7 8A 56 B4 02 7C E0 03 1F F8 C0 07 3E F0 81 0F 7C E4
[21:08:49.817] ADDR:0xEE TYPE:RC_CHANNELS_PACKED        LEN:26 | EE 18 16 E0 C3 5E 2B B2 D7 8A 56 B4 02 7C E0 03 1F F8 C0 07 3E F0 81 0F 7C E4
[21:08:49.847] ADDR:0xEE TYPE:RC_CHANNELS_PACKED        LEN:26 | EE 18 16 E0 BB 5E 2B B2 D7 8A 56 B4 02 7C E0 03 1F F8 C0 07 3E F0 81 0F 7C 44
[21:08:49.868] ADDR:0xEE TYPE:RC_CHANNELS_PACKED        LEN:26 | EE 18 16 E0 C3 5E 2B B2 D7 8A 56 B4 02 7C E0 03 1F F8 C0 07 3E F0 81 0F 7C E4
[21:08:49.888] ADDR:0xEE TYPE:RC_CHANNELS_PACKED        LEN:26 | EE 18 16 DD C3 5E 2B AE D7 8A 56 B4 02 7C E0 03 1F F8 C0 07 3E F0 81 0F 7C 87
[21:08:49.888] ADDR:0xEA TYPE:ELRS_STATUS               LEN:15 | EA 0D 3A EA EE 10 00 03 0D 40 00 00 00 28 18
[21:08:49.898] ADDR:0xEE TYPE:RC_CHANNELS_PACKED        LEN:26 | EE 18 16 DF C3 5E 2B B2 D7 8A 56 B4 02 7C E0 03 1F F8 C0 07 3E F0 81 0F 7C 66
[21:08:49.928] ADDR:0xEE TYPE:RC_CHANNELS_PACKED        LEN:26 | EE 18 16 E0 C3 5E 2B B2 D7 8A 56 B4 02 7C E0 03 1F F8 C0 07 3E F0 81 0F 7C E4
[21:08:49.949] ADDR:0xEE TYPE:RC_CHANNELS_PACKED        LEN:26 | EE 18 16 E0 BB 5E 2B B2 D7 8A 56 B4 02 7C E0 03 1F F8 C0 07 3E F0 81 0F 7C 44
[21:08:49.969] ADDR:0xEE TYPE:RC_CHANNELS_PACKED        LEN:26 | EE 18 16 E0 C3 5E 2B B0 D7 8A 56 B4 02 7C E0 03 1F F8 C0 07 3E F0 81 0F 7C 98
[21:08:49.979] ADDR:0xEE TYPE:RC_CHANNELS_PACKED        LEN:26 | EE 18 16 E0 C3 5E 2B B2 D7 8A 56 B4 02 7C E0 03 1F F8 C0 07 3E F0 81 0F 7C E4
[21:08:50.010] ADDR:0xEE TYPE:RC_CHANNELS_PACKED        LEN:26 | EE 18 16 E0 C3 5E 2B B2 D7 8A 56 B4 02 7C E0 03 1F F8 C0 07 3E F0 81 0F 7C E4
[21:08:50.030] ADDR:0xEE TYPE:RC_CHANNELS_PACKED        LEN:26 | EE 18 16 DF C3 5E 2B AE D7 8A 56 B4 02 7C E0 03 1F F8 C0 07 3E F0 81 0F 7C F1
[21:08:50.040] ADDR:0xEE TYPE:RC_CHANNELS_PACKED        LEN:26 | EE 18 16 E0 C3 5E 2B B0 D7 8A 56 B4 02 7C E0 03 1F F8 C0 07 3E F0 81 0F 7C 98
[21:08:50.060] ADDR:0xEE TYPE:RC_CHANNELS_PACKED        LEN:26 | EE 18 16 E0 BB 5E 2B B2 D7 8A 56 B4 02 7C E0 03 1F F8 C0 07 3E F0 81 0F 7C 44
[21:08:50.091] ADDR:0xEE TYPE:RC_CHANNELS_PACKED        LEN:26 | EE 18 16 E0 D3 5E 2B B0 D7 8A 56 B4 02 7C E0 03 1F F8 C0 07 3E F0 81 0F 7C C9
[21:08:50.091] ADDR:0xEA TYPE:ELRS_STATUS               LEN:15 | EA 0D 3A EA EE 10 00 03 0D 40 FF FF FF 92 8F
[21:08:50.111] ADDR:0xEE TYPE:RC_CHANNELS_PACKED        LEN:26 | EE 18 16 DF C3 5E 2B B2 D7 8A 56 B4 02 7C E0 03 1F F8 C0 07 3E F0 81 0F 7C 66
[21:08:50.121] ADDR:0xEE TYPE:RC_CHANNELS_PACKED        LEN:26 | EE 18 16 E0 C3 5E 2B B2 D7 8A 56 B4 02 7C E0 03 1F F8 C0 07 3E F0 81 0F 7C E4
[21:08:50.141] ADDR:0xEE TYPE:RC_CHANNELS_PACKED        LEN:26 | EE 18 16 E0 C3 5E 2B B2 D7 8A 56 B4 02 7C E0 03 1F F8 C0 07 3E F0 81 0F 7C E4
[21:08:50.172] ADDR:0xEE TYPE:RC_CHANNELS_PACKED        LEN:26 | EE 18 16 E0 C3 5E 2B B0 D7 8A 56 B4 02 7C E0 03 1F F8 C0 07 3E F0 81 0F 7C 98
[21:08:50.192] ADDR:0xEE TYPE:RC_CHANNELS_PACKED        LEN:26 | EE 18 16 E0 C3 5E 2B B0 D7 8A 56 B4 02 7C E0 03 1F F8 C0 07 3E F0 81 0F 7C 98
[21:08:50.202] ADDR:0xEE TYPE:RC_CHANNELS_PACKED        LEN:26 | EE 18 16 E0 C3 5E 2B B2 D7 8A 56 B4 02 7C E0 03 1F F8 C0 07 3E F0 81 0F 7C E4
[21:08:50.222] ADDR:0xEE TYPE:RC_CHANNELS_PACKED        LEN:26 | EE 18 16 DF C3 5E 2B B2 D7 8A 56 B4 02 7C E0 03 1F F8 C0 07 3E F0 81 0F 7C 66
[21:08:50.253] ADDR:0xEE TYPE:RC_CHANNELS_PACKED        LEN:26 | EE 18 16 E0 C3 5E 2B B2 D7 8A 56 B4 02 7C E0 03 1F F8 C0 07 3E F0 81 0F 7C E4
[21:08:50.273] ADDR:0xEE TYPE:RC_CHANNELS_PACKED        LEN:26 | EE 18 16 E0 C3 5E 2B AA D7 8A 56 B4 02 7C E0 03 1F F8 C0 07 3E F0 81 0F 7C 8B
[21:08:50.283] ADDR:0xEE TYPE:RC_CHANNELS_PACKED        LEN:26 | EE 18 16 E0 C3 5E 2B B2 D7 8A 56 B4 02 7C E0 03 1F F8 C0 07 3E F0 81 0F 7C E4
[21:08:50.283] ADDR:0xEA TYPE:ELRS_STATUS               LEN:15 | EA 0D 3A EA EE 10 00 03 0D 40 00 00 01 AE 7D
[21:08:50.303] ADDR:0xEE TYPE:RC_CHANNELS_PACKED        LEN:26 | EE 18 16 E0 C3 5E 2B AE D7 8A 56 B4 02 7C E0 03 1F F8 C0 07 3E F0 81 0F 7C 73
[21:08:50.334] ADDR:0xEE TYPE:RC_CHANNELS_PACKED        LEN:26 | EE 18 16 E0 C3 5E 2B B2 D7 8A 56 B4 02 7C E0 03 1F F8 C0 07 3E F0 81 0F 7C E4
[21:08:50.344] ADDR:0xEE TYPE:RC_CHANNELS_PACKED        LEN:26 | EE 18 16 E0 C3 5E 2B B0 D7 8A 56 B4 02 7C E0 03 1F F8 C0 07 3E F0 81 0F 7C 98
[21:08:50.364] ADDR:0xEE TYPE:RC_CHANNELS_PACKED        LEN:26 | EE 18 16 E0 BB 5E 2B B2 D7 8A 56 B4 02 7C E0 03 1F F8 C0 07 3E F0 81 0F 7C 44
[21:08:50.385] ADDR:0xEE TYPE:RC_CHANNELS_PACKED        LEN:26 | EE 18 16 E0 C3 5E 2B B2 D7 8A 56 B4 02 7C E0 03 1F F8 C0 07 3E F0 81 0F 7C E4
[21:08:50.415] ADDR:0xEE TYPE:RC_CHANNELS_PACKED        LEN:26 | EE 18 16 E0 C3 5E 2B B2 D7 8A 56 B4 02 7C E0 03 1F F8 C0 07 3E F0 81 0F 7C E4
[21:08:50.425] ADDR:0xEE TYPE:RC_CHANNELS_PACKED        LEN:26 | EE 18 16 E0 C3 5E 2B B2 D7 8A 56 B4 02 7C E0 03 1F F8 C0 07 3E F0 81 0F 7C E4
[21:08:50.445] ADDR:0xEE TYPE:RC_CHANNELS_PACKED        LEN:26 | EE 18 16 E0 BB 5E 2B B2 D7 8A 56 B4 02 7C E0 03 1F F8 C0 07 3E F0 81 0F 7C 44
[21:08:50.455] ADDR:0xEE TYPE:RC_CHANNELS_PACKED        LEN:26 | EE 18 16 E0 C3 5E 2B B2 D7 8A 56 B4 02 7C E0 03 1F F8 C0 07 3E F0 81 0F 7C E4
[21:08:50.496] ADDR:0xEE TYPE:RC_CHANNELS_PACKED        LEN:26 | EE 18 16 E0 C3 5E 2B AE D7 8A 56 B4 02 7C E0 03 1F F8 C0 07 3E F0 81 0F 7C 73
[21:08:50.496] ADDR:0xEA TYPE:ELRS_STATUS               LEN:15 | EA 0D 3A EA EE 10 00 03 0D 40 00 00 00 BE 24
[21:08:50.506] ADDR:0xEE TYPE:RC_CHANNELS_PACKED        LEN:26 | EE 18 16 E0 C3 5E 2B B0 D7 8A 56 B4 02 7C E0 03 1F F8 C0 07 3E F0 81 0F 7C 98
[21:08:50.526] ADDR:0xEE TYPE:RC_CHANNELS_PACKED        LEN:26 | EE 18 16 E0 BB 5E 2B B2 D7 8A 56 B4 02 7C E0 03 1F F8 C0 07 3E F0 81 0F 7C 44
[21:08:50.537] ADDR:0xEE TYPE:RC_CHANNELS_PACKED        LEN:26 | EE 18 16 E0 C3 5E 2B B2 D7 8A 56 B4 02 7C E0 03 1F F8 C0 07 3E F0 81 0F 7C E4
[21:08:50.577] ADDR:0xEE TYPE:RC_CHANNELS_PACKED        LEN:26 | EE 18 16 E0 C3 5E 2B B2 D7 8A 56 B4 02 7C E0 03 1F F8 C0 07 3E F0 81 0F 7C E4
[21:08:50.587] ADDR:0xEE TYPE:RC_CHANNELS_PACKED        LEN:26 | EE 18 16 E0 C3 5E 2B B0 D7 8A 56 B4 02 7C E0 03 1F F8 C0 07 3E F0 81 0F 7C 98
[21:08:50.608] ADDR:0xEE TYPE:RC_CHANNELS_PACKED        LEN:26 | EE 18 16 E0 C3 5E 2B B0 D7 8A 56 B4 02 7C E0 03 1F F8 C0 07 3E F0 81 0F 7C 98
[21:08:50.618] ADDR:0xEE TYPE:RC_CHANNELS_PACKED        LEN:26 | EE 18 16 E0 C3 5E 2B B2 D7 8A 56 B4 02 7C E0 03 1F F8 C0 07 3E F0 81 0F 7C E4
[21:08:50.648] ADDR:0xEE TYPE:RC_CHANNELS_PACKED        LEN:26 | EE 18 16 E0 C3 5E 2B B2 D7 8A 56 B4 02 7C E0 03 1F F8 C0 07 3E F0 81 0F 7C E4
[21:08:50.668] ADDR:0xEE TYPE:RC_CHANNELS_PACKED        LEN:26 | EE 18 16 E0 C3 5E 2B B4 D7 8A 56 B4 02 7C E0 03 1F F8 C0 07 3E F0 81 0F 7C 60
[21:08:50.689] ADDR:0xEE TYPE:RC_CHANNELS_PACKED        LEN:26 | EE 18 16 E0 C3 5E 2B B0 D7 8A 56 B4 02 7C E0 03 1F F8 C0 07 3E F0 81 0F 7C 98
[21:08:50.689] ADDR:0xEA TYPE:ELRS_STATUS               LEN:15 | EA 0D 3A EA EE 10 00 03 0D 40 FF FF FF 60 74
[21:08:50.699] ADDR:0xEE TYPE:RC_CHANNELS_PACKED        LEN:26 | EE 18 16 DF BB 5E 2B AE D7 8A 56 B4 02 7C E0 03 1F F8 C0 07 3E F0 81 0F 7C 51
[21:08:50.729] ADDR:0xEE TYPE:RC_CHANNELS_PACKED        LEN:26 | EE 18 16 DF C3 5E 2B B2 D7 8A 56 B4 02 7C E0 03 1F F8 C0 07 3E F0 81 0F 7C 66
[21:08:50.749] ADDR:0xEE TYPE:RC_CHANNELS_PACKED        LEN:26 | EE 18 16 E0 C3 5E 2B B2 D7 8A 56 B4 02 7C E0 03 1F F8 C0 07 3E F0 81 0F 7C E4
[21:08:50.760] ADDR:0xEE TYPE:RC_CHANNELS_PACKED        LEN:26 | EE 18 16 E0 C3 5E 2B B0 D7 8A 56 B4 02 7C E0 03 1F F8 C0 07 3E F0 81 0F 7C 98
[21:08:50.780] ADDR:0xEE TYPE:RC_CHANNELS_PACKED        LEN:26 | EE 18 16 E0 C3 5E 2B AE D7 8A 56 B4 02 7C E0 03 1F F8 C0 07 3E F0 81 0F 7C 73
[21:08:50.810] ADDR:0xEE TYPE:RC_CHANNELS_PACKED        LEN:26 | EE 18 16 E0 C3 5E 2B B0 D7 8A 56 B4 02 7C E0 03 1F F8 C0 07 3E F0 81 0F 7C 98
[21:08:50.830] ADDR:0xEE TYPE:RC_CHANNELS_PACKED        LEN:26 | EE 18 16 E0 C3 5E 2B B2 D7 8A 56 B4 02 7C E0 03 1F F8 C0 07 3E F0 81 0F 7C E4
[21:08:50.841] ADDR:0xEE TYPE:RC_CHANNELS_PACKED        LEN:26 | EE 18 16 E0 C3 5E 2B B2 D7 8A 56 B4 02 7C E0 03 1F F8 C0 07 3E F0 81 0F 7C E4
[21:08:50.861] ADDR:0xEE TYPE:RC_CHANNELS_PACKED        LEN:26 | EE 18 16 DF C3 5E 2B B0 D7 8A 56 B4 02 7C E0 03 1F F8 C0 07 3E F0 81 0F 7C 1A
[21:08:50.891] ADDR:0xEE TYPE:RC_CHANNELS_PACKED        LEN:26 | EE 18 16 E0 C3 5E 2B B2 D7 8A 56 B4 02 7C E0 03 1F F8 C0 07 3E F0 81 0F 7C E4
[21:08:50.891] ADDR:0xEA TYPE:ELRS_STATUS               LEN:15 | EA 0D 3A EA EE 10 00 03 0D 40 00 00 01 A4 2B
[21:08:50.911] ADDR:0xEE TYPE:RC_CHANNELS_PACKED        LEN:26 | EE 18 16 E0 C3 5E 2B B2 D7 8A 56 B4 02 7C E0 03 1F F8 C0 07 3E F0 81 0F 7C E4
[21:08:50.922] ADDR:0xEE TYPE:RC_CHANNELS_PACKED        LEN:26 | EE 18 16 E0 BB 5E 2B B2 D7 8A 56 B4 02 7C E0 03 1F F8 C0 07 3E F0 81 0F 7C 44
[21:08:50.942] ADDR:0xEE TYPE:RC_CHANNELS_PACKED        LEN:26 | EE 18 16 E0 C3 5E 2B B2 D7 8A 56 B4 02 7C E0 03 1F F8 C0 07 3E F0 81 0F 7C E4
[21:08:50.972] ADDR:0xEE TYPE:RC_CHANNELS_PACKED        LEN:26 | EE 18 16 E0 C3 5E 2B B0 D7 8A 56 B4 02 7C E0 03 1F F8 C0 07 3E F0 81 0F 7C 98
[21:08:50.993] ADDR:0xEE TYPE:RC_CHANNELS_PACKED        LEN:26 | EE 18 16 E0 C3 5E 2B B2 D7 8A 56 B4 02 7C E0 03 1F F8 C0 07 3E F0 81 0F 7C E4
[21:08:51.003] ADDR:0xEE TYPE:RC_CHANNELS_PACKED        LEN:26 | EE 18 16 E0 C3 5E 2B B2 D7 8A 56 B4 02 7C E0 03 1F F8 C0 07 3E F0 81 0F 7C E4
[21:08:51.023] ADDR:0xEE TYPE:RC_CHANNELS_PACKED        LEN:26 | EE 18 16 E0 C3 5E 2B B0 D7 8A 56 B4 02 7C E0 03 1F F8 C0 07 3E F0 81 0F 7C 98
[21:08:51.054] ADDR:0xEE TYPE:RC_CHANNELS_PACKED        LEN:26 | EE 18 16 E0 C3 5E 2B B0 D7 8A 56 B4 02 7C E0 03 1F F8 C0 07 3E F0 81 0F 7C 98
[21:08:51.064] ADDR:0xEE TYPE:RC_CHANNELS_PACKED        LEN:26 | EE 18 16 E0 C3 5E 2B B0 D7 8A 56 B4 02 7C E0 03 1F F8 C0 07 3E F0 81 0F 7C 98
[21:08:51.084] ADDR:0xEE TYPE:RC_CHANNELS_PACKED        LEN:26 | EE 18 16 E0 C3 5E 2B B2 D7 8A 56 B4 02 7C E0 03 1F F8 C0 07 3E F0 81 0F 7C E4
[21:08:51.084] ADDR:0xEA TYPE:ELRS_STATUS               LEN:15 | EA 0D 3A EA EE 10 00 03 0D 40 00 00 00 46 89
[21:08:51.104] ADDR:0xEE TYPE:RC_CHANNELS_PACKED        LEN:26 | EE 18 16 E0 C3 5E 2B B2 D7 8A 56 B4 02 7C E0 03 1F F8 C0 07 3E F0 81 0F 7C E4
[21:08:51.135] ADDR:0xEE TYPE:RC_CHANNELS_PACKED        LEN:26 | EE 18 16 E0 C3 5E 2B B2 D7 8A 56 B4 02 7C E0 03 1F F8 C0 07 3E F0 81 0F 7C E4
[21:08:51.145] ADDR:0xEE TYPE:RC_CHANNELS_PACKED        LEN:26 | EE 18 16 E0 C3 5E 2B B2 D7 8A 56 B4 02 7C E0 03 1F F8 C0 07 3E F0 81 0F 7C E4
[21:08:51.165] ADDR:0xEE TYPE:RC_CHANNELS_PACKED        LEN:26 | EE 18 16 E0 C3 5E 2B B2 D7 8A 56 B4 02 7C E0 03 1F F8 C0 07 3E F0 81 0F 7C E4
[21:08:51.175] ADDR:0xEE TYPE:RC_CHANNELS_PACKED        LEN:26 | EE 18 16 E0 BB 5E 2B B0 D7 8A 56 B4 02 7C E0 03 1F F8 C0 07 3E F0 81 0F 7C 38
[21:08:51.216] ADDR:0xEE TYPE:RC_CHANNELS_PACKED        LEN:26 | EE 18 16 E0 C3 5E 2B B2 D7 8A 56 B4 02 7C E0 03 1F F8 C0 07 3E F0 81 0F 7C E4
[21:08:51.226] ADDR:0xEE TYPE:RC_CHANNELS_PACKED        LEN:26 | EE 18 16 DF C3 5E 2B AE D7 8A 56 B4 02 7C E0 03 1F F8 C0 07 3E F0 81 0F 7C F1
[21:08:51.246] ADDR:0xEE TYPE:RC_CHANNELS_PACKED        LEN:26 | EE 18 16 E0 BB 5E 2B B2 D7 8A 56 B4 02 7C E0 03 1F F8 C0 07 3E F0 81 0F 7C 44
[21:08:51.257] ADDR:0xEE TYPE:RC_CHANNELS_PACKED        LEN:26 | EE 18 16 E0 C3 5E 2B B2 D7 8A 56 B4 02 7C E0 03 1F F8 C0 07 3E F0 81 0F 7C E4
[21:08:51.287] ADDR:0xEE TYPE:RC_CHANNELS_PACKED        LEN:26 | EE 18 16 DF C3 5E 2B B2 D7 8A 56 B4 02 7C E0 03 1F F8 C0 07 3E F0 81 0F 7C 66
[21:08:51.288] ADDR:0xEA TYPE:ELRS_STATUS               LEN:15 | EA 0D 3A EA EE 10 00 03 0D 40 00 00 00 64 52
[21:08:51.308] ADDR:0xEE TYPE:RC_CHANNELS_PACKED        LEN:26 | EE 18 16 E0 C3 5E 2B B2 D7 8A 56 B4 02 7C E0 03 1F F8 C0 07 3E F0 81 0F 7C E4
[21:08:51.328] ADDR:0xEE TYPE:RC_CHANNELS_PACKED        LEN:26 | EE 18 16 E0 C3 5E 2B B2 D7 8A 56 B4 02 7C E0 03 1F F8 C0 07 3E F0 81 0F 7C E4
[21:08:51.338] ADDR:0xEE TYPE:RC_CHANNELS_PACKED        LEN:26 | EE 18 16 E0 C3 5E 2B B2 D7 8A 56 B4 02 7C E0 03 1F F8 C0 07 3E F0 81 0F 7C E4
[21:08:51.369] ADDR:0xEE TYPE:RC_CHANNELS_PACKED        LEN:26 | EE 18 16 E0 C3 5E 2B B2 D7 8A 56 B4 02 7C E0 03 1F F8 C0 07 3E F0 81 0F 7C E4
[21:08:51.389] ADDR:0xEE TYPE:RC_CHANNELS_PACKED        LEN:26 | EE 18 16 E0 C3 5E 2B B2 D7 8A 56 B4 02 7C E0 03 1F F8 C0 07 3E F0 81 0F 7C E4
[21:08:51.399] ADDR:0xEE TYPE:RC_CHANNELS_PACKED        LEN:26 | EE 18 16 E0 BB 5E 2B B2 D7 8A 56 B4 02 7C E0 03 1F F8 C0 07 3E F0 81 0F 7C 44
[21:08:51.419] ADDR:0xEE TYPE:RC_CHANNELS_PACKED        LEN:26 | EE 18 16 E0 C3 5E 2B B2 D7 8A 56 B4 02 7C E0 03 1F F8 C0 07 3E F0 81 0F 7C E4
[21:08:51.450] ADDR:0xEE TYPE:RC_CHANNELS_PACKED        LEN:26 | EE 18 16 E0 C3 5E 2B B2 D7 8A 56 B4 02 7C E0 03 1F F8 C0 07 3E F0 81 0F 7C E4
[21:08:51.470] ADDR:0xEE TYPE:RC_CHANNELS_PACKED        LEN:26 | EE 18 16 E0 C3 5E 2B B2 D7 8A 56 B4 02 7C E0 03 1F F8 C0 07 3E F0 81 0F 7C E4
[21:08:51.480] ADDR:0xEE TYPE:RC_CHANNELS_PACKED        LEN:26 | EE 18 16 E0 C3 5E 2B B2 D7 8A 56 B4 02 7C E0 03 1F F8 C0 07 3E F0 81 0F 7C E4
[21:08:51.480] ADDR:0xEA TYPE:ELRS_STATUS               LEN:15 | EA 0D 3A EA EE 10 00 03 0D 40 00 00 00 46 89
[21:08:51.500] ADDR:0xEE TYPE:RC_CHANNELS_PACKED        LEN:26 | EE 18 16 E0 C3 5E 2B B0 D7 8A 56 B4 02 7C E0 03 1F F8 C0 07 3E F0 81 0F 7C 98
[21:08:51.531] ADDR:0xEE TYPE:RC_CHANNELS_PACKED        LEN:26 | EE 18 16 E0 C3 5E 2B B2 D7 8A 56 B4 02 7C E0 03 1F F8 C0 07 3E F0 81 0F 7C E4
[21:08:51.551] ADDR:0xEE TYPE:RC_CHANNELS_PACKED        LEN:26 | EE 18 16 E0 C3 5E 2B B2 D7 8A 56 B4 02 7C E0 03 1F F8 C0 07 3E F0 81 0F 7C E4
[21:08:51.561] ADDR:0xEE TYPE:RC_CHANNELS_PACKED        LEN:26 | EE 18 16 E0 C3 5E 2B B2 D7 8A 56 B4 02 7C E0 03 1F F8 C0 07 3E F0 81 0F 7C E4
[21:08:51.581] ADDR:0xEE TYPE:RC_CHANNELS_PACKED        LEN:26 | EE 18 16 E0 C3 5E 2B B2 D7 8A 56 B4 02 7C E0 03 1F F8 C0 07 3E F0 81 0F 7C E4
[21:08:51.612] ADDR:0xEE TYPE:RC_CHANNELS_PACKED        LEN:26 | EE 18 16 E0 C3 5E 2B B0 D7 8A 56 B4 02 7C E0 03 1F F8 C0 07 3E F0 81 0F 7C 98
[21:08:51.632] ADDR:0xEE TYPE:RC_CHANNELS_PACKED        LEN:26 | EE 18 16 E0 D3 5E 2B B0 D7 8A 56 B4 02 7C E0 03 1F F8 C0 07 3E F0 81 0F 7C C9
[21:08:51.643] ADDR:0xEE TYPE:RC_CHANNELS_PACKED        LEN:26 | EE 18 16 E0 AB 5E 2B B2 D7 8A 56 B4 02 7C E0 03 1F F8 C0 07 3E F0 81 0F 7C 15
[21:08:51.663] ADDR:0xEE TYPE:RC_CHANNELS_PACKED        LEN:26 | EE 18 16 E0 BB 5E 2B B2 D7 8A 56 B4 02 7C E0 03 1F F8 C0 07 3E F0 81 0F 7C 44
[21:08:51.693] ADDR:0xEE TYPE:RC_CHANNELS_PACKED        LEN:26 | EE 18 16 E0 BB 5E 2B B2 D7 8A 56 B4 02 7C E0 03 1F F8 C0 07 3E F0 81 0F 7C 44
[21:08:51.693] ADDR:0xEA TYPE:ELRS_STATUS               LEN:15 | EA 0D 3A EA EE 10 00 03 0D 40 00 00 00 6E 04
[21:08:51.703] ADDR:0xEE TYPE:RC_CHANNELS_PACKED        LEN:26 | EE 18 16 E0 C3 5E 2B B2 D7 8A 56 B4 02 7C E0 03 1F F8 C0 07 3E F0 81 0F 7C E4
[21:08:51.724] ADDR:0xEE TYPE:RC_CHANNELS_PACKED        LEN:26 | EE 18 16 E0 C3 5E 2B B2 D7 8A 56 B4 02 7C E0 03 1F F8 C0 07 3E F0 81 0F 7C E4
[21:08:51.744] ADDR:0xEE TYPE:RC_CHANNELS_PACKED        LEN:26 | EE 18 16 E0 C3 5E 2B B2 D7 8A 56 B4 02 7C E0 03 1F F8 C0 07 3E F0 81 0F 7C E4
[21:08:51.774] ADDR:0xEE TYPE:RC_CHANNELS_PACKED        LEN:26 | EE 18 16 DF C3 5E 2B B2 D7 8A 56 B4 02 7C E0 03 1F F8 C0 07 3E F0 81 0F 7C 66
[21:08:51.784] ADDR:0xEE TYPE:RC_CHANNELS_PACKED        LEN:26 | EE 18 16 E0 C3 5E 2B B0 D7 8A 56 B4 02 7C E0 03 1F F8 C0 07 3E F0 81 0F 7C 98
[21:08:51.805] ADDR:0xEE TYPE:RC_CHANNELS_PACKED        LEN:26 | EE 18 16 E0 C3 5E 2B B2 D7 8A 56 B4 02 7C E0 03 1F F8 C0 07 3E F0 81 0F 7C E4
[21:08:51.825] ADDR:0xEE TYPE:RC_CHANNELS_PACKED        LEN:26 | EE 18 16 E0 C3 5E 2B B0 D7 8A 56 B4 02 7C E0 03 1F F8 C0 07 3E F0 81 0F 7C 98
[21:08:51.855] ADDR:0xEE TYPE:RC_CHANNELS_PACKED        LEN:26 | EE 18 16 E0 C3 5E 2B AE D7 8A 56 B4 02 7C E0 03 1F F8 C0 07 3E F0 81 0F 7C 73
[21:08:51.865] ADDR:0xEE TYPE:RC_CHANNELS_PACKED        LEN:26 | EE 18 16 E0 C3 5E 2B B0 D7 8A 56 B4 02 7C E0 03 1F F8 C0 07 3E F0 81 0F 7C 98
[21:08:51.885] ADDR:0xEE TYPE:RC_CHANNELS_PACKED        LEN:26 | EE 18 16 E0 C3 5E 2B B2 D7 8A 56 B4 02 7C E0 03 1F F8 C0 07 3E F0 81 0F 7C E4
[21:08:51.886] ADDR:0xEA TYPE:ELRS_STATUS               LEN:15 | EA 0D 3A EA EE 10 00 03 0D 40 00 00 01 AE 7D
[21:08:51.896] ADDR:0xEE TYPE:RC_CHANNELS_PACKED        LEN:26 | EE 18 16 E0 BB 5E 2B B2 D7 8A 56 B4 02 7C E0 03 1F F8 C0 07 3E F0 81 0F 7C 44
[21:08:51.936] ADDR:0xEE TYPE:RC_CHANNELS_PACKED        LEN:26 | EE 18 16 E0 C3 5E 2B B2 D7 8A 56 B4 02 7C E0 03 1F F8 C0 07 3E F0 81 0F 7C E4
[21:08:51.947] ADDR:0xEE TYPE:RC_CHANNELS_PACKED        LEN:26 | EE 18 16 E0 C3 5E 2B B2 D7 8A 56 B4 02 7C E0 03 1F F8 C0 07 3E F0 81 0F 7C E4
[21:08:51.967] ADDR:0xEE TYPE:RC_CHANNELS_PACKED        LEN:26 | EE 18 16 E0 C3 5E 2B B2 D7 8A 56 B4 02 7C E0 03 1F F8 C0 07 3E F0 81 0F 7C E4
[21:08:51.977] ADDR:0xEE TYPE:RC_CHANNELS_PACKED        LEN:26 | EE 18 16 E0 C3 5E 2B B0 D7 8A 56 B4 02 7C E0 03 1F F8 C0 07 3E F0 81 0F 7C 98
[21:08:52.007] ADDR:0xEE TYPE:RC_CHANNELS_PACKED        LEN:26 | EE 18 16 E0 BB 5E 2B B2 D7 8A 56 B4 02 7C E0 03 1F F8 C0 07 3E F0 81 0F 7C 44
[21:08:52.028] ADDR:0xEE TYPE:RC_CHANNELS_PACKED        LEN:26 | EE 18 16 E0 C3 5E 2B B2 D7 8A 56 B4 02 7C E0 03 1F F8 C0 07 3E F0 81 0F 7C E4
[21:08:52.048] ADDR:0xEE TYPE:RC_CHANNELS_PACKED        LEN:26 | EE 18 16 E0 C3 5E 2B B2 D7 8A 56 B4 02 7C E0 03 1F F8 C0 07 3E F0 81 0F 7C E4
[21:08:52.058] ADDR:0xEE TYPE:RC_CHANNELS_PACKED        LEN:26 | EE 18 16 E0 C3 5E 2B B4 D7 8A 56 B4 02 7C E0 03 1F F8 C0 07 3E F0 81 0F 7C 60
[21:08:52.088] ADDR:0xEE TYPE:RC_CHANNELS_PACKED        LEN:26 | EE 18 16 E0 C3 5E 2B B0 D7 8A 56 B4 02 7C E0 03 1F F8 C0 07 3E F0 81 0F 7C 98
[21:08:52.089] ADDR:0xEA TYPE:ELRS_STATUS               LEN:15 | EA 0D 3A EA EE 10 00 03 0D 40 00 00 00 50 5A
[21:08:52.109] ADDR:0xEE TYPE:RC_CHANNELS_PACKED        LEN:26 | EE 18 16 E0 C3 5E 2B B4 D7 8A 56 B4 02 7C E0 03 1F F8 C0 07 3E F0 81 0F 7C 60
[21:08:52.129] ADDR:0xEE TYPE:RC_CHANNELS_PACKED        LEN:26 | EE 18 16 E0 BB 5E 2B AE D7 8A 56 B4 02 7C E0 03 1F F8 C0 07 3E F0 81 0F 7C D3
[21:08:52.139] ADDR:0xEE TYPE:RC_CHANNELS_PACKED        LEN:26 | EE 18 16 E0 C3 5E 2B AE D7 8A 56 B4 02 7C E0 03 1F F8 C0 07 3E F0 81 0F 7C 73
[21:08:52.169] ADDR:0xEE TYPE:RC_CHANNELS_PACKED        LEN:26 | EE 18 16 E0 BB 5E 2B AE D7 8A 56 B4 02 7C E0 03 1F F8 C0 07 3E F0 81 0F 7C D3
[21:08:52.190] ADDR:0xEE TYPE:RC_CHANNELS_PACKED        LEN:26 | EE 18 16 DF BB 5E 2B AE D7 8A 56 B4 02 7C E0 03 1F F8 C0 07 3E F0 81 0F 7C 51
[21:08:52.200] ADDR:0xEE TYPE:RC_CHANNELS_PACKED        LEN:26 | EE 18 16 E0 C3 5E 2B B2 D7 8A 56 B4 02 7C E0 03 1F F8 C0 07 3E F0 81 0F 7C E4
[21:08:52.220] ADDR:0xEE TYPE:RC_CHANNELS_PACKED        LEN:26 | EE 18 16 E0 C3 5E 2B B4 D7 8A 56 B4 02 7C E0 03 1F F8 C0 07 3E F0 81 0F 7C 60
[21:08:52.251] ADDR:0xEE TYPE:RC_CHANNELS_PACKED        LEN:26 | EE 18 16 E0 BB 5E 2B B2 D7 8A 56 B4 02 7C E0 03 1F F8 C0 07 3E F0 81 0F 7C 44
[21:08:52.272] ADDR:0xEE TYPE:RC_CHANNELS_PACKED        LEN:26 | EE 18 16 E0 C3 5E 2B B2 D7 8A 56 B4 02 7C E0 03 1F F8 C0 07 3E F0 81 0F 7C E4
[21:08:52.283] ADDR:0xEE TYPE:RC_CHANNELS_PACKED        LEN:26 | EE 18 16 E0 C3 5E 2B B2 D7 8A 56 B4 02 7C E0 03 1F F8 C0 07 3E F0 81 0F 7C E4
[21:08:52.283] ADDR:0xEA TYPE:ELRS_STATUS               LEN:15 | EA 0D 3A EA EE 10 00 03 0D 40 00 00 00 96 A9
[21:08:52.304] ADDR:0xEE TYPE:RC_CHANNELS_PACKED        LEN:26 | EE 18 16 E0 C3 5E 2B B0 D7 8A 56 B4 02 7C E0 03 1F F8 C0 07 3E F0 81 0F 7C 98
[21:08:52.334] ADDR:0xEE TYPE:RC_CHANNELS_PACKED        LEN:26 | EE 18 16 E0 C3 5E 2B B2 D7 8A 56 B4 02 7C E0 03 1F F8 C0 07 3E F0 81 0F 7C E4
[21:08:52.344] ADDR:0xEE TYPE:RC_CHANNELS_PACKED        LEN:26 | EE 18 16 E0 C3 5E 2B B0 D7 8A 56 B4 02 7C E0 03 1F F8 C0 07 3E F0 81 0F 7C 98
[21:08:52.364] ADDR:0xEE TYPE:RC_CHANNELS_PACKED        LEN:26 | EE 18 16 E0 C3 5E 2B B0 D7 8A 56 B4 02 7C E0 03 1F F8 C0 07 3E F0 81 0F 7C 98
[21:08:52.384] ADDR:0xEE TYPE:RC_CHANNELS_PACKED        LEN:26 | EE 18 16 E0 C3 5E 2B AE D7 8A 56 B4 02 7C E0 03 1F F8 C0 07 3E F0 81 0F 7C 73
[21:08:52.415] ADDR:0xEE TYPE:RC_CHANNELS_PACKED        LEN:26 | EE 18 16 E0 C3 5E 2B B2 D7 8A 56 B4 02 7C E0 03 1F F8 C0 07 3E F0 81 0F 7C E4
[21:08:52.425] ADDR:0xEE TYPE:RC_CHANNELS_PACKED        LEN:26 | EE 18 16 E0 C3 5E 2B B2 D7 8A 56 B4 02 7C E0 03 1F F8 C0 07 3E F0 81 0F 7C E4
[21:08:52.445] ADDR:0xEE TYPE:RC_CHANNELS_PACKED        LEN:26 | EE 18 16 E0 BB 5E 2B B2 D7 8A 56 B4 02 7C E0 03 1F F8 C0 07 3E F0 81 0F 7C 44
[21:08:52.455] ADDR:0xEE TYPE:RC_CHANNELS_PACKED        LEN:26 | EE 18 16 E0 C3 5E 2B B0 D7 8A 56 B4 02 7C E0 03 1F F8 C0 07 3E F0 81 0F 7C 98
[21:08:52.496] ADDR:0xEE TYPE:RC_CHANNELS_PACKED        LEN:26 | EE 18 16 E0 C3 5E 2B AE D7 8A 56 B4 02 7C E0 03 1F F8 C0 07 3E F0 81 0F 7C 73
[21:08:52.496] ADDR:0xEA TYPE:ELRS_STATUS               LEN:15 | EA 0D 3A EA EE 10 00 03 0D 40 00 00 00 50 5A
[21:08:52.506] ADDR:0xEE TYPE:RC_CHANNELS_PACKED        LEN:26 | EE 18 16 E0 C3 5E 2B B2 D7 8A 56 B4 02 7C E0 03 1F F8 C0 07 3E F0 81 0F 7C E4
[21:08:52.526] ADDR:0xEE TYPE:RC_CHANNELS_PACKED        LEN:26 | EE 18 16 E0 C3 5E 2B B0 D7 8A 56 B4 02 7C E0 03 1F F8 C0 07 3E F0 81 0F 7C 98
[21:08:52.536] ADDR:0xEE TYPE:RC_CHANNELS_PACKED        LEN:26 | EE 18 16 E0 C3 5E 2B B2 D7 8A 56 B4 02 7C E0 03 1F F8 C0 07 3E F0 81 0F 7C E4
[21:08:52.577] ADDR:0xEE TYPE:RC_CHANNELS_PACKED        LEN:26 | EE 18 16 E0 C3 5E 2B B2 D7 8A 56 B4 02 7C E0 03 1F F8 C0 07 3E F0 81 0F 7C E4
[21:08:52.587] ADDR:0xEE TYPE:RC_CHANNELS_PACKED        LEN:26 | EE 18 16 E0 D3 5E 2B B0 D7 8A 56 B4 02 7C E0 03 1F F8 C0 07 3E F0 81 0F 7C C9
[21:08:52.607] ADDR:0xEE TYPE:RC_CHANNELS_PACKED        LEN:26 | EE 18 16 E0 C3 5E 2B B2 D7 8A 56 B4 02 7C E0 03 1F F8 C0 07 3E F0 81 0F 7C E4
[21:08:52.617] ADDR:0xEE TYPE:RC_CHANNELS_PACKED        LEN:26 | EE 18 16 E0 C3 5E 2B B2 D7 8A 56 B4 02 7C E0 03 1F F8 C0 07 3E F0 81 0F 7C E4
[21:08:52.648] ADDR:0xEE TYPE:RC_CHANNELS_PACKED        LEN:26 | EE 18 16 E0 C3 5E 2B B2 D7 8A 56 B4 02 7C E0 03 1F F8 C0 07 3E F0 81 0F 7C E4
[21:08:52.668] ADDR:0xEE TYPE:RC_CHANNELS_PACKED        LEN:26 | EE 18 16 E0 C3 5E 2B B2 D7 8A 56 B4 02 7C E0 03 1F F8 C0 07 3E F0 81 0F 7C E4
[21:08:52.688] ADDR:0xEE TYPE:RC_CHANNELS_PACKED        LEN:26 | EE 18 16 E0 C3 5E 2B B2 D7 8A 56 B4 02 7C E0 03 1F F8 C0 07 3E F0 81 0F 7C E4
[21:08:52.688] ADDR:0xEA TYPE:ELRS_STATUS               LEN:15 | EA 0D 3A EA EE 10 00 03 0D 40 00 00 00 D2 CA
[21:08:52.699] ADDR:0xEE TYPE:RC_CHANNELS_PACKED        LEN:26 | EE 18 16 E0 C3 5E 2B B2 D7 8A 56 B4 02 7C E0 03 1F F8 C0 07 3E F0 81 0F 7C E4
[21:08:52.729] ADDR:0xEE TYPE:RC_CHANNELS_PACKED        LEN:26 | EE 18 16 E0 C3 5E 2B B2 D7 8A 56 B4 02 7C E0 03 1F F8 C0 07 3E F0 81 0F 7C E4
[21:08:52.749] ADDR:0xEE TYPE:RC_CHANNELS_PACKED        LEN:26 | EE 18 16 E0 C3 5E 2B B0 D7 8A 56 B4 02 7C E0 03 1F F8 C0 07 3E F0 81 0F 7C 98
[21:08:52.759] ADDR:0xEE TYPE:RC_CHANNELS_PACKED        LEN:26 | EE 18 16 DF C3 5E 2B B2 D7 8A 56 B4 02 7C E0 03 1F F8 C0 07 3E F0 81 0F 7C 66
[21:08:52.780] ADDR:0xEE TYPE:RC_CHANNELS_PACKED        LEN:26 | EE 18 16 E0 C3 5E 2B B2 D7 8A 56 B4 02 7C E0 03 1F F8 C0 07 3E F0 81 0F 7C E4
[21:08:52.810] ADDR:0xEE TYPE:RC_CHANNELS_PACKED        LEN:26 | EE 18 16 DD C3 5E 2B B0 D7 8A 56 B4 02 7C E0 03 1F F8 C0 07 3E F0 81 0F 7C 6C
[21:08:52.830] ADDR:0xEE TYPE:RC_CHANNELS_PACKED        LEN:26 | EE 18 16 E0 C3 5E 2B B2 D7 8A 56 B4 02 7C E0 03 1F F8 C0 07 3E F0 81 0F 7C E4
[21:08:52.840] ADDR:0xEE TYPE:RC_CHANNELS_PACKED        LEN:26 | EE 18 16 E0 C3 5E 2B B2 D7 8A 56 B4 02 7C E0 03 1F F8 C0 07 3E F0 81 0F 7C E4
[21:08:52.861] ADDR:0xEE TYPE:RC_CHANNELS_PACKED        LEN:26 | EE 18 16 E0 C3 5E 2B B4 D7 8A 56 B4 02 7C E0 03 1F F8 C0 07 3E F0 81 0F 7C 60
[21:08:52.891] ADDR:0xEE TYPE:RC_CHANNELS_PACKED        LEN:26 | EE 18 16 E0 C3 5E 2B B2 D7 8A 56 B4 02 7C E0 03 1F F8 C0 07 3E F0 81 0F 7C E4
[21:08:52.891] ADDR:0xEA TYPE:ELRS_STATUS               LEN:15 | EA 0D 3A EA EE 10 00 03 0D 40 00 00 00 46 89
[21:08:52.911] ADDR:0xEE TYPE:RC_CHANNELS_PACKED        LEN:26 | EE 18 16 E0 C3 5E 2B B2 D7 8A 56 B4 02 7C E0 03 1F F8 C0 07 3E F0 81 0F 7C E4
[21:08:52.921] ADDR:0xEE TYPE:RC_CHANNELS_PACKED        LEN:26 | EE 18 16 E0 BB 5E 2B B4 D7 8A 56 B4 02 7C E0 03 1F F8 C0 07 3E F0 81 0F 7C C0
[21:08:52.942] ADDR:0xEE TYPE:RC_CHANNELS_PACKED        LEN:26 | EE 18 16 E0 C3 5E 2B B2 D7 8A 56 B4 02 7C E0 03 1F F8 C0 07 3E F0 81 0F 7C E4
[21:08:52.972] ADDR:0xEE TYPE:RC_CHANNELS_PACKED        LEN:26 | EE 18 16 E0 C3 5E 2B B2 D7 8A 56 B4 02 7C E0 03 1F F8 C0 07 3E F0 81 0F 7C E4
[21:08:52.992] ADDR:0xEE TYPE:RC_CHANNELS_PACKED        LEN:26 | EE 18 16 DF C3 5E 2B B2 D7 8A 56 B4 02 7C E0 03 1F F8 C0 07 3E F0 81 0F 7C 66
[21:08:53.002] ADDR:0xEE TYPE:RC_CHANNELS_PACKED        LEN:26 | EE 18 16 E0 C3 5E 2B B2 D7 8A 56 B4 02 7C E0 03 1F F8 C0 07 3E F0 81 0F 7C E4
[21:08:53.023] ADDR:0xEE TYPE:RC_CHANNELS_PACKED        LEN:26 | EE 18 16 E0 C3 5E 2B B0 D7 8A 56 B4 02 7C E0 03 1F F8 C0 07 3E F0 81 0F 7C 98
[21:08:53.053] ADDR:0xEE TYPE:RC_CHANNELS_PACKED        LEN:26 | EE 18 16 E0 C3 5E 2B B2 D7 8A 56 B4 02 7C E0 03 1F F8 C0 07 3E F0 81 0F 7C E4
[21:08:53.073] ADDR:0xEE TYPE:RC_CHANNELS_PACKED        LEN:26 | EE 18 16 DD C3 5E 2B B2 D7 8A 56 B4 02 7C E0 03 1F F8 C0 07 3E F0 81 0F 7C 10
[21:08:53.083] ADDR:0xEE TYPE:RC_CHANNELS_PACKED        LEN:26 | EE 18 16 E0 C3 5E 2B B2 D7 8A 56 B4 02 7C E0 03 1F F8 C0 07 3E F0 81 0F 7C E4
[21:08:53.083] ADDR:0xEA TYPE:ELRS_STATUS               LEN:15 | EA 0D 3A EA EE 10 00 03 0D 40 00 00 00 6E 04
[21:08:53.104] ADDR:0xEE TYPE:RC_CHANNELS_PACKED        LEN:26 | EE 18 16 E0 C3 5E 2B B0 D7 8A 56 B4 02 7C E0 03 1F F8 C0 07 3E F0 81 0F 7C 98
[21:08:53.134] ADDR:0xEE TYPE:RC_CHANNELS_PACKED        LEN:26 | EE 18 16 E0 C3 5E 2B B0 D7 8A 56 B4 02 7C E0 03 1F F8 C0 07 3E F0 81 0F 7C 98
[21:08:53.144] ADDR:0xEE TYPE:RC_CHANNELS_PACKED        LEN:26 | EE 18 16 E0 C3 5E 2B B2 D7 8A 56 B4 02 7C E0 03 1F F8 C0 07 3E F0 81 0F 7C E4
[21:08:53.164] ADDR:0xEE TYPE:RC_CHANNELS_PACKED        LEN:26 | EE 18 16 E0 C3 5E 2B B2 D7 8A 56 B4 02 7C E0 03 1F F8 C0 07 3E F0 81 0F 7C E4
[21:08:53.184] ADDR:0xEE TYPE:RC_CHANNELS_PACKED        LEN:26 | EE 18 16 E0 C3 5E 2B B2 D7 8A 56 B4 02 7C E0 03 1F F8 C0 07 3E F0 81 0F 7C E4
[21:08:53.215] ADDR:0xEE TYPE:RC_CHANNELS_PACKED        LEN:26 | EE 18 16 E0 C3 5E 2B B2 D7 8A 56 B4 02 7C E0 03 1F F8 C0 07 3E F0 81 0F 7C E4
[21:08:53.225] ADDR:0xEE TYPE:RC_CHANNELS_PACKED        LEN:26 | EE 18 16 E0 C3 5E 2B B2 D7 8A 56 B4 02 7C E0 03 1F F8 C0 07 3E F0 81 0F 7C E4
[21:08:53.245] ADDR:0xEE TYPE:RC_CHANNELS_PACKED        LEN:26 | EE 18 16 E0 C3 5E 2B B0 D7 8A 56 B4 02 7C E0 03 1F F8 C0 07 3E F0 81 0F 7C 98
[21:08:53.256] ADDR:0xEE TYPE:RC_CHANNELS_PACKED        LEN:26 | EE 18 16 E0 C3 5E 2B B2 D7 8A 56 B4 02 7C E0 03 1F F8 C0 07 3E F0 81 0F 7C E4
[21:08:53.296] ADDR:0xEE TYPE:RC_CHANNELS_PACKED        LEN:26 | EE 18 16 E0 C3 5E 2B B2 D7 8A 56 B4 02 7C E0 03 1F F8 C0 07 3E F0 81 0F 7C E4
[21:08:53.296] ADDR:0xEA TYPE:ELRS_STATUS               LEN:15 | EA 0D 3A EA EE 10 00 03 0D 40 00 00 01 7C 22
[21:08:53.306] ADDR:0xEE TYPE:RC_CHANNELS_PACKED        LEN:26 | EE 18 16 E0 C3 5E 2B B2 D7 8A 56 B4 02 7C E0 03 1F F8 C0 07 3E F0 81 0F 7C E4
[21:08:53.327] ADDR:0xEE TYPE:RC_CHANNELS_PACKED        LEN:26 | EE 18 16 E0 C3 5E 2B B2 D7 8A 56 B4 02 7C E0 03 1F F8 C0 07 3E F0 81 0F 7C E4
[21:08:53.337] ADDR:0xEE TYPE:RC_CHANNELS_PACKED        LEN:26 | EE 18 16 E0 C3 5E 2B B2 D7 8A 56 B4 02 7C E0 03 1F F8 C0 07 3E F0 81 0F 7C E4
[21:08:53.377] ADDR:0xEE TYPE:RC_CHANNELS_PACKED        LEN:26 | EE 18 16 E0 C3 5E 2B B2 D7 8A 56 B4 02 7C E0 03 1F F8 C0 07 3E F0 81 0F 7C E4
[21:08:53.387] ADDR:0xEE TYPE:RC_CHANNELS_PACKED        LEN:26 | EE 18 16 E0 C3 5E 2B B0 D7 8A 56 B4 02 7C E0 03 1F F8 C0 07 3E F0 81 0F 7C 98
[21:08:53.408] ADDR:0xEE TYPE:RC_CHANNELS_PACKED        LEN:26 | EE 18 16 E0 C3 5E 2B B2 D7 8A 56 B4 02 7C E0 03 1F F8 C0 07 3E F0 81 0F 7C E4
[21:08:53.418] ADDR:0xEE TYPE:RC_CHANNELS_PACKED        LEN:26 | EE 18 16 E0 BB 5E 2B B2 D7 8A 56 B4 02 7C E0 03 1F F8 C0 07 3E F0 81 0F 7C 44
[21:08:53.448] ADDR:0xEE TYPE:RC_CHANNELS_PACKED        LEN:26 | EE 18 16 E0 C3 5E 2B B2 D7 8A 56 B4 02 7C E0 03 1F F8 C0 07 3E F0 81 0F 7C E4
[21:08:53.468] ADDR:0xEE TYPE:RC_CHANNELS_PACKED        LEN:26 | EE 18 16 E0 C3 5E 2B B0 D7 8A 56 B4 02 7C E0 03 1F F8 C0 07 3E F0 81 0F 7C 98
[21:08:53.488] ADDR:0xEE TYPE:RC_CHANNELS_PACKED        LEN:26 | EE 18 16 DF C3 5E 2B B2 D7 8A 56 B4 02 7C E0 03 1F F8 C0 07 3E F0 81 0F 7C 66
[21:08:53.489] ADDR:0xEA TYPE:ELRS_STATUS               LEN:15 | EA 0D 3A EA EE 10 00 03 0D 40 FF FF FF C4 C1
[21:08:53.499] ADDR:0xEE TYPE:RC_CHANNELS_PACKED        LEN:26 | EE 18 16 E0 C3 5E 2B B0 D7 8A 56 B4 02 7C E0 03 1F F8 C0 07 3E F0 81 0F 7C 98
[21:08:53.529] ADDR:0xEE TYPE:RC_CHANNELS_PACKED        LEN:26 | EE 18 16 E0 C3 5E 2B B2 D7 8A 56 B4 02 7C E0 03 1F F8 C0 07 3E F0 81 0F 7C E4
[21:08:53.549] ADDR:0xEE TYPE:RC_CHANNELS_PACKED        LEN:26 | EE 18 16 E0 C3 5E 2B B0 D7 8A 56 B4 02 7C E0 03 1F F8 C0 07 3E F0 81 0F 7C 98
[21:08:53.559] ADDR:0xEE TYPE:RC_CHANNELS_PACKED        LEN:26 | EE 18 16 E0 C3 5E 2B AE D7 8A 56 B4 02 7C E0 03 1F F8 C0 07 3E F0 81 0F 7C 73
[21:08:53.580] ADDR:0xEE TYPE:RC_CHANNELS_PACKED        LEN:26 | EE 18 16 E0 C3 5E 2B B2 D7 8A 56 B4 02 7C E0 03 1F F8 C0 07 3E F0 81 0F 7C E4
[21:08:53.610] ADDR:0xEE TYPE:RC_CHANNELS_PACKED        LEN:26 | EE 18 16 E0 C3 5E 2B B2 D7 8A 56 B4 02 7C E0 03 1F F8 C0 07 3E F0 81 0F 7C E4


Logowanie przerwane przez użytkownika.

================================================================================
STATYSTYKI SESJI
================================================================================
Poprawne ramki (CRC OK):  759
False-sync odrzucone:     0
Całkowita liczba ramek:   759

Rozkład typów ramek:
  RC_CHANNELS_PACKED        :   737
  ELRS_STATUS               :    21
  COMMAND                   :     1
================================================================================
