================================================================================
CRSF Raw Logger - nasłuchiwanie na /dev/ttyUSB1 @ 420000 baud
Anti false-sync: włączona (loguje tylko ramki z CRC OK)
Naciśnij Ctrl+C aby zakończyć
================================================================================
[21:09:37.105] ADDR:0xEE TYPE:RC_CHANNELS_PACKED        LEN:26 | EE 18 16 E0 C3 5E 2B B2 D7 8A 56 B4 02 7C E0 03 1F F8 C0 07 3E F0 81 0F 7C E4
[21:09:37.105] ADDR:0xEE TYPE:RC_CHANNELS_PACKED        LEN:26 | EE 18 16 DF C3 5E 2B B0 D7 8A 56 B4 02 7C E0 03 1F F8 C0 07 3E F0 81 0F 7C 1A
[21:09:37.105] ADDR:0xEE TYPE:RC_CHANNELS_PACKED        LEN:26 | EE 18 16 E0 C3 5E 2B B0 D7 8A 56 B4 02 7C E0 03 1F F8 C0 07 3E F0 81 0F 7C 98
[21:09:37.105] ADDR:0xEE TYPE:RC_CHANNELS_PACKED        LEN:26 | EE 18 16 E0 C3 5E 2B B2 D7 8A 56 B4 02 7C E0 03 1F F8 C0 07 3E F0 81 0F 7C E4
[21:09:37.105] ADDR:0xEE TYPE:RC_CHANNELS_PACKED        LEN:26 | EE 18 16 E0 C3 5E 2B B2 D7 8A 56 B4 02 7C E0 03 1F F8 C0 07 3E F0 81 0F 7C E4
[21:09:37.105] ADDR:0xEE TYPE:RC_CHANNELS_PACKED        LEN:26 | EE 18 16 E0 C3 5E 2B B0 D7 8A 56 B4 02 7C E0 03 1F F8 C0 07 3E F0 81 0F 7C 98
[21:09:37.105] ADDR:0xEA TYPE:ELRS_STATUS               LEN:15 | EA 0D 3A EA EE 10 00 03 0D 40 00 00 00 32 1C
[21:09:37.105] ADDR:0xEE TYPE:RC_CHANNELS_PACKED        LEN:26 | EE 18 16 E0 C3 5E 2B B2 D7 8A 56 B4 02 7C E0 03 1F F8 C0 07 3E F0 81 0F 7C E4
[21:09:37.105] ADDR:0xEE TYPE:RC_CHANNELS_PACKED        LEN:26 | EE 18 16 E0 C3 5E 2B B0 D7 8A 56 B4 02 7C E0 03 1F F8 C0 07 3E F0 81 0F 7C 98
[21:09:37.105] ADDR:0xEE TYPE:RC_CHANNELS_PACKED        LEN:26 | EE 18 16 E0 C3 5E 2B AE D7 8A 56 B4 02 7C E0 03 1F F8 C0 07 3E F0 81 0F 7C 73
[21:09:37.105] ADDR:0xEE TYPE:RC_CHANNELS_PACKED        LEN:26 | EE 18 16 E0 BB 5E 2B B0 D7 8A 56 B4 02 7C E0 03 1F F8 C0 07 3E F0 81 0F 7C 38
[21:09:37.105] ADDR:0xEE TYPE:RC_CHANNELS_PACKED        LEN:26 | EE 18 16 E0 C3 5E 2B AE D7 8A 56 B4 02 7C E0 03 1F F8 C0 07 3E F0 81 0F 7C 73
[21:09:37.105] ADDR:0xEE TYPE:RC_CHANNELS_PACKED        LEN:26 | EE 18 16 E0 C3 5E 2B B2 D7 8A 56 B4 02 7C E0 03 1F F8 C0 07 3E F0 81 0F 7C E4
[21:09:37.106] ADDR:0xEE TYPE:RC_CHANNELS_PACKED        LEN:26 | EE 18 16 E0 BB 5E 2B B2 D7 8A 56 B4 02 7C E0 03 1F F8 C0 07 3E F0 81 0F 7C 44
[21:09:37.106] ADDR:0xEE TYPE:RC_CHANNELS_PACKED        LEN:26 | EE 18 16 E0 C3 5E 2B B2 D7 8A 56 B4 02 7C E0 03 1F F8 C0 07 3E F0 81 0F 7C E4
[21:09:37.106] ADDR:0xEE TYPE:RC_CHANNELS_PACKED        LEN:26 | EE 18 16 DF BB 5E 2B B2 D7 8A 56 B4 02 7C E0 03 1F F8 C0 07 3E F0 81 0F 7C C6
[21:09:37.106] ADDR:0xEE TYPE:RC_CHANNELS_PACKED        LEN:26 | EE 18 16 E0 AB 5E 2B B0 D7 8A 56 B4 02 7C E0 03 1F F8 C0 07 3E F0 81 0F 7C 69
[21:09:37.106] ADDR:0xEA TYPE:ELRS_STATUS               LEN:15 | EA 0D 3A EA EE 10 00 03 0D 40 00 00 01 AE 7D
[21:09:37.106] ADDR:0xEE TYPE:RC_CHANNELS_PACKED        LEN:26 | EE 18 16 E0 C3 5E 2B B2 D7 8A 56 B4 02 7C E0 03 1F F8 C0 07 3E F0 81 0F 7C E4
[21:09:37.116] ADDR:0xEE TYPE:RC_CHANNELS_PACKED        LEN:26 | EE 18 16 E0 C3 5E 2B AE D7 8A 56 B4 02 7C E0 03 1F F8 C0 07 3E F0 81 0F 7C 73
[21:09:37.116] ADDR:0xEE TYPE:RC_CHANNELS_PACKED        LEN:26 | EE 18 16 E0 C3 5E 2B B0 D7 8A 56 B4 02 7C E0 03 1F F8 C0 07 3E F0 81 0F 7C 98
[21:09:37.116] ADDR:0xEE TYPE:RC_CHANNELS_PACKED        LEN:26 | EE 18 16 E0 C3 5E 2B B0 D7 8A 56 B4 02 7C E0 03 1F F8 C0 07 3E F0 81 0F 7C 98
[21:09:37.116] ADDR:0xEE TYPE:RC_CHANNELS_PACKED        LEN:26 | EE 18 16 E0 C3 5E 2B B2 D7 8A 56 B4 02 7C E0 03 1F F8 C0 07 3E F0 81 0F 7C E4
[21:09:37.116] ADDR:0xEE TYPE:RC_CHANNELS_PACKED        LEN:26 | EE 18 16 E0 C3 5E 2B B4 D7 8A 56 B4 02 7C E0 03 1F F8 C0 07 3E F0 81 0F 7C 60
[21:09:37.137] ADDR:0xEE TYPE:RC_CHANNELS_PACKED        LEN:26 | EE 18 16 E0 C3 5E 2B B2 D7 8A 56 B4 02 7C E0 03 1F F8 C0 07 3E F0 81 0F 7C E4
[21:09:37.147] ADDR:0xEE TYPE:RC_CHANNELS_PACKED        LEN:26 | EE 18 16 E0 C3 5E 2B B2 D7 8A 56 B4 02 7C E0 03 1F F8 C0 07 3E F0 81 0F 7C E4
[21:09:37.167] ADDR:0xEE TYPE:RC_CHANNELS_PACKED        LEN:26 | EE 18 16 E0 C3 5E 2B B0 D7 8A 56 B4 02 7C E0 03 1F F8 C0 07 3E F0 81 0F 7C 98
[21:09:37.177] ADDR:0xEE TYPE:RC_CHANNELS_PACKED        LEN:26 | EE 18 16 E0 BB 5E 2B B2 D7 8A 56 B4 02 7C E0 03 1F F8 C0 07 3E F0 81 0F 7C 44
[21:09:37.208] ADDR:0xEE TYPE:RC_CHANNELS_PACKED        LEN:26 | EE 18 16 E0 C3 5E 2B B2 D7 8A 56 B4 02 7C E0 03 1F F8 C0 07 3E F0 81 0F 7C E4
[21:09:37.228] ADDR:0xEE TYPE:RC_CHANNELS_PACKED        LEN:26 | EE 18 16 E0 C3 5E 2B B2 D7 8A 56 B4 02 7C E0 03 1F F8 C0 07 3E F0 81 0F 7C E4
[21:09:37.248] ADDR:0xEE TYPE:RC_CHANNELS_PACKED        LEN:26 | EE 18 16 E0 C3 5E 2B B4 D7 8A 56 B4 02 7C E0 03 1F F8 C0 07 3E F0 81 0F 7C 60
[21:09:37.258] ADDR:0xEE TYPE:RC_CHANNELS_PACKED        LEN:26 | EE 18 16 E0 C3 5E 2B B2 D7 8A 56 B4 02 7C E0 03 1F F8 C0 07 3E F0 81 0F 7C E4
[21:09:37.289] ADDR:0xEE TYPE:RC_CHANNELS_PACKED        LEN:26 | EE 18 16 E0 C3 5E 2B B0 D7 8A 56 B4 02 7C E0 03 1F F8 C0 07 3E F0 81 0F 7C 98
[21:09:37.309] ADDR:0xEE TYPE:RC_CHANNELS_PACKED        LEN:26 | EE 18 16 E0 BB 5E 2B B2 D7 8A 56 B4 02 7C E0 03 1F F8 C0 07 3E F0 81 0F 7C 44
[21:09:37.309] ADDR:0xEA TYPE:ELRS_STATUS               LEN:15 | EA 0D 3A EA EE 10 00 03 0D 40 00 00 00 BE 24
[21:09:37.329] ADDR:0xEE TYPE:RC_CHANNELS_PACKED        LEN:26 | EE 18 16 E0 C3 5E 2B B0 D7 8A 56 B4 02 7C E0 03 1F F8 C0 07 3E F0 81 0F 7C 98
[21:09:37.339] ADDR:0xEE TYPE:RC_CHANNELS_PACKED        LEN:26 | EE 18 16 E0 BB 5E 2B B2 D7 8A 56 B4 02 7C E0 03 1F F8 C0 07 3E F0 81 0F 7C 44
[21:09:37.369] ADDR:0xEE TYPE:RC_CHANNELS_PACKED        LEN:26 | EE 18 16 E0 BB 5E 2B B2 D7 8A 56 B4 02 7C E0 03 1F F8 C0 07 3E F0 81 0F 7C 44
[21:09:37.390] ADDR:0xEE TYPE:RC_CHANNELS_PACKED        LEN:26 | EE 18 16 E0 C3 5E 2B B2 D7 8A 56 B4 02 7C E0 03 1F F8 C0 07 3E F0 81 0F 7C E4
[21:09:37.400] ADDR:0xEE TYPE:RC_CHANNELS_PACKED        LEN:26 | EE 18 16 E0 C3 5E 2B B2 D7 8A 56 B4 02 7C E0 03 1F F8 C0 07 3E F0 81 0F 7C E4
[21:09:37.420] ADDR:0xEE TYPE:RC_CHANNELS_PACKED        LEN:26 | EE 18 16 E0 C3 5E 2B AE D7 8A 56 B4 02 7C E0 03 1F F8 C0 07 3E F0 81 0F 7C 73
[21:09:37.450] ADDR:0xEE TYPE:RC_CHANNELS_PACKED        LEN:26 | EE 18 16 DF C3 5E 2B B2 D7 8A 56 B4 02 7C E0 03 1F F8 C0 07 3E F0 81 0F 7C 66
[21:09:37.471] ADDR:0xEE TYPE:RC_CHANNELS_PACKED        LEN:26 | EE 18 16 E0 C3 5E 2B B2 D7 8A 56 B4 02 7C E0 03 1F F8 C0 07 3E F0 81 0F 7C E4
[21:09:37.481] ADDR:0xEE TYPE:RC_CHANNELS_PACKED        LEN:26 | EE 18 16 E0 C3 5E 2B B2 D7 8A 56 B4 02 7C E0 03 1F F8 C0 07 3E F0 81 0F 7C E4
[21:09:37.501] ADDR:0xEE TYPE:RC_CHANNELS_PACKED        LEN:26 | EE 18 16 E0 C3 5E 2B B2 D7 8A 56 B4 02 7C E0 03 1F F8 C0 07 3E F0 81 0F 7C E4
[21:09:37.501] ADDR:0xEA TYPE:ELRS_STATUS               LEN:15 | EA 0D 3A EA EE 10 00 03 0D 40 00 00 00 DC 62
[21:09:37.532] ADDR:0xEE TYPE:RC_CHANNELS_PACKED        LEN:26 | EE 18 16 E0 C3 5E 2B AE D7 8A 56 B4 02 7C E0 03 1F F8 C0 07 3E F0 81 0F 7C 73
[21:09:37.552] ADDR:0xEE TYPE:RC_CHANNELS_PACKED        LEN:26 | EE 18 16 E0 C3 5E 2B B2 D7 8A 56 B4 02 7C E0 03 1F F8 C0 07 3E F0 81 0F 7C E4
[21:09:37.562] ADDR:0xEE TYPE:RC_CHANNELS_PACKED        LEN:26 | EE 18 16 E0 C3 5E 2B B2 D7 8A 56 B4 02 7C E0 03 1F F8 C0 07 3E F0 81 0F 7C E4
[21:09:37.582] ADDR:0xEE TYPE:RC_CHANNELS_PACKED        LEN:26 | EE 18 16 E0 C3 5E 2B B2 D7 8A 56 B4 02 7C E0 03 1F F8 C0 07 3E F0 81 0F 7C E4
[21:09:37.613] ADDR:0xEE TYPE:RC_CHANNELS_PACKED        LEN:26 | EE 18 16 E0 C3 5E 2B B2 D7 8A 56 B4 02 7C E0 03 1F F8 C0 07 3E F0 81 0F 7C E4
[21:09:37.633] ADDR:0xEE TYPE:RC_CHANNELS_PACKED        LEN:26 | EE 18 16 E0 C3 5E 2B B2 D7 8A 56 B4 02 7C E0 03 1F F8 C0 07 3E F0 81 0F 7C E4
[21:09:37.643] ADDR:0xEE TYPE:RC_CHANNELS_PACKED        LEN:26 | EE 18 16 E0 C3 5E 2B AE D7 8A 56 B4 02 7C E0 03 1F F8 C0 07 3E F0 81 0F 7C 73
[21:09:37.663] ADDR:0xEE TYPE:RC_CHANNELS_PACKED        LEN:26 | EE 18 16 E0 C3 5E 2B B0 D7 8A 56 B4 02 7C E0 03 1F F8 C0 07 3E F0 81 0F 7C 98
[21:09:37.694] ADDR:0xEE TYPE:RC_CHANNELS_PACKED        LEN:26 | EE 18 16 E0 C3 5E 2B B2 D7 8A 56 B4 02 7C E0 03 1F F8 C0 07 3E F0 81 0F 7C E4
[21:09:37.704] ADDR:0xEE TYPE:RC_CHANNELS_PACKED        LEN:26 | EE 18 16 E0 C3 5E 2B B0 D7 8A 56 B4 02 7C E0 03 1F F8 C0 07 3E F0 81 0F 7C 98
[21:09:37.704] ADDR:0xEA TYPE:ELRS_STATUS               LEN:15 | EA 0D 3A EA EE 10 00 03 0D 40 FF FF FF EC 4C
[21:09:37.724] ADDR:0xEE TYPE:RC_CHANNELS_PACKED        LEN:26 | EE 18 16 E0 C3 5E 2B B2 D7 8A 56 B4 02 7C E0 03 1F F8 C0 07 3E F0 81 0F 7C E4
[21:09:37.745] ADDR:0xEE TYPE:RC_CHANNELS_PACKED        LEN:26 | EE 18 16 E0 BB 5E 2B B2 D7 8A 56 B4 02 7C E0 03 1F F8 C0 07 3E F0 81 0F 7C 44
[21:09:37.775] ADDR:0xEE TYPE:RC_CHANNELS_PACKED        LEN:26 | EE 18 16 DF C3 5E 2B AE D7 8A 56 B4 02 7C E0 03 1F F8 C0 07 3E F0 81 0F 7C F1
[21:09:37.785] ADDR:0xEE TYPE:RC_CHANNELS_PACKED        LEN:26 | EE 18 16 E0 C3 5E 2B B2 D7 8A 56 B4 02 7C E0 03 1F F8 C0 07 3E F0 81 0F 7C E4
[21:09:37.805] ADDR:0xEE TYPE:RC_CHANNELS_PACKED        LEN:26 | EE 18 16 E0 C3 5E 2B B0 D7 8A 56 B4 02 7C E0 03 1F F8 C0 07 3E F0 81 0F 7C 98
[21:09:37.816] ADDR:0xEE TYPE:RC_CHANNELS_PACKED        LEN:26 | EE 18 16 E0 C3 5E 2B B0 D7 8A 56 B4 02 7C E0 03 1F F8 C0 07 3E F0 81 0F 7C 98
[21:09:37.856] ADDR:0xEE TYPE:RC_CHANNELS_PACKED        LEN:26 | EE 18 16 E0 BB 5E 2B B2 D7 8A 56 B4 02 7C E0 03 1F F8 C0 07 3E F0 81 0F 7C 44
[21:09:37.866] ADDR:0xEE TYPE:RC_CHANNELS_PACKED        LEN:26 | EE 18 16 E0 C3 5E 2B B2 D7 8A 56 B4 02 7C E0 03 1F F8 C0 07 3E F0 81 0F 7C E4
[21:09:37.887] ADDR:0xEE TYPE:RC_CHANNELS_PACKED        LEN:26 | EE 18 16 E0 C3 5E 2B B2 D7 8A 56 B4 02 7C E0 03 1F F8 C0 07 3E F0 81 0F 7C E4
[21:09:37.897] ADDR:0xEE TYPE:RC_CHANNELS_PACKED        LEN:26 | EE 18 16 E0 C3 5E 2B B2 D7 8A 56 B4 02 7C E0 03 1F F8 C0 07 3E F0 81 0F 7C E4
[21:09:37.897] ADDR:0xEA TYPE:ELRS_STATUS               LEN:15 | EA 0D 3A EA EE 10 00 03 0D 40 00 00 01 22 45
[21:09:37.937] ADDR:0xEE TYPE:DEVICE_PING               LEN:06 | EE 04 28 00 EA 54
[21:09:37.948] ADDR:0xEE TYPE:RC_CHANNELS_PACKED        LEN:26 | EE 18 16 E0 C3 5E 2B B4 D7 8A 56 B4 02 7C E0 03 1F F8 C0 07 3E F0 81 0F 7C 60
[21:09:37.948] ADDR:0xEA TYPE:DEVICE_INFO               LEN:34 | EA 20 29 EA EE 48 4D 20 45 53 32 34 54 58 20 50 72 6F 00 45 4C 52 53 00 00 00 00 00 03 06 02 20 00 90
[21:09:37.968] ADDR:0xEE TYPE:RC_CHANNELS_PACKED        LEN:26 | EE 18 16 E0 C3 5E 2B AE D7 8A 56 B4 02 7C E0 03 1F F8 C0 07 3E F0 81 0F 7C 73
[21:09:37.978] ADDR:0xEE TYPE:RC_CHANNELS_PACKED        LEN:26 | EE 18 16 E0 BB 5E 2B B2 D7 8A 56 B4 02 7C E0 03 1F F8 C0 07 3E F0 81 0F 7C 44
[21:09:38.008] ADDR:0xEE TYPE:RC_CHANNELS_PACKED        LEN:26 | EE 18 16 E0 C3 5E 2B B2 D7 8A 56 B4 02 7C E0 03 1F F8 C0 07 3E F0 81 0F 7C E4
[21:09:38.029] ADDR:0xEE TYPE:RC_CHANNELS_PACKED        LEN:26 | EE 18 16 E0 C3 5E 2B B2 D7 8A 56 B4 02 7C E0 03 1F F8 C0 07 3E F0 81 0F 7C E4
[21:09:38.049] ADDR:0xEE TYPE:RC_CHANNELS_PACKED        LEN:26 | EE 18 16 E0 C3 5E 2B B0 D7 8A 56 B4 02 7C E0 03 1F F8 C0 07 3E F0 81 0F 7C 98
[21:09:38.059] ADDR:0xEE TYPE:RC_CHANNELS_PACKED        LEN:26 | EE 18 16 E0 C3 5E 2B B2 D7 8A 56 B4 02 7C E0 03 1F F8 C0 07 3E F0 81 0F 7C E4
[21:09:38.090] ADDR:0xEE TYPE:RC_CHANNELS_PACKED        LEN:26 | EE 18 16 E0 C3 5E 2B B2 D7 8A 56 B4 02 7C E0 03 1F F8 C0 07 3E F0 81 0F 7C E4
[21:09:38.110] ADDR:0xEE TYPE:RC_CHANNELS_PACKED        LEN:26 | EE 18 16 E0 C3 5E 2B B2 D7 8A 56 B4 02 7C E0 03 1F F8 C0 07 3E F0 81 0F 7C E4
[21:09:38.110] ADDR:0xEA TYPE:ELRS_STATUS               LEN:15 | EA 0D 3A EA EE 10 00 03 0D 40 00 00 00 E6 C2
[21:09:38.120] ADDR:0xEE TYPE:RC_CHANNELS_PACKED        LEN:26 | EE 18 16 E0 C3 5E 2B B0 D7 8A 56 B4 02 7C E0 03 1F F8 C0 07 3E F0 81 0F 7C 98
[21:09:38.140] ADDR:0xEE TYPE:RC_CHANNELS_PACKED        LEN:26 | EE 18 16 E0 C3 5E 2B B0 D7 8A 56 B4 02 7C E0 03 1F F8 C0 07 3E F0 81 0F 7C 98
[21:09:38.171] ADDR:0xEE TYPE:RC_CHANNELS_PACKED        LEN:26 | EE 18 16 E0 C3 5E 2B B2 D7 8A 56 B4 02 7C E0 03 1F F8 C0 07 3E F0 81 0F 7C E4
[21:09:38.191] ADDR:0xEE TYPE:RC_CHANNELS_PACKED        LEN:26 | EE 18 16 E0 C3 5E 2B B2 D7 8A 56 B4 02 7C E0 03 1F F8 C0 07 3E F0 81 0F 7C E4
[21:09:38.201] ADDR:0xEE TYPE:RC_CHANNELS_PACKED        LEN:26 | EE 18 16 E0 C3 5E 2B B0 D7 8A 56 B4 02 7C E0 03 1F F8 C0 07 3E F0 81 0F 7C 98
[21:09:38.221] ADDR:0xEE TYPE:RC_CHANNELS_PACKED        LEN:26 | EE 18 16 E0 C3 5E 2B B2 D7 8A 56 B4 02 7C E0 03 1F F8 C0 07 3E F0 81 0F 7C E4
[21:09:38.252] ADDR:0xEE TYPE:RC_CHANNELS_PACKED        LEN:26 | EE 18 16 E0 C3 5E 2B B2 D7 8A 56 B4 02 7C E0 03 1F F8 C0 07 3E F0 81 0F 7C E4
[21:09:38.272] ADDR:0xEE TYPE:RC_CHANNELS_PACKED        LEN:26 | EE 18 16 E0 C3 5E 2B B2 D7 8A 56 B4 02 7C E0 03 1F F8 C0 07 3E F0 81 0F 7C E4
[21:09:38.282] ADDR:0xEE TYPE:RC_CHANNELS_PACKED        LEN:26 | EE 18 16 E0 C3 5E 2B B0 D7 8A 56 B4 02 7C E0 03 1F F8 C0 07 3E F0 81 0F 7C 98
[21:09:38.303] ADDR:0xEE TYPE:RC_CHANNELS_PACKED        LEN:26 | EE 18 16 E0 C3 5E 2B B2 D7 8A 56 B4 02 7C E0 03 1F F8 C0 07 3E F0 81 0F 7C E4
[21:09:38.303] ADDR:0xEA TYPE:ELRS_STATUS               LEN:15 | EA 0D 3A EA EE 10 00 03 0D 40 00 00 00 28 18
[21:09:38.333] ADDR:0xEE TYPE:DEVICE_PING               LEN:06 | EE 04 28 EE EA 97
[21:09:38.353] ADDR:0xEE TYPE:RC_CHANNELS_PACKED        LEN:26 | EE 18 16 E0 C3 5E 2B B2 D7 8A 56 B4 02 7C E0 03 1F F8 C0 07 3E F0 81 0F 7C E4
[21:09:38.353] ADDR:0xEA TYPE:DEVICE_INFO               LEN:34 | EA 20 29 EA EE 48 4D 20 45 53 32 34 54 58 20 50 72 6F 00 45 4C 52 53 00 00 00 00 00 03 06 02 20 00 90
[21:09:38.363] ADDR:0xEE TYPE:RC_CHANNELS_PACKED        LEN:26 | EE 18 16 E0 BB 5E 2B B4 D7 8A 56 B4 02 7C E0 03 1F F8 C0 07 3E F0 81 0F 7C C0
[21:09:38.384] ADDR:0xEE TYPE:RC_CHANNELS_PACKED        LEN:26 | EE 18 16 E0 C3 5E 2B B2 D7 8A 56 B4 02 7C E0 03 1F F8 C0 07 3E F0 81 0F 7C E4
[21:09:38.414] ADDR:0xEE TYPE:RC_CHANNELS_PACKED        LEN:26 | EE 18 16 E0 BB 5E 2B B2 D7 8A 56 B4 02 7C E0 03 1F F8 C0 07 3E F0 81 0F 7C 44
[21:09:38.424] ADDR:0xEE TYPE:PARAMETER_READ            LEN:08 | EE 06 2C EE EA 01 00 86
[21:09:38.454] ADDR:0xEE TYPE:RC_CHANNELS_PACKED        LEN:26 | EE 18 16 E0 C3 5E 2B B2 D7 8A 56 B4 02 7C E0 03 1F F8 C0 07 3E F0 81 0F 7C E4
[21:09:38.455] ADDR:0xEA TYPE:PARAMETER_SETTINGS_ENTRY  LEN:64 | EA 3E 2B EA EE 01 02 00 09 50 61 63 6B 65 74 20 52 61 74 65 00 35 30 48 7A 28 2D 31 31 35 64 42 6D 29 3B 31 30 30 48 7A 20 46 75 6C 6C 28 2D 31 31 32 64 42 6D 29 3B 31 35 30 48 7A 28 2D 31 FC
[21:09:38.475] ADDR:0xEE TYPE:RC_CHANNELS_PACKED        LEN:26 | EE 18 16 E0 C3 5E 2B B2 D7 8A 56 B4 02 7C E0 03 1F F8 C0 07 3E F0 81 0F 7C E4
[21:09:38.485] ADDR:0xEE TYPE:RC_CHANNELS_PACKED        LEN:26 | EE 18 16 E0 C3 5E 2B B2 D7 8A 56 B4 02 7C E0 03 1F F8 C0 07 3E F0 81 0F 7C E4
[21:09:38.505] ADDR:0xEE TYPE:RC_CHANNELS_PACKED        LEN:26 | EE 18 16 E0 BB 5E 2B B0 D7 8A 56 B4 02 7C E0 03 1F F8 C0 07 3E F0 81 0F 7C 38
[21:09:38.506] ADDR:0xEA TYPE:ELRS_STATUS               LEN:15 | EA 0D 3A EA EE 10 00 03 0D 40 00 00 00 78 D7
[21:09:38.516] ADDR:0xEE TYPE:PARAMETER_READ            LEN:08 | EE 06 2C EE EA 01 01 53
[21:09:38.556] ADDR:0xEE TYPE:RC_CHANNELS_PACKED        LEN:26 | EE 18 16 E0 C3 5E 2B B0 D7 8A 56 B4 02 7C E0 03 1F F8 C0 07 3E F0 81 0F 7C 98
[21:09:38.556] ADDR:0xEA TYPE:PARAMETER_SETTINGS_ENTRY  LEN:64 | EA 3E 2B EA EE 01 01 31 32 64 42 6D 29 3B 32 35 30 48 7A 28 2D 31 30 38 64 42 6D 29 3B 33 33 33 48 7A 20 46 75 6C 6C 28 2D 31 30 35 64 42 6D 29 3B 35 30 30 48 7A 28 2D 31 30 35 64 42 6D 29 94
[21:09:38.567] ADDR:0xEE TYPE:RC_CHANNELS_PACKED        LEN:26 | EE 18 16 E0 BB 5E 2B B2 D7 8A 56 B4 02 7C E0 03 1F F8 C0 07 3E F0 81 0F 7C 44
[21:09:38.587] ADDR:0xEE TYPE:RC_CHANNELS_PACKED        LEN:26 | EE 18 16 E0 C3 5E 2B B2 D7 8A 56 B4 02 7C E0 03 1F F8 C0 07 3E F0 81 0F 7C E4
[21:09:38.607] ADDR:0xEE TYPE:RC_CHANNELS_PACKED        LEN:26 | EE 18 16 E0 BB 5E 2B B2 D7 8A 56 B4 02 7C E0 03 1F F8 C0 07 3E F0 81 0F 7C 44
[21:09:38.618] ADDR:0xEE TYPE:PARAMETER_READ            LEN:08 | EE 06 2C EE EA 01 02 F9
[21:09:38.658] ADDR:0xEE TYPE:RC_CHANNELS_PACKED        LEN:26 | EE 18 16 E0 C3 5E 2B B2 D7 8A 56 B4 02 7C E0 03 1F F8 C0 07 3E F0 81 0F 7C E4
[21:09:38.658] ADDR:0xEA TYPE:PARAMETER_SETTINGS_ENTRY  LEN:56 | EA 36 2B EA EE 01 00 3B 44 32 35 30 28 2D 31 30 34 64 42 6D 29 3B 44 35 30 30 28 2D 31 30 34 64 42 6D 29 3B 46 35 30 30 28 2D 31 30 34 64 42 6D 29 00 00 00 08 00 00 0E
[21:09:38.669] ADDR:0xEE TYPE:RC_CHANNELS_PACKED        LEN:26 | EE 18 16 E0 C3 5E 2B B2 D7 8A 56 B4 02 7C E0 03 1F F8 C0 07 3E F0 81 0F 7C E4
[21:09:38.689] ADDR:0xEE TYPE:RC_CHANNELS_PACKED        LEN:26 | EE 18 16 E0 C3 5E 2B B2 D7 8A 56 B4 02 7C E0 03 1F F8 C0 07 3E F0 81 0F 7C E4
[21:09:38.699] ADDR:0xEE TYPE:RC_CHANNELS_PACKED        LEN:26 | EE 18 16 E0 BB 5E 2B B2 D7 8A 56 B4 02 7C E0 03 1F F8 C0 07 3E F0 81 0F 7C 44
[21:09:38.699] ADDR:0xEA TYPE:ELRS_STATUS               LEN:15 | EA 0D 3A EA EE 10 00 03 0D 40 FF FF FF EC 4C
[21:09:38.719] ADDR:0xEE TYPE:PARAMETER_READ            LEN:08 | EE 06 2C EE EA 02 00 9B
[21:09:38.750] ADDR:0xEE TYPE:RC_CHANNELS_PACKED        LEN:26 | EE 18 16 E0 BB 5E 2B B2 D7 8A 56 B4 02 7C E0 03 1F F8 C0 07 3E F0 81 0F 7C 44
[21:09:38.750] ADDR:0xEA TYPE:PARAMETER_SETTINGS_ENTRY  LEN:64 | EA 3E 2B EA EE 02 01 00 09 54 65 6C 65 6D 20 52 61 74 69 6F 00 53 74 64 3B 4F 66 66 3B 31 3A 31 32 38 3B 31 3A 36 34 3B 31 3A 33 32 3B 31 3A 31 36 3B 31 3A 38 3B 31 3A 34 3B 31 3A 32 3B 52 B8
[21:09:38.770] ADDR:0xEE TYPE:RC_CHANNELS_PACKED        LEN:26 | EE 18 16 E0 BB 5E 2B B2 D7 8A 56 B4 02 7C E0 03 1F F8 C0 07 3E F0 81 0F 7C 44
[21:09:38.790] ADDR:0xEE TYPE:RC_CHANNELS_PACKED        LEN:26 | EE 18 16 E0 C3 5E 2B B2 D7 8A 56 B4 02 7C E0 03 1F F8 C0 07 3E F0 81 0F 7C E4
[21:09:38.801] ADDR:0xEE TYPE:RC_CHANNELS_PACKED        LEN:26 | EE 18 16 E0 C3 5E 2B B2 D7 8A 56 B4 02 7C E0 03 1F F8 C0 07 3E F0 81 0F 7C E4
[21:09:38.821] ADDR:0xEE TYPE:PARAMETER_READ            LEN:08 | EE 06 2C EE EA 02 01 4E
[21:09:38.851] ADDR:0xEE TYPE:RC_CHANNELS_PACKED        LEN:26 | EE 18 16 E0 C3 5E 2B B0 D7 8A 56 B4 02 7C E0 03 1F F8 C0 07 3E F0 81 0F 7C 98
[21:09:38.851] ADDR:0xEA TYPE:PARAMETER_SETTINGS_ENTRY  LEN:24 | EA 16 2B EA EE 02 00 61 63 65 00 02 00 09 00 20 28 37 62 70 73 29 00 65
[21:09:38.862] ADDR:0xEE TYPE:RC_CHANNELS_PACKED        LEN:26 | EE 18 16 E0 C3 5E 2B B2 D7 8A 56 B4 02 7C E0 03 1F F8 C0 07 3E F0 81 0F 7C E4
[21:09:38.882] ADDR:0xEE TYPE:RC_CHANNELS_PACKED        LEN:26 | EE 18 16 E0 C3 5E 2B B2 D7 8A 56 B4 02 7C E0 03 1F F8 C0 07 3E F0 81 0F 7C E4
[21:09:38.902] ADDR:0xEE TYPE:RC_CHANNELS_PACKED        LEN:26 | EE 18 16 E0 C3 5E 2B B2 D7 8A 56 B4 02 7C E0 03 1F F8 C0 07 3E F0 81 0F 7C E4
[21:09:38.912] ADDR:0xEA TYPE:ELRS_STATUS               LEN:15 | EA 0D 3A EA EE 10 00 03 0D 40 00 00 01 04 60
[21:09:38.933] ADDR:0xEE TYPE:PARAMETER_READ            LEN:08 | EE 06 2C EE EA 03 00 90
[21:09:38.953] ADDR:0xEE TYPE:RC_CHANNELS_PACKED        LEN:26 | EE 18 16 E0 C3 5E 2B B2 D7 8A 56 B4 02 7C E0 03 1F F8 C0 07 3E F0 81 0F 7C E4
[21:09:38.953] ADDR:0xEA TYPE:PARAMETER_SETTINGS_ENTRY  LEN:39 | EA 25 2B EA EE 03 00 00 09 53 77 69 74 63 68 20 4D 6F 64 65 00 57 69 64 65 3B 48 79 62 72 69 64 00 01 00 01 00 00 35
[21:09:38.973] ADDR:0xEE TYPE:RC_CHANNELS_PACKED        LEN:26 | EE 18 16 E0 C3 5E 2B B4 D7 8A 56 B4 02 7C E0 03 1F F8 C0 07 3E F0 81 0F 7C 60
[21:09:38.983] ADDR:0xEE TYPE:RC_CHANNELS_PACKED        LEN:26 | EE 18 16 E0 C3 5E 2B B2 D7 8A 56 B4 02 7C E0 03 1F F8 C0 07 3E F0 81 0F 7C E4
[21:09:39.004] ADDR:0xEE TYPE:RC_CHANNELS_PACKED        LEN:26 | EE 18 16 E0 C3 5E 2B B2 D7 8A 56 B4 02 7C E0 03 1F F8 C0 07 3E F0 81 0F 7C E4
[21:09:39.014] ADDR:0xEE TYPE:PARAMETER_READ            LEN:08 | EE 06 2C EE EA 04 00 A1
[21:09:39.054] ADDR:0xEE TYPE:RC_CHANNELS_PACKED        LEN:26 | EE 18 16 E0 C3 5E 2B B0 D7 8A 56 B4 02 7C E0 03 1F F8 C0 07 3E F0 81 0F 7C 98
[21:09:39.054] ADDR:0xEA TYPE:PARAMETER_SETTINGS_ENTRY  LEN:40 | EA 26 2B EA EE 04 00 00 09 4C 69 6E 6B 20 4D 6F 64 65 00 4E 6F 72 6D 61 6C 3B 4D 41 56 4C 69 6E 6B 00 00 00 01 00 00 06
[21:09:39.075] ADDR:0xEE TYPE:RC_CHANNELS_PACKED        LEN:26 | EE 18 16 E0 C3 5E 2B B4 D7 8A 56 B4 02 7C E0 03 1F F8 C0 07 3E F0 81 0F 7C 60
[21:09:39.085] ADDR:0xEE TYPE:RC_CHANNELS_PACKED        LEN:26 | EE 18 16 E0 C3 5E 2B B4 D7 8A 56 B4 02 7C E0 03 1F F8 C0 07 3E F0 81 0F 7C 60
[21:09:39.105] ADDR:0xEE TYPE:RC_CHANNELS_PACKED        LEN:26 | EE 18 16 E0 BB 5E 2B B4 D7 8A 56 B4 02 7C E0 03 1F F8 C0 07 3E F0 81 0F 7C C0
[21:09:39.105] ADDR:0xEA TYPE:ELRS_STATUS               LEN:15 | EA 0D 3A EA EE 10 00 03 0D 40 00 00 00 82 05
[21:09:39.115] ADDR:0xEE TYPE:PARAMETER_READ            LEN:08 | EE 06 2C EE EA 05 00 AA
[21:09:39.156] ADDR:0xEE TYPE:RC_CHANNELS_PACKED        LEN:26 | EE 18 16 E0 C3 5E 2B B2 D7 8A 56 B4 02 7C E0 03 1F F8 C0 07 3E F0 81 0F 7C E4
[21:09:39.156] ADDR:0xEA TYPE:PARAMETER_SETTINGS_ENTRY  LEN:42 | EA 28 2B EA EE 05 00 00 09 4D 6F 64 65 6C 20 4D 61 74 63 68 00 4F 66 66 3B 4F 6E 00 00 00 01 00 20 28 49 44 3A 20 30 29 00 D2
[21:09:39.166] ADDR:0xEE TYPE:RC_CHANNELS_PACKED        LEN:26 | EE 18 16 E0 C3 5E 2B B2 D7 8A 56 B4 02 7C E0 03 1F F8 C0 07 3E F0 81 0F 7C E4
[21:09:39.187] ADDR:0xEE TYPE:RC_CHANNELS_PACKED        LEN:26 | EE 18 16 E0 C3 5E 2B B0 D7 8A 56 B4 02 7C E0 03 1F F8 C0 07 3E F0 81 0F 7C 98
[21:09:39.207] ADDR:0xEE TYPE:RC_CHANNELS_PACKED        LEN:26 | EE 18 16 E0 C3 5E 2B B2 D7 8A 56 B4 02 7C E0 03 1F F8 C0 07 3E F0 81 0F 7C E4
[21:09:39.217] ADDR:0xEE TYPE:PARAMETER_READ            LEN:08 | EE 06 2C EE EA 06 00 B7
[21:09:39.247] ADDR:0xEE TYPE:RC_CHANNELS_PACKED        LEN:26 | EE 18 16 DF C3 5E 2B B2 D7 8A 56 B4 02 7C E0 03 1F F8 C0 07 3E F0 81 0F 7C 66
[21:09:39.248] ADDR:0xEA TYPE:PARAMETER_SETTINGS_ENTRY  LEN:34 | EA 20 2B EA EE 06 00 00 0B 54 58 20 50 6F 77 65 72 20 28 32 35 6D 57 20 44 79 6E 29 00 07 08 09 FF 62
[21:09:39.268] ADDR:0xEE TYPE:RC_CHANNELS_PACKED        LEN:26 | EE 18 16 E0 C3 5E 2B B2 D7 8A 56 B4 02 7C E0 03 1F F8 C0 07 3E F0 81 0F 7C E4
[21:09:39.278] ADDR:0xEE TYPE:RC_CHANNELS_PACKED        LEN:26 | EE 18 16 E0 C3 5E 2B B2 D7 8A 56 B4 02 7C E0 03 1F F8 C0 07 3E F0 81 0F 7C E4
[21:09:39.298] ADDR:0xEE TYPE:RC_CHANNELS_PACKED        LEN:26 | EE 18 16 E0 C3 5E 2B B2 D7 8A 56 B4 02 7C E0 03 1F F8 C0 07 3E F0 81 0F 7C E4
[21:09:39.318] ADDR:0xEA TYPE:ELRS_STATUS               LEN:15 | EA 0D 3A EA EE 10 00 03 0D 40 00 00 00 BE 24
[21:09:39.329] ADDR:0xEE TYPE:PARAMETER_READ            LEN:08 | EE 06 2C EE EA 07 00 BC
[21:09:39.359] ADDR:0xEE TYPE:RC_CHANNELS_PACKED        LEN:26 | EE 18 16 E0 C3 5E 2B B2 D7 8A 56 B4 02 7C E0 03 1F F8 C0 07 3E F0 81 0F 7C E4
[21:09:39.359] ADDR:0xEA TYPE:PARAMETER_SETTINGS_ENTRY  LEN:50 | EA 30 2B EA EE 07 00 06 09 4D 61 78 20 50 6F 77 65 72 00 32 35 3B 35 30 3B 31 30 30 3B 32 35 30 3B 35 30 30 3B 31 30 30 30 00 00 00 05 00 6D 57 00 4F
[21:09:39.369] ADDR:0xEE TYPE:RC_CHANNELS_PACKED        LEN:26 | EE 18 16 E0 C3 5E 2B B2 D7 8A 56 B4 02 7C E0 03 1F F8 C0 07 3E F0 81 0F 7C E4
[21:09:39.389] ADDR:0xEE TYPE:RC_CHANNELS_PACKED        LEN:26 | EE 18 16 E0 BB 5E 2B B2 D7 8A 56 B4 02 7C E0 03 1F F8 C0 07 3E F0 81 0F 7C 44
[21:09:39.400] ADDR:0xEE TYPE:RC_CHANNELS_PACKED        LEN:26 | EE 18 16 E0 C3 5E 2B B0 D7 8A 56 B4 02 7C E0 03 1F F8 C0 07 3E F0 81 0F 7C 98
[21:09:39.420] ADDR:0xEE TYPE:PARAMETER_READ            LEN:08 | EE 06 2C EE EA 08 00 D5
[21:09:39.450] ADDR:0xEE TYPE:RC_CHANNELS_PACKED        LEN:26 | EE 18 16 E0 C3 5E 2B AE D7 8A 56 B4 02 7C E0 03 1F F8 C0 07 3E F0 81 0F 7C 73
[21:09:39.450] ADDR:0xEA TYPE:PARAMETER_SETTINGS_ENTRY  LEN:54 | EA 34 2B EA EE 08 00 06 09 44 79 6E 61 6D 69 63 00 4F 66 66 3B 44 79 6E 3B 41 55 58 39 3B 41 55 58 31 30 3B 41 55 58 31 31 3B 41 55 58 31 32 00 01 00 05 00 00 B7
[21:09:39.471] ADDR:0xEE TYPE:RC_CHANNELS_PACKED        LEN:26 | EE 18 16 E0 C3 5E 2B B0 D7 8A 56 B4 02 7C E0 03 1F F8 C0 07 3E F0 81 0F 7C 98
[21:09:39.491] ADDR:0xEE TYPE:RC_CHANNELS_PACKED        LEN:26 | EE 18 16 E0 C3 5E 2B B0 D7 8A 56 B4 02 7C E0 03 1F F8 C0 07 3E F0 81 0F 7C 98
[21:09:39.501] ADDR:0xEE TYPE:RC_CHANNELS_PACKED        LEN:26 | EE 18 16 E0 C3 5E 2B B2 D7 8A 56 B4 02 7C E0 03 1F F8 C0 07 3E F0 81 0F 7C E4
[21:09:39.501] ADDR:0xEA TYPE:ELRS_STATUS               LEN:15 | EA 0D 3A EA EE 10 00 03 0D 40 00 00 00 50 5A
[21:09:39.521] ADDR:0xEE TYPE:PARAMETER_READ            LEN:08 | EE 06 2C EE EA 09 00 DE
[21:09:39.552] ADDR:0xEE TYPE:RC_CHANNELS_PACKED        LEN:26 | EE 18 16 E0 C3 5E 2B B2 D7 8A 56 B4 02 7C E0 03 1F F8 C0 07 3E F0 81 0F 7C E4
[21:09:39.552] ADDR:0xEA TYPE:PARAMETER_SETTINGS_ENTRY  LEN:64 | EA 3E 2B EA EE 09 01 06 09 46 61 6E 20 54 68 72 65 73 68 00 31 30 6D 57 3B 32 35 6D 57 3B 35 30 6D 57 3B 31 30 30 6D 57 3B 32 35 30 6D 57 3B 35 30 30 6D 57 3B 31 30 30 30 6D 57 3B 32 30 30 B6
[21:09:39.572] ADDR:0xEE TYPE:RC_CHANNELS_PACKED        LEN:26 | EE 18 16 E0 C3 5E 2B B2 D7 8A 56 B4 02 7C E0 03 1F F8 C0 07 3E F0 81 0F 7C E4
[21:09:39.582] ADDR:0xEE TYPE:RC_CHANNELS_PACKED        LEN:26 | EE 18 16 E0 C3 5E 2B B0 D7 8A 56 B4 02 7C E0 03 1F F8 C0 07 3E F0 81 0F 7C 98
[21:09:39.603] ADDR:0xEE TYPE:RC_CHANNELS_PACKED        LEN:26 | EE 18 16 E0 C3 5E 2B B4 D7 8A 56 B4 02 7C E0 03 1F F8 C0 07 3E F0 81 0F 7C 60
[21:09:39.623] ADDR:0xEE TYPE:PARAMETER_READ            LEN:08 | EE 06 2C EE EA 09 01 0B
[21:09:39.653] ADDR:0xEE TYPE:RC_CHANNELS_PACKED        LEN:26 | EE 18 16 E0 C3 5E 2B B2 D7 8A 56 B4 02 7C E0 03 1F F8 C0 07 3E F0 81 0F 7C E4
[21:09:39.653] ADDR:0xEA TYPE:PARAMETER_SETTINGS_ENTRY  LEN:23 | EA 15 2B EA EE 09 00 30 6D 57 3B 4E 65 76 65 72 00 05 00 08 00 00 B8
[21:09:39.664] ADDR:0xEE TYPE:RC_CHANNELS_PACKED        LEN:26 | EE 18 16 E0 C3 5E 2B B2 D7 8A 56 B4 02 7C E0 03 1F F8 C0 07 3E F0 81 0F 7C E4
[21:09:39.684] ADDR:0xEE TYPE:RC_CHANNELS_PACKED        LEN:26 | EE 18 16 E0 C3 5E 2B B0 D7 8A 56 B4 02 7C E0 03 1F F8 C0 07 3E F0 81 0F 7C 98
[21:09:39.694] ADDR:0xEE TYPE:RC_CHANNELS_PACKED        LEN:26 | EE 18 16 E0 BB 5E 2B B2 D7 8A 56 B4 02 7C E0 03 1F F8 C0 07 3E F0 81 0F 7C 44
[21:09:39.714] ADDR:0xEA TYPE:ELRS_STATUS               LEN:15 | EA 0D 3A EA EE 10 00 03 0D 40 00 00 00 78 D7
[21:09:39.735] ADDR:0xEE TYPE:PARAMETER_READ            LEN:08 | EE 06 2C EE EA 0A 00 C3
[21:09:39.745] ADDR:0xEE TYPE:RC_CHANNELS_PACKED        LEN:26 | EE 18 16 E0 BB 5E 2B B0 D7 8A 56 B4 02 7C E0 03 1F F8 C0 07 3E F0 81 0F 7C 38
[21:09:39.745] ADDR:0xEA TYPE:PARAMETER_SETTINGS_ENTRY  LEN:34 | EA 20 2B EA EE 0A 00 00 0B 56 54 58 20 41 64 6D 69 6E 69 73 74 72 61 74 6F 72 00 0B 0C 0D 0E 0F FF 62
[21:09:39.765] ADDR:0xEE TYPE:RC_CHANNELS_PACKED        LEN:26 | EE 18 16 DF C3 5E 2B B2 D7 8A 56 B4 02 7C E0 03 1F F8 C0 07 3E F0 81 0F 7C 66
[21:09:39.776] ADDR:0xEE TYPE:RC_CHANNELS_PACKED        LEN:26 | EE 18 16 E0 C3 5E 2B B0 D7 8A 56 B4 02 7C E0 03 1F F8 C0 07 3E F0 81 0F 7C 98
[21:09:39.806] ADDR:0xEE TYPE:RC_CHANNELS_PACKED        LEN:26 | EE 18 16 E0 C3 5E 2B B0 D7 8A 56 B4 02 7C E0 03 1F F8 C0 07 3E F0 81 0F 7C 98
[21:09:39.826] ADDR:0xEE TYPE:PARAMETER_READ            LEN:08 | EE 06 2C EE EA 0B 00 C8
[21:09:39.857] ADDR:0xEE TYPE:RC_CHANNELS_PACKED        LEN:26 | EE 18 16 E0 C3 5E 2B B2 D7 8A 56 B4 02 7C E0 03 1F F8 C0 07 3E F0 81 0F 7C E4
[21:09:39.857] ADDR:0xEA TYPE:PARAMETER_SETTINGS_ENTRY  LEN:36 | EA 22 2B EA EE 0B 00 0A 09 42 61 6E 64 00 4F 66 66 3B 41 3B 42 3B 45 3B 46 3B 52 3B 4C 00 00 00 06 00 00 4B
[21:09:39.857] ADDR:0xEE TYPE:RC_CHANNELS_PACKED        LEN:26 | EE 18 16 DF C3 5E 2B B2 D7 8A 56 B4 02 7C E0 03 1F F8 C0 07 3E F0 81 0F 7C 66
[21:09:39.887] ADDR:0xEE TYPE:RC_CHANNELS_PACKED        LEN:26 | EE 18 16 E0 BB 5E 2B B2 D7 8A 56 B4 02 7C E0 03 1F F8 C0 07 3E F0 81 0F 7C 44
[21:09:39.907] ADDR:0xEE TYPE:RC_CHANNELS_PACKED        LEN:26 | EE 18 16 E0 C3 5E 2B B2 D7 8A 56 B4 02 7C E0 03 1F F8 C0 07 3E F0 81 0F 7C E4
[21:09:39.908] ADDR:0xEA TYPE:ELRS_STATUS               LEN:15 | EA 0D 3A EA EE 10 00 03 0D 40 00 00 00 E6 C2
[21:09:39.918] ADDR:0xEE TYPE:PARAMETER_READ            LEN:08 | EE 06 2C EE EA 0C 00 F9
[21:09:39.938] ADDR:0xEE TYPE:RC_CHANNELS_PACKED        LEN:26 | EE 18 16 E0 C3 5E 2B B2 D7 8A 56 B4 02 7C E0 03 1F F8 C0 07 3E F0 81 0F 7C E4
[21:09:39.958] ADDR:0xEA TYPE:PARAMETER_SETTINGS_ENTRY  LEN:23 | EA 15 2B EA EE 0C 00 0A 00 43 68 61 6E 6E 65 6C 00 01 01 08 00 00 FB
[21:09:39.968] ADDR:0xEE TYPE:RC_CHANNELS_PACKED        LEN:26 | EE 18 16 E0 C3 5E 2B B0 D7 8A 56 B4 02 7C E0 03 1F F8 C0 07 3E F0 81 0F 7C 98
[21:09:39.989] ADDR:0xEE TYPE:RC_CHANNELS_PACKED        LEN:26 | EE 18 16 E0 C3 5E 2B B2 D7 8A 56 B4 02 7C E0 03 1F F8 C0 07 3E F0 81 0F 7C E4
[21:09:39.999] ADDR:0xEE TYPE:RC_CHANNELS_PACKED        LEN:26 | EE 18 16 E0 BB 5E 2B AE D7 8A 56 B4 02 7C E0 03 1F F8 C0 07 3E F0 81 0F 7C D3
[21:09:40.019] ADDR:0xEE TYPE:PARAMETER_READ            LEN:08 | EE 06 2C EE EA 0D 00 F2
[21:09:40.059] ADDR:0xEE TYPE:RC_CHANNELS_PACKED        LEN:26 | EE 18 16 E0 C3 5E 2B AE D7 8A 56 B4 02 7C E0 03 1F F8 C0 07 3E F0 81 0F 7C 73
[21:09:40.059] ADDR:0xEA TYPE:PARAMETER_SETTINGS_ENTRY  LEN:41 | EA 27 2B EA EE 0D 00 0A 09 50 77 72 20 4C 76 6C 00 2D 3B 31 3B 32 3B 33 3B 34 3B 35 3B 36 3B 37 3B 38 00 00 00 08 00 00 C1
[21:09:40.070] ADDR:0xEE TYPE:RC_CHANNELS_PACKED        LEN:26 | EE 18 16 E0 BB 5E 2B B2 D7 8A 56 B4 02 7C E0 03 1F F8 C0 07 3E F0 81 0F 7C 44
[21:09:40.090] ADDR:0xEE TYPE:RC_CHANNELS_PACKED        LEN:26 | EE 18 16 E0 C3 5E 2B B2 D7 8A 56 B4 02 7C E0 03 1F F8 C0 07 3E F0 81 0F 7C E4
[21:09:40.100] ADDR:0xEE TYPE:RC_CHANNELS_PACKED        LEN:26 | EE 18 16 E0 C3 5E 2B AE D7 8A 56 B4 02 7C E0 03 1F F8 C0 07 3E F0 81 0F 7C 73
[21:09:40.100] ADDR:0xEA TYPE:ELRS_STATUS               LEN:15 | EA 0D 3A EA EE 10 00 03 0D 40 00 00 00 8C AD
[21:09:40.121] ADDR:0xEE TYPE:PARAMETER_READ            LEN:08 | EE 06 2C EE EA 0E 00 EF
[21:09:40.151] ADDR:0xEE TYPE:RC_CHANNELS_PACKED        LEN:26 | EE 18 16 E0 C3 5E 2B B2 D7 8A 56 B4 02 7C E0 03 1F F8 C0 07 3E F0 81 0F 7C E4
[21:09:40.151] ADDR:0xEA TYPE:PARAMETER_SETTINGS_ENTRY  LEN:64 | EA 3E 2B EA EE 0E 02 0A 89 50 69 74 6D 6F 64 65 00 4F 66 66 3B 4F 6E 3B 41 55 58 31 C0 3B 41 55 58 31 C1 3B 41 55 58 32 C0 3B 41 55 58 32 C1 3B 41 55 58 33 C0 3B 41 55 58 33 C1 3B 41 55 58 F1
[21:09:40.171] ADDR:0xEE TYPE:RC_CHANNELS_PACKED        LEN:26 | EE 18 16 E0 C3 5E 2B B2 D7 8A 56 B4 02 7C E0 03 1F F8 C0 07 3E F0 81 0F 7C E4
[21:09:40.182] ADDR:0xEE TYPE:RC_CHANNELS_PACKED        LEN:26 | EE 18 16 E0 BB 5E 2B B0 D7 8A 56 B4 02 7C E0 03 1F F8 C0 07 3E F0 81 0F 7C 38
[21:09:40.202] ADDR:0xEE TYPE:RC_CHANNELS_PACKED        LEN:26 | EE 18 16 E0 BB 5E 2B B2 D7 8A 56 B4 02 7C E0 03 1F F8 C0 07 3E F0 81 0F 7C 44
[21:09:40.222] ADDR:0xEE TYPE:PARAMETER_READ            LEN:08 | EE 06 2C EE EA 0E 01 3A
[21:09:40.252] ADDR:0xEE TYPE:RC_CHANNELS_PACKED        LEN:26 | EE 18 16 E0 C3 5E 2B B2 D7 8A 56 B4 02 7C E0 03 1F F8 C0 07 3E F0 81 0F 7C E4
[21:09:40.253] ADDR:0xEA TYPE:PARAMETER_SETTINGS_ENTRY  LEN:64 | EA 3E 2B EA EE 0E 01 34 C0 3B 41 55 58 34 C1 3B 41 55 58 35 C0 3B 41 55 58 35 C1 3B 41 55 58 36 C0 3B 41 55 58 36 C1 3B 41 55 58 37 C0 3B 41 55 58 37 C1 3B 41 55 58 38 C0 3B 41 55 58 38 C1 00
[21:09:40.273] ADDR:0xEE TYPE:RC_CHANNELS_PACKED        LEN:26 | EE 18 16 E0 C3 5E 2B B2 D7 8A 56 B4 02 7C E0 03 1F F8 C0 07 3E F0 81 0F 7C E4
[21:09:40.283] ADDR:0xEE TYPE:RC_CHANNELS_PACKED        LEN:26 | EE 18 16 E0 C3 5E 2B B4 D7 8A 56 B4 02 7C E0 03 1F F8 C0 07 3E F0 81 0F 7C 60
[21:09:40.303] ADDR:0xEE TYPE:RC_CHANNELS_PACKED        LEN:26 | EE 18 16 E0 C3 5E 2B B2 D7 8A 56 B4 02 7C E0 03 1F F8 C0 07 3E F0 81 0F 7C E4
[21:09:40.303] ADDR:0xEA TYPE:ELRS_STATUS               LEN:15 | EA 0D 3A EA EE 10 00 03 0D 40 00 00 01 AE 7D
[21:09:40.313] ADDR:0xEE TYPE:PARAMETER_READ            LEN:08 | EE 06 2C EE EA 0E 02 90
[21:09:40.354] ADDR:0xEE TYPE:RC_CHANNELS_PACKED        LEN:26 | EE 18 16 E0 C3 5E 2B B4 D7 8A 56 B4 02 7C E0 03 1F F8 C0 07 3E F0 81 0F 7C 60
[21:09:40.354] ADDR:0xEA TYPE:PARAMETER_SETTINGS_ENTRY  LEN:40 | EA 26 2B EA EE 0E 00 3B 41 55 58 39 C0 3B 41 55 58 39 C1 3B 41 55 58 31 30 C0 3B 41 55 58 31 30 C1 00 00 00 15 00 00 97
[21:09:40.374] ADDR:0xEE TYPE:RC_CHANNELS_PACKED        LEN:26 | EE 18 16 E0 C3 5E 2B B0 D7 8A 56 B4 02 7C E0 03 1F F8 C0 07 3E F0 81 0F 7C 98
[21:09:40.384] ADDR:0xEE TYPE:RC_CHANNELS_PACKED        LEN:26 | EE 18 16 E0 BB 5E 2B B2 D7 8A 56 B4 02 7C E0 03 1F F8 C0 07 3E F0 81 0F 7C 44
[21:09:40.405] ADDR:0xEE TYPE:RC_CHANNELS_PACKED        LEN:26 | EE 18 16 E0 BB 5E 2B B2 D7 8A 56 B4 02 7C E0 03 1F F8 C0 07 3E F0 81 0F 7C 44
[21:09:40.415] ADDR:0xEE TYPE:PARAMETER_READ            LEN:08 | EE 06 2C EE EA 0F 00 E4
[21:09:40.455] ADDR:0xEE TYPE:RC_CHANNELS_PACKED        LEN:26 | EE 18 16 E0 C3 5E 2B AE D7 8A 56 B4 02 7C E0 03 1F F8 C0 07 3E F0 81 0F 7C 73
[21:09:40.455] ADDR:0xEA TYPE:PARAMETER_SETTINGS_ENTRY  LEN:22 | EA 14 2B EA EE 0F 00 0A 0D 53 65 6E 64 20 56 54 78 00 00 C8 00 01
[21:09:40.466] ADDR:0xEE TYPE:RC_CHANNELS_PACKED        LEN:26 | EE 18 16 E0 C3 5E 2B B0 D7 8A 56 B4 02 7C E0 03 1F F8 C0 07 3E F0 81 0F 7C 98
[21:09:40.486] ADDR:0xEE TYPE:RC_CHANNELS_PACKED        LEN:26 | EE 18 16 DF C3 5E 2B B2 D7 8A 56 B4 02 7C E0 03 1F F8 C0 07 3E F0 81 0F 7C 66
[21:09:40.496] ADDR:0xEE TYPE:RC_CHANNELS_PACKED        LEN:26 | EE 18 16 E0 C3 5E 2B B0 D7 8A 56 B4 02 7C E0 03 1F F8 C0 07 3E F0 81 0F 7C 98
[21:09:40.516] ADDR:0xEA TYPE:ELRS_STATUS               LEN:15 | EA 0D 3A EA EE 10 00 03 0D 40 00 00 00 1E 6F
[21:09:40.526] ADDR:0xEE TYPE:PARAMETER_READ            LEN:08 | EE 06 2C EE EA 10 00 3D
[21:09:40.547] ADDR:0xEE TYPE:RC_CHANNELS_PACKED        LEN:26 | EE 18 16 E0 BB 5E 2B B2 D7 8A 56 B4 02 7C E0 03 1F F8 C0 07 3E F0 81 0F 7C 44
[21:09:40.547] ADDR:0xEA TYPE:PARAMETER_SETTINGS_ENTRY  LEN:33 | EA 1F 2B EA EE 10 00 00 0B 57 69 46 69 20 43 6F 6E 6E 65 63 74 69 76 69 74 79 00 11 12 13 14 FF 05
[21:09:40.561] ADDR:0xEE TYPE:RC_CHANNELS_PACKED        LEN:26 | EE 18 16 E0 C3 5E 2B B2 D7 8A 56 B4 02 7C E0 03 1F F8 C0 07 3E F0 81 0F 7C E4
[21:09:40.581] ADDR:0xEE TYPE:RC_CHANNELS_PACKED        LEN:26 | EE 18 16 E0 C3 5E 2B B0 D7 8A 56 B4 02 7C E0 03 1F F8 C0 07 3E F0 81 0F 7C 98
[21:09:40.611] ADDR:0xEE TYPE:RC_CHANNELS_PACKED        LEN:26 | EE 18 16 E0 C3 5E 2B B2 D7 8A 56 B4 02 7C E0 03 1F F8 C0 07 3E F0 81 0F 7C E4
[21:09:40.622] ADDR:0xEE TYPE:PARAMETER_READ            LEN:08 | EE 06 2C EE EA 11 00 36
[21:09:40.642] ADDR:0xEE TYPE:RC_CHANNELS_PACKED        LEN:26 | EE 18 16 E0 BB 5E 2B B2 D7 8A 56 B4 02 7C E0 03 1F F8 C0 07 3E F0 81 0F 7C 44
[21:09:40.642] ADDR:0xEA TYPE:PARAMETER_SETTINGS_ENTRY  LEN:25 | EA 17 2B EA EE 11 00 10 0D 45 6E 61 62 6C 65 20 57 69 46 69 00 00 C8 00 92
[21:09:40.662] ADDR:0xEE TYPE:RC_CHANNELS_PACKED        LEN:26 | EE 18 16 E0 C3 5E 2B B2 D7 8A 56 B4 02 7C E0 03 1F F8 C0 07 3E F0 81 0F 7C E4
[21:09:40.692] ADDR:0xEE TYPE:RC_CHANNELS_PACKED        LEN:26 | EE 18 16 E0 BB 5E 2B B2 D7 8A 56 B4 02 7C E0 03 1F F8 C0 07 3E F0 81 0F 7C 44
[21:09:40.703] ADDR:0xEE TYPE:RC_CHANNELS_PACKED        LEN:26 | EE 18 16 E0 C3 5E 2B B2 D7 8A 56 B4 02 7C E0 03 1F F8 C0 07 3E F0 81 0F 7C E4
[21:09:40.703] ADDR:0xEA TYPE:ELRS_STATUS               LEN:15 | EA 0D 3A EA EE 10 00 03 0D 40 00 00 00 32 1C
[21:09:40.723] ADDR:0xEE TYPE:PARAMETER_READ            LEN:08 | EE 06 2C EE EA 12 00 2B
[21:09:40.743] ADDR:0xEE TYPE:RC_CHANNELS_PACKED        LEN:26 | EE 18 16 E0 C3 5E 2B B2 D7 8A 56 B4 02 7C E0 03 1F F8 C0 07 3E F0 81 0F 7C E4
[21:09:40.754] ADDR:0xEA TYPE:PARAMETER_SETTINGS_ENTRY  LEN:28 | EA 1A 2B EA EE 12 00 10 0D 45 6E 61 62 6C 65 20 52 78 20 57 69 46 69 00 00 C8 00 43
[21:09:40.774] ADDR:0xEE TYPE:RC_CHANNELS_PACKED        LEN:26 | EE 18 16 E0 C3 5E 2B B2 D7 8A 56 B4 02 7C E0 03 1F F8 C0 07 3E F0 81 0F 7C E4
[21:09:40.784] ADDR:0xEE TYPE:RC_CHANNELS_PACKED        LEN:26 | EE 18 16 E0 BB 5E 2B B2 D7 8A 56 B4 02 7C E0 03 1F F8 C0 07 3E F0 81 0F 7C 44
[21:09:40.804] ADDR:0xEE TYPE:RC_CHANNELS_PACKED        LEN:26 | EE 18 16 E0 BB 5E 2B B2 D7 8A 56 B4 02 7C E0 03 1F F8 C0 07 3E F0 81 0F 7C 44
[21:09:40.815] ADDR:0xEE TYPE:PARAMETER_READ            LEN:08 | EE 06 2C EE EA 13 00 20
[21:09:40.855] ADDR:0xEE TYPE:RC_CHANNELS_PACKED        LEN:26 | EE 18 16 E0 C3 5E 2B B2 D7 8A 56 B4 02 7C E0 03 1F F8 C0 07 3E F0 81 0F 7C E4
[21:09:40.855] ADDR:0xEA TYPE:PARAMETER_SETTINGS_ENTRY  LEN:34 | EA 20 2B EA EE 13 00 10 0D 45 6E 61 62 6C 65 20 42 61 63 6B 70 61 63 6B 20 57 69 46 69 00 00 C8 00 4B
[21:09:40.865] ADDR:0xEE TYPE:RC_CHANNELS_PACKED        LEN:26 | EE 18 16 E0 C3 5E 2B B0 D7 8A 56 B4 02 7C E0 03 1F F8 C0 07 3E F0 81 0F 7C 98
[21:09:40.885] ADDR:0xEE TYPE:RC_CHANNELS_PACKED        LEN:26 | EE 18 16 E0 C3 5E 2B B2 D7 8A 56 B4 02 7C E0 03 1F F8 C0 07 3E F0 81 0F 7C E4
[21:09:40.896] ADDR:0xEE TYPE:RC_CHANNELS_PACKED        LEN:26 | EE 18 16 E0 BB 5E 2B B0 D7 8A 56 B4 02 7C E0 03 1F F8 C0 07 3E F0 81 0F 7C 38
[21:09:40.916] ADDR:0xEA TYPE:ELRS_STATUS               LEN:15 | EA 0D 3A EA EE 10 00 03 0D 40 00 00 01 A4 2B
[21:09:40.926] ADDR:0xEE TYPE:PARAMETER_READ            LEN:08 | EE 06 2C EE EA 14 00 11
[21:09:40.946] ADDR:0xEE TYPE:RC_CHANNELS_PACKED        LEN:26 | EE 18 16 E0 C3 5E 2B B2 D7 8A 56 B4 02 7C E0 03 1F F8 C0 07 3E F0 81 0F 7C E4
[21:09:40.946] ADDR:0xEA TYPE:PARAMETER_SETTINGS_ENTRY  LEN:29 | EA 1B 2B EA EE 14 00 10 0D 45 6E 61 62 6C 65 20 56 52 78 20 57 69 46 69 00 00 C8 00 EC
[21:09:40.967] ADDR:0xEE TYPE:RC_CHANNELS_PACKED        LEN:26 | EE 18 16 E0 C3 5E 2B B2 D7 8A 56 B4 02 7C E0 03 1F F8 C0 07 3E F0 81 0F 7C E4
[21:09:40.977] ADDR:0xEE TYPE:RC_CHANNELS_PACKED        LEN:26 | EE 18 16 E0 C3 5E 2B B2 D7 8A 56 B4 02 7C E0 03 1F F8 C0 07 3E F0 81 0F 7C E4
[21:09:41.007] ADDR:0xEE TYPE:RC_CHANNELS_PACKED        LEN:26 | EE 18 16 E0 C3 5E 2B B2 D7 8A 56 B4 02 7C E0 03 1F F8 C0 07 3E F0 81 0F 7C E4
[21:09:41.027] ADDR:0xEE TYPE:PARAMETER_READ            LEN:08 | EE 06 2C EE EA 15 00 1A
[21:09:41.048] ADDR:0xEE TYPE:RC_CHANNELS_PACKED        LEN:26 | EE 18 16 E0 C3 5E 2B B0 D7 8A 56 B4 02 7C E0 03 1F F8 C0 07 3E F0 81 0F 7C 98
[21:09:41.048] ADDR:0xEA TYPE:PARAMETER_SETTINGS_ENTRY  LEN:27 | EA 19 2B EA EE 15 00 00 0B 42 61 63 6B 70 61 63 6B 00 16 17 18 19 1A 1B 1C FF EE
[21:09:41.058] ADDR:0xEE TYPE:RC_CHANNELS_PACKED        LEN:26 | EE 18 16 E0 C3 5E 2B B0 D7 8A 56 B4 02 7C E0 03 1F F8 C0 07 3E F0 81 0F 7C 98
[21:09:41.088] ADDR:0xEE TYPE:RC_CHANNELS_PACKED        LEN:26 | EE 18 16 E0 C3 5E 2B B0 D7 8A 56 B4 02 7C E0 03 1F F8 C0 07 3E F0 81 0F 7C 98
[21:09:41.109] ADDR:0xEE TYPE:RC_CHANNELS_PACKED        LEN:26 | EE 18 16 E0 C3 5E 2B B2 D7 8A 56 B4 02 7C E0 03 1F F8 C0 07 3E F0 81 0F 7C E4
[21:09:41.109] ADDR:0xEA TYPE:ELRS_STATUS               LEN:15 | EA 0D 3A EA EE 10 00 03 0D 40 FF FF FF 4C 07
[21:09:41.119] ADDR:0xEE TYPE:PARAMETER_READ            LEN:08 | EE 06 2C EE EA 16 00 07
[21:09:41.139] ADDR:0xEE TYPE:RC_CHANNELS_PACKED        LEN:26 | EE 18 16 E0 C3 5E 2B B2 D7 8A 56 B4 02 7C E0 03 1F F8 C0 07 3E F0 81 0F 7C E4
[21:09:41.159] ADDR:0xEA TYPE:PARAMETER_SETTINGS_ENTRY  LEN:64 | EA 3E 2B EA EE 16 02 15 09 44 56 52 20 52 65 63 00 4F 66 66 3B 41 55 58 31 C0 3B 41 55 58 31 C1 3B 41 55 58 32 C0 3B 41 55 58 32 C1 3B 41 55 58 33 C0 3B 41 55 58 33 C1 3B 41 55 58 34 C0 3B AD
[21:09:41.170] ADDR:0xEE TYPE:RC_CHANNELS_PACKED        LEN:26 | EE 18 16 E0 C3 5E 2B B2 D7 8A 56 B4 02 7C E0 03 1F F8 C0 07 3E F0 81 0F 7C E4
[21:09:41.190] ADDR:0xEE TYPE:RC_CHANNELS_PACKED        LEN:26 | EE 18 16 E0 C3 5E 2B B2 D7 8A 56 B4 02 7C E0 03 1F F8 C0 07 3E F0 81 0F 7C E4
[21:09:41.200] ADDR:0xEE TYPE:RC_CHANNELS_PACKED        LEN:26 | EE 18 16 E0 C3 5E 2B B2 D7 8A 56 B4 02 7C E0 03 1F F8 C0 07 3E F0 81 0F 7C E4
[21:09:41.220] ADDR:0xEE TYPE:PARAMETER_READ            LEN:08 | EE 06 2C EE EA 16 01 D2
[21:09:41.250] ADDR:0xEE TYPE:RC_CHANNELS_PACKED        LEN:26 | EE 18 16 E0 C3 5E 2B B2 D7 8A 56 B4 02 7C E0 03 1F F8 C0 07 3E F0 81 0F 7C E4
[21:09:41.251] ADDR:0xEA TYPE:PARAMETER_SETTINGS_ENTRY  LEN:64 | EA 3E 2B EA EE 16 01 41 55 58 34 C1 3B 41 55 58 35 C0 3B 41 55 58 35 C1 3B 41 55 58 36 C0 3B 41 55 58 36 C1 3B 41 55 58 37 C0 3B 41 55 58 37 C1 3B 41 55 58 38 C0 3B 41 55 58 38 C1 3B 41 55 BA
[21:09:41.271] ADDR:0xEE TYPE:RC_CHANNELS_PACKED        LEN:26 | EE 18 16 E0 C3 5E 2B B2 D7 8A 56 B4 02 7C E0 03 1F F8 C0 07 3E F0 81 0F 7C E4
[21:09:41.291] ADDR:0xEE TYPE:RC_CHANNELS_PACKED        LEN:26 | EE 18 16 E0 C3 5E 2B B2 D7 8A 56 B4 02 7C E0 03 1F F8 C0 07 3E F0 81 0F 7C E4
[21:09:41.301] ADDR:0xEE TYPE:RC_CHANNELS_PACKED        LEN:26 | EE 18 16 E0 C3 5E 2B B0 D7 8A 56 B4 02 7C E0 03 1F F8 C0 07 3E F0 81 0F 7C 98
[21:09:41.302] ADDR:0xEA TYPE:ELRS_STATUS               LEN:15 | EA 0D 3A EA EE 10 00 03 0D 40 00 00 01 40 03
[21:09:41.322] ADDR:0xEE TYPE:PARAMETER_READ            LEN:08 | EE 06 2C EE EA 16 02 78
[21:09:41.362] ADDR:0xEE TYPE:RC_CHANNELS_PACKED        LEN:26 | EE 18 16 DF C3 5E 2B B2 D7 8A 56 B4 02 7C E0 03 1F F8 C0 07 3E F0 81 0F 7C 66
[21:09:41.362] ADDR:0xEA TYPE:PARAMETER_SETTINGS_ENTRY  LEN:37 | EA 23 2B EA EE 16 00 58 39 C0 3B 41 55 58 39 C1 3B 41 55 58 31 30 C0 3B 41 55 58 31 30 C1 00 00 00 14 00 00 20
[21:09:41.362] ADDR:0xEE TYPE:RC_CHANNELS_PACKED        LEN:26 | EE 18 16 E0 C3 5E 2B AE D7 8A 56 B4 02 7C E0 03 1F F8 C0 07 3E F0 81 0F 7C 73
[21:09:41.382] ADDR:0xEE TYPE:RC_CHANNELS_PACKED        LEN:26 | EE 18 16 E0 C3 5E 2B B2 D7 8A 56 B4 02 7C E0 03 1F F8 C0 07 3E F0 81 0F 7C E4
[21:09:41.403] ADDR:0xEE TYPE:RC_CHANNELS_PACKED        LEN:26 | EE 18 16 E0 C3 5E 2B B2 D7 8A 56 B4 02 7C E0 03 1F F8 C0 07 3E F0 81 0F 7C E4
[21:09:41.433] ADDR:0xEE TYPE:PARAMETER_READ            LEN:08 | EE 06 2C EE EA 17 00 0C
[21:09:41.454] ADDR:0xEE TYPE:RC_CHANNELS_PACKED        LEN:26 | EE 18 16 E0 C3 5E 2B B0 D7 8A 56 B4 02 7C E0 03 1F F8 C0 07 3E F0 81 0F 7C 98
[21:09:41.454] ADDR:0xEA TYPE:PARAMETER_SETTINGS_ENTRY  LEN:55 | EA 35 2B EA EE 17 00 15 09 44 56 52 20 53 72 74 20 44 6C 79 00 30 73 3B 35 73 3B 31 35 73 3B 33 30 73 3B 34 35 73 3B 31 6D 69 6E 3B 32 6D 69 6E 00 00 00 06 00 00 A2
[21:09:41.474] ADDR:0xEE TYPE:RC_CHANNELS_PACKED        LEN:26 | EE 18 16 E0 D3 5E 2B B2 D7 8A 56 B4 02 7C E0 03 1F F8 C0 07 3E F0 81 0F 7C B5
[21:09:41.484] ADDR:0xEE TYPE:RC_CHANNELS_PACKED        LEN:26 | EE 18 16 E0 C3 5E 2B B2 D7 8A 56 B4 02 7C E0 03 1F F8 C0 07 3E F0 81 0F 7C E4
[21:09:41.504] ADDR:0xEE TYPE:RC_CHANNELS_PACKED        LEN:26 | EE 18 16 E0 C3 5E 2B B2 D7 8A 56 B4 02 7C E0 03 1F F8 C0 07 3E F0 81 0F 7C E4
[21:09:41.504] ADDR:0xEA TYPE:ELRS_STATUS               LEN:15 | EA 0D 3A EA EE 10 00 03 0D 40 00 00 00 FA 47
[21:09:41.515] ADDR:0xEE TYPE:PARAMETER_READ            LEN:08 | EE 06 2C EE EA 18 00 65
[21:09:41.555] ADDR:0xEE TYPE:RC_CHANNELS_PACKED        LEN:26 | EE 18 16 E0 C3 5E 2B B2 D7 8A 56 B4 02 7C E0 03 1F F8 C0 07 3E F0 81 0F 7C E4
[21:09:41.555] ADDR:0xEA TYPE:PARAMETER_SETTINGS_ENTRY  LEN:55 | EA 35 2B EA EE 18 00 15 09 44 56 52 20 53 74 70 20 44 6C 79 00 30 73 3B 35 73 3B 31 35 73 3B 33 30 73 3B 34 35 73 3B 31 6D 69 6E 3B 32 6D 69 6E 00 00 00 06 00 00 D8
[21:09:41.576] ADDR:0xEE TYPE:RC_CHANNELS_PACKED        LEN:26 | EE 18 16 E0 C3 5E 2B B2 D7 8A 56 B4 02 7C E0 03 1F F8 C0 07 3E F0 81 0F 7C E4
[21:09:41.586] ADDR:0xEE TYPE:RC_CHANNELS_PACKED        LEN:26 | EE 18 16 E0 C3 5E 2B B0 D7 8A 56 B4 02 7C E0 03 1F F8 C0 07 3E F0 81 0F 7C 98
[21:09:41.606] ADDR:0xEE TYPE:RC_CHANNELS_PACKED        LEN:26 | EE 18 16 E0 BB 5E 2B B4 D7 8A 56 B4 02 7C E0 03 1F F8 C0 07 3E F0 81 0F 7C C0
[21:09:41.616] ADDR:0xEE TYPE:PARAMETER_READ            LEN:08 | EE 06 2C EE EA 19 00 6E
[21:09:41.656] ADDR:0xEE TYPE:RC_CHANNELS_PACKED        LEN:26 | EE 18 16 E0 BB 5E 2B B0 D7 8A 56 B4 02 7C E0 03 1F F8 C0 07 3E F0 81 0F 7C 38
[21:09:41.657] ADDR:0xEA TYPE:PARAMETER_SETTINGS_ENTRY  LEN:64 | EA 3E 2B EA EE 19 02 15 09 48 54 20 45 6E 61 62 6C 65 00 4F 66 66 3B 4F 6E 3B 41 55 58 31 C0 3B 41 55 58 31 C1 3B 41 55 58 32 C0 3B 41 55 58 32 C1 3B 41 55 58 33 C0 3B 41 55 58 33 C1 3B 41 96
[21:09:41.667] ADDR:0xEE TYPE:RC_CHANNELS_PACKED        LEN:26 | EE 18 16 E0 C3 5E 2B B2 D7 8A 56 B4 02 7C E0 03 1F F8 C0 07 3E F0 81 0F 7C E4
[21:09:41.687] ADDR:0xEE TYPE:RC_CHANNELS_PACKED        LEN:26 | EE 18 16 DF C3 5E 2B B2 D7 8A 56 B4 02 7C E0 03 1F F8 C0 07 3E F0 81 0F 7C 66
[21:09:41.707] ADDR:0xEE TYPE:RC_CHANNELS_PACKED        LEN:26 | EE 18 16 E0 C3 5E 2B B2 D7 8A 56 B4 02 7C E0 03 1F F8 C0 07 3E F0 81 0F 7C E4
[21:09:41.707] ADDR:0xEA TYPE:ELRS_STATUS               LEN:15 | EA 0D 3A EA EE 10 00 03 0D 40 FF FF FE FC 15
[21:09:41.718] ADDR:0xEE TYPE:PARAMETER_READ            LEN:08 | EE 06 2C EE EA 19 01 BB
[21:09:41.758] ADDR:0xEE TYPE:RC_CHANNELS_PACKED        LEN:26 | EE 18 16 E0 C3 5E 2B B2 D7 8A 56 B4 02 7C E0 03 1F F8 C0 07 3E F0 81 0F 7C E4
[21:09:41.758] ADDR:0xEA TYPE:PARAMETER_SETTINGS_ENTRY  LEN:64 | EA 3E 2B EA EE 19 01 55 58 34 C0 3B 41 55 58 34 C1 3B 41 55 58 35 C0 3B 41 55 58 35 C1 3B 41 55 58 36 C0 3B 41 55 58 36 C1 3B 41 55 58 37 C0 3B 41 55 58 37 C1 3B 41 55 58 38 C0 3B 41 55 58 EA
[21:09:41.768] ADDR:0xEE TYPE:RC_CHANNELS_PACKED        LEN:26 | EE 18 16 E0 C3 5E 2B B2 D7 8A 56 B4 02 7C E0 03 1F F8 C0 07 3E F0 81 0F 7C E4
[21:09:41.789] ADDR:0xEE TYPE:RC_CHANNELS_PACKED        LEN:26 | EE 18 16 DF C3 5E 2B B0 D7 8A 56 B4 02 7C E0 03 1F F8 C0 07 3E F0 81 0F 7C 1A
[21:09:41.799] ADDR:0xEE TYPE:RC_CHANNELS_PACKED        LEN:26 | EE 18 16 E0 C3 5E 2B B2 D7 8A 56 B4 02 7C E0 03 1F F8 C0 07 3E F0 81 0F 7C E4
[21:09:41.819] ADDR:0xEE TYPE:PARAMETER_READ            LEN:08 | EE 06 2C EE EA 19 02 11
[21:09:41.850] ADDR:0xEE TYPE:RC_CHANNELS_PACKED        LEN:26 | EE 18 16 E0 C3 5E 2B B0 D7 8A 56 B4 02 7C E0 03 1F F8 C0 07 3E F0 81 0F 7C 98
[21:09:41.850] ADDR:0xEA TYPE:PARAMETER_SETTINGS_ENTRY  LEN:42 | EA 28 2B EA EE 19 00 38 C1 3B 41 55 58 39 C0 3B 41 55 58 39 C1 3B 41 55 58 31 30 C0 3B 41 55 58 31 30 C1 00 00 00 15 00 00 D6
[21:09:41.870] ADDR:0xEE TYPE:RC_CHANNELS_PACKED        LEN:26 | EE 18 16 E0 BB 5E 2B B2 D7 8A 56 B4 02 7C E0 03 1F F8 C0 07 3E F0 81 0F 7C 44
[21:09:41.893] ADDR:0xEE TYPE:RC_CHANNELS_PACKED        LEN:26 | EE 18 16 E0 C3 5E 2B B0 D7 8A 56 B4 02 7C E0 03 1F F8 C0 07 3E F0 81 0F 7C 98
[21:09:41.903] ADDR:0xEE TYPE:RC_CHANNELS_PACKED        LEN:26 | EE 18 16 E0 C3 5E 2B B2 D7 8A 56 B4 02 7C E0 03 1F F8 C0 07 3E F0 81 0F 7C E4
[21:09:41.903] ADDR:0xEA TYPE:ELRS_STATUS               LEN:15 | EA 0D 3A EA EE 10 00 03 0D 40 00 00 01 72 8A
[21:09:41.923] ADDR:0xEE TYPE:PARAMETER_READ            LEN:08 | EE 06 2C EE EA 1A 00 73
[21:09:41.954] ADDR:0xEE TYPE:RC_CHANNELS_PACKED        LEN:26 | EE 18 16 E0 C3 5E 2B AE D7 8A 56 B4 02 7C E0 03 1F F8 C0 07 3E F0 81 0F 7C 73
[21:09:41.954] ADDR:0xEA TYPE:PARAMETER_SETTINGS_ENTRY  LEN:64 | EA 3E 2B EA EE 1A 01 15 09 48 54 20 53 74 61 72 74 20 43 68 61 6E 6E 65 6C 00 41 55 58 31 3B 41 55 58 32 3B 41 55 58 33 3B 41 55 58 34 3B 41 55 58 35 3B 41 55 58 36 3B 41 55 58 37 3B 41 55 54
[21:09:41.974] ADDR:0xEE TYPE:RC_CHANNELS_PACKED        LEN:26 | EE 18 16 DF C3 5E 2B B2 D7 8A 56 B4 02 7C E0 03 1F F8 C0 07 3E F0 81 0F 7C 66
[21:09:41.984] ADDR:0xEE TYPE:RC_CHANNELS_PACKED        LEN:26 | EE 18 16 E0 AB 5E 2B B2 D7 8A 56 B4 02 7C E0 03 1F F8 C0 07 3E F0 81 0F 7C 15
[21:09:42.004] ADDR:0xEE TYPE:RC_CHANNELS_PACKED        LEN:26 | EE 18 16 E0 BB 5E 2B B0 D7 8A 56 B4 02 7C E0 03 1F F8 C0 07 3E F0 81 0F 7C 38
[21:09:42.015] ADDR:0xEE TYPE:PARAMETER_READ            LEN:08 | EE 06 2C EE EA 1A 01 A6
[21:09:42.055] ADDR:0xEE TYPE:RC_CHANNELS_PACKED        LEN:26 | EE 18 16 E0 C3 5E 2B B2 D7 8A 56 B4 02 7C E0 03 1F F8 C0 07 3E F0 81 0F 7C E4
[21:09:42.055] ADDR:0xEA TYPE:PARAMETER_SETTINGS_ENTRY  LEN:27 | EA 19 2B EA EE 1A 00 58 38 3B 41 55 58 39 3B 41 55 58 31 30 00 00 00 09 00 00 98
[21:09:42.065] ADDR:0xEE TYPE:RC_CHANNELS_PACKED        LEN:26 | EE 18 16 E0 C3 5E 2B B2 D7 8A 56 B4 02 7C E0 03 1F F8 C0 07 3E F0 81 0F 7C E4
[21:09:42.086] ADDR:0xEE TYPE:RC_CHANNELS_PACKED        LEN:26 | EE 18 16 E0 BB 5E 2B B2 D7 8A 56 B4 02 7C E0 03 1F F8 C0 07 3E F0 81 0F 7C 44
[21:09:42.096] ADDR:0xEE TYPE:RC_CHANNELS_PACKED        LEN:26 | EE 18 16 E0 C3 5E 2B B2 D7 8A 56 B4 02 7C E0 03 1F F8 C0 07 3E F0 81 0F 7C E4
[21:09:42.116] ADDR:0xEA TYPE:ELRS_STATUS               LEN:15 | EA 0D 3A EA EE 10 00 03 0D 40 00 00 00 5A 0C
[21:09:42.126] ADDR:0xEE TYPE:PARAMETER_READ            LEN:08 | EE 06 2C EE EA 1B 00 78
[21:09:42.157] ADDR:0xEE TYPE:RC_CHANNELS_PACKED        LEN:26 | EE 18 16 DF C3 5E 2B B0 D7 8A 56 B4 02 7C E0 03 1F F8 C0 07 3E F0 81 0F 7C 1A
[21:09:42.157] ADDR:0xEA TYPE:PARAMETER_SETTINGS_ENTRY  LEN:41 | EA 27 2B EA EE 1B 00 15 09 54 65 6C 65 6D 65 74 72 79 00 4F 66 66 3B 45 53 50 4E 4F 57 3B 57 69 46 69 00 00 00 02 00 00 FC
[21:09:42.167] ADDR:0xEE TYPE:RC_CHANNELS_PACKED        LEN:26 | EE 18 16 E0 C3 5E 2B B2 D7 8A 56 B4 02 7C E0 03 1F F8 C0 07 3E F0 81 0F 7C E4
[21:09:42.187] ADDR:0xEE TYPE:RC_CHANNELS_PACKED        LEN:26 | EE 18 16 E0 C3 5E 2B B2 D7 8A 56 B4 02 7C E0 03 1F F8 C0 07 3E F0 81 0F 7C E4
[21:09:42.207] ADDR:0xEE TYPE:RC_CHANNELS_PACKED        LEN:26 | EE 18 16 E0 C3 5E 2B AE D7 8A 56 B4 02 7C E0 03 1F F8 C0 07 3E F0 81 0F 7C 73
[21:09:42.217] ADDR:0xEE TYPE:PARAMETER_READ            LEN:08 | EE 06 2C EE EA 1C 00 49
[21:09:42.248] ADDR:0xEE TYPE:RC_CHANNELS_PACKED        LEN:26 | EE 18 16 E0 C3 5E 2B B2 D7 8A 56 B4 02 7C E0 03 1F F8 C0 07 3E F0 81 0F 7C E4
[21:09:42.248] ADDR:0xEA TYPE:PARAMETER_SETTINGS_ENTRY  LEN:19 | EA 11 2B EA EE 1C 00 15 0C 56 65 72 73 69 6F 6E 00 00 3D
[21:09:42.268] ADDR:0xEE TYPE:RC_CHANNELS_PACKED        LEN:26 | EE 18 16 E0 C3 5E 2B B2 D7 8A 56 B4 02 7C E0 03 1F F8 C0 07 3E F0 81 0F 7C E4
[21:09:42.279] ADDR:0xEE TYPE:RC_CHANNELS_PACKED        LEN:26 | EE 18 16 E0 C3 5E 2B B2 D7 8A 56 B4 02 7C E0 03 1F F8 C0 07 3E F0 81 0F 7C E4
[21:09:42.299] ADDR:0xEE TYPE:RC_CHANNELS_PACKED        LEN:26 | EE 18 16 E0 C3 5E 2B B2 D7 8A 56 B4 02 7C E0 03 1F F8 C0 07 3E F0 81 0F 7C E4
[21:09:42.319] ADDR:0xEA TYPE:ELRS_STATUS               LEN:15 | EA 0D 3A EA EE 10 00 03 0D 40 00 00 00 AA 88
[21:09:42.329] ADDR:0xEE TYPE:PARAMETER_READ            LEN:08 | EE 06 2C EE EA 1D 00 42
[21:09:42.350] ADDR:0xEE TYPE:RC_CHANNELS_PACKED        LEN:26 | EE 18 16 E0 C3 5E 2B B2 D7 8A 56 B4 02 7C E0 03 1F F8 C0 07 3E F0 81 0F 7C E4
[21:09:42.350] ADDR:0xEA TYPE:PARAMETER_SETTINGS_ENTRY  LEN:26 | EA 18 2B EA EE 1D 00 00 0D 42 4C 45 20 4A 6F 79 73 74 69 63 6B 00 00 C8 00 50
[21:09:42.360] ADDR:0xEE TYPE:RC_CHANNELS_PACKED        LEN:26 | EE 18 16 E0 BB 5E 2B B0 D7 8A 56 B4 02 7C E0 03 1F F8 C0 07 3E F0 81 0F 7C 38
[21:09:42.380] ADDR:0xEE TYPE:RC_CHANNELS_PACKED        LEN:26 | EE 18 16 E0 C3 5E 2B B2 D7 8A 56 B4 02 7C E0 03 1F F8 C0 07 3E F0 81 0F 7C E4
[21:09:42.411] ADDR:0xEE TYPE:RC_CHANNELS_PACKED        LEN:26 | EE 18 16 DF C3 5E 2B AE D7 8A 56 B4 02 7C E0 03 1F F8 C0 07 3E F0 81 0F 7C F1
[21:09:42.431] ADDR:0xEE TYPE:PARAMETER_READ            LEN:08 | EE 06 2C EE EA 1E 00 5F
[21:09:42.441] ADDR:0xEE TYPE:RC_CHANNELS_PACKED        LEN:26 | EE 18 16 E0 C3 5E 2B B0 D7 8A 56 B4 02 7C E0 03 1F F8 C0 07 3E F0 81 0F 7C 98
[21:09:42.441] ADDR:0xEA TYPE:PARAMETER_SETTINGS_ENTRY  LEN:18 | EA 10 2B EA EE 1E 00 00 0D 42 69 6E 64 00 00 C8 00 E5
[21:09:42.461] ADDR:0xEE TYPE:RC_CHANNELS_PACKED        LEN:26 | EE 18 16 E0 C3 5E 2B B0 D7 8A 56 B4 02 7C E0 03 1F F8 C0 07 3E F0 81 0F 7C 98
[21:09:42.492] ADDR:0xEE TYPE:RC_CHANNELS_PACKED        LEN:26 | EE 18 16 E0 C3 5E 2B B4 D7 8A 56 B4 02 7C E0 03 1F F8 C0 07 3E F0 81 0F 7C 60
[21:09:42.502] ADDR:0xEE TYPE:RC_CHANNELS_PACKED        LEN:26 | EE 18 16 E0 BB 5E 2B B2 D7 8A 56 B4 02 7C E0 03 1F F8 C0 07 3E F0 81 0F 7C 44
[21:09:42.502] ADDR:0xEA TYPE:ELRS_STATUS               LEN:15 | EA 0D 3A EA EE 10 00 03 0D 40 00 00 00 BE 24
[21:09:42.522] ADDR:0xEE TYPE:PARAMETER_READ            LEN:08 | EE 06 2C EE EA 1F 00 54
[21:09:42.542] ADDR:0xEE TYPE:RC_CHANNELS_PACKED        LEN:26 | EE 18 16 E0 C3 5E 2B B2 D7 8A 56 B4 02 7C E0 03 1F F8 C0 07 3E F0 81 0F 7C E4
[21:09:42.552] ADDR:0xEA TYPE:PARAMETER_SETTINGS_ENTRY  LEN:24 | EA 16 2B EA EE 1F 00 00 0C 42 61 64 2F 47 6F 6F 64 00 30 2F 35 30 00 FB
[21:09:42.573] ADDR:0xEE TYPE:RC_CHANNELS_PACKED        LEN:26 | EE 18 16 E0 C3 5E 2B AE D7 8A 56 B4 02 7C E0 03 1F F8 C0 07 3E F0 81 0F 7C 73
[21:09:42.583] ADDR:0xEE TYPE:RC_CHANNELS_PACKED        LEN:26 | EE 18 16 E0 C3 5E 2B B2 D7 8A 56 B4 02 7C E0 03 1F F8 C0 07 3E F0 81 0F 7C E4
[21:09:42.603] ADDR:0xEE TYPE:RC_CHANNELS_PACKED        LEN:26 | EE 18 16 DF C3 5E 2B B2 D7 8A 56 B4 02 7C E0 03 1F F8 C0 07 3E F0 81 0F 7C 66
[21:09:42.623] ADDR:0xEE TYPE:PARAMETER_READ            LEN:08 | EE 06 2C EE EA 20 00 38
[21:09:42.654] ADDR:0xEE TYPE:RC_CHANNELS_PACKED        LEN:26 | EE 18 16 E0 C3 5E 2B B0 D7 8A 56 B4 02 7C E0 03 1F F8 C0 07 3E F0 81 0F 7C 98
[21:09:42.654] ADDR:0xEA TYPE:PARAMETER_SETTINGS_ENTRY  LEN:30 | EA 1C 2B EA EE 20 00 00 0C 33 2E 36 2E 32 20 49 53 4D 32 47 34 00 30 62 30 63 63 65 00 BE
[21:09:42.664] ADDR:0xEE TYPE:RC_CHANNELS_PACKED        LEN:26 | EE 18 16 E0 C3 5E 2B B2 D7 8A 56 B4 02 7C E0 03 1F F8 C0 07 3E F0 81 0F 7C E4
[21:09:42.684] ADDR:0xEE TYPE:RC_CHANNELS_PACKED        LEN:26 | EE 18 16 E0 C3 5E 2B B2 D7 8A 56 B4 02 7C E0 03 1F F8 C0 07 3E F0 81 0F 7C E4
[21:09:42.694] ADDR:0xEE TYPE:RC_CHANNELS_PACKED        LEN:26 | EE 18 16 E0 C3 5E 2B B2 D7 8A 56 B4 02 7C E0 03 1F F8 C0 07 3E F0 81 0F 7C E4
[21:09:42.715] ADDR:0xEA TYPE:ELRS_STATUS               LEN:15 | EA 0D 3A EA EE 10 00 03 0D 40 00 00 01 54 AF
[21:09:42.735] ADDR:0xEE TYPE:PARAMETER_READ            LEN:08 | EE 06 2C EE EA 01 00 86
[21:09:42.755] ADDR:0xEE TYPE:RC_CHANNELS_PACKED        LEN:26 | EE 18 16 E0 C3 5E 2B AE D7 8A 56 B4 02 7C E0 03 1F F8 C0 07 3E F0 81 0F 7C 73
[21:09:42.755] ADDR:0xEA TYPE:PARAMETER_SETTINGS_ENTRY  LEN:64 | EA 3E 2B EA EE 01 02 00 09 50 61 63 6B 65 74 20 52 61 74 65 00 35 30 48 7A 28 2D 31 31 35 64 42 6D 29 3B 31 30 30 48 7A 20 46 75 6C 6C 28 2D 31 31 32 64 42 6D 29 3B 31 35 30 48 7A 28 2D 31 FC
[21:09:42.776] ADDR:0xEE TYPE:RC_CHANNELS_PACKED        LEN:26 | EE 18 16 E0 C3 5E 2B B2 D7 8A 56 B4 02 7C E0 03 1F F8 C0 07 3E F0 81 0F 7C E4
[21:09:42.786] ADDR:0xEE TYPE:RC_CHANNELS_PACKED        LEN:26 | EE 18 16 E0 C3 5E 2B B2 D7 8A 56 B4 02 7C E0 03 1F F8 C0 07 3E F0 81 0F 7C E4
[21:09:42.806] ADDR:0xEE TYPE:RC_CHANNELS_PACKED        LEN:26 | EE 18 16 E0 C3 5E 2B B0 D7 8A 56 B4 02 7C E0 03 1F F8 C0 07 3E F0 81 0F 7C 98
[21:09:42.816] ADDR:0xEE TYPE:PARAMETER_READ            LEN:08 | EE 06 2C EE EA 01 01 53
[21:09:42.856] ADDR:0xEE TYPE:RC_CHANNELS_PACKED        LEN:26 | EE 18 16 E0 C3 5E 2B B2 D7 8A 56 B4 02 7C E0 03 1F F8 C0 07 3E F0 81 0F 7C E4
[21:09:42.857] ADDR:0xEA TYPE:PARAMETER_SETTINGS_ENTRY  LEN:64 | EA 3E 2B EA EE 01 01 31 32 64 42 6D 29 3B 32 35 30 48 7A 28 2D 31 30 38 64 42 6D 29 3B 33 33 33 48 7A 20 46 75 6C 6C 28 2D 31 30 35 64 42 6D 29 3B 35 30 30 48 7A 28 2D 31 30 35 64 42 6D 29 94
[21:09:42.867] ADDR:0xEE TYPE:RC_CHANNELS_PACKED        LEN:26 | EE 18 16 E0 C3 5E 2B AE D7 8A 56 B4 02 7C E0 03 1F F8 C0 07 3E F0 81 0F 7C 73
[21:09:42.887] ADDR:0xEE TYPE:RC_CHANNELS_PACKED        LEN:26 | EE 18 16 E0 C3 5E 2B B4 D7 8A 56 B4 02 7C E0 03 1F F8 C0 07 3E F0 81 0F 7C 60
[21:09:42.908] ADDR:0xEE TYPE:RC_CHANNELS_PACKED        LEN:26 | EE 18 16 E0 BB 5E 2B B2 D7 8A 56 B4 02 7C E0 03 1F F8 C0 07 3E F0 81 0F 7C 44
[21:09:42.908] ADDR:0xEA TYPE:ELRS_STATUS               LEN:15 | EA 0D 3A EA EE 10 00 03 0D 40 00 00 00 1E 6F
[21:09:42.918] ADDR:0xEE TYPE:RC_CHANNELS_PACKED        LEN:26 | EE 18 16 E0 BB 5E 2B B2 D7 8A 56 B4 02 7C E0 03 1F F8 C0 07 3E F0 81 0F 7C 44
[21:09:42.948] ADDR:0xEE TYPE:RC_CHANNELS_PACKED        LEN:26 | EE 18 16 E0 D3 5E 2B B2 D7 8A 56 B4 02 7C E0 03 1F F8 C0 07 3E F0 81 0F 7C B5
[21:09:42.968] ADDR:0xEE TYPE:RC_CHANNELS_PACKED        LEN:26 | EE 18 16 E0 C3 5E 2B B2 D7 8A 56 B4 02 7C E0 03 1F F8 C0 07 3E F0 81 0F 7C E4
[21:09:42.978] ADDR:0xEE TYPE:RC_CHANNELS_PACKED        LEN:26 | EE 18 16 E0 BB 5E 2B B0 D7 8A 56 B4 02 7C E0 03 1F F8 C0 07 3E F0 81 0F 7C 38
[21:09:42.999] ADDR:0xEE TYPE:RC_CHANNELS_PACKED        LEN:26 | EE 18 16 E0 C3 5E 2B B2 D7 8A 56 B4 02 7C E0 03 1F F8 C0 07 3E F0 81 0F 7C E4
[21:09:43.029] ADDR:0xEE TYPE:RC_CHANNELS_PACKED        LEN:26 | EE 18 16 E0 C3 5E 2B B0 D7 8A 56 B4 02 7C E0 03 1F F8 C0 07 3E F0 81 0F 7C 98
[21:09:43.049] ADDR:0xEE TYPE:RC_CHANNELS_PACKED        LEN:26 | EE 18 16 E0 BB 5E 2B B2 D7 8A 56 B4 02 7C E0 03 1F F8 C0 07 3E F0 81 0F 7C 44
[21:09:43.061] ADDR:0xEE TYPE:RC_CHANNELS_PACKED        LEN:26 | EE 18 16 E0 C3 5E 2B B2 D7 8A 56 B4 02 7C E0 03 1F F8 C0 07 3E F0 81 0F 7C E4
[21:09:43.081] ADDR:0xEE TYPE:RC_CHANNELS_PACKED        LEN:26 | EE 18 16 E0 C3 5E 2B B2 D7 8A 56 B4 02 7C E0 03 1F F8 C0 07 3E F0 81 0F 7C E4
[21:09:43.112] ADDR:0xEE TYPE:RC_CHANNELS_PACKED        LEN:26 | EE 18 16 E0 C3 5E 2B B2 D7 8A 56 B4 02 7C E0 03 1F F8 C0 07 3E F0 81 0F 7C E4
[21:09:43.112] ADDR:0xEA TYPE:ELRS_STATUS               LEN:15 | EA 0D 3A EA EE 10 00 03 0D 40 00 00 01 22 45
[21:09:43.122] ADDR:0xEE TYPE:RC_CHANNELS_PACKED        LEN:26 | EE 18 16 E0 C3 5E 2B B2 D7 8A 56 B4 02 7C E0 03 1F F8 C0 07 3E F0 81 0F 7C E4
[21:09:43.142] ADDR:0xEE TYPE:RC_CHANNELS_PACKED        LEN:26 | EE 18 16 E0 C3 5E 2B B2 D7 8A 56 B4 02 7C E0 03 1F F8 C0 07 3E F0 81 0F 7C E4
[21:09:43.162] ADDR:0xEE TYPE:RC_CHANNELS_PACKED        LEN:26 | EE 18 16 E0 C3 5E 2B B0 D7 8A 56 B4 02 7C E0 03 1F F8 C0 07 3E F0 81 0F 7C 98
[21:09:43.193] ADDR:0xEE TYPE:RC_CHANNELS_PACKED        LEN:26 | EE 18 16 E0 C3 5E 2B B2 D7 8A 56 B4 02 7C E0 03 1F F8 C0 07 3E F0 81 0F 7C E4
[21:09:43.203] ADDR:0xEE TYPE:RC_CHANNELS_PACKED        LEN:26 | EE 18 16 E0 C3 5E 2B B2 D7 8A 56 B4 02 7C E0 03 1F F8 C0 07 3E F0 81 0F 7C E4
[21:09:43.223] ADDR:0xEE TYPE:RC_CHANNELS_PACKED        LEN:26 | EE 18 16 E0 C3 5E 2B B2 D7 8A 56 B4 02 7C E0 03 1F F8 C0 07 3E F0 81 0F 7C E4
[21:09:43.243] ADDR:0xEE TYPE:RC_CHANNELS_PACKED        LEN:26 | EE 18 16 E0 C3 5E 2B B2 D7 8A 56 B4 02 7C E0 03 1F F8 C0 07 3E F0 81 0F 7C E4
[21:09:43.273] ADDR:0xEE TYPE:RC_CHANNELS_PACKED        LEN:26 | EE 18 16 E0 C3 5E 2B B2 D7 8A 56 B4 02 7C E0 03 1F F8 C0 07 3E F0 81 0F 7C E4
[21:09:43.284] ADDR:0xEE TYPE:RC_CHANNELS_PACKED        LEN:26 | EE 18 16 E0 C3 5E 2B B0 D7 8A 56 B4 02 7C E0 03 1F F8 C0 07 3E F0 81 0F 7C 98
[21:09:43.304] ADDR:0xEE TYPE:RC_CHANNELS_PACKED        LEN:26 | EE 18 16 E0 C3 5E 2B AE D7 8A 56 B4 02 7C E0 03 1F F8 C0 07 3E F0 81 0F 7C 73
[21:09:43.304] ADDR:0xEA TYPE:ELRS_STATUS               LEN:15 | EA 0D 3A EA EE 10 00 03 0D 40 FF FF FF EC 4C
[21:09:43.314] ADDR:0xEE TYPE:RC_CHANNELS_PACKED        LEN:26 | EE 18 16 E0 C3 5E 2B B2 D7 8A 56 B4 02 7C E0 03 1F F8 C0 07 3E F0 81 0F 7C E4
[21:09:43.354] ADDR:0xEE TYPE:RC_CHANNELS_PACKED        LEN:26 | EE 18 16 E0 C3 5E 2B B2 D7 8A 56 B4 02 7C E0 03 1F F8 C0 07 3E F0 81 0F 7C E4
[21:09:43.365] ADDR:0xEE TYPE:RC_CHANNELS_PACKED        LEN:26 | EE 18 16 DF C3 5E 2B B2 D7 8A 56 B4 02 7C E0 03 1F F8 C0 07 3E F0 81 0F 7C 66
[21:09:43.385] ADDR:0xEE TYPE:RC_CHANNELS_PACKED        LEN:26 | EE 18 16 E0 C3 5E 2B B2 D7 8A 56 B4 02 7C E0 03 1F F8 C0 07 3E F0 81 0F 7C E4
[21:09:43.395] ADDR:0xEE TYPE:RC_CHANNELS_PACKED        LEN:26 | EE 18 16 E0 C3 5E 2B B2 D7 8A 56 B4 02 7C E0 03 1F F8 C0 07 3E F0 81 0F 7C E4
[21:09:43.426] ADDR:0xEE TYPE:RC_CHANNELS_PACKED        LEN:26 | EE 18 16 E0 C3 5E 2B B2 D7 8A 56 B4 02 7C E0 03 1F F8 C0 07 3E F0 81 0F 7C E4
[21:09:43.446] ADDR:0xEE TYPE:RC_CHANNELS_PACKED        LEN:26 | EE 18 16 E0 C3 5E 2B B0 D7 8A 56 B4 02 7C E0 03 1F F8 C0 07 3E F0 81 0F 7C 98
[21:09:43.466] ADDR:0xEE TYPE:RC_CHANNELS_PACKED        LEN:26 | EE 18 16 E0 C3 5E 2B B0 D7 8A 56 B4 02 7C E0 03 1F F8 C0 07 3E F0 81 0F 7C 98
[21:09:43.476] ADDR:0xEE TYPE:RC_CHANNELS_PACKED        LEN:26 | EE 18 16 E0 BB 5E 2B B4 D7 8A 56 B4 02 7C E0 03 1F F8 C0 07 3E F0 81 0F 7C C0
[21:09:43.507] ADDR:0xEE TYPE:RC_CHANNELS_PACKED        LEN:26 | EE 18 16 DF C3 5E 2B B2 D7 8A 56 B4 02 7C E0 03 1F F8 C0 07 3E F0 81 0F 7C 66
[21:09:43.507] ADDR:0xEA TYPE:ELRS_STATUS               LEN:15 | EA 0D 3A EA EE 10 00 03 0D 40 00 00 00 AA 88
[21:09:43.527] ADDR:0xEE TYPE:RC_CHANNELS_PACKED        LEN:26 | EE 18 16 E0 C3 5E 2B B2 D7 8A 56 B4 02 7C E0 03 1F F8 C0 07 3E F0 81 0F 7C E4
[21:09:43.547] ADDR:0xEE TYPE:RC_CHANNELS_PACKED        LEN:26 | EE 18 16 E0 C3 5E 2B B2 D7 8A 56 B4 02 7C E0 03 1F F8 C0 07 3E F0 81 0F 7C E4
[21:09:43.557] ADDR:0xEE TYPE:RC_CHANNELS_PACKED        LEN:26 | EE 18 16 E0 C3 5E 2B B2 D7 8A 56 B4 02 7C E0 03 1F F8 C0 07 3E F0 81 0F 7C E4
[21:09:43.588] ADDR:0xEE TYPE:RC_CHANNELS_PACKED        LEN:26 | EE 18 16 E0 C3 5E 2B B2 D7 8A 56 B4 02 7C E0 03 1F F8 C0 07 3E F0 81 0F 7C E4
[21:09:43.608] ADDR:0xEE TYPE:RC_CHANNELS_PACKED        LEN:26 | EE 18 16 E0 C3 5E 2B B2 D7 8A 56 B4 02 7C E0 03 1F F8 C0 07 3E F0 81 0F 7C E4
[21:09:43.618] ADDR:0xEE TYPE:RC_CHANNELS_PACKED        LEN:26 | EE 18 16 E0 C3 5E 2B B2 D7 8A 56 B4 02 7C E0 03 1F F8 C0 07 3E F0 81 0F 7C E4
[21:09:43.638] ADDR:0xEE TYPE:RC_CHANNELS_PACKED        LEN:26 | EE 18 16 E0 C3 5E 2B B2 D7 8A 56 B4 02 7C E0 03 1F F8 C0 07 3E F0 81 0F 7C E4
[21:09:43.669] ADDR:0xEE TYPE:RC_CHANNELS_PACKED        LEN:26 | EE 18 16 E0 C3 5E 2B B2 D7 8A 56 B4 02 7C E0 03 1F F8 C0 07 3E F0 81 0F 7C E4
[21:09:43.689] ADDR:0xEE TYPE:RC_CHANNELS_PACKED        LEN:26 | EE 18 16 E0 BB 5E 2B B2 D7 8A 56 B4 02 7C E0 03 1F F8 C0 07 3E F0 81 0F 7C 44
[21:09:43.700] ADDR:0xEE TYPE:RC_CHANNELS_PACKED        LEN:26 | EE 18 16 E0 C3 5E 2B B2 D7 8A 56 B4 02 7C E0 03 1F F8 C0 07 3E F0 81 0F 7C E4
[21:09:43.700] ADDR:0xEA TYPE:ELRS_STATUS               LEN:15 | EA 0D 3A EA EE 10 00 03 0D 40 FF FF FF F6 48
[21:09:43.720] ADDR:0xEE TYPE:RC_CHANNELS_PACKED        LEN:26 | EE 18 16 E0 C3 5E 2B B0 D7 8A 56 B4 02 7C E0 03 1F F8 C0 07 3E F0 81 0F 7C 98
[21:09:43.751] ADDR:0xEE TYPE:RC_CHANNELS_PACKED        LEN:26 | EE 18 16 E0 C3 5E 2B B0 D7 8A 56 B4 02 7C E0 03 1F F8 C0 07 3E F0 81 0F 7C 98
[21:09:43.771] ADDR:0xEE TYPE:RC_CHANNELS_PACKED        LEN:26 | EE 18 16 E0 C3 5E 2B B2 D7 8A 56 B4 02 7C E0 03 1F F8 C0 07 3E F0 81 0F 7C E4
[21:09:43.781] ADDR:0xEE TYPE:RC_CHANNELS_PACKED        LEN:26 | EE 18 16 E0 C3 5E 2B B2 D7 8A 56 B4 02 7C E0 03 1F F8 C0 07 3E F0 81 0F 7C E4
[21:09:43.801] ADDR:0xEE TYPE:RC_CHANNELS_PACKED        LEN:26 | EE 18 16 E0 BB 5E 2B B2 D7 8A 56 B4 02 7C E0 03 1F F8 C0 07 3E F0 81 0F 7C 44
[21:09:43.833] ADDR:0xEE TYPE:RC_CHANNELS_PACKED        LEN:26 | EE 18 16 E0 C3 5E 2B B0 D7 8A 56 B4 02 7C E0 03 1F F8 C0 07 3E F0 81 0F 7C 98
[21:09:43.843] ADDR:0xEE TYPE:RC_CHANNELS_PACKED        LEN:26 | EE 18 16 E0 C3 5E 2B B4 D7 8A 56 B4 02 7C E0 03 1F F8 C0 07 3E F0 81 0F 7C 60
[21:09:43.863] ADDR:0xEE TYPE:RC_CHANNELS_PACKED        LEN:26 | EE 18 16 E0 BB 5E 2B B0 D7 8A 56 B4 02 7C E0 03 1F F8 C0 07 3E F0 81 0F 7C 38
[21:09:43.884] ADDR:0xEE TYPE:RC_CHANNELS_PACKED        LEN:26 | EE 18 16 DF C3 5E 2B B2 D7 8A 56 B4 02 7C E0 03 1F F8 C0 07 3E F0 81 0F 7C 66
[21:09:43.914] ADDR:0xEE TYPE:RC_CHANNELS_PACKED        LEN:26 | EE 18 16 E0 C3 5E 2B B2 D7 8A 56 B4 02 7C E0 03 1F F8 C0 07 3E F0 81 0F 7C E4
[21:09:43.914] ADDR:0xEA TYPE:ELRS_STATUS               LEN:15 | EA 0D 3A EA EE 10 00 03 0D 40 00 00 00 C8 CE
[21:09:43.924] ADDR:0xEE TYPE:RC_CHANNELS_PACKED        LEN:26 | EE 18 16 E0 C3 5E 2B AE D7 8A 56 B4 02 7C E0 03 1F F8 C0 07 3E F0 81 0F 7C 73
[21:09:43.945] ADDR:0xEE TYPE:RC_CHANNELS_PACKED        LEN:26 | EE 18 16 E0 C3 5E 2B B2 D7 8A 56 B4 02 7C E0 03 1F F8 C0 07 3E F0 81 0F 7C E4
[21:09:43.955] ADDR:0xEE TYPE:RC_CHANNELS_PACKED        LEN:26 | EE 18 16 E0 BB 5E 2B B2 D7 8A 56 B4 02 7C E0 03 1F F8 C0 07 3E F0 81 0F 7C 44
[21:09:43.986] ADDR:0xEE TYPE:RC_CHANNELS_PACKED        LEN:26 | EE 18 16 E0 BB 5E 2B B2 D7 8A 56 B4 02 7C E0 03 1F F8 C0 07 3E F0 81 0F 7C 44
[21:09:44.007] ADDR:0xEE TYPE:RC_CHANNELS_PACKED        LEN:26 | EE 18 16 E0 C3 5E 2B B2 D7 8A 56 B4 02 7C E0 03 1F F8 C0 07 3E F0 81 0F 7C E4
[21:09:44.027] ADDR:0xEE TYPE:RC_CHANNELS_PACKED        LEN:26 | EE 18 16 E0 C3 5E 2B B2 D7 8A 56 B4 02 7C E0 03 1F F8 C0 07 3E F0 81 0F 7C E4
[21:09:44.037] ADDR:0xEE TYPE:RC_CHANNELS_PACKED        LEN:26 | EE 18 16 E0 C3 5E 2B B2 D7 8A 56 B4 02 7C E0 03 1F F8 C0 07 3E F0 81 0F 7C E4
[21:09:44.068] ADDR:0xEE TYPE:RC_CHANNELS_PACKED        LEN:26 | EE 18 16 E0 C3 5E 2B B2 D7 8A 56 B4 02 7C E0 03 1F F8 C0 07 3E F0 81 0F 7C E4
[21:09:44.089] ADDR:0xEE TYPE:RC_CHANNELS_PACKED        LEN:26 | EE 18 16 E0 C3 5E 2B B0 D7 8A 56 B4 02 7C E0 03 1F F8 C0 07 3E F0 81 0F 7C 98
[21:09:44.099] ADDR:0xEE TYPE:RC_CHANNELS_PACKED        LEN:26 | EE 18 16 E0 C3 5E 2B B2 D7 8A 56 B4 02 7C E0 03 1F F8 C0 07 3E F0 81 0F 7C E4
[21:09:44.099] ADDR:0xEA TYPE:ELRS_STATUS               LEN:15 | EA 0D 3A EA EE 10 00 03 0D 40 00 00 00 A0 DE
[21:09:44.119] ADDR:0xEE TYPE:RC_CHANNELS_PACKED        LEN:26 | EE 18 16 DF C3 5E 2B B2 D7 8A 56 B4 02 7C E0 03 1F F8 C0 07 3E F0 81 0F 7C 66
[21:09:44.149] ADDR:0xEE TYPE:RC_CHANNELS_PACKED        LEN:26 | EE 18 16 E0 C3 5E 2B B2 D7 8A 56 B4 02 7C E0 03 1F F8 C0 07 3E F0 81 0F 7C E4
[21:09:44.169] ADDR:0xEE TYPE:RC_CHANNELS_PACKED        LEN:26 | EE 18 16 E0 C3 5E 2B B2 D7 8A 56 B4 02 7C E0 03 1F F8 C0 07 3E F0 81 0F 7C E4
[21:09:44.180] ADDR:0xEE TYPE:RC_CHANNELS_PACKED        LEN:26 | EE 18 16 E0 C3 5E 2B B2 D7 8A 56 B4 02 7C E0 03 1F F8 C0 07 3E F0 81 0F 7C E4
[21:09:44.200] ADDR:0xEE TYPE:RC_CHANNELS_PACKED        LEN:26 | EE 18 16 E0 C3 5E 2B B2 D7 8A 56 B4 02 7C E0 03 1F F8 C0 07 3E F0 81 0F 7C E4
[21:09:44.230] ADDR:0xEE TYPE:RC_CHANNELS_PACKED        LEN:26 | EE 18 16 DF C3 5E 2B B0 D7 8A 56 B4 02 7C E0 03 1F F8 C0 07 3E F0 81 0F 7C 1A
[21:09:44.251] ADDR:0xEE TYPE:RC_CHANNELS_PACKED        LEN:26 | EE 18 16 DF C3 5E 2B B2 D7 8A 56 B4 02 7C E0 03 1F F8 C0 07 3E F0 81 0F 7C 66
[21:09:44.261] ADDR:0xEE TYPE:RC_CHANNELS_PACKED        LEN:26 | EE 18 16 E0 D3 5E 2B B0 D7 8A 56 B4 02 7C E0 03 1F F8 C0 07 3E F0 81 0F 7C C9
[21:09:44.281] ADDR:0xEE TYPE:RC_CHANNELS_PACKED        LEN:26 | EE 18 16 E0 C3 5E 2B B2 D7 8A 56 B4 02 7C E0 03 1F F8 C0 07 3E F0 81 0F 7C E4
[21:09:44.311] ADDR:0xEE TYPE:RC_CHANNELS_PACKED        LEN:26 | EE 18 16 E0 C3 5E 2B B2 D7 8A 56 B4 02 7C E0 03 1F F8 C0 07 3E F0 81 0F 7C E4
[21:09:44.311] ADDR:0xEA TYPE:ELRS_STATUS               LEN:15 | EA 0D 3A EA EE 10 00 03 0D 40 00 00 00 F0 11
[21:09:44.332] ADDR:0xEE TYPE:RC_CHANNELS_PACKED        LEN:26 | EE 18 16 E0 BB 5E 2B B2 D7 8A 56 B4 02 7C E0 03 1F F8 C0 07 3E F0 81 0F 7C 44
[21:09:44.342] ADDR:0xEE TYPE:RC_CHANNELS_PACKED        LEN:26 | EE 18 16 E0 BB 5E 2B B2 D7 8A 56 B4 02 7C E0 03 1F F8 C0 07 3E F0 81 0F 7C 44
[21:09:44.362] ADDR:0xEE TYPE:RC_CHANNELS_PACKED        LEN:26 | EE 18 16 E0 C3 5E 2B B2 D7 8A 56 B4 02 7C E0 03 1F F8 C0 07 3E F0 81 0F 7C E4
[21:09:44.393] ADDR:0xEE TYPE:RC_CHANNELS_PACKED        LEN:26 | EE 18 16 E0 C3 5E 2B B2 D7 8A 56 B4 02 7C E0 03 1F F8 C0 07 3E F0 81 0F 7C E4
[21:09:44.403] ADDR:0xEE TYPE:RC_CHANNELS_PACKED        LEN:26 | EE 18 16 E0 C3 5E 2B B2 D7 8A 56 B4 02 7C E0 03 1F F8 C0 07 3E F0 81 0F 7C E4
[21:09:44.423] ADDR:0xEE TYPE:RC_CHANNELS_PACKED        LEN:26 | EE 18 16 E0 C3 5E 2B B2 D7 8A 56 B4 02 7C E0 03 1F F8 C0 07 3E F0 81 0F 7C E4
[21:09:44.444] ADDR:0xEE TYPE:RC_CHANNELS_PACKED        LEN:26 | EE 18 16 E0 BB 5E 2B B2 D7 8A 56 B4 02 7C E0 03 1F F8 C0 07 3E F0 81 0F 7C 44
[21:09:44.474] ADDR:0xEE TYPE:RC_CHANNELS_PACKED        LEN:26 | EE 18 16 E0 C3 5E 2B B2 D7 8A 56 B4 02 7C E0 03 1F F8 C0 07 3E F0 81 0F 7C E4
[21:09:44.485] ADDR:0xEE TYPE:RC_CHANNELS_PACKED        LEN:26 | EE 18 16 DF C3 5E 2B B4 D7 8A 56 B4 02 7C E0 03 1F F8 C0 07 3E F0 81 0F 7C E2
[21:09:44.505] ADDR:0xEE TYPE:RC_CHANNELS_PACKED        LEN:26 | EE 18 16 E0 C3 5E 2B B0 D7 8A 56 B4 02 7C E0 03 1F F8 C0 07 3E F0 81 0F 7C 98
[21:09:44.505] ADDR:0xEA TYPE:ELRS_STATUS               LEN:15 | EA 0D 3A EA EE 10 00 03 0D 40 00 00 01 4A 55
[21:09:44.515] ADDR:0xEE TYPE:RC_CHANNELS_PACKED        LEN:26 | EE 18 16 E0 C3 5E 2B B2 D7 8A 56 B4 02 7C E0 03 1F F8 C0 07 3E F0 81 0F 7C E4
[21:09:44.556] ADDR:0xEE TYPE:RC_CHANNELS_PACKED        LEN:26 | EE 18 16 E0 C3 5E 2B B0 D7 8A 56 B4 02 7C E0 03 1F F8 C0 07 3E F0 81 0F 7C 98
[21:09:44.566] ADDR:0xEE TYPE:RC_CHANNELS_PACKED        LEN:26 | EE 18 16 E0 BB 5E 2B B2 D7 8A 56 B4 02 7C E0 03 1F F8 C0 07 3E F0 81 0F 7C 44
[21:09:44.586] ADDR:0xEE TYPE:RC_CHANNELS_PACKED        LEN:26 | EE 18 16 E0 BB 5E 2B B2 D7 8A 56 B4 02 7C E0 03 1F F8 C0 07 3E F0 81 0F 7C 44
[21:09:44.596] ADDR:0xEE TYPE:RC_CHANNELS_PACKED        LEN:26 | EE 18 16 E0 C3 5E 2B B2 D7 8A 56 B4 02 7C E0 03 1F F8 C0 07 3E F0 81 0F 7C E4
[21:09:44.627] ADDR:0xEE TYPE:RC_CHANNELS_PACKED        LEN:26 | EE 18 16 E0 C3 5E 2B B2 D7 8A 56 B4 02 7C E0 03 1F F8 C0 07 3E F0 81 0F 7C E4
[21:09:44.647] ADDR:0xEE TYPE:RC_CHANNELS_PACKED        LEN:26 | EE 18 16 E0 C3 5E 2B B2 D7 8A 56 B4 02 7C E0 03 1F F8 C0 07 3E F0 81 0F 7C E4
[21:09:44.667] ADDR:0xEE TYPE:RC_CHANNELS_PACKED        LEN:26 | EE 18 16 E0 C3 5E 2B B2 D7 8A 56 B4 02 7C E0 03 1F F8 C0 07 3E F0 81 0F 7C E4
[21:09:44.677] ADDR:0xEE TYPE:RC_CHANNELS_PACKED        LEN:26 | EE 18 16 E0 C3 5E 2B B0 D7 8A 56 B4 02 7C E0 03 1F F8 C0 07 3E F0 81 0F 7C 98
[21:09:44.708] ADDR:0xEE TYPE:RC_CHANNELS_PACKED        LEN:26 | EE 18 16 E0 C3 5E 2B B2 D7 8A 56 B4 02 7C E0 03 1F F8 C0 07 3E F0 81 0F 7C E4
[21:09:44.708] ADDR:0xEA TYPE:ELRS_STATUS               LEN:15 | EA 0D 3A EA EE 10 00 03 0D 40 00 00 00 8C AD
[21:09:44.728] ADDR:0xEE TYPE:RC_CHANNELS_PACKED        LEN:26 | EE 18 16 E0 BB 5E 2B B2 D7 8A 56 B4 02 7C E0 03 1F F8 C0 07 3E F0 81 0F 7C 44
[21:09:44.738] ADDR:0xEE TYPE:RC_CHANNELS_PACKED        LEN:26 | EE 18 16 E0 BB 5E 2B B2 D7 8A 56 B4 02 7C E0 03 1F F8 C0 07 3E F0 81 0F 7C 44
[21:09:44.759] ADDR:0xEE TYPE:RC_CHANNELS_PACKED        LEN:26 | EE 18 16 E0 C3 5E 2B B2 D7 8A 56 B4 02 7C E0 03 1F F8 C0 07 3E F0 81 0F 7C E4
[21:09:44.789] ADDR:0xEE TYPE:RC_CHANNELS_PACKED        LEN:26 | EE 18 16 E0 C3 5E 2B B2 D7 8A 56 B4 02 7C E0 03 1F F8 C0 07 3E F0 81 0F 7C E4
[21:09:44.809] ADDR:0xEE TYPE:RC_CHANNELS_PACKED        LEN:26 | EE 18 16 E0 C3 5E 2B B4 D7 8A 56 B4 02 7C E0 03 1F F8 C0 07 3E F0 81 0F 7C 60
[21:09:44.819] ADDR:0xEE TYPE:RC_CHANNELS_PACKED        LEN:26 | EE 18 16 E0 C3 5E 2B B2 D7 8A 56 B4 02 7C E0 03 1F F8 C0 07 3E F0 81 0F 7C E4
[21:09:44.840] ADDR:0xEE TYPE:RC_CHANNELS_PACKED        LEN:26 | EE 18 16 E0 C3 5E 2B B2 D7 8A 56 B4 02 7C E0 03 1F F8 C0 07 3E F0 81 0F 7C E4
[21:09:44.870] ADDR:0xEE TYPE:RC_CHANNELS_PACKED        LEN:26 | EE 18 16 E0 BB 5E 2B B2 D7 8A 56 B4 02 7C E0 03 1F F8 C0 07 3E F0 81 0F 7C 44
[21:09:44.890] ADDR:0xEE TYPE:RC_CHANNELS_PACKED        LEN:26 | EE 18 16 E0 C3 5E 2B B2 D7 8A 56 B4 02 7C E0 03 1F F8 C0 07 3E F0 81 0F 7C E4
[21:09:44.901] ADDR:0xEE TYPE:RC_CHANNELS_PACKED        LEN:26 | EE 18 16 E0 C3 5E 2B B0 D7 8A 56 B4 02 7C E0 03 1F F8 C0 07 3E F0 81 0F 7C 98
[21:09:44.901] ADDR:0xEA TYPE:ELRS_STATUS               LEN:15 | EA 0D 3A EA EE 10 00 03 0D 40 00 00 00 1E 6F
[21:09:44.921] ADDR:0xEE TYPE:RC_CHANNELS_PACKED        LEN:26 | EE 18 16 E0 C3 5E 2B B0 D7 8A 56 B4 02 7C E0 03 1F F8 C0 07 3E F0 81 0F 7C 98
[21:09:44.952] ADDR:0xEE TYPE:RC_CHANNELS_PACKED        LEN:26 | EE 18 16 E0 C3 5E 2B B2 D7 8A 56 B4 02 7C E0 03 1F F8 C0 07 3E F0 81 0F 7C E4
[21:09:44.962] ADDR:0xEE TYPE:RC_CHANNELS_PACKED        LEN:26 | EE 18 16 E0 BB 5E 2B B0 D7 8A 56 B4 02 7C E0 03 1F F8 C0 07 3E F0 81 0F 7C 38
[21:09:44.983] ADDR:0xEE TYPE:RC_CHANNELS_PACKED        LEN:26 | EE 18 16 E0 C3 5E 2B B0 D7 8A 56 B4 02 7C E0 03 1F F8 C0 07 3E F0 81 0F 7C 98
[21:09:45.003] ADDR:0xEE TYPE:RC_CHANNELS_PACKED        LEN:26 | EE 18 16 E0 C3 5E 2B B0 D7 8A 56 B4 02 7C E0 03 1F F8 C0 07 3E F0 81 0F 7C 98
[21:09:45.033] ADDR:0xEE TYPE:RC_CHANNELS_PACKED        LEN:26 | EE 18 16 E0 C3 5E 2B B2 D7 8A 56 B4 02 7C E0 03 1F F8 C0 07 3E F0 81 0F 7C E4
[21:09:45.043] ADDR:0xEE TYPE:RC_CHANNELS_PACKED        LEN:26 | EE 18 16 E0 C3 5E 2B B2 D7 8A 56 B4 02 7C E0 03 1F F8 C0 07 3E F0 81 0F 7C E4
[21:09:45.064] ADDR:0xEE TYPE:RC_CHANNELS_PACKED        LEN:26 | EE 18 16 E0 BB 5E 2B B0 D7 8A 56 B4 02 7C E0 03 1F F8 C0 07 3E F0 81 0F 7C 38
[21:09:45.074] ADDR:0xEE TYPE:RC_CHANNELS_PACKED        LEN:26 | EE 18 16 E0 C3 5E 2B B2 D7 8A 56 B4 02 7C E0 03 1F F8 C0 07 3E F0 81 0F 7C E4
[21:09:45.115] ADDR:0xEE TYPE:RC_CHANNELS_PACKED        LEN:26 | EE 18 16 E0 C3 5E 2B B2 D7 8A 56 B4 02 7C E0 03 1F F8 C0 07 3E F0 81 0F 7C E4
[21:09:45.115] ADDR:0xEA TYPE:ELRS_STATUS               LEN:15 | EA 0D 3A EA EE 10 00 03 0D 40 00 00 01 22 45
[21:09:45.125] ADDR:0xEE TYPE:RC_CHANNELS_PACKED        LEN:26 | EE 18 16 E0 C3 5E 2B B2 D7 8A 56 B4 02 7C E0 03 1F F8 C0 07 3E F0 81 0F 7C E4
[21:09:45.145] ADDR:0xEE TYPE:RC_CHANNELS_PACKED        LEN:26 | EE 18 16 E0 C3 5E 2B B2 D7 8A 56 B4 02 7C E0 03 1F F8 C0 07 3E F0 81 0F 7C E4
[21:09:45.155] ADDR:0xEE TYPE:RC_CHANNELS_PACKED        LEN:26 | EE 18 16 E0 BB 5E 2B B2 D7 8A 56 B4 02 7C E0 03 1F F8 C0 07 3E F0 81 0F 7C 44
[21:09:45.196] ADDR:0xEE TYPE:RC_CHANNELS_PACKED        LEN:26 | EE 18 16 E0 C3 5E 2B B2 D7 8A 56 B4 02 7C E0 03 1F F8 C0 07 3E F0 81 0F 7C E4
[21:09:45.206] ADDR:0xEE TYPE:RC_CHANNELS_PACKED        LEN:26 | EE 18 16 E0 BB 5E 2B B2 D7 8A 56 B4 02 7C E0 03 1F F8 C0 07 3E F0 81 0F 7C 44
[21:09:45.226] ADDR:0xEE TYPE:RC_CHANNELS_PACKED        LEN:26 | EE 18 16 E0 C3 5E 2B B2 D7 8A 56 B4 02 7C E0 03 1F F8 C0 07 3E F0 81 0F 7C E4
[21:09:45.236] ADDR:0xEE TYPE:RC_CHANNELS_PACKED        LEN:26 | EE 18 16 E0 C3 5E 2B B0 D7 8A 56 B4 02 7C E0 03 1F F8 C0 07 3E F0 81 0F 7C 98
[21:09:45.266] ADDR:0xEE TYPE:RC_CHANNELS_PACKED        LEN:26 | EE 18 16 E0 C3 5E 2B B2 D7 8A 56 B4 02 7C E0 03 1F F8 C0 07 3E F0 81 0F 7C E4
[21:09:45.287] ADDR:0xEE TYPE:RC_CHANNELS_PACKED        LEN:26 | EE 18 16 E0 C3 5E 2B B2 D7 8A 56 B4 02 7C E0 03 1F F8 C0 07 3E F0 81 0F 7C E4
[21:09:45.307] ADDR:0xEE TYPE:PARAMETER_WRITE           LEN:08 | EE 06 2D EE EA 01 01 E5
[21:09:45.307] ADDR:0xEA TYPE:ELRS_STATUS               LEN:15 | EA 0D 3A EA EE 10 00 03 0D 40 00 00 01 04 60
[21:09:45.317] ADDR:0xEE TYPE:RC_CHANNELS_PACKED        LEN:26 | EE 18 16 E0 C3 5E 2B B0 D7 8A 56 B4 02 7C E0 03 1F F8 C0 07 3E F0 81 0F 7C 98
[21:09:45.347] ADDR:0xEE TYPE:RC_CHANNELS_PACKED        LEN:26 | EE 18 16 E0 D3 5E 2B B2 D7 8A 56 B4 02 7C E0 03 1F F8 C0 07 3E F0 81 0F 7C B5
[21:09:45.368] ADDR:0xEE TYPE:RC_CHANNELS_PACKED        LEN:26 | EE 18 16 E0 C3 5E 2B B2 D7 8A 56 B4 02 7C E0 03 1F F8 C0 07 3E F0 81 0F 7C E4
[21:09:45.388] ADDR:0xEE TYPE:RC_CHANNELS_PACKED        LEN:26 | EE 18 16 E0 C3 5E 2B B2 D7 8A 56 B4 02 7C E0 03 1F F8 C0 07 3E F0 81 0F 7C E4
[21:09:45.399] ADDR:0xEE TYPE:RC_CHANNELS_PACKED        LEN:26 | EE 18 16 E0 C3 5E 2B B2 D7 8A 56 B4 02 7C E0 03 1F F8 C0 07 3E F0 81 0F 7C E4
[21:09:45.429] ADDR:0xEE TYPE:RC_CHANNELS_PACKED        LEN:26 | EE 18 16 E0 C3 5E 2B AE D7 8A 56 B4 02 7C E0 03 1F F8 C0 07 3E F0 81 0F 7C 73
[21:09:45.429] ADDR:0xEA TYPE:ELRS_STATUS               LEN:15 | EA 0D 3A EA EE 10 00 01 86 A0 FF FF FC 18 A6
[21:09:45.449] ADDR:0xEE TYPE:RC_CHANNELS_PACKED        LEN:26 | EE 18 16 E0 C3 5E 2B AE D7 8A 56 B4 02 7C E0 03 1F F8 C0 07 3E F0 81 0F 7C 73
[21:09:45.449] ADDR:0xEA TYPE:ELRS_STATUS               LEN:15 | EA 0D 3A EA EE 10 00 01 86 A0 FF FF 2D A6 B8
[21:09:45.460] ADDR:0xEE TYPE:RC_CHANNELS_PACKED        LEN:26 | EE 18 16 E0 C3 5E 2B B2 D7 8A 56 B4 02 7C E0 03 1F F8 C0 07 3E F0 81 0F 7C E4
[21:09:45.460] ADDR:0xEA TYPE:ELRS_STATUS               LEN:15 | EA 0D 3A EA EE 10 00 01 86 A0 FF FF 2D 42 90
[21:09:45.490] ADDR:0xEE TYPE:RC_CHANNELS_PACKED        LEN:26 | EE 18 16 E0 C3 5E 2B B2 D7 8A 56 B4 02 7C E0 03 1F F8 C0 07 3E F0 81 0F 7C E4
[21:09:45.490] ADDR:0xEE TYPE:RC_CHANNELS_PACKED        LEN:26 | EE 18 16 E0 C3 5E 2B B2 D7 8A 56 B4 02 7C E0 03 1F F8 C0 07 3E F0 81 0F 7C E4
[21:09:45.490] ADDR:0xEE TYPE:RC_CHANNELS_PACKED        LEN:26 | EE 18 16 E0 C3 5E 2B AE D7 8A 56 B4 02 7C E0 03 1F F8 C0 07 3E F0 81 0F 7C 73
[21:09:45.490] ADDR:0xEE TYPE:RC_CHANNELS_PACKED        LEN:26 | EE 18 16 E0 C3 5E 2B B2 D7 8A 56 B4 02 7C E0 03 1F F8 C0 07 3E F0 81 0F 7C E4
[21:09:45.510] ADDR:0xEE TYPE:RC_CHANNELS_PACKED        LEN:26 | EE 18 16 E0 BB 5E 2B B2 D7 8A 56 B4 02 7C E0 03 1F F8 C0 07 3E F0 81 0F 7C 44
[21:09:45.511] ADDR:0xEE TYPE:RC_CHANNELS_PACKED        LEN:26 | EE 18 16 E0 C3 5E 2B B0 D7 8A 56 B4 02 7C E0 03 1F F8 C0 07 3E F0 81 0F 7C 98
[21:09:45.521] ADDR:0xEE TYPE:RC_CHANNELS_PACKED        LEN:26 | EE 18 16 E0 C3 5E 2B AE D7 8A 56 B4 02 7C E0 03 1F F8 C0 07 3E F0 81 0F 7C 73
[21:09:45.541] ADDR:0xEE TYPE:RC_CHANNELS_PACKED        LEN:26 | EE 18 16 DF BB 5E 2B AE D7 8A 56 B4 02 7C E0 03 1F F8 C0 07 3E F0 81 0F 7C 51
[21:09:45.541] ADDR:0xEE TYPE:RC_CHANNELS_PACKED        LEN:26 | EE 18 16 E0 C3 5E 2B B2 D7 8A 56 B4 02 7C E0 03 1F F8 C0 07 3E F0 81 0F 7C E4
[21:09:45.561] ADDR:0xEE TYPE:RC_CHANNELS_PACKED        LEN:26 | EE 18 16 E0 C3 5E 2B B2 D7 8A 56 B4 02 7C E0 03 1F F8 C0 07 3E F0 81 0F 7C E4
[21:09:45.572] ADDR:0xEE TYPE:RC_CHANNELS_PACKED        LEN:26 | EE 18 16 E0 C3 5E 2B B0 D7 8A 56 B4 02 7C E0 03 1F F8 C0 07 3E F0 81 0F 7C 98
[21:09:45.572] ADDR:0xEE TYPE:RC_CHANNELS_PACKED        LEN:26 | EE 18 16 E0 BB 5E 2B B2 D7 8A 56 B4 02 7C E0 03 1F F8 C0 07 3E F0 81 0F 7C 44
[21:09:45.592] ADDR:0xEE TYPE:RC_CHANNELS_PACKED        LEN:26 | EE 18 16 E0 C3 5E 2B B0 D7 8A 56 B4 02 7C E0 03 1F F8 C0 07 3E F0 81 0F 7C 98
[21:09:45.592] ADDR:0xEE TYPE:RC_CHANNELS_PACKED        LEN:26 | EE 18 16 E0 C3 5E 2B B2 D7 8A 56 B4 02 7C E0 03 1F F8 C0 07 3E F0 81 0F 7C E4
[21:09:45.602] ADDR:0xEE TYPE:RC_CHANNELS_PACKED        LEN:26 | EE 18 16 E0 C3 5E 2B AE D7 8A 56 B4 02 7C E0 03 1F F8 C0 07 3E F0 81 0F 7C 73
[21:09:45.623] ADDR:0xEE TYPE:RC_CHANNELS_PACKED        LEN:26 | EE 18 16 E0 C3 5E 2B B2 D7 8A 56 B4 02 7C E0 03 1F F8 C0 07 3E F0 81 0F 7C E4
[21:09:45.623] ADDR:0xEE TYPE:RC_CHANNELS_PACKED        LEN:26 | EE 18 16 E0 C3 5E 2B B0 D7 8A 56 B4 02 7C E0 03 1F F8 C0 07 3E F0 81 0F 7C 98
[21:09:45.633] ADDR:0xEE TYPE:RC_CHANNELS_PACKED        LEN:26 | EE 18 16 E0 C3 5E 2B B2 D7 8A 56 B4 02 7C E0 03 1F F8 C0 07 3E F0 81 0F 7C E4
[21:09:45.653] ADDR:0xEE TYPE:RC_CHANNELS_PACKED        LEN:26 | EE 18 16 E0 BB 5E 2B B2 D7 8A 56 B4 02 7C E0 03 1F F8 C0 07 3E F0 81 0F 7C 44
[21:09:45.653] ADDR:0xEE TYPE:RC_CHANNELS_PACKED        LEN:26 | EE 18 16 E0 C3 5E 2B B2 D7 8A 56 B4 02 7C E0 03 1F F8 C0 07 3E F0 81 0F 7C E4
[21:09:45.683] ADDR:0xEE TYPE:RC_CHANNELS_PACKED        LEN:26 | EE 18 16 E0 C3 5E 2B B2 D7 8A 56 B4 02 7C E0 03 1F F8 C0 07 3E F0 81 0F 7C E4
[21:09:45.684] ADDR:0xEE TYPE:RC_CHANNELS_PACKED        LEN:26 | EE 18 16 E0 C3 5E 2B B2 D7 8A 56 B4 02 7C E0 03 1F F8 C0 07 3E F0 81 0F 7C E4
[21:09:45.684] ADDR:0xEA TYPE:ELRS_STATUS               LEN:15 | EA 0D 3A EA EE 10 00 01 86 A0 00 00 F0 58 EF
[21:09:45.684] ADDR:0xEE TYPE:RC_CHANNELS_PACKED        LEN:26 | EE 18 16 DF C3 5E 2B B0 D7 8A 56 B4 02 7C E0 03 1F F8 C0 07 3E F0 81 0F 7C 1A
[21:09:45.704] ADDR:0xEE TYPE:RC_CHANNELS_PACKED        LEN:26 | EE 18 16 E0 C3 5E 2B B2 D7 8A 56 B4 02 7C E0 03 1F F8 C0 07 3E F0 81 0F 7C E4
[21:09:45.714] ADDR:0xEE TYPE:RC_CHANNELS_PACKED        LEN:26 | EE 18 16 E0 C3 5E 2B B0 D7 8A 56 B4 02 7C E0 03 1F F8 C0 07 3E F0 81 0F 7C 98
[21:09:45.714] ADDR:0xEE TYPE:RC_CHANNELS_PACKED        LEN:26 | EE 18 16 E0 C3 5E 2B B2 D7 8A 56 B4 02 7C E0 03 1F F8 C0 07 3E F0 81 0F 7C E4
[21:09:45.735] ADDR:0xEE TYPE:RC_CHANNELS_PACKED        LEN:26 | EE 18 16 E0 C3 5E 2B B2 D7 8A 56 B4 02 7C E0 03 1F F8 C0 07 3E F0 81 0F 7C E4
[21:09:45.745] ADDR:0xEE TYPE:RC_CHANNELS_PACKED        LEN:26 | EE 18 16 E0 BB 5E 2B B0 D7 8A 56 B4 02 7C E0 03 1F F8 C0 07 3E F0 81 0F 7C 38
[21:09:45.745] ADDR:0xEE TYPE:RC_CHANNELS_PACKED        LEN:26 | EE 18 16 E0 C3 5E 2B B2 D7 8A 56 B4 02 7C E0 03 1F F8 C0 07 3E F0 81 0F 7C E4
[21:09:45.765] ADDR:0xEE TYPE:RC_CHANNELS_PACKED        LEN:26 | EE 18 16 E0 C3 5E 2B B2 D7 8A 56 B4 02 7C E0 03 1F F8 C0 07 3E F0 81 0F 7C E4
[21:09:45.765] ADDR:0xEE TYPE:RC_CHANNELS_PACKED        LEN:26 | EE 18 16 DF C3 5E 2B B2 D7 8A 56 B4 02 7C E0 03 1F F8 C0 07 3E F0 81 0F 7C 66
[21:09:45.775] ADDR:0xEE TYPE:RC_CHANNELS_PACKED        LEN:26 | EE 18 16 E0 C3 5E 2B B0 D7 8A 56 B4 02 7C E0 03 1F F8 C0 07 3E F0 81 0F 7C 98
[21:09:45.796] ADDR:0xEE TYPE:RC_CHANNELS_PACKED        LEN:26 | EE 18 16 DF BB 5E 2B B2 D7 8A 56 B4 02 7C E0 03 1F F8 C0 07 3E F0 81 0F 7C C6
[21:09:45.796] ADDR:0xEE TYPE:RC_CHANNELS_PACKED        LEN:26 | EE 18 16 DF C3 5E 2B B2 D7 8A 56 B4 02 7C E0 03 1F F8 C0 07 3E F0 81 0F 7C 66
[21:09:45.816] ADDR:0xEE TYPE:RC_CHANNELS_PACKED        LEN:26 | EE 18 16 E0 C3 5E 2B B0 D7 8A 56 B4 02 7C E0 03 1F F8 C0 07 3E F0 81 0F 7C 98
[21:09:45.826] ADDR:0xEE TYPE:RC_CHANNELS_PACKED        LEN:26 | EE 18 16 E0 C3 5E 2B B2 D7 8A 56 B4 02 7C E0 03 1F F8 C0 07 3E F0 81 0F 7C E4
[21:09:45.827] ADDR:0xEE TYPE:RC_CHANNELS_PACKED        LEN:26 | EE 18 16 E0 C3 5E 2B B2 D7 8A 56 B4 02 7C E0 03 1F F8 C0 07 3E F0 81 0F 7C E4
[21:09:45.847] ADDR:0xEE TYPE:RC_CHANNELS_PACKED        LEN:26 | EE 18 16 E0 AB 5E 2B B2 D7 8A 56 B4 02 7C E0 03 1F F8 C0 07 3E F0 81 0F 7C 15
[21:09:45.847] ADDR:0xEE TYPE:RC_CHANNELS_PACKED        LEN:26 | EE 18 16 E0 C3 5E 2B B2 D7 8A 56 B4 02 7C E0 03 1F F8 C0 07 3E F0 81 0F 7C E4
[21:09:45.857] ADDR:0xEE TYPE:RC_CHANNELS_PACKED        LEN:26 | EE 18 16 E0 C3 5E 2B B2 D7 8A 56 B4 02 7C E0 03 1F F8 C0 07 3E F0 81 0F 7C E4
[21:09:45.887] ADDR:0xEE TYPE:RC_CHANNELS_PACKED        LEN:26 | EE 18 16 E0 C3 5E 2B B0 D7 8A 56 B4 02 7C E0 03 1F F8 C0 07 3E F0 81 0F 7C 98
[21:09:45.887] ADDR:0xEE TYPE:RC_CHANNELS_PACKED        LEN:26 | EE 18 16 E0 C3 5E 2B B2 D7 8A 56 B4 02 7C E0 03 1F F8 C0 07 3E F0 81 0F 7C E4
[21:09:45.887] ADDR:0xEA TYPE:ELRS_STATUS               LEN:15 | EA 0D 3A EA EE 10 00 01 86 A0 00 00 00 39 12
[21:09:45.887] ADDR:0xEE TYPE:RC_CHANNELS_PACKED        LEN:26 | EE 18 16 E0 C3 5E 2B B2 D7 8A 56 B4 02 7C E0 03 1F F8 C0 07 3E F0 81 0F 7C E4
[21:09:45.908] ADDR:0xEE TYPE:RC_CHANNELS_PACKED        LEN:26 | EE 18 16 E0 C3 5E 2B B0 D7 8A 56 B4 02 7C E0 03 1F F8 C0 07 3E F0 81 0F 7C 98
[21:09:45.908] ADDR:0xEE TYPE:RC_CHANNELS_PACKED        LEN:26 | EE 18 16 E0 C3 5E 2B B2 D7 8A 56 B4 02 7C E0 03 1F F8 C0 07 3E F0 81 0F 7C E4
[21:09:45.918] ADDR:0xEE TYPE:RC_CHANNELS_PACKED        LEN:26 | EE 18 16 E0 C3 5E 2B B2 D7 8A 56 B4 02 7C E0 03 1F F8 C0 07 3E F0 81 0F 7C E4
[21:09:45.938] ADDR:0xEE TYPE:RC_CHANNELS_PACKED        LEN:26 | EE 18 16 E0 C3 5E 2B B0 D7 8A 56 B4 02 7C E0 03 1F F8 C0 07 3E F0 81 0F 7C 98
[21:09:45.938] ADDR:0xEE TYPE:RC_CHANNELS_PACKED        LEN:26 | EE 18 16 DF C3 5E 2B B0 D7 8A 56 B4 02 7C E0 03 1F F8 C0 07 3E F0 81 0F 7C 1A
[21:09:45.959] ADDR:0xEE TYPE:RC_CHANNELS_PACKED        LEN:26 | EE 18 16 E0 C3 5E 2B B2 D7 8A 56 B4 02 7C E0 03 1F F8 C0 07 3E F0 81 0F 7C E4
[21:09:45.959] ADDR:0xEE TYPE:RC_CHANNELS_PACKED        LEN:26 | EE 18 16 E0 C3 5E 2B B2 D7 8A 56 B4 02 7C E0 03 1F F8 C0 07 3E F0 81 0F 7C E4
[21:09:45.969] ADDR:0xEE TYPE:RC_CHANNELS_PACKED        LEN:26 | EE 18 16 E0 C3 5E 2B AE D7 8A 56 B4 02 7C E0 03 1F F8 C0 07 3E F0 81 0F 7C 73
[21:09:45.989] ADDR:0xEE TYPE:RC_CHANNELS_PACKED        LEN:26 | EE 18 16 E0 C3 5E 2B B4 D7 8A 56 B4 02 7C E0 03 1F F8 C0 07 3E F0 81 0F 7C 60
[21:09:45.989] ADDR:0xEE TYPE:RC_CHANNELS_PACKED        LEN:26 | EE 18 16 E0 C3 5E 2B B0 D7 8A 56 B4 02 7C E0 03 1F F8 C0 07 3E F0 81 0F 7C 98
[21:09:45.999] ADDR:0xEE TYPE:RC_CHANNELS_PACKED        LEN:26 | EE 18 16 E0 D3 5E 2B B2 D7 8A 56 B4 02 7C E0 03 1F F8 C0 07 3E F0 81 0F 7C B5
[21:09:46.020] ADDR:0xEE TYPE:RC_CHANNELS_PACKED        LEN:26 | EE 18 16 E0 BB 5E 2B B0 D7 8A 56 B4 02 7C E0 03 1F F8 C0 07 3E F0 81 0F 7C 38
[21:09:46.020] ADDR:0xEE TYPE:RC_CHANNELS_PACKED        LEN:26 | EE 18 16 E0 C3 5E 2B B0 D7 8A 56 B4 02 7C E0 03 1F F8 C0 07 3E F0 81 0F 7C 98
[21:09:46.030] ADDR:0xEE TYPE:RC_CHANNELS_PACKED        LEN:26 | EE 18 16 E0 C3 5E 2B B2 D7 8A 56 B4 02 7C E0 03 1F F8 C0 07 3E F0 81 0F 7C E4
[21:09:46.030] ADDR:0xEE TYPE:RC_CHANNELS_PACKED        LEN:26 | EE 18 16 E0 C3 5E 2B B2 D7 8A 56 B4 02 7C E0 03 1F F8 C0 07 3E F0 81 0F 7C E4
[21:09:46.050] ADDR:0xEE TYPE:RC_CHANNELS_PACKED        LEN:26 | EE 18 16 E0 C3 5E 2B B2 D7 8A 56 B4 02 7C E0 03 1F F8 C0 07 3E F0 81 0F 7C E4
[21:09:46.071] ADDR:0xEE TYPE:RC_CHANNELS_PACKED        LEN:26 | EE 18 16 E0 C3 5E 2B B2 D7 8A 56 B4 02 7C E0 03 1F F8 C0 07 3E F0 81 0F 7C E4
[21:09:46.071] ADDR:0xEE TYPE:RC_CHANNELS_PACKED        LEN:26 | EE 18 16 E0 BB 5E 2B B2 D7 8A 56 B4 02 7C E0 03 1F F8 C0 07 3E F0 81 0F 7C 44
[21:09:46.081] ADDR:0xEE TYPE:RC_CHANNELS_PACKED        LEN:26 | EE 18 16 E0 BB 5E 2B B2 D7 8A 56 B4 02 7C E0 03 1F F8 C0 07 3E F0 81 0F 7C 44
[21:09:46.081] ADDR:0xEA TYPE:ELRS_STATUS               LEN:15 | EA 0D 3A EA EE 10 00 01 86 A0 00 00 00 83 5D
[21:09:46.102] ADDR:0xEE TYPE:RC_CHANNELS_PACKED        LEN:26 | EE 18 16 E0 BB 5E 2B B2 D7 8A 56 B4 02 7C E0 03 1F F8 C0 07 3E F0 81 0F 7C 44
[21:09:46.102] ADDR:0xEE TYPE:RC_CHANNELS_PACKED        LEN:26 | EE 18 16 E0 C3 5E 2B B2 D7 8A 56 B4 02 7C E0 03 1F F8 C0 07 3E F0 81 0F 7C E4
[21:09:46.112] ADDR:0xEE TYPE:RC_CHANNELS_PACKED        LEN:26 | EE 18 16 E0 BB 5E 2B B2 D7 8A 56 B4 02 7C E0 03 1F F8 C0 07 3E F0 81 0F 7C 44
[21:09:46.112] ADDR:0xEE TYPE:RC_CHANNELS_PACKED        LEN:26 | EE 18 16 E0 C3 5E 2B B2 D7 8A 56 B4 02 7C E0 03 1F F8 C0 07 3E F0 81 0F 7C E4
[21:09:46.135] ADDR:0xEE TYPE:RC_CHANNELS_PACKED        LEN:26 | EE 18 16 E0 C3 5E 2B B2 D7 8A 56 B4 02 7C E0 03 1F F8 C0 07 3E F0 81 0F 7C E4
[21:09:46.145] ADDR:0xEE TYPE:RC_CHANNELS_PACKED        LEN:26 | EE 18 16 E0 C3 5E 2B B2 D7 8A 56 B4 02 7C E0 03 1F F8 C0 07 3E F0 81 0F 7C E4
[21:09:46.145] ADDR:0xEE TYPE:RC_CHANNELS_PACKED        LEN:26 | EE 18 16 E0 C3 5E 2B B2 D7 8A 56 B4 02 7C E0 03 1F F8 C0 07 3E F0 81 0F 7C E4
[21:09:46.165] ADDR:0xEE TYPE:RC_CHANNELS_PACKED        LEN:26 | EE 18 16 E0 C3 5E 2B B4 D7 8A 56 B4 02 7C E0 03 1F F8 C0 07 3E F0 81 0F 7C 60
[21:09:46.176] ADDR:0xEE TYPE:RC_CHANNELS_PACKED        LEN:26 | EE 18 16 E0 C3 5E 2B B4 D7 8A 56 B4 02 7C E0 03 1F F8 C0 07 3E F0 81 0F 7C 60
[21:09:46.176] ADDR:0xEE TYPE:RC_CHANNELS_PACKED        LEN:26 | EE 18 16 E0 C3 5E 2B AE D7 8A 56 B4 02 7C E0 03 1F F8 C0 07 3E F0 81 0F 7C 73
[21:09:46.196] ADDR:0xEE TYPE:RC_CHANNELS_PACKED        LEN:26 | EE 18 16 E0 C3 5E 2B B2 D7 8A 56 B4 02 7C E0 03 1F F8 C0 07 3E F0 81 0F 7C E4
[21:09:46.196] ADDR:0xEE TYPE:RC_CHANNELS_PACKED        LEN:26 | EE 18 16 E0 C3 5E 2B B2 D7 8A 56 B4 02 7C E0 03 1F F8 C0 07 3E F0 81 0F 7C E4
[21:09:46.206] ADDR:0xEE TYPE:RC_CHANNELS_PACKED        LEN:26 | EE 18 16 E0 C3 5E 2B B0 D7 8A 56 B4 02 7C E0 03 1F F8 C0 07 3E F0 81 0F 7C 98
[21:09:46.226] ADDR:0xEE TYPE:RC_CHANNELS_PACKED        LEN:26 | EE 18 16 E0 C3 5E 2B B0 D7 8A 56 B4 02 7C E0 03 1F F8 C0 07 3E F0 81 0F 7C 98
[21:09:46.227] ADDR:0xEE TYPE:RC_CHANNELS_PACKED        LEN:26 | EE 18 16 E0 C3 5E 2B B2 D7 8A 56 B4 02 7C E0 03 1F F8 C0 07 3E F0 81 0F 7C E4
[21:09:46.247] ADDR:0xEE TYPE:RC_CHANNELS_PACKED        LEN:26 | EE 18 16 E0 C3 5E 2B B2 D7 8A 56 B4 02 7C E0 03 1F F8 C0 07 3E F0 81 0F 7C E4
[21:09:46.257] ADDR:0xEE TYPE:RC_CHANNELS_PACKED        LEN:26 | EE 18 16 E0 C3 5E 2B B2 D7 8A 56 B4 02 7C E0 03 1F F8 C0 07 3E F0 81 0F 7C E4
[21:09:46.257] ADDR:0xEE TYPE:RC_CHANNELS_PACKED        LEN:26 | EE 18 16 E0 C3 5E 2B B2 D7 8A 56 B4 02 7C E0 03 1F F8 C0 07 3E F0 81 0F 7C E4
[21:09:46.277] ADDR:0xEE TYPE:RC_CHANNELS_PACKED        LEN:26 | EE 18 16 E0 C3 5E 2B B2 D7 8A 56 B4 02 7C E0 03 1F F8 C0 07 3E F0 81 0F 7C E4
[21:09:46.277] ADDR:0xEE TYPE:RC_CHANNELS_PACKED        LEN:26 | EE 18 16 E0 C3 5E 2B B2 D7 8A 56 B4 02 7C E0 03 1F F8 C0 07 3E F0 81 0F 7C E4
[21:09:46.287] ADDR:0xEA TYPE:ELRS_STATUS               LEN:15 | EA 0D 3A EA EE 10 00 01 86 A0 00 00 01 0F 6E
[21:09:46.288] ADDR:0xEE TYPE:RC_CHANNELS_PACKED        LEN:26 | EE 18 16 E0 C3 5E 2B AE D7 8A 56 B4 02 7C E0 03 1F F8 C0 07 3E F0 81 0F 7C 73
[21:09:46.308] ADDR:0xEE TYPE:RC_CHANNELS_PACKED        LEN:26 | EE 18 16 DF C3 5E 2B B0 D7 8A 56 B4 02 7C E0 03 1F F8 C0 07 3E F0 81 0F 7C 1A
[21:09:46.308] ADDR:0xEE TYPE:RC_CHANNELS_PACKED        LEN:26 | EE 18 16 E0 C3 5E 2B B2 D7 8A 56 B4 02 7C E0 03 1F F8 C0 07 3E F0 81 0F 7C E4
[21:09:46.318] ADDR:0xEE TYPE:RC_CHANNELS_PACKED        LEN:26 | EE 18 16 E0 C3 5E 2B AE D7 8A 56 B4 02 7C E0 03 1F F8 C0 07 3E F0 81 0F 7C 73
[21:09:46.338] ADDR:0xEE TYPE:RC_CHANNELS_PACKED        LEN:26 | EE 18 16 E0 C3 5E 2B B2 D7 8A 56 B4 02 7C E0 03 1F F8 C0 07 3E F0 81 0F 7C E4
[21:09:46.339] ADDR:0xEE TYPE:RC_CHANNELS_PACKED        LEN:26 | EE 18 16 E0 C3 5E 2B B2 D7 8A 56 B4 02 7C E0 03 1F F8 C0 07 3E F0 81 0F 7C E4
[21:09:46.359] ADDR:0xEE TYPE:RC_CHANNELS_PACKED        LEN:26 | EE 18 16 E0 C3 5E 2B B0 D7 8A 56 B4 02 7C E0 03 1F F8 C0 07 3E F0 81 0F 7C 98
[21:09:46.359] ADDR:0xEE TYPE:RC_CHANNELS_PACKED        LEN:26 | EE 18 16 E0 C3 5E 2B B2 D7 8A 56 B4 02 7C E0 03 1F F8 C0 07 3E F0 81 0F 7C E4
[21:09:46.369] ADDR:0xEE TYPE:RC_CHANNELS_PACKED        LEN:26 | EE 18 16 E0 C3 5E 2B B2 D7 8A 56 B4 02 7C E0 03 1F F8 C0 07 3E F0 81 0F 7C E4
[21:09:46.390] ADDR:0xEE TYPE:RC_CHANNELS_PACKED        LEN:26 | EE 18 16 E0 BB 5E 2B B2 D7 8A 56 B4 02 7C E0 03 1F F8 C0 07 3E F0 81 0F 7C 44
[21:09:46.390] ADDR:0xEE TYPE:RC_CHANNELS_PACKED        LEN:26 | EE 18 16 E0 C3 5E 2B B2 D7 8A 56 B4 02 7C E0 03 1F F8 C0 07 3E F0 81 0F 7C E4
[21:09:46.400] ADDR:0xEE TYPE:RC_CHANNELS_PACKED        LEN:26 | EE 18 16 E0 C3 5E 2B B2 D7 8A 56 B4 02 7C E0 03 1F F8 C0 07 3E F0 81 0F 7C E4
[21:09:46.420] ADDR:0xEE TYPE:RC_CHANNELS_PACKED        LEN:26 | EE 18 16 E0 C3 5E 2B B2 D7 8A 56 B4 02 7C E0 03 1F F8 C0 07 3E F0 81 0F 7C E4
[21:09:46.420] ADDR:0xEE TYPE:RC_CHANNELS_PACKED        LEN:26 | EE 18 16 E0 C3 5E 2B B2 D7 8A 56 B4 02 7C E0 03 1F F8 C0 07 3E F0 81 0F 7C E4
[21:09:46.430] ADDR:0xEE TYPE:RC_CHANNELS_PACKED        LEN:26 | EE 18 16 E0 C3 5E 2B B2 D7 8A 56 B4 02 7C E0 03 1F F8 C0 07 3E F0 81 0F 7C E4
[21:09:46.430] ADDR:0xEE TYPE:RC_CHANNELS_PACKED        LEN:26 | EE 18 16 E0 C3 5E 2B B0 D7 8A 56 B4 02 7C E0 03 1F F8 C0 07 3E F0 81 0F 7C 98
[21:09:46.451] ADDR:0xEE TYPE:RC_CHANNELS_PACKED        LEN:26 | EE 18 16 E0 BB 5E 2B B2 D7 8A 56 B4 02 7C E0 03 1F F8 C0 07 3E F0 81 0F 7C 44
[21:09:46.461] ADDR:0xEE TYPE:RC_CHANNELS_PACKED        LEN:26 | EE 18 16 E0 C3 5E 2B B2 D7 8A 56 B4 02 7C E0 03 1F F8 C0 07 3E F0 81 0F 7C E4
[21:09:46.461] ADDR:0xEE TYPE:RC_CHANNELS_PACKED        LEN:26 | EE 18 16 E0 C3 5E 2B B0 D7 8A 56 B4 02 7C E0 03 1F F8 C0 07 3E F0 81 0F 7C 98
[21:09:46.481] ADDR:0xEE TYPE:RC_CHANNELS_PACKED        LEN:26 | EE 18 16 E0 C3 5E 2B B2 D7 8A 56 B4 02 7C E0 03 1F F8 C0 07 3E F0 81 0F 7C E4
[21:09:46.481] ADDR:0xEA TYPE:ELRS_STATUS               LEN:15 | EA 0D 3A EA EE 10 00 01 86 A0 00 00 00 57 83
[21:09:46.501] ADDR:0xEE TYPE:RC_CHANNELS_PACKED        LEN:26 | EE 18 16 E0 BB 5E 2B B2 D7 8A 56 B4 02 7C E0 03 1F F8 C0 07 3E F0 81 0F 7C 44
[21:09:46.501] ADDR:0xEE TYPE:RC_CHANNELS_PACKED        LEN:26 | EE 18 16 E0 C3 5E 2B B2 D7 8A 56 B4 02 7C E0 03 1F F8 C0 07 3E F0 81 0F 7C E4
[21:09:46.512] ADDR:0xEE TYPE:RC_CHANNELS_PACKED        LEN:26 | EE 18 16 E0 C3 5E 2B B2 D7 8A 56 B4 02 7C E0 03 1F F8 C0 07 3E F0 81 0F 7C E4
[21:09:46.512] ADDR:0xEE TYPE:RC_CHANNELS_PACKED        LEN:26 | EE 18 16 E0 C3 5E 2B B0 D7 8A 56 B4 02 7C E0 03 1F F8 C0 07 3E F0 81 0F 7C 98
[21:09:46.532] ADDR:0xEE TYPE:RC_CHANNELS_PACKED        LEN:26 | EE 18 16 E0 C3 5E 2B B2 D7 8A 56 B4 02 7C E0 03 1F F8 C0 07 3E F0 81 0F 7C E4
[21:09:46.542] ADDR:0xEE TYPE:RC_CHANNELS_PACKED        LEN:26 | EE 18 16 E0 C3 5E 2B B2 D7 8A 56 B4 02 7C E0 03 1F F8 C0 07 3E F0 81 0F 7C E4
[21:09:46.542] ADDR:0xEE TYPE:RC_CHANNELS_PACKED        LEN:26 | EE 18 16 E0 C3 5E 2B B2 D7 8A 56 B4 02 7C E0 03 1F F8 C0 07 3E F0 81 0F 7C E4
[21:09:46.562] ADDR:0xEE TYPE:RC_CHANNELS_PACKED        LEN:26 | EE 18 16 E0 C3 5E 2B B2 D7 8A 56 B4 02 7C E0 03 1F F8 C0 07 3E F0 81 0F 7C E4
[21:09:46.583] ADDR:0xEE TYPE:RC_CHANNELS_PACKED        LEN:26 | EE 18 16 E0 C3 5E 2B B2 D7 8A 56 B4 02 7C E0 03 1F F8 C0 07 3E F0 81 0F 7C E4
[21:09:46.583] ADDR:0xEE TYPE:RC_CHANNELS_PACKED        LEN:26 | EE 18 16 E0 C3 5E 2B B2 D7 8A 56 B4 02 7C E0 03 1F F8 C0 07 3E F0 81 0F 7C E4
[21:09:46.593] ADDR:0xEE TYPE:RC_CHANNELS_PACKED        LEN:26 | EE 18 16 E0 C3 5E 2B B0 D7 8A 56 B4 02 7C E0 03 1F F8 C0 07 3E F0 81 0F 7C 98
[21:09:46.593] ADDR:0xEE TYPE:RC_CHANNELS_PACKED        LEN:26 | EE 18 16 E0 C3 5E 2B B2 D7 8A 56 B4 02 7C E0 03 1F F8 C0 07 3E F0 81 0F 7C E4
[21:09:46.613] ADDR:0xEE TYPE:RC_CHANNELS_PACKED        LEN:26 | EE 18 16 E0 C3 5E 2B B2 D7 8A 56 B4 02 7C E0 03 1F F8 C0 07 3E F0 81 0F 7C E4
[21:09:46.623] ADDR:0xEE TYPE:RC_CHANNELS_PACKED        LEN:26 | EE 18 16 E0 C3 5E 2B B2 D7 8A 56 B4 02 7C E0 03 1F F8 C0 07 3E F0 81 0F 7C E4
[21:09:46.624] ADDR:0xEE TYPE:RC_CHANNELS_PACKED        LEN:26 | EE 18 16 DF C3 5E 2B B2 D7 8A 56 B4 02 7C E0 03 1F F8 C0 07 3E F0 81 0F 7C 66
[21:09:46.644] ADDR:0xEE TYPE:RC_CHANNELS_PACKED        LEN:26 | EE 18 16 E0 C3 5E 2B B2 D7 8A 56 B4 02 7C E0 03 1F F8 C0 07 3E F0 81 0F 7C E4
[21:09:46.654] ADDR:0xEE TYPE:RC_CHANNELS_PACKED        LEN:26 | EE 18 16 E0 AB 5E 2B B2 D7 8A 56 B4 02 7C E0 03 1F F8 C0 07 3E F0 81 0F 7C 15
[21:09:46.654] ADDR:0xEE TYPE:RC_CHANNELS_PACKED        LEN:26 | EE 18 16 E0 C3 5E 2B B2 D7 8A 56 B4 02 7C E0 03 1F F8 C0 07 3E F0 81 0F 7C E4
[21:09:46.675] ADDR:0xEE TYPE:RC_CHANNELS_PACKED        LEN:26 | EE 18 16 E0 C3 5E 2B B2 D7 8A 56 B4 02 7C E0 03 1F F8 C0 07 3E F0 81 0F 7C E4
[21:09:46.675] ADDR:0xEE TYPE:RC_CHANNELS_PACKED        LEN:26 | EE 18 16 E0 C3 5E 2B B2 D7 8A 56 B4 02 7C E0 03 1F F8 C0 07 3E F0 81 0F 7C E4
[21:09:46.685] ADDR:0xEA TYPE:ELRS_STATUS               LEN:15 | EA 0D 3A EA EE 10 00 01 86 A0 00 00 00 B5 2A
[21:09:46.685] ADDR:0xEE TYPE:RC_CHANNELS_PACKED        LEN:26 | EE 18 16 E0 C3 5E 2B B0 D7 8A 56 B4 02 7C E0 03 1F F8 C0 07 3E F0 81 0F 7C 98
[21:09:46.705] ADDR:0xEE TYPE:RC_CHANNELS_PACKED        LEN:26 | EE 18 16 E0 C3 5E 2B B2 D7 8A 56 B4 02 7C E0 03 1F F8 C0 07 3E F0 81 0F 7C E4
[21:09:46.706] ADDR:0xEE TYPE:RC_CHANNELS_PACKED        LEN:26 | EE 18 16 E0 AB 5E 2B B2 D7 8A 56 B4 02 7C E0 03 1F F8 C0 07 3E F0 81 0F 7C 15
[21:09:46.726] ADDR:0xEE TYPE:RC_CHANNELS_PACKED        LEN:26 | EE 18 16 E0 C3 5E 2B B2 D7 8A 56 B4 02 7C E0 03 1F F8 C0 07 3E F0 81 0F 7C E4
[21:09:46.736] ADDR:0xEE TYPE:RC_CHANNELS_PACKED        LEN:26 | EE 18 16 E0 C3 5E 2B AE D7 8A 56 B4 02 7C E0 03 1F F8 C0 07 3E F0 81 0F 7C 73
[21:09:46.736] ADDR:0xEE TYPE:RC_CHANNELS_PACKED        LEN:26 | EE 18 16 E0 C3 5E 2B B2 D7 8A 56 B4 02 7C E0 03 1F F8 C0 07 3E F0 81 0F 7C E4
[21:09:46.756] ADDR:0xEE TYPE:RC_CHANNELS_PACKED        LEN:26 | EE 18 16 E0 C3 5E 2B B2 D7 8A 56 B4 02 7C E0 03 1F F8 C0 07 3E F0 81 0F 7C E4
[21:09:46.756] ADDR:0xEE TYPE:RC_CHANNELS_PACKED        LEN:26 | EE 18 16 E0 BB 5E 2B B2 D7 8A 56 B4 02 7C E0 03 1F F8 C0 07 3E F0 81 0F 7C 44
[21:09:46.767] ADDR:0xEE TYPE:RC_CHANNELS_PACKED        LEN:26 | EE 18 16 E0 C3 5E 2B B2 D7 8A 56 B4 02 7C E0 03 1F F8 C0 07 3E F0 81 0F 7C E4
[21:09:46.787] ADDR:0xEE TYPE:RC_CHANNELS_PACKED        LEN:26 | EE 18 16 E0 BB 5E 2B B2 D7 8A 56 B4 02 7C E0 03 1F F8 C0 07 3E F0 81 0F 7C 44
[21:09:46.787] ADDR:0xEE TYPE:RC_CHANNELS_PACKED        LEN:26 | EE 18 16 DF C3 5E 2B B2 D7 8A 56 B4 02 7C E0 03 1F F8 C0 07 3E F0 81 0F 7C 66
[21:09:46.797] ADDR:0xEE TYPE:RC_CHANNELS_PACKED        LEN:26 | EE 18 16 E0 C3 5E 2B B2 D7 8A 56 B4 02 7C E0 03 1F F8 C0 07 3E F0 81 0F 7C E4
[21:09:46.817] ADDR:0xEE TYPE:RC_CHANNELS_PACKED        LEN:26 | EE 18 16 E0 C3 5E 2B B2 D7 8A 56 B4 02 7C E0 03 1F F8 C0 07 3E F0 81 0F 7C E4
[21:09:46.817] ADDR:0xEE TYPE:RC_CHANNELS_PACKED        LEN:26 | EE 18 16 E0 C3 5E 2B B2 D7 8A 56 B4 02 7C E0 03 1F F8 C0 07 3E F0 81 0F 7C E4
[21:09:46.838] ADDR:0xEE TYPE:RC_CHANNELS_PACKED        LEN:26 | EE 18 16 E0 C3 5E 2B B2 D7 8A 56 B4 02 7C E0 03 1F F8 C0 07 3E F0 81 0F 7C E4
[21:09:46.838] ADDR:0xEE TYPE:RC_CHANNELS_PACKED        LEN:26 | EE 18 16 E0 C3 5E 2B B0 D7 8A 56 B4 02 7C E0 03 1F F8 C0 07 3E F0 81 0F 7C 98
[21:09:46.848] ADDR:0xEE TYPE:RC_CHANNELS_PACKED        LEN:26 | EE 18 16 E0 C3 5E 2B B2 D7 8A 56 B4 02 7C E0 03 1F F8 C0 07 3E F0 81 0F 7C E4
[21:09:46.870] ADDR:0xEE TYPE:RC_CHANNELS_PACKED        LEN:26 | EE 18 16 E0 C3 5E 2B AE D7 8A 56 B4 02 7C E0 03 1F F8 C0 07 3E F0 81 0F 7C 73
[21:09:46.870] ADDR:0xEE TYPE:RC_CHANNELS_PACKED        LEN:26 | EE 18 16 E0 C3 5E 2B B2 D7 8A 56 B4 02 7C E0 03 1F F8 C0 07 3E F0 81 0F 7C E4
[21:09:46.880] ADDR:0xEE TYPE:RC_CHANNELS_PACKED        LEN:26 | EE 18 16 E0 C3 5E 2B B0 D7 8A 56 B4 02 7C E0 03 1F F8 C0 07 3E F0 81 0F 7C 98
[21:09:46.880] ADDR:0xEA TYPE:ELRS_STATUS               LEN:15 | EA 0D 3A EA EE 10 00 01 86 A0 00 00 00 24 42
[21:09:46.901] ADDR:0xEE TYPE:RC_CHANNELS_PACKED        LEN:26 | EE 18 16 E0 C3 5E 2B B2 D7 8A 56 B4 02 7C E0 03 1F F8 C0 07 3E F0 81 0F 7C E4
[21:09:46.901] ADDR:0xEE TYPE:RC_CHANNELS_PACKED        LEN:26 | EE 18 16 E0 C3 5E 2B B2 D7 8A 56 B4 02 7C E0 03 1F F8 C0 07 3E F0 81 0F 7C E4
[21:09:46.911] ADDR:0xEE TYPE:RC_CHANNELS_PACKED        LEN:26 | EE 18 16 E0 C3 5E 2B B2 D7 8A 56 B4 02 7C E0 03 1F F8 C0 07 3E F0 81 0F 7C E4
[21:09:46.911] ADDR:0xEE TYPE:RC_CHANNELS_PACKED        LEN:26 | EE 18 16 E0 BB 5E 2B B2 D7 8A 56 B4 02 7C E0 03 1F F8 C0 07 3E F0 81 0F 7C 44
[21:09:46.931] ADDR:0xEE TYPE:RC_CHANNELS_PACKED        LEN:26 | EE 18 16 E0 BB 5E 2B B2 D7 8A 56 B4 02 7C E0 03 1F F8 C0 07 3E F0 81 0F 7C 44
[21:09:46.941] ADDR:0xEE TYPE:RC_CHANNELS_PACKED        LEN:26 | EE 18 16 E0 C3 5E 2B B0 D7 8A 56 B4 02 7C E0 03 1F F8 C0 07 3E F0 81 0F 7C 98
[21:09:46.941] ADDR:0xEE TYPE:RC_CHANNELS_PACKED        LEN:26 | EE 18 16 E0 C3 5E 2B B0 D7 8A 56 B4 02 7C E0 03 1F F8 C0 07 3E F0 81 0F 7C 98
[21:09:46.962] ADDR:0xEE TYPE:RC_CHANNELS_PACKED        LEN:26 | EE 18 16 E0 C3 5E 2B B2 D7 8A 56 B4 02 7C E0 03 1F F8 C0 07 3E F0 81 0F 7C E4
[21:09:46.982] ADDR:0xEE TYPE:RC_CHANNELS_PACKED        LEN:26 | EE 18 16 E0 C3 5E 2B B2 D7 8A 56 B4 02 7C E0 03 1F F8 C0 07 3E F0 81 0F 7C E4
[21:09:46.982] ADDR:0xEE TYPE:RC_CHANNELS_PACKED        LEN:26 | EE 18 16 E0 C3 5E 2B B0 D7 8A 56 B4 02 7C E0 03 1F F8 C0 07 3E F0 81 0F 7C 98
[21:09:46.992] ADDR:0xEE TYPE:RC_CHANNELS_PACKED        LEN:26 | EE 18 16 DF C3 5E 2B B2 D7 8A 56 B4 02 7C E0 03 1F F8 C0 07 3E F0 81 0F 7C 66
[21:09:46.992] ADDR:0xEE TYPE:RC_CHANNELS_PACKED        LEN:26 | EE 18 16 E0 C3 5E 2B B2 D7 8A 56 B4 02 7C E0 03 1F F8 C0 07 3E F0 81 0F 7C E4
[21:09:47.012] ADDR:0xEE TYPE:RC_CHANNELS_PACKED        LEN:26 | EE 18 16 E0 C3 5E 2B B2 D7 8A 56 B4 02 7C E0 03 1F F8 C0 07 3E F0 81 0F 7C E4
[21:09:47.023] ADDR:0xEE TYPE:RC_CHANNELS_PACKED        LEN:26 | EE 18 16 E0 C3 5E 2B B2 D7 8A 56 B4 02 7C E0 03 1F F8 C0 07 3E F0 81 0F 7C E4
[21:09:47.023] ADDR:0xEE TYPE:RC_CHANNELS_PACKED        LEN:26 | EE 18 16 E0 C3 5E 2B B4 D7 8A 56 B4 02 7C E0 03 1F F8 C0 07 3E F0 81 0F 7C 60
[21:09:47.043] ADDR:0xEE TYPE:RC_CHANNELS_PACKED        LEN:26 | EE 18 16 E0 C3 5E 2B B2 D7 8A 56 B4 02 7C E0 03 1F F8 C0 07 3E F0 81 0F 7C E4
[21:09:47.053] ADDR:0xEE TYPE:RC_CHANNELS_PACKED        LEN:26 | EE 18 16 E0 C3 5E 2B B0 D7 8A 56 B4 02 7C E0 03 1F F8 C0 07 3E F0 81 0F 7C 98
[21:09:47.053] ADDR:0xEE TYPE:RC_CHANNELS_PACKED        LEN:26 | EE 18 16 E0 C3 5E 2B B2 D7 8A 56 B4 02 7C E0 03 1F F8 C0 07 3E F0 81 0F 7C E4
[21:09:47.074] ADDR:0xEE TYPE:RC_CHANNELS_PACKED        LEN:26 | EE 18 16 E0 C3 5E 2B B4 D7 8A 56 B4 02 7C E0 03 1F F8 C0 07 3E F0 81 0F 7C 60
[21:09:47.074] ADDR:0xEE TYPE:RC_CHANNELS_PACKED        LEN:26 | EE 18 16 E0 C3 5E 2B B2 D7 8A 56 B4 02 7C E0 03 1F F8 C0 07 3E F0 81 0F 7C E4
[21:09:47.094] ADDR:0xEA TYPE:ELRS_STATUS               LEN:15 | EA 0D 3A EA EE 10 00 01 86 A0 00 00 00 FA CA
[21:09:47.094] ADDR:0xEE TYPE:RC_CHANNELS_PACKED        LEN:26 | EE 18 16 E0 C3 5E 2B B2 D7 8A 56 B4 02 7C E0 03 1F F8 C0 07 3E F0 81 0F 7C E4
[21:09:47.104] ADDR:0xEE TYPE:RC_CHANNELS_PACKED        LEN:26 | EE 18 16 E0 BB 5E 2B B2 D7 8A 56 B4 02 7C E0 03 1F F8 C0 07 3E F0 81 0F 7C 44
[21:09:47.104] ADDR:0xEE TYPE:RC_CHANNELS_PACKED        LEN:26 | EE 18 16 DF C3 5E 2B B2 D7 8A 56 B4 02 7C E0 03 1F F8 C0 07 3E F0 81 0F 7C 66
[21:09:47.124] ADDR:0xEE TYPE:RC_CHANNELS_PACKED        LEN:26 | EE 18 16 E0 C3 5E 2B B2 D7 8A 56 B4 02 7C E0 03 1F F8 C0 07 3E F0 81 0F 7C E4
[21:09:47.135] ADDR:0xEE TYPE:RC_CHANNELS_PACKED        LEN:26 | EE 18 16 E0 C3 5E 2B B4 D7 8A 56 B4 02 7C E0 03 1F F8 C0 07 3E F0 81 0F 7C 60
[21:09:47.135] ADDR:0xEE TYPE:RC_CHANNELS_PACKED        LEN:26 | EE 18 16 E0 C3 5E 2B B2 D7 8A 56 B4 02 7C E0 03 1F F8 C0 07 3E F0 81 0F 7C E4
[21:09:47.155] ADDR:0xEE TYPE:RC_CHANNELS_PACKED        LEN:26 | EE 18 16 E0 C3 5E 2B AE D7 8A 56 B4 02 7C E0 03 1F F8 C0 07 3E F0 81 0F 7C 73
[21:09:47.155] ADDR:0xEE TYPE:RC_CHANNELS_PACKED        LEN:26 | EE 18 16 E0 C3 5E 2B B2 D7 8A 56 B4 02 7C E0 03 1F F8 C0 07 3E F0 81 0F 7C E4
[21:09:47.165] ADDR:0xEE TYPE:RC_CHANNELS_PACKED        LEN:26 | EE 18 16 E0 C3 5E 2B B2 D7 8A 56 B4 02 7C E0 03 1F F8 C0 07 3E F0 81 0F 7C E4
[21:09:47.187] ADDR:0xEE TYPE:RC_CHANNELS_PACKED        LEN:26 | EE 18 16 E0 C3 5E 2B B2 D7 8A 56 B4 02 7C E0 03 1F F8 C0 07 3E F0 81 0F 7C E4
[21:09:47.187] ADDR:0xEE TYPE:RC_CHANNELS_PACKED        LEN:26 | EE 18 16 E0 C3 5E 2B AA D7 8A 56 B4 02 7C E0 03 1F F8 C0 07 3E F0 81 0F 7C 8B
[21:09:47.197] ADDR:0xEE TYPE:RC_CHANNELS_PACKED        LEN:26 | EE 18 16 E0 BB 5E 2B B2 D7 8A 56 B4 02 7C E0 03 1F F8 C0 07 3E F0 81 0F 7C 44
[21:09:47.218] ADDR:0xEE TYPE:RC_CHANNELS_PACKED        LEN:26 | EE 18 16 E0 C3 5E 2B B2 D7 8A 56 B4 02 7C E0 03 1F F8 C0 07 3E F0 81 0F 7C E4
[21:09:47.218] ADDR:0xEE TYPE:RC_CHANNELS_PACKED        LEN:26 | EE 18 16 E0 C3 5E 2B B2 D7 8A 56 B4 02 7C E0 03 1F F8 C0 07 3E F0 81 0F 7C E4
[21:09:47.238] ADDR:0xEE TYPE:RC_CHANNELS_PACKED        LEN:26 | EE 18 16 E0 C3 5E 2B B2 D7 8A 56 B4 02 7C E0 03 1F F8 C0 07 3E F0 81 0F 7C E4
[21:09:47.238] ADDR:0xEE TYPE:RC_CHANNELS_PACKED        LEN:26 | EE 18 16 E0 C3 5E 2B B0 D7 8A 56 B4 02 7C E0 03 1F F8 C0 07 3E F0 81 0F 7C 98
[21:09:47.248] ADDR:0xEE TYPE:RC_CHANNELS_PACKED        LEN:26 | EE 18 16 DF C3 5E 2B B0 D7 8A 56 B4 02 7C E0 03 1F F8 C0 07 3E F0 81 0F 7C 1A
[21:09:47.268] ADDR:0xEE TYPE:RC_CHANNELS_PACKED        LEN:26 | EE 18 16 E0 C3 5E 2B B2 D7 8A 56 B4 02 7C E0 03 1F F8 C0 07 3E F0 81 0F 7C E4
[21:09:47.269] ADDR:0xEE TYPE:RC_CHANNELS_PACKED        LEN:26 | EE 18 16 E0 C3 5E 2B B2 D7 8A 56 B4 02 7C E0 03 1F F8 C0 07 3E F0 81 0F 7C E4
[21:09:47.279] ADDR:0xEE TYPE:RC_CHANNELS_PACKED        LEN:26 | EE 18 16 E0 C3 5E 2B B2 D7 8A 56 B4 02 7C E0 03 1F F8 C0 07 3E F0 81 0F 7C E4
[21:09:47.279] ADDR:0xEA TYPE:ELRS_STATUS               LEN:15 | EA 0D 3A EA EE 10 00 01 86 A0 00 00 00 E7 9A
[21:09:47.299] ADDR:0xEE TYPE:RC_CHANNELS_PACKED        LEN:26 | EE 18 16 E0 BB 5E 2B B2 D7 8A 56 B4 02 7C E0 03 1F F8 C0 07 3E F0 81 0F 7C 44
[21:09:47.299] ADDR:0xEE TYPE:RC_CHANNELS_PACKED        LEN:26 | EE 18 16 E0 BB 5E 2B B2 D7 8A 56 B4 02 7C E0 03 1F F8 C0 07 3E F0 81 0F 7C 44
[21:09:47.309] ADDR:0xEE TYPE:RC_CHANNELS_PACKED        LEN:26 | EE 18 16 E0 C3 5E 2B B0 D7 8A 56 B4 02 7C E0 03 1F F8 C0 07 3E F0 81 0F 7C 98
[21:09:47.309] ADDR:0xEE TYPE:PARAMETER_READ            LEN:08 | EE 06 2C EE EA 01 00 86
[21:09:47.339] ADDR:0xEE TYPE:RC_CHANNELS_PACKED        LEN:26 | EE 18 16 E0 C3 5E 2B B0 D7 8A 56 B4 02 7C E0 03 1F F8 C0 07 3E F0 81 0F 7C 98
[21:09:47.340] ADDR:0xEA TYPE:PARAMETER_SETTINGS_ENTRY  LEN:64 | EA 3E 2B EA EE 01 02 00 09 50 61 63 6B 65 74 20 52 61 74 65 00 35 30 48 7A 28 2D 31 31 35 64 42 6D 29 3B 31 30 30 48 7A 20 46 75 6C 6C 28 2D 31 31 32 64 42 6D 29 3B 31 35 30 48 7A 28 2D 31 FC
[21:09:47.340] ADDR:0xEE TYPE:RC_CHANNELS_PACKED        LEN:26 | EE 18 16 E0 C3 5E 2B B0 D7 8A 56 B4 02 7C E0 03 1F F8 C0 07 3E F0 81 0F 7C 98
[21:09:47.360] ADDR:0xEE TYPE:RC_CHANNELS_PACKED        LEN:26 | EE 18 16 E0 C3 5E 2B B2 D7 8A 56 B4 02 7C E0 03 1F F8 C0 07 3E F0 81 0F 7C E4
[21:09:47.360] ADDR:0xEE TYPE:RC_CHANNELS_PACKED        LEN:26 | EE 18 16 E0 C3 5E 2B B2 D7 8A 56 B4 02 7C E0 03 1F F8 C0 07 3E F0 81 0F 7C E4
[21:09:47.371] ADDR:0xEE TYPE:RC_CHANNELS_PACKED        LEN:26 | EE 18 16 E0 BB 5E 2B B2 D7 8A 56 B4 02 7C E0 03 1F F8 C0 07 3E F0 81 0F 7C 44
[21:09:47.391] ADDR:0xEE TYPE:RC_CHANNELS_PACKED        LEN:26 | EE 18 16 E0 C3 5E 2B B2 D7 8A 56 B4 02 7C E0 03 1F F8 C0 07 3E F0 81 0F 7C E4
[21:09:47.391] ADDR:0xEE TYPE:RC_CHANNELS_PACKED        LEN:26 | EE 18 16 E0 C3 5E 2B B2 D7 8A 56 B4 02 7C E0 03 1F F8 C0 07 3E F0 81 0F 7C E4
[21:09:47.401] ADDR:0xEE TYPE:RC_CHANNELS_PACKED        LEN:26 | EE 18 16 E0 C3 5E 2B B2 D7 8A 56 B4 02 7C E0 03 1F F8 C0 07 3E F0 81 0F 7C E4
[21:09:47.401] ADDR:0xEE TYPE:RC_CHANNELS_PACKED        LEN:26 | EE 18 16 E0 C3 5E 2B B2 D7 8A 56 B4 02 7C E0 03 1F F8 C0 07 3E F0 81 0F 7C E4
[21:09:47.421] ADDR:0xEE TYPE:PARAMETER_READ            LEN:08 | EE 06 2C EE EA 01 01 53
[21:09:47.442] ADDR:0xEE TYPE:RC_CHANNELS_PACKED        LEN:26 | EE 18 16 E0 C3 5E 2B B0 D7 8A 56 B4 02 7C E0 03 1F F8 C0 07 3E F0 81 0F 7C 98
[21:09:47.442] ADDR:0xEA TYPE:PARAMETER_SETTINGS_ENTRY  LEN:64 | EA 3E 2B EA EE 01 01 31 32 64 42 6D 29 3B 32 35 30 48 7A 28 2D 31 30 38 64 42 6D 29 3B 33 33 33 48 7A 20 46 75 6C 6C 28 2D 31 30 35 64 42 6D 29 3B 35 30 30 48 7A 28 2D 31 30 35 64 42 6D 29 94
[21:09:47.442] ADDR:0xEE TYPE:RC_CHANNELS_PACKED        LEN:26 | EE 18 16 E0 C3 5E 2B B2 D7 8A 56 B4 02 7C E0 03 1F F8 C0 07 3E F0 81 0F 7C E4
[21:09:47.452] ADDR:0xEE TYPE:RC_CHANNELS_PACKED        LEN:26 | EE 18 16 E0 C3 5E 2B B2 D7 8A 56 B4 02 7C E0 03 1F F8 C0 07 3E F0 81 0F 7C E4
[21:09:47.452] ADDR:0xEE TYPE:RC_CHANNELS_PACKED        LEN:26 | EE 18 16 E0 C3 5E 2B B2 D7 8A 56 B4 02 7C E0 03 1F F8 C0 07 3E F0 81 0F 7C E4
[21:09:47.472] ADDR:0xEE TYPE:RC_CHANNELS_PACKED        LEN:26 | EE 18 16 E0 C3 5E 2B B2 D7 8A 56 B4 02 7C E0 03 1F F8 C0 07 3E F0 81 0F 7C E4
[21:09:47.503] ADDR:0xEE TYPE:RC_CHANNELS_PACKED        LEN:26 | EE 18 16 E0 BB 5E 2B B2 D7 8A 56 B4 02 7C E0 03 1F F8 C0 07 3E F0 81 0F 7C 44
[21:09:47.503] ADDR:0xEA TYPE:ELRS_STATUS               LEN:15 | EA 0D 3A EA EE 10 00 01 86 A0 00 00 00 53 7D
[21:09:47.503] ADDR:0xEE TYPE:RC_CHANNELS_PACKED        LEN:26 | EE 18 16 E0 C3 5E 2B B2 D7 8A 56 B4 02 7C E0 03 1F F8 C0 07 3E F0 81 0F 7C E4
[21:09:47.503] ADDR:0xEE TYPE:RC_CHANNELS_PACKED        LEN:26 | EE 18 16 E0 C3 5E 2B B2 D7 8A 56 B4 02 7C E0 03 1F F8 C0 07 3E F0 81 0F 7C E4
[21:09:47.513] ADDR:0xEE TYPE:RC_CHANNELS_PACKED        LEN:26 | EE 18 16 DF C3 5E 2B B2 D7 8A 56 B4 02 7C E0 03 1F F8 C0 07 3E F0 81 0F 7C 66
[21:09:47.513] ADDR:0xEE TYPE:PARAMETER_READ            LEN:08 | EE 06 2C EE EA 01 02 F9
[21:09:47.543] ADDR:0xEE TYPE:RC_CHANNELS_PACKED        LEN:26 | EE 18 16 E0 C3 5E 2B B2 D7 8A 56 B4 02 7C E0 03 1F F8 C0 07 3E F0 81 0F 7C E4
[21:09:47.544] ADDR:0xEA TYPE:PARAMETER_SETTINGS_ENTRY  LEN:56 | EA 36 2B EA EE 01 00 3B 44 32 35 30 28 2D 31 30 34 64 42 6D 29 3B 44 35 30 30 28 2D 31 30 34 64 42 6D 29 3B 46 35 30 30 28 2D 31 30 34 64 42 6D 29 00 01 00 08 00 00 B8
[21:09:47.544] ADDR:0xEE TYPE:RC_CHANNELS_PACKED        LEN:26 | EE 18 16 E0 C3 5E 2B B2 D7 8A 56 B4 02 7C E0 03 1F F8 C0 07 3E F0 81 0F 7C E4
[21:09:47.554] ADDR:0xEE TYPE:RC_CHANNELS_PACKED        LEN:26 | EE 18 16 E0 C3 5E 2B B2 D7 8A 56 B4 02 7C E0 03 1F F8 C0 07 3E F0 81 0F 7C E4
[21:09:47.554] ADDR:0xEE TYPE:RC_CHANNELS_PACKED        LEN:26 | EE 18 16 E0 BB 5E 2B B0 D7 8A 56 B4 02 7C E0 03 1F F8 C0 07 3E F0 81 0F 7C 38
[21:09:47.574] ADDR:0xEE TYPE:RC_CHANNELS_PACKED        LEN:26 | EE 18 16 E0 C3 5E 2B B0 D7 8A 56 B4 02 7C E0 03 1F F8 C0 07 3E F0 81 0F 7C 98
[21:09:47.584] ADDR:0xEE TYPE:RC_CHANNELS_PACKED        LEN:26 | EE 18 16 E0 C3 5E 2B B2 D7 8A 56 B4 02 7C E0 03 1F F8 C0 07 3E F0 81 0F 7C E4
[21:09:47.584] ADDR:0xEE TYPE:RC_CHANNELS_PACKED        LEN:26 | EE 18 16 E0 C3 5E 2B B2 D7 8A 56 B4 02 7C E0 03 1F F8 C0 07 3E F0 81 0F 7C E4
[21:09:47.605] ADDR:0xEE TYPE:RC_CHANNELS_PACKED        LEN:26 | EE 18 16 E0 C3 5E 2B B2 D7 8A 56 B4 02 7C E0 03 1F F8 C0 07 3E F0 81 0F 7C E4
[21:09:47.605] ADDR:0xEE TYPE:RC_CHANNELS_PACKED        LEN:26 | EE 18 16 E0 C3 5E 2B B2 D7 8A 56 B4 02 7C E0 03 1F F8 C0 07 3E F0 81 0F 7C E4
[21:09:47.625] ADDR:0xEE TYPE:PARAMETER_READ            LEN:08 | EE 06 2C EE EA 02 00 9B
[21:09:47.645] ADDR:0xEE TYPE:RC_CHANNELS_PACKED        LEN:26 | EE 18 16 E0 C3 5E 2B B2 D7 8A 56 B4 02 7C E0 03 1F F8 C0 07 3E F0 81 0F 7C E4
[21:09:47.645] ADDR:0xEA TYPE:PARAMETER_SETTINGS_ENTRY  LEN:64 | EA 3E 2B EA EE 02 01 00 09 54 65 6C 65 6D 20 52 61 74 69 6F 00 53 74 64 3B 4F 66 66 3B 31 3A 31 32 38 3B 31 3A 36 34 3B 31 3A 33 32 3B 31 3A 31 36 3B 31 3A 38 3B 31 3A 34 3B 31 3A 32 3B 52 B8
[21:09:47.645] ADDR:0xEE TYPE:RC_CHANNELS_PACKED        LEN:26 | EE 18 16 E0 C3 5E 2B B4 D7 8A 56 B4 02 7C E0 03 1F F8 C0 07 3E F0 81 0F 7C 60
[21:09:47.656] ADDR:0xEE TYPE:RC_CHANNELS_PACKED        LEN:26 | EE 18 16 E0 C3 5E 2B B2 D7 8A 56 B4 02 7C E0 03 1F F8 C0 07 3E F0 81 0F 7C E4
[21:09:47.656] ADDR:0xEE TYPE:RC_CHANNELS_PACKED        LEN:26 | EE 18 16 E0 C3 5E 2B B2 D7 8A 56 B4 02 7C E0 03 1F F8 C0 07 3E F0 81 0F 7C E4
[21:09:47.676] ADDR:0xEE TYPE:RC_CHANNELS_PACKED        LEN:26 | EE 18 16 E0 C3 5E 2B B4 D7 8A 56 B4 02 7C E0 03 1F F8 C0 07 3E F0 81 0F 7C 60
[21:09:47.696] ADDR:0xEE TYPE:RC_CHANNELS_PACKED        LEN:26 | EE 18 16 E0 C3 5E 2B AE D7 8A 56 B4 02 7C E0 03 1F F8 C0 07 3E F0 81 0F 7C 73
[21:09:47.696] ADDR:0xEA TYPE:ELRS_STATUS               LEN:15 | EA 0D 3A EA EE 10 00 01 86 A0 00 00 00 78 5A
[21:09:47.696] ADDR:0xEE TYPE:RC_CHANNELS_PACKED        LEN:26 | EE 18 16 E0 C3 5E 2B B2 D7 8A 56 B4 02 7C E0 03 1F F8 C0 07 3E F0 81 0F 7C E4
[21:09:47.696] ADDR:0xEE TYPE:RC_CHANNELS_PACKED        LEN:26 | EE 18 16 E0 BB 5E 2B B0 D7 8A 56 B4 02 7C E0 03 1F F8 C0 07 3E F0 81 0F 7C 38
[21:09:47.717] ADDR:0xEE TYPE:RC_CHANNELS_PACKED        LEN:26 | EE 18 16 E0 C3 5E 2B B0 D7 8A 56 B4 02 7C E0 03 1F F8 C0 07 3E F0 81 0F 7C 98
[21:09:47.717] ADDR:0xEE TYPE:PARAMETER_READ            LEN:08 | EE 06 2C EE EA 02 01 4E
[21:09:47.727] ADDR:0xEE TYPE:RC_CHANNELS_PACKED        LEN:26 | EE 18 16 E0 C3 5E 2B B2 D7 8A 56 B4 02 7C E0 03 1F F8 C0 07 3E F0 81 0F 7C E4
[21:09:47.727] ADDR:0xEA TYPE:PARAMETER_SETTINGS_ENTRY  LEN:25 | EA 17 2B EA EE 02 00 61 63 65 00 02 00 09 00 20 28 37 39 62 70 73 29 00 33
[21:09:47.748] ADDR:0xEE TYPE:RC_CHANNELS_PACKED        LEN:26 | EE 18 16 E0 C3 5E 2B B2 D7 8A 56 B4 02 7C E0 03 1F F8 C0 07 3E F0 81 0F 7C E4
[21:09:47.748] ADDR:0xEE TYPE:RC_CHANNELS_PACKED        LEN:26 | EE 18 16 E0 C3 5E 2B B2 D7 8A 56 B4 02 7C E0 03 1F F8 C0 07 3E F0 81 0F 7C E4
[21:09:47.758] ADDR:0xEE TYPE:RC_CHANNELS_PACKED        LEN:26 | EE 18 16 E0 C3 5E 2B B2 D7 8A 56 B4 02 7C E0 03 1F F8 C0 07 3E F0 81 0F 7C E4
[21:09:47.778] ADDR:0xEE TYPE:RC_CHANNELS_PACKED        LEN:26 | EE 18 16 E0 BB 5E 2B B0 D7 8A 56 B4 02 7C E0 03 1F F8 C0 07 3E F0 81 0F 7C 38
[21:09:47.778] ADDR:0xEE TYPE:RC_CHANNELS_PACKED        LEN:26 | EE 18 16 E0 C3 5E 2B B2 D7 8A 56 B4 02 7C E0 03 1F F8 C0 07 3E F0 81 0F 7C E4
[21:09:47.799] ADDR:0xEE TYPE:RC_CHANNELS_PACKED        LEN:26 | EE 18 16 E0 C3 5E 2B B2 D7 8A 56 B4 02 7C E0 03 1F F8 C0 07 3E F0 81 0F 7C E4
[21:09:47.799] ADDR:0xEE TYPE:RC_CHANNELS_PACKED        LEN:26 | EE 18 16 E0 C3 5E 2B B2 D7 8A 56 B4 02 7C E0 03 1F F8 C0 07 3E F0 81 0F 7C E4
[21:09:47.809] ADDR:0xEE TYPE:DEVICE_PING               LEN:06 | EE 04 28 00 EA 54
[21:09:47.839] ADDR:0xEE TYPE:RC_CHANNELS_PACKED        LEN:26 | EE 18 16 E0 C3 5E 2B B2 D7 8A 56 B4 02 7C E0 03 1F F8 C0 07 3E F0 81 0F 7C E4
[21:09:47.839] ADDR:0xEA TYPE:DEVICE_INFO               LEN:34 | EA 20 29 EA EE 48 4D 20 45 53 32 34 54 58 20 50 72 6F 00 45 4C 52 53 00 00 00 00 00 03 06 02 20 00 90
[21:09:47.839] ADDR:0xEE TYPE:RC_CHANNELS_PACKED        LEN:26 | EE 18 16 DF C3 5E 2B B4 D7 8A 56 B4 02 7C E0 03 1F F8 C0 07 3E F0 81 0F 7C E2
[21:09:47.839] ADDR:0xEE TYPE:RC_CHANNELS_PACKED        LEN:26 | EE 18 16 E0 C3 5E 2B B2 D7 8A 56 B4 02 7C E0 03 1F F8 C0 07 3E F0 81 0F 7C E4
[21:09:47.860] ADDR:0xEE TYPE:RC_CHANNELS_PACKED        LEN:26 | EE 18 16 E0 C3 5E 2B B2 D7 8A 56 B4 02 7C E0 03 1F F8 C0 07 3E F0 81 0F 7C E4
[21:09:47.861] ADDR:0xEE TYPE:RC_CHANNELS_PACKED        LEN:26 | EE 18 16 E0 C3 5E 2B B2 D7 8A 56 B4 02 7C E0 03 1F F8 C0 07 3E F0 81 0F 7C E4
[21:09:47.871] ADDR:0xEE TYPE:RC_CHANNELS_PACKED        LEN:26 | EE 18 16 E0 C3 5E 2B B2 D7 8A 56 B4 02 7C E0 03 1F F8 C0 07 3E F0 81 0F 7C E4
[21:09:47.901] ADDR:0xEE TYPE:RC_CHANNELS_PACKED        LEN:26 | EE 18 16 E0 C3 5E 2B B2 D7 8A 56 B4 02 7C E0 03 1F F8 C0 07 3E F0 81 0F 7C E4
[21:09:47.901] ADDR:0xEA TYPE:ELRS_STATUS               LEN:15 | EA 0D 3A EA EE 10 00 01 86 A0 00 00 01 37 B1
[21:09:47.901] ADDR:0xEE TYPE:RC_CHANNELS_PACKED        LEN:26 | EE 18 16 E0 BB 5E 2B B2 D7 8A 56 B4 02 7C E0 03 1F F8 C0 07 3E F0 81 0F 7C 44
[21:09:47.901] ADDR:0xEE TYPE:RC_CHANNELS_PACKED        LEN:26 | EE 18 16 E0 BB 5E 2B B0 D7 8A 56 B4 02 7C E0 03 1F F8 C0 07 3E F0 81 0F 7C 38
[21:09:47.911] ADDR:0xEE TYPE:RC_CHANNELS_PACKED        LEN:26 | EE 18 16 E0 C3 5E 2B AE D7 8A 56 B4 02 7C E0 03 1F F8 C0 07 3E F0 81 0F 7C 73
[21:09:47.911] ADDR:0xEE TYPE:RC_CHANNELS_PACKED        LEN:26 | EE 18 16 E0 C3 5E 2B B2 D7 8A 56 B4 02 7C E0 03 1F F8 C0 07 3E F0 81 0F 7C E4
[21:09:47.932] ADDR:0xEE TYPE:RC_CHANNELS_PACKED        LEN:26 | EE 18 16 E0 C3 5E 2B B2 D7 8A 56 B4 02 7C E0 03 1F F8 C0 07 3E F0 81 0F 7C E4
[21:09:47.952] ADDR:0xEE TYPE:RC_CHANNELS_PACKED        LEN:26 | EE 18 16 E0 C3 5E 2B B2 D7 8A 56 B4 02 7C E0 03 1F F8 C0 07 3E F0 81 0F 7C E4
[21:09:47.952] ADDR:0xEE TYPE:RC_CHANNELS_PACKED        LEN:26 | EE 18 16 E0 C3 5E 2B B0 D7 8A 56 B4 02 7C E0 03 1F F8 C0 07 3E F0 81 0F 7C 98
[21:09:47.962] ADDR:0xEE TYPE:RC_CHANNELS_PACKED        LEN:26 | EE 18 16 E0 C3 5E 2B B0 D7 8A 56 B4 02 7C E0 03 1F F8 C0 07 3E F0 81 0F 7C 98
[21:09:47.982] ADDR:0xEE TYPE:RC_CHANNELS_PACKED        LEN:26 | EE 18 16 E0 C3 5E 2B B2 D7 8A 56 B4 02 7C E0 03 1F F8 C0 07 3E F0 81 0F 7C E4
[21:09:47.982] ADDR:0xEE TYPE:RC_CHANNELS_PACKED        LEN:26 | EE 18 16 E0 C3 5E 2B B2 D7 8A 56 B4 02 7C E0 03 1F F8 C0 07 3E F0 81 0F 7C E4
[21:09:47.993] ADDR:0xEE TYPE:RC_CHANNELS_PACKED        LEN:26 | EE 18 16 E0 C3 5E 2B B2 D7 8A 56 B4 02 7C E0 03 1F F8 C0 07 3E F0 81 0F 7C E4
[21:09:47.993] ADDR:0xEE TYPE:RC_CHANNELS_PACKED        LEN:26 | EE 18 16 DF D3 5E 2B B2 D7 8A 56 B4 02 7C E0 03 1F F8 C0 07 3E F0 81 0F 7C 37
[21:09:48.013] ADDR:0xEE TYPE:RC_CHANNELS_PACKED        LEN:26 | EE 18 16 E0 C3 5E 2B B2 D7 8A 56 B4 02 7C E0 03 1F F8 C0 07 3E F0 81 0F 7C E4
[21:09:48.023] ADDR:0xEE TYPE:RC_CHANNELS_PACKED        LEN:26 | EE 18 16 E0 C3 5E 2B B2 D7 8A 56 B4 02 7C E0 03 1F F8 C0 07 3E F0 81 0F 7C E4
[21:09:48.023] ADDR:0xEE TYPE:RC_CHANNELS_PACKED        LEN:26 | EE 18 16 E0 C3 5E 2B B0 D7 8A 56 B4 02 7C E0 03 1F F8 C0 07 3E F0 81 0F 7C 98
[21:09:48.044] ADDR:0xEE TYPE:RC_CHANNELS_PACKED        LEN:26 | EE 18 16 E0 C3 5E 2B B2 D7 8A 56 B4 02 7C E0 03 1F F8 C0 07 3E F0 81 0F 7C E4
[21:09:48.054] ADDR:0xEE TYPE:RC_CHANNELS_PACKED        LEN:26 | EE 18 16 E0 C3 5E 2B B0 D7 8A 56 B4 02 7C E0 03 1F F8 C0 07 3E F0 81 0F 7C 98
[21:09:48.054] ADDR:0xEE TYPE:RC_CHANNELS_PACKED        LEN:26 | EE 18 16 E0 C3 5E 2B B2 D7 8A 56 B4 02 7C E0 03 1F F8 C0 07 3E F0 81 0F 7C E4
[21:09:48.094] ADDR:0xEE TYPE:RC_CHANNELS_PACKED        LEN:26 | EE 18 16 E0 C3 5E 2B B2 D7 8A 56 B4 02 7C E0 03 1F F8 C0 07 3E F0 81 0F 7C E4
[21:09:48.094] ADDR:0xEE TYPE:RC_CHANNELS_PACKED        LEN:26 | EE 18 16 E0 C3 5E 2B B2 D7 8A 56 B4 02 7C E0 03 1F F8 C0 07 3E F0 81 0F 7C E4
[21:09:48.095] ADDR:0xEA TYPE:ELRS_STATUS               LEN:15 | EA 0D 3A EA EE 10 00 01 86 A0 00 00 00 37 BA
[21:09:48.095] ADDR:0xEE TYPE:RC_CHANNELS_PACKED        LEN:26 | EE 18 16 E0 C3 5E 2B B0 D7 8A 56 B4 02 7C E0 03 1F F8 C0 07 3E F0 81 0F 7C 98
[21:09:48.105] ADDR:0xEE TYPE:RC_CHANNELS_PACKED        LEN:26 | EE 18 16 E0 C3 5E 2B B2 D7 8A 56 B4 02 7C E0 03 1F F8 C0 07 3E F0 81 0F 7C E4
[21:09:48.105] ADDR:0xEE TYPE:RC_CHANNELS_PACKED        LEN:26 | EE 18 16 E0 BB 5E 2B B2 D7 8A 56 B4 02 7C E0 03 1F F8 C0 07 3E F0 81 0F 7C 44
[21:09:48.125] ADDR:0xEE TYPE:RC_CHANNELS_PACKED        LEN:26 | EE 18 16 E0 C3 5E 2B B2 D7 8A 56 B4 02 7C E0 03 1F F8 C0 07 3E F0 81 0F 7C E4
[21:09:48.135] ADDR:0xEE TYPE:RC_CHANNELS_PACKED        LEN:26 | EE 18 16 E0 BB 5E 2B B2 D7 8A 56 B4 02 7C E0 03 1F F8 C0 07 3E F0 81 0F 7C 44
[21:09:48.135] ADDR:0xEE TYPE:RC_CHANNELS_PACKED        LEN:26 | EE 18 16 E0 BB 5E 2B B2 D7 8A 56 B4 02 7C E0 03 1F F8 C0 07 3E F0 81 0F 7C 44
[21:09:48.156] ADDR:0xEE TYPE:RC_CHANNELS_PACKED        LEN:26 | EE 18 16 E0 C3 5E 2B B2 D7 8A 56 B4 02 7C E0 03 1F F8 C0 07 3E F0 81 0F 7C E4
[21:09:48.156] ADDR:0xEE TYPE:RC_CHANNELS_PACKED        LEN:26 | EE 18 16 E0 BB 5E 2B B2 D7 8A 56 B4 02 7C E0 03 1F F8 C0 07 3E F0 81 0F 7C 44
[21:09:48.166] ADDR:0xEE TYPE:RC_CHANNELS_PACKED        LEN:26 | EE 18 16 E0 C3 5E 2B B2 D7 8A 56 B4 02 7C E0 03 1F F8 C0 07 3E F0 81 0F 7C E4
[21:09:48.186] ADDR:0xEE TYPE:RC_CHANNELS_PACKED        LEN:26 | EE 18 16 E0 C3 5E 2B AE D7 8A 56 B4 02 7C E0 03 1F F8 C0 07 3E F0 81 0F 7C 73
[21:09:48.186] ADDR:0xEE TYPE:RC_CHANNELS_PACKED        LEN:26 | EE 18 16 E0 C3 5E 2B B2 D7 8A 56 B4 02 7C E0 03 1F F8 C0 07 3E F0 81 0F 7C E4
[21:09:48.206] ADDR:0xEE TYPE:RC_CHANNELS_PACKED        LEN:26 | EE 18 16 E0 C3 5E 2B B2 D7 8A 56 B4 02 7C E0 03 1F F8 C0 07 3E F0 81 0F 7C E4
[21:09:48.217] ADDR:0xEE TYPE:RC_CHANNELS_PACKED        LEN:26 | EE 18 16 E0 C3 5E 2B B2 D7 8A 56 B4 02 7C E0 03 1F F8 C0 07 3E F0 81 0F 7C E4
[21:09:48.217] ADDR:0xEE TYPE:RC_CHANNELS_PACKED        LEN:26 | EE 18 16 E0 BB 5E 2B B2 D7 8A 56 B4 02 7C E0 03 1F F8 C0 07 3E F0 81 0F 7C 44
[21:09:48.237] ADDR:0xEE TYPE:RC_CHANNELS_PACKED        LEN:26 | EE 18 16 E0 C3 5E 2B B0 D7 8A 56 B4 02 7C E0 03 1F F8 C0 07 3E F0 81 0F 7C 98
[21:09:48.237] ADDR:0xEE TYPE:RC_CHANNELS_PACKED        LEN:26 | EE 18 16 E0 BB 5E 2B B2 D7 8A 56 B4 02 7C E0 03 1F F8 C0 07 3E F0 81 0F 7C 44
[21:09:48.247] ADDR:0xEE TYPE:RC_CHANNELS_PACKED        LEN:26 | EE 18 16 E0 BB 5E 2B B2 D7 8A 56 B4 02 7C E0 03 1F F8 C0 07 3E F0 81 0F 7C 44
[21:09:48.268] ADDR:0xEE TYPE:RC_CHANNELS_PACKED        LEN:26 | EE 18 16 E0 C3 5E 2B B2 D7 8A 56 B4 02 7C E0 03 1F F8 C0 07 3E F0 81 0F 7C E4
[21:09:48.268] ADDR:0xEE TYPE:RC_CHANNELS_PACKED        LEN:26 | EE 18 16 E0 C3 5E 2B B4 D7 8A 56 B4 02 7C E0 03 1F F8 C0 07 3E F0 81 0F 7C 60
[21:09:48.278] ADDR:0xEE TYPE:RC_CHANNELS_PACKED        LEN:26 | EE 18 16 E0 C3 5E 2B B2 D7 8A 56 B4 02 7C E0 03 1F F8 C0 07 3E F0 81 0F 7C E4
[21:09:48.278] ADDR:0xEA TYPE:ELRS_STATUS               LEN:15 | EA 0D 3A EA EE 10 00 01 86 A0 00 00 00 0D 1A
[21:09:48.298] ADDR:0xEE TYPE:RC_CHANNELS_PACKED        LEN:26 | EE 18 16 E0 C3 5E 2B B2 D7 8A 56 B4 02 7C E0 03 1F F8 C0 07 3E F0 81 0F 7C E4
[21:09:48.298] ADDR:0xEE TYPE:RC_CHANNELS_PACKED        LEN:26 | EE 18 16 E0 C3 5E 2B B2 D7 8A 56 B4 02 7C E0 03 1F F8 C0 07 3E F0 81 0F 7C E4
[21:09:48.319] ADDR:0xEE TYPE:RC_CHANNELS_PACKED        LEN:26 | EE 18 16 E0 C3 5E 2B B2 D7 8A 56 B4 02 7C E0 03 1F F8 C0 07 3E F0 81 0F 7C E4
[21:09:48.319] ADDR:0xEE TYPE:RC_CHANNELS_PACKED        LEN:26 | EE 18 16 E0 C3 5E 2B B2 D7 8A 56 B4 02 7C E0 03 1F F8 C0 07 3E F0 81 0F 7C E4
[21:09:48.329] ADDR:0xEE TYPE:RC_CHANNELS_PACKED        LEN:26 | EE 18 16 E0 C3 5E 2B B2 D7 8A 56 B4 02 7C E0 03 1F F8 C0 07 3E F0 81 0F 7C E4
[21:09:48.349] ADDR:0xEE TYPE:RC_CHANNELS_PACKED        LEN:26 | EE 18 16 E0 C3 5E 2B B2 D7 8A 56 B4 02 7C E0 03 1F F8 C0 07 3E F0 81 0F 7C E4
[21:09:48.349] ADDR:0xEE TYPE:RC_CHANNELS_PACKED        LEN:26 | EE 18 16 E0 C3 5E 2B B0 D7 8A 56 B4 02 7C E0 03 1F F8 C0 07 3E F0 81 0F 7C 98
[21:09:48.359] ADDR:0xEE TYPE:RC_CHANNELS_PACKED        LEN:26 | EE 18 16 E0 C3 5E 2B B0 D7 8A 56 B4 02 7C E0 03 1F F8 C0 07 3E F0 81 0F 7C 98
[21:09:48.380] ADDR:0xEE TYPE:RC_CHANNELS_PACKED        LEN:26 | EE 18 16 E0 BB 5E 2B B2 D7 8A 56 B4 02 7C E0 03 1F F8 C0 07 3E F0 81 0F 7C 44
[21:09:48.380] ADDR:0xEE TYPE:RC_CHANNELS_PACKED        LEN:26 | EE 18 16 E0 C3 5E 2B B0 D7 8A 56 B4 02 7C E0 03 1F F8 C0 07 3E F0 81 0F 7C 98
[21:09:48.390] ADDR:0xEE TYPE:RC_CHANNELS_PACKED        LEN:26 | EE 18 16 E0 C3 5E 2B B2 D7 8A 56 B4 02 7C E0 03 1F F8 C0 07 3E F0 81 0F 7C E4
[21:09:48.390] ADDR:0xEE TYPE:RC_CHANNELS_PACKED        LEN:26 | EE 18 16 E0 C3 5E 2B B2 D7 8A 56 B4 02 7C E0 03 1F F8 C0 07 3E F0 81 0F 7C E4
[21:09:48.410] ADDR:0xEE TYPE:RC_CHANNELS_PACKED        LEN:26 | EE 18 16 E0 C3 5E 2B B0 D7 8A 56 B4 02 7C E0 03 1F F8 C0 07 3E F0 81 0F 7C 98
[21:09:48.431] ADDR:0xEE TYPE:RC_CHANNELS_PACKED        LEN:26 | EE 18 16 E0 C3 5E 2B B2 D7 8A 56 B4 02 7C E0 03 1F F8 C0 07 3E F0 81 0F 7C E4
[21:09:48.431] ADDR:0xEE TYPE:RC_CHANNELS_PACKED        LEN:26 | EE 18 16 E0 D3 5E 2B B2 D7 8A 56 B4 02 7C E0 03 1F F8 C0 07 3E F0 81 0F 7C B5
[21:09:48.441] ADDR:0xEE TYPE:RC_CHANNELS_PACKED        LEN:26 | EE 18 16 DF C3 5E 2B AE D7 8A 56 B4 02 7C E0 03 1F F8 C0 07 3E F0 81 0F 7C F1
[21:09:48.461] ADDR:0xEE TYPE:RC_CHANNELS_PACKED        LEN:26 | EE 18 16 E0 C3 5E 2B B2 D7 8A 56 B4 02 7C E0 03 1F F8 C0 07 3E F0 81 0F 7C E4
[21:09:48.461] ADDR:0xEE TYPE:RC_CHANNELS_PACKED        LEN:26 | EE 18 16 E0 C3 5E 2B B2 D7 8A 56 B4 02 7C E0 03 1F F8 C0 07 3E F0 81 0F 7C E4
[21:09:48.471] ADDR:0xEE TYPE:RC_CHANNELS_PACKED        LEN:26 | EE 18 16 E0 C3 5E 2B B2 D7 8A 56 B4 02 7C E0 03 1F F8 C0 07 3E F0 81 0F 7C E4
[21:09:48.472] ADDR:0xEE TYPE:RC_CHANNELS_PACKED        LEN:26 | EE 18 16 E0 C3 5E 2B B0 D7 8A 56 B4 02 7C E0 03 1F F8 C0 07 3E F0 81 0F 7C 98
[21:09:48.492] ADDR:0xEA TYPE:ELRS_STATUS               LEN:15 | EA 0D 3A EA EE 10 00 01 86 A0 00 00 01 4B 0D
[21:09:48.492] ADDR:0xEE TYPE:RC_CHANNELS_PACKED        LEN:26 | EE 18 16 E0 C3 5E 2B B2 D7 8A 56 B4 02 7C E0 03 1F F8 C0 07 3E F0 81 0F 7C E4
[21:09:48.502] ADDR:0xEE TYPE:RC_CHANNELS_PACKED        LEN:26 | EE 18 16 E0 C3 5E 2B B2 D7 8A 56 B4 02 7C E0 03 1F F8 C0 07 3E F0 81 0F 7C E4
[21:09:48.502] ADDR:0xEE TYPE:RC_CHANNELS_PACKED        LEN:26 | EE 18 16 E0 C3 5E 2B B2 D7 8A 56 B4 02 7C E0 03 1F F8 C0 07 3E F0 81 0F 7C E4
[21:09:48.522] ADDR:0xEE TYPE:RC_CHANNELS_PACKED        LEN:26 | EE 18 16 E0 C3 5E 2B B0 D7 8A 56 B4 02 7C E0 03 1F F8 C0 07 3E F0 81 0F 7C 98
[21:09:48.543] ADDR:0xEE TYPE:RC_CHANNELS_PACKED        LEN:26 | EE 18 16 E0 BB 5E 2B B2 D7 8A 56 B4 02 7C E0 03 1F F8 C0 07 3E F0 81 0F 7C 44
[21:09:48.543] ADDR:0xEE TYPE:RC_CHANNELS_PACKED        LEN:26 | EE 18 16 E0 C3 5E 2B B2 D7 8A 56 B4 02 7C E0 03 1F F8 C0 07 3E F0 81 0F 7C E4
[21:09:48.553] ADDR:0xEE TYPE:RC_CHANNELS_PACKED        LEN:26 | EE 18 16 E0 C3 5E 2B B2 D7 8A 56 B4 02 7C E0 03 1F F8 C0 07 3E F0 81 0F 7C E4
[21:09:48.553] ADDR:0xEE TYPE:RC_CHANNELS_PACKED        LEN:26 | EE 18 16 E0 C3 5E 2B B2 D7 8A 56 B4 02 7C E0 03 1F F8 C0 07 3E F0 81 0F 7C E4
[21:09:48.573] ADDR:0xEE TYPE:RC_CHANNELS_PACKED        LEN:26 | EE 18 16 E0 C3 5E 2B B2 D7 8A 56 B4 02 7C E0 03 1F F8 C0 07 3E F0 81 0F 7C E4
[21:09:48.583] ADDR:0xEE TYPE:RC_CHANNELS_PACKED        LEN:26 | EE 18 16 E0 BB 5E 2B B0 D7 8A 56 B4 02 7C E0 03 1F F8 C0 07 3E F0 81 0F 7C 38
[21:09:48.583] ADDR:0xEE TYPE:RC_CHANNELS_PACKED        LEN:26 | EE 18 16 E0 C3 5E 2B B2 D7 8A 56 B4 02 7C E0 03 1F F8 C0 07 3E F0 81 0F 7C E4
[21:09:48.604] ADDR:0xEE TYPE:RC_CHANNELS_PACKED        LEN:26 | EE 18 16 E0 C3 5E 2B B2 D7 8A 56 B4 02 7C E0 03 1F F8 C0 07 3E F0 81 0F 7C E4
[21:09:48.614] ADDR:0xEE TYPE:RC_CHANNELS_PACKED        LEN:26 | EE 18 16 E0 C3 5E 2B B2 D7 8A 56 B4 02 7C E0 03 1F F8 C0 07 3E F0 81 0F 7C E4
[21:09:48.614] ADDR:0xEE TYPE:RC_CHANNELS_PACKED        LEN:26 | EE 18 16 E0 C3 5E 2B B2 D7 8A 56 B4 02 7C E0 03 1F F8 C0 07 3E F0 81 0F 7C E4
[21:09:48.634] ADDR:0xEE TYPE:RC_CHANNELS_PACKED        LEN:26 | EE 18 16 E0 C3 5E 2B AE D7 8A 56 B4 02 7C E0 03 1F F8 C0 07 3E F0 81 0F 7C 73
[21:09:48.634] ADDR:0xEE TYPE:RC_CHANNELS_PACKED        LEN:26 | EE 18 16 E0 C3 5E 2B B2 D7 8A 56 B4 02 7C E0 03 1F F8 C0 07 3E F0 81 0F 7C E4
[21:09:48.654] ADDR:0xEE TYPE:RC_CHANNELS_PACKED        LEN:26 | EE 18 16 E0 C3 5E 2B B2 D7 8A 56 B4 02 7C E0 03 1F F8 C0 07 3E F0 81 0F 7C E4
[21:09:48.665] ADDR:0xEE TYPE:RC_CHANNELS_PACKED        LEN:26 | EE 18 16 E0 C3 5E 2B B2 D7 8A 56 B4 02 7C E0 03 1F F8 C0 07 3E F0 81 0F 7C E4
[21:09:48.665] ADDR:0xEE TYPE:RC_CHANNELS_PACKED        LEN:26 | EE 18 16 E0 C3 5E 2B B0 D7 8A 56 B4 02 7C E0 03 1F F8 C0 07 3E F0 81 0F 7C 98
[21:09:48.685] ADDR:0xEE TYPE:RC_CHANNELS_PACKED        LEN:26 | EE 18 16 E0 C3 5E 2B B2 D7 8A 56 B4 02 7C E0 03 1F F8 C0 07 3E F0 81 0F 7C E4
[21:09:48.685] ADDR:0xEA TYPE:ELRS_STATUS               LEN:15 | EA 0D 3A EA EE 10 00 01 86 A0 00 00 00 09 E4
[21:09:48.695] ADDR:0xEE TYPE:RC_CHANNELS_PACKED        LEN:26 | EE 18 16 E0 C3 5E 2B B2 D7 8A 56 B4 02 7C E0 03 1F F8 C0 07 3E F0 81 0F 7C E4
[21:09:48.696] ADDR:0xEE TYPE:RC_CHANNELS_PACKED        LEN:26 | EE 18 16 E0 C3 5E 2B B4 D7 8A 56 B4 02 7C E0 03 1F F8 C0 07 3E F0 81 0F 7C 60
[21:09:48.716] ADDR:0xEE TYPE:RC_CHANNELS_PACKED        LEN:26 | EE 18 16 E0 C3 5E 2B B2 D7 8A 56 B4 02 7C E0 03 1F F8 C0 07 3E F0 81 0F 7C E4
[21:09:48.716] ADDR:0xEE TYPE:RC_CHANNELS_PACKED        LEN:26 | EE 18 16 E0 C3 5E 2B B4 D7 8A 56 B4 02 7C E0 03 1F F8 C0 07 3E F0 81 0F 7C 60
[21:09:48.726] ADDR:0xEE TYPE:RC_CHANNELS_PACKED        LEN:26 | EE 18 16 E0 BB 5E 2B B2 D7 8A 56 B4 02 7C E0 03 1F F8 C0 07 3E F0 81 0F 7C 44
[21:09:48.746] ADDR:0xEE TYPE:RC_CHANNELS_PACKED        LEN:26 | EE 18 16 E0 C3 5E 2B B2 D7 8A 56 B4 02 7C E0 03 1F F8 C0 07 3E F0 81 0F 7C E4
[21:09:48.747] ADDR:0xEE TYPE:RC_CHANNELS_PACKED        LEN:26 | EE 18 16 DD C3 5E 2B B2 D7 8A 56 B4 02 7C E0 03 1F F8 C0 07 3E F0 81 0F 7C 10
[21:09:48.767] ADDR:0xEE TYPE:RC_CHANNELS_PACKED        LEN:26 | EE 18 16 E0 C3 5E 2B B2 D7 8A 56 B4 02 7C E0 03 1F F8 C0 07 3E F0 81 0F 7C E4
[21:09:48.777] ADDR:0xEE TYPE:RC_CHANNELS_PACKED        LEN:26 | EE 18 16 E0 C3 5E 2B B0 D7 8A 56 B4 02 7C E0 03 1F F8 C0 07 3E F0 81 0F 7C 98
[21:09:48.777] ADDR:0xEE TYPE:RC_CHANNELS_PACKED        LEN:26 | EE 18 16 E0 C3 5E 2B B4 D7 8A 56 B4 02 7C E0 03 1F F8 C0 07 3E F0 81 0F 7C 60
[21:09:48.797] ADDR:0xEE TYPE:RC_CHANNELS_PACKED        LEN:26 | EE 18 16 E0 BB 5E 2B AE D7 8A 56 B4 02 7C E0 03 1F F8 C0 07 3E F0 81 0F 7C D3
[21:09:48.798] ADDR:0xEE TYPE:RC_CHANNELS_PACKED        LEN:26 | EE 18 16 E0 C3 5E 2B B2 D7 8A 56 B4 02 7C E0 03 1F F8 C0 07 3E F0 81 0F 7C E4
[21:09:48.808] ADDR:0xEE TYPE:RC_CHANNELS_PACKED        LEN:26 | EE 18 16 E0 C3 5E 2B AE D7 8A 56 B4 02 7C E0 03 1F F8 C0 07 3E F0 81 0F 7C 73
[21:09:48.828] ADDR:0xEE TYPE:RC_CHANNELS_PACKED        LEN:26 | EE 18 16 DF C3 5E 2B B2 D7 8A 56 B4 02 7C E0 03 1F F8 C0 07 3E F0 81 0F 7C 66
[21:09:48.828] ADDR:0xEE TYPE:RC_CHANNELS_PACKED        LEN:26 | EE 18 16 E0 C3 5E 2B B2 D7 8A 56 B4 02 7C E0 03 1F F8 C0 07 3E F0 81 0F 7C E4
[21:09:48.838] ADDR:0xEE TYPE:RC_CHANNELS_PACKED        LEN:26 | EE 18 16 E0 C3 5E 2B B0 D7 8A 56 B4 02 7C E0 03 1F F8 C0 07 3E F0 81 0F 7C 98
[21:09:48.859] ADDR:0xEE TYPE:RC_CHANNELS_PACKED        LEN:26 | EE 18 16 E0 C3 5E 2B B2 D7 8A 56 B4 02 7C E0 03 1F F8 C0 07 3E F0 81 0F 7C E4
[21:09:48.859] ADDR:0xEE TYPE:DEVICE_PING               LEN:06 | EE 04 28 00 EA 54
[21:09:48.899] ADDR:0xEE TYPE:RC_CHANNELS_PACKED        LEN:26 | EE 18 16 E0 C3 5E 2B B2 D7 8A 56 B4 02 7C E0 03 1F F8 C0 07 3E F0 81 0F 7C E4
[21:09:48.899] ADDR:0xEA TYPE:DEVICE_INFO               LEN:34 | EA 20 29 EA EE 48 4D 20 45 53 32 34 54 58 20 50 72 6F 00 45 4C 52 53 00 00 00 00 00 03 06 02 20 00 90
[21:09:48.899] ADDR:0xEE TYPE:RC_CHANNELS_PACKED        LEN:26 | EE 18 16 E0 C3 5E 2B B2 D7 8A 56 B4 02 7C E0 03 1F F8 C0 07 3E F0 81 0F 7C E4
[21:09:48.899] ADDR:0xEA TYPE:ELRS_STATUS               LEN:15 | EA 0D 3A EA EE 10 00 01 86 A0 00 00 05 E7 BD
[21:09:48.899] ADDR:0xEE TYPE:RC_CHANNELS_PACKED        LEN:26 | EE 18 16 E0 C3 5E 2B B2 D7 8A 56 B4 02 7C E0 03 1F F8 C0 07 3E F0 81 0F 7C E4
[21:09:48.899] ADDR:0xEE TYPE:RC_CHANNELS_PACKED        LEN:26 | EE 18 16 E0 C3 5E 2B B2 D7 8A 56 B4 02 7C E0 03 1F F8 C0 07 3E F0 81 0F 7C E4
[21:09:48.930] ADDR:0xEE TYPE:RC_CHANNELS_PACKED        LEN:26 | EE 18 16 E0 C3 5E 2B AE D7 8A 56 B4 02 7C E0 03 1F F8 C0 07 3E F0 81 0F 7C 73
[21:09:48.930] ADDR:0xEA TYPE:ELRS_STATUS               LEN:15 | EA 0D 3A EA EE 10 00 01 86 A0 FF FF F7 86 F6
[21:09:48.930] ADDR:0xEE TYPE:RC_CHANNELS_PACKED        LEN:26 | EE 18 16 E0 C3 5E 2B B0 D7 8A 56 B4 02 7C E0 03 1F F8 C0 07 3E F0 81 0F 7C 98
[21:09:48.930] ADDR:0xEE TYPE:RC_CHANNELS_PACKED        LEN:26 | EE 18 16 E0 C3 5E 2B B2 D7 8A 56 B4 02 7C E0 03 1F F8 C0 07 3E F0 81 0F 7C E4
[21:09:48.940] ADDR:0xEE TYPE:RC_CHANNELS_PACKED        LEN:26 | EE 18 16 E0 C3 5E 2B B2 D7 8A 56 B4 02 7C E0 03 1F F8 C0 07 3E F0 81 0F 7C E4
[21:09:48.940] ADDR:0xEE TYPE:RC_CHANNELS_PACKED        LEN:26 | EE 18 16 E0 C3 5E 2B B2 D7 8A 56 B4 02 7C E0 03 1F F8 C0 07 3E F0 81 0F 7C E4
[21:09:48.960] ADDR:0xEE TYPE:RC_CHANNELS_PACKED        LEN:26 | EE 18 16 E0 C3 5E 2B B0 D7 8A 56 B4 02 7C E0 03 1F F8 C0 07 3E F0 81 0F 7C 98
[21:09:48.980] ADDR:0xEE TYPE:RC_CHANNELS_PACKED        LEN:26 | EE 18 16 E0 C3 5E 2B B2 D7 8A 56 B4 02 7C E0 03 1F F8 C0 07 3E F0 81 0F 7C E4
[21:09:48.981] ADDR:0xEE TYPE:RC_CHANNELS_PACKED        LEN:26 | EE 18 16 E0 C3 5E 2B B2 D7 8A 56 B4 02 7C E0 03 1F F8 C0 07 3E F0 81 0F 7C E4
[21:09:48.991] ADDR:0xEE TYPE:RC_CHANNELS_PACKED        LEN:26 | EE 18 16 E0 C3 5E 2B B2 D7 8A 56 B4 02 7C E0 03 1F F8 C0 07 3E F0 81 0F 7C E4
[21:09:49.013] ADDR:0xEE TYPE:RC_CHANNELS_PACKED        LEN:26 | EE 18 16 E0 C3 5E 2B B2 D7 8A 56 B4 02 7C E0 03 1F F8 C0 07 3E F0 81 0F 7C E4
[21:09:49.013] ADDR:0xEE TYPE:DEVICE_PING               LEN:06 | EE 04 28 EE EA 97
[21:09:49.043] ADDR:0xEE TYPE:RC_CHANNELS_PACKED        LEN:26 | EE 18 16 E0 C3 5E 2B B0 D7 8A 56 B4 02 7C E0 03 1F F8 C0 07 3E F0 81 0F 7C 98
[21:09:49.043] ADDR:0xEA TYPE:DEVICE_INFO               LEN:34 | EA 20 29 EA EE 48 4D 20 45 53 32 34 54 58 20 50 72 6F 00 45 4C 52 53 00 00 00 00 00 03 06 02 20 00 90
[21:09:49.044] ADDR:0xEE TYPE:RC_CHANNELS_PACKED        LEN:26 | EE 18 16 E0 C3 5E 2B B2 D7 8A 56 B4 02 7C E0 03 1F F8 C0 07 3E F0 81 0F 7C E4
[21:09:49.044] ADDR:0xEE TYPE:RC_CHANNELS_PACKED        LEN:26 | EE 18 16 E0 C3 5E 2B B2 D7 8A 56 B4 02 7C E0 03 1F F8 C0 07 3E F0 81 0F 7C E4
[21:09:49.054] ADDR:0xEE TYPE:RC_CHANNELS_PACKED        LEN:26 | EE 18 16 E0 C3 5E 2B AE D7 8A 56 B4 02 7C E0 03 1F F8 C0 07 3E F0 81 0F 7C 73
[21:09:49.054] ADDR:0xEE TYPE:RC_CHANNELS_PACKED        LEN:26 | EE 18 16 E0 C3 5E 2B B2 D7 8A 56 B4 02 7C E0 03 1F F8 C0 07 3E F0 81 0F 7C E4
[21:09:49.074] ADDR:0xEE TYPE:RC_CHANNELS_PACKED        LEN:26 | EE 18 16 E0 C3 5E 2B B2 D7 8A 56 B4 02 7C E0 03 1F F8 C0 07 3E F0 81 0F 7C E4
[21:09:49.084] ADDR:0xEE TYPE:RC_CHANNELS_PACKED        LEN:26 | EE 18 16 E0 C3 5E 2B B2 D7 8A 56 B4 02 7C E0 03 1F F8 C0 07 3E F0 81 0F 7C E4
[21:09:49.084] ADDR:0xEE TYPE:RC_CHANNELS_PACKED        LEN:26 | EE 18 16 E0 C3 5E 2B B2 D7 8A 56 B4 02 7C E0 03 1F F8 C0 07 3E F0 81 0F 7C E4
[21:09:49.105] ADDR:0xEE TYPE:RC_CHANNELS_PACKED        LEN:26 | EE 18 16 E0 C3 5E 2B B2 D7 8A 56 B4 02 7C E0 03 1F F8 C0 07 3E F0 81 0F 7C E4
[21:09:49.105] ADDR:0xEE TYPE:PARAMETER_READ            LEN:08 | EE 06 2C EE EA 01 00 86
[21:09:49.145] ADDR:0xEE TYPE:RC_CHANNELS_PACKED        LEN:26 | EE 18 16 E0 C3 5E 2B B2 D7 8A 56 B4 02 7C E0 03 1F F8 C0 07 3E F0 81 0F 7C E4
[21:09:49.145] ADDR:0xEA TYPE:PARAMETER_SETTINGS_ENTRY  LEN:64 | EA 3E 2B EA EE 01 02 00 09 50 61 63 6B 65 74 20 52 61 74 65 00 35 30 48 7A 28 2D 31 31 35 64 42 6D 29 3B 31 30 30 48 7A 20 46 75 6C 6C 28 2D 31 31 32 64 42 6D 29 3B 31 35 30 48 7A 28 2D 31 FC
[21:09:49.145] ADDR:0xEE TYPE:RC_CHANNELS_PACKED        LEN:26 | EE 18 16 E0 C3 5E 2B B2 D7 8A 56 B4 02 7C E0 03 1F F8 C0 07 3E F0 81 0F 7C E4
[21:09:49.145] ADDR:0xEA TYPE:ELRS_STATUS               LEN:15 | EA 0D 3A EA EE 10 00 01 86 A0 00 00 08 DE C8
[21:09:49.145] ADDR:0xEE TYPE:RC_CHANNELS_PACKED        LEN:26 | EE 18 16 E0 C3 5E 2B B2 D7 8A 56 B4 02 7C E0 03 1F F8 C0 07 3E F0 81 0F 7C E4
[21:09:49.166] ADDR:0xEE TYPE:RC_CHANNELS_PACKED        LEN:26 | EE 18 16 E0 C3 5E 2B B2 D7 8A 56 B4 02 7C E0 03 1F F8 C0 07 3E F0 81 0F 7C E4
[21:09:49.166] ADDR:0xEE TYPE:RC_CHANNELS_PACKED        LEN:26 | EE 18 16 E0 C3 5E 2B B4 D7 8A 56 B4 02 7C E0 03 1F F8 C0 07 3E F0 81 0F 7C 60
[21:09:49.166] ADDR:0xEA TYPE:ELRS_STATUS               LEN:15 | EA 0D 3A EA EE 10 00 01 86 A0 FF FF F3 58 52
[21:09:49.166] ADDR:0xEE TYPE:RC_CHANNELS_PACKED        LEN:26 | EE 18 16 E0 C3 5E 2B B2 D7 8A 56 B4 02 7C E0 03 1F F8 C0 07 3E F0 81 0F 7C E4
[21:09:49.186] ADDR:0xEE TYPE:RC_CHANNELS_PACKED        LEN:26 | EE 18 16 E0 C3 5E 2B B0 D7 8A 56 B4 02 7C E0 03 1F F8 C0 07 3E F0 81 0F 7C 98
[21:09:49.186] ADDR:0xEE TYPE:RC_CHANNELS_PACKED        LEN:26 | EE 18 16 E0 C3 5E 2B B2 D7 8A 56 B4 02 7C E0 03 1F F8 C0 07 3E F0 81 0F 7C E4
[21:09:49.207] ADDR:0xEE TYPE:RC_CHANNELS_PACKED        LEN:26 | EE 18 16 E0 C3 5E 2B AE D7 8A 56 B4 02 7C E0 03 1F F8 C0 07 3E F0 81 0F 7C 73
[21:09:49.247] ADDR:0xEE TYPE:PARAMETER_READ            LEN:08 | EE 06 2C EE EA 01 01 53
[21:09:49.247] ADDR:0xEE TYPE:RC_CHANNELS_PACKED        LEN:26 | EE 18 16 E0 C3 5E 2B B2 D7 8A 56 B4 02 7C E0 03 1F F8 C0 07 3E F0 81 0F 7C E4
[21:09:49.247] ADDR:0xEA TYPE:PARAMETER_SETTINGS_ENTRY  LEN:64 | EA 3E 2B EA EE 01 01 31 32 64 42 6D 29 3B 32 35 30 48 7A 28 2D 31 30 38 64 42 6D 29 3B 33 33 33 48 7A 20 46 75 6C 6C 28 2D 31 30 35 64 42 6D 29 3B 35 30 30 48 7A 28 2D 31 30 35 64 42 6D 29 94
[21:09:49.247] ADDR:0xEE TYPE:RC_CHANNELS_PACKED        LEN:26 | EE 18 16 E0 BB 5E 2B B2 D7 8A 56 B4 02 7C E0 03 1F F8 C0 07 3E F0 81 0F 7C 44
[21:09:49.248] ADDR:0xEE TYPE:RC_CHANNELS_PACKED        LEN:26 | EE 18 16 E0 C3 5E 2B B2 D7 8A 56 B4 02 7C E0 03 1F F8 C0 07 3E F0 81 0F 7C E4
[21:09:49.248] ADDR:0xEE TYPE:RC_CHANNELS_PACKED        LEN:26 | EE 18 16 E0 C3 5E 2B B2 D7 8A 56 B4 02 7C E0 03 1F F8 C0 07 3E F0 81 0F 7C E4
[21:09:49.258] ADDR:0xEE TYPE:RC_CHANNELS_PACKED        LEN:26 | EE 18 16 E0 C3 5E 2B B2 D7 8A 56 B4 02 7C E0 03 1F F8 C0 07 3E F0 81 0F 7C E4
[21:09:49.278] ADDR:0xEE TYPE:RC_CHANNELS_PACKED        LEN:26 | EE 18 16 E0 C3 5E 2B B2 D7 8A 56 B4 02 7C E0 03 1F F8 C0 07 3E F0 81 0F 7C E4
[21:09:49.278] ADDR:0xEE TYPE:RC_CHANNELS_PACKED        LEN:26 | EE 18 16 E0 C3 5E 2B B2 D7 8A 56 B4 02 7C E0 03 1F F8 C0 07 3E F0 81 0F 7C E4
[21:09:49.298] ADDR:0xEE TYPE:RC_CHANNELS_PACKED        LEN:26 | EE 18 16 E0 C3 5E 2B B0 D7 8A 56 B4 02 7C E0 03 1F F8 C0 07 3E F0 81 0F 7C 98
[21:09:49.298] ADDR:0xEE TYPE:RC_CHANNELS_PACKED        LEN:26 | EE 18 16 DF C3 5E 2B B2 D7 8A 56 B4 02 7C E0 03 1F F8 C0 07 3E F0 81 0F 7C 66
[21:09:49.308] ADDR:0xEE TYPE:PARAMETER_READ            LEN:08 | EE 06 2C EE EA 01 02 F9
[21:09:49.329] ADDR:0xEE TYPE:RC_CHANNELS_PACKED        LEN:26 | EE 18 16 E0 C3 5E 2B B0 D7 8A 56 B4 02 7C E0 03 1F F8 C0 07 3E F0 81 0F 7C 98
[21:09:49.329] ADDR:0xEA TYPE:PARAMETER_SETTINGS_ENTRY  LEN:56 | EA 36 2B EA EE 01 00 3B 44 32 35 30 28 2D 31 30 34 64 42 6D 29 3B 44 35 30 30 28 2D 31 30 34 64 42 6D 29 3B 46 35 30 30 28 2D 31 30 34 64 42 6D 29 00 01 00 08 00 00 B8
[21:09:49.329] ADDR:0xEE TYPE:RC_CHANNELS_PACKED        LEN:26 | EE 18 16 E0 C3 5E 2B B2 D7 8A 56 B4 02 7C E0 03 1F F8 C0 07 3E F0 81 0F 7C E4
[21:09:49.349] ADDR:0xEE TYPE:RC_CHANNELS_PACKED        LEN:26 | EE 18 16 E0 BB 5E 2B B0 D7 8A 56 B4 02 7C E0 03 1F F8 C0 07 3E F0 81 0F 7C 38
[21:09:49.349] ADDR:0xEE TYPE:RC_CHANNELS_PACKED        LEN:26 | EE 18 16 E0 C3 5E 2B B2 D7 8A 56 B4 02 7C E0 03 1F F8 C0 07 3E F0 81 0F 7C E4
[21:09:49.360] ADDR:0xEE TYPE:RC_CHANNELS_PACKED        LEN:26 | EE 18 16 E0 C3 5E 2B B2 D7 8A 56 B4 02 7C E0 03 1F F8 C0 07 3E F0 81 0F 7C E4
[21:09:49.393] ADDR:0xEE TYPE:RC_CHANNELS_PACKED        LEN:26 | EE 18 16 E0 C3 5E 2B AE D7 8A 56 B4 02 7C E0 03 1F F8 C0 07 3E F0 81 0F 7C 73
[21:09:49.393] ADDR:0xEA TYPE:ELRS_STATUS               LEN:15 | EA 0D 3A EA EE 10 00 01 86 A0 00 00 09 27 BB
[21:09:49.393] ADDR:0xEE TYPE:RC_CHANNELS_PACKED        LEN:26 | EE 18 16 E0 C3 5E 2B B0 D7 8A 56 B4 02 7C E0 03 1F F8 C0 07 3E F0 81 0F 7C 98
[21:09:49.393] ADDR:0xEE TYPE:RC_CHANNELS_PACKED        LEN:26 | EE 18 16 E0 C3 5E 2B B2 D7 8A 56 B4 02 7C E0 03 1F F8 C0 07 3E F0 81 0F 7C E4
[21:09:49.403] ADDR:0xEE TYPE:RC_CHANNELS_PACKED        LEN:26 | EE 18 16 E0 C3 5E 2B B2 D7 8A 56 B4 02 7C E0 03 1F F8 C0 07 3E F0 81 0F 7C E4
[21:09:49.403] ADDR:0xEE TYPE:PARAMETER_READ            LEN:08 | EE 06 2C EE EA 02 00 9B
[21:09:49.433] ADDR:0xEE TYPE:RC_CHANNELS_PACKED        LEN:26 | EE 18 16 E0 C3 5E 2B B2 D7 8A 56 B4 02 7C E0 03 1F F8 C0 07 3E F0 81 0F 7C E4
[21:09:49.433] ADDR:0xEA TYPE:PARAMETER_SETTINGS_ENTRY  LEN:64 | EA 3E 2B EA EE 02 01 00 09 54 65 6C 65 6D 20 52 61 74 69 6F 00 53 74 64 3B 4F 66 66 3B 31 3A 31 32 38 3B 31 3A 36 34 3B 31 3A 33 32 3B 31 3A 31 36 3B 31 3A 38 3B 31 3A 34 3B 31 3A 32 3B 52 B8
[21:09:49.434] ADDR:0xEE TYPE:RC_CHANNELS_PACKED        LEN:26 | EE 18 16 E0 C3 5E 2B B0 D7 8A 56 B4 02 7C E0 03 1F F8 C0 07 3E F0 81 0F 7C 98
[21:09:49.444] ADDR:0xEE TYPE:RC_CHANNELS_PACKED        LEN:26 | EE 18 16 DF C3 5E 2B B2 D7 8A 56 B4 02 7C E0 03 1F F8 C0 07 3E F0 81 0F 7C 66
[21:09:49.444] ADDR:0xEE TYPE:RC_CHANNELS_PACKED        LEN:26 | EE 18 16 E0 C3 5E 2B B2 D7 8A 56 B4 02 7C E0 03 1F F8 C0 07 3E F0 81 0F 7C E4
[21:09:49.464] ADDR:0xEE TYPE:RC_CHANNELS_PACKED        LEN:26 | EE 18 16 E0 C3 5E 2B B2 D7 8A 56 B4 02 7C E0 03 1F F8 C0 07 3E F0 81 0F 7C E4
[21:09:49.474] ADDR:0xEE TYPE:RC_CHANNELS_PACKED        LEN:26 | EE 18 16 E0 C3 5E 2B B0 D7 8A 56 B4 02 7C E0 03 1F F8 C0 07 3E F0 81 0F 7C 98
[21:09:49.474] ADDR:0xEE TYPE:RC_CHANNELS_PACKED        LEN:26 | EE 18 16 E0 C3 5E 2B B2 D7 8A 56 B4 02 7C E0 03 1F F8 C0 07 3E F0 81 0F 7C E4
[21:09:49.494] ADDR:0xEE TYPE:RC_CHANNELS_PACKED        LEN:26 | EE 18 16 E0 C3 5E 2B B2 D7 8A 56 B4 02 7C E0 03 1F F8 C0 07 3E F0 81 0F 7C E4
[21:09:49.495] ADDR:0xEE TYPE:RC_CHANNELS_PACKED        LEN:26 | EE 18 16 DF C3 5E 2B B2 D7 8A 56 B4 02 7C E0 03 1F F8 C0 07 3E F0 81 0F 7C 66
[21:09:49.515] ADDR:0xEE TYPE:PARAMETER_READ            LEN:08 | EE 06 2C EE EA 02 01 4E
[21:09:49.535] ADDR:0xEE TYPE:RC_CHANNELS_PACKED        LEN:26 | EE 18 16 E0 C3 5E 2B B2 D7 8A 56 B4 02 7C E0 03 1F F8 C0 07 3E F0 81 0F 7C E4
[21:09:49.535] ADDR:0xEA TYPE:PARAMETER_SETTINGS_ENTRY  LEN:25 | EA 17 2B EA EE 02 00 61 63 65 00 02 00 09 00 20 28 37 39 62 70 73 29 00 33
[21:09:49.535] ADDR:0xEE TYPE:RC_CHANNELS_PACKED        LEN:26 | EE 18 16 E0 C3 5E 2B B2 D7 8A 56 B4 02 7C E0 03 1F F8 C0 07 3E F0 81 0F 7C E4
[21:09:49.535] ADDR:0xEE TYPE:RC_CHANNELS_PACKED        LEN:26 | EE 18 16 E0 C3 5E 2B B2 D7 8A 56 B4 02 7C E0 03 1F F8 C0 07 3E F0 81 0F 7C E4
[21:09:49.555] ADDR:0xEE TYPE:RC_CHANNELS_PACKED        LEN:26 | EE 18 16 E0 C3 5E 2B B2 D7 8A 56 B4 02 7C E0 03 1F F8 C0 07 3E F0 81 0F 7C E4
[21:09:49.556] ADDR:0xEE TYPE:RC_CHANNELS_PACKED        LEN:26 | EE 18 16 E0 C3 5E 2B B2 D7 8A 56 B4 02 7C E0 03 1F F8 C0 07 3E F0 81 0F 7C E4
[21:09:49.576] ADDR:0xEE TYPE:RC_CHANNELS_PACKED        LEN:26 | EE 18 16 E0 C3 5E 2B B2 D7 8A 56 B4 02 7C E0 03 1F F8 C0 07 3E F0 81 0F 7C E4
[21:09:49.576] ADDR:0xEA TYPE:ELRS_STATUS               LEN:15 | EA 0D 3A EA EE 10 00 01 86 A0 00 00 00 27 E8
[21:09:49.586] ADDR:0xEE TYPE:RC_CHANNELS_PACKED        LEN:26 | EE 18 16 E0 C3 5E 2B B2 D7 8A 56 B4 02 7C E0 03 1F F8 C0 07 3E F0 81 0F 7C E4
[21:09:49.586] ADDR:0xEE TYPE:RC_CHANNELS_PACKED        LEN:26 | EE 18 16 E0 C3 5E 2B B2 D7 8A 56 B4 02 7C E0 03 1F F8 C0 07 3E F0 81 0F 7C E4
[21:09:49.606] ADDR:0xEE TYPE:RC_CHANNELS_PACKED        LEN:26 | EE 18 16 E0 C3 5E 2B B2 D7 8A 56 B4 02 7C E0 03 1F F8 C0 07 3E F0 81 0F 7C E4
[21:09:49.627] ADDR:0xEE TYPE:PARAMETER_READ            LEN:08 | EE 06 2C EE EA 03 00 90
[21:09:49.627] ADDR:0xEE TYPE:RC_CHANNELS_PACKED        LEN:26 | EE 18 16 E0 C3 5E 2B AE D7 8A 56 B4 02 7C E0 03 1F F8 C0 07 3E F0 81 0F 7C 73
[21:09:49.627] ADDR:0xEA TYPE:PARAMETER_SETTINGS_ENTRY  LEN:54 | EA 34 2B EA EE 03 00 00 09 53 77 69 74 63 68 20 4D 6F 64 65 00 38 63 68 3B 31 36 63 68 20 52 61 74 65 2F 32 3B 31 32 63 68 20 4D 69 78 65 64 00 01 00 02 00 00 74
[21:09:49.627] ADDR:0xEE TYPE:RC_CHANNELS_PACKED        LEN:26 | EE 18 16 E0 C3 5E 2B B2 D7 8A 56 B4 02 7C E0 03 1F F8 C0 07 3E F0 81 0F 7C E4
[21:09:49.647] ADDR:0xEE TYPE:RC_CHANNELS_PACKED        LEN:26 | EE 18 16 E0 C3 5E 2B B2 D7 8A 56 B4 02 7C E0 03 1F F8 C0 07 3E F0 81 0F 7C E4
[21:09:49.647] ADDR:0xEE TYPE:RC_CHANNELS_PACKED        LEN:26 | EE 18 16 E0 C3 5E 2B B0 D7 8A 56 B4 02 7C E0 03 1F F8 C0 07 3E F0 81 0F 7C 98
[21:09:49.657] ADDR:0xEE TYPE:RC_CHANNELS_PACKED        LEN:26 | EE 18 16 E0 C3 5E 2B AE D7 8A 56 B4 02 7C E0 03 1F F8 C0 07 3E F0 81 0F 7C 73
[21:09:49.679] ADDR:0xEE TYPE:RC_CHANNELS_PACKED        LEN:26 | EE 18 16 E0 C3 5E 2B B0 D7 8A 56 B4 02 7C E0 03 1F F8 C0 07 3E F0 81 0F 7C 98
[21:09:49.679] ADDR:0xEE TYPE:RC_CHANNELS_PACKED        LEN:26 | EE 18 16 E0 C3 5E 2B B4 D7 8A 56 B4 02 7C E0 03 1F F8 C0 07 3E F0 81 0F 7C 60
[21:09:49.689] ADDR:0xEE TYPE:RC_CHANNELS_PACKED        LEN:26 | EE 18 16 E0 C3 5E 2B B2 D7 8A 56 B4 02 7C E0 03 1F F8 C0 07 3E F0 81 0F 7C E4
[21:09:49.689] ADDR:0xEE TYPE:RC_CHANNELS_PACKED        LEN:26 | EE 18 16 E0 C3 5E 2B B2 D7 8A 56 B4 02 7C E0 03 1F F8 C0 07 3E F0 81 0F 7C E4
[21:09:49.710] ADDR:0xEE TYPE:PARAMETER_READ            LEN:08 | EE 06 2C EE EA 04 00 A1
[21:09:49.730] ADDR:0xEE TYPE:RC_CHANNELS_PACKED        LEN:26 | EE 18 16 E0 BB 5E 2B B2 D7 8A 56 B4 02 7C E0 03 1F F8 C0 07 3E F0 81 0F 7C 44
[21:09:49.730] ADDR:0xEA TYPE:PARAMETER_SETTINGS_ENTRY  LEN:40 | EA 26 2B EA EE 04 00 00 09 4C 69 6E 6B 20 4D 6F 64 65 00 4E 6F 72 6D 61 6C 3B 4D 41 56 4C 69 6E 6B 00 00 00 01 00 00 06
[21:09:49.730] ADDR:0xEE TYPE:RC_CHANNELS_PACKED        LEN:26 | EE 18 16 DF C3 5E 2B B2 D7 8A 56 B4 02 7C E0 03 1F F8 C0 07 3E F0 81 0F 7C 66
[21:09:49.750] ADDR:0xEE TYPE:RC_CHANNELS_PACKED        LEN:26 | EE 18 16 DF C3 5E 2B B2 D7 8A 56 B4 02 7C E0 03 1F F8 C0 07 3E F0 81 0F 7C 66
[21:09:49.750] ADDR:0xEE TYPE:RC_CHANNELS_PACKED        LEN:26 | EE 18 16 E0 C3 5E 2B B0 D7 8A 56 B4 02 7C E0 03 1F F8 C0 07 3E F0 81 0F 7C 98
[21:09:49.761] ADDR:0xEE TYPE:RC_CHANNELS_PACKED        LEN:26 | EE 18 16 E0 C3 5E 2B B2 D7 8A 56 B4 02 7C E0 03 1F F8 C0 07 3E F0 81 0F 7C E4
[21:09:49.791] ADDR:0xEE TYPE:RC_CHANNELS_PACKED        LEN:26 | EE 18 16 E0 C3 5E 2B B2 D7 8A 56 B4 02 7C E0 03 1F F8 C0 07 3E F0 81 0F 7C E4
[21:09:49.791] ADDR:0xEA TYPE:ELRS_STATUS               LEN:15 | EA 0D 3A EA EE 10 00 01 86 A0 00 00 00 FF E1
[21:09:49.791] ADDR:0xEE TYPE:RC_CHANNELS_PACKED        LEN:26 | EE 18 16 DF C3 5E 2B B2 D7 8A 56 B4 02 7C E0 03 1F F8 C0 07 3E F0 81 0F 7C 66
[21:09:49.791] ADDR:0xEE TYPE:RC_CHANNELS_PACKED        LEN:26 | EE 18 16 E0 C3 5E 2B B0 D7 8A 56 B4 02 7C E0 03 1F F8 C0 07 3E F0 81 0F 7C 98
[21:09:49.801] ADDR:0xEE TYPE:RC_CHANNELS_PACKED        LEN:26 | EE 18 16 E0 BB 5E 2B B2 D7 8A 56 B4 02 7C E0 03 1F F8 C0 07 3E F0 81 0F 7C 44
[21:09:49.802] ADDR:0xEE TYPE:PARAMETER_READ            LEN:08 | EE 06 2C EE EA 05 00 AA
[21:09:49.832] ADDR:0xEE TYPE:RC_CHANNELS_PACKED        LEN:26 | EE 18 16 E0 C3 5E 2B B2 D7 8A 56 B4 02 7C E0 03 1F F8 C0 07 3E F0 81 0F 7C E4
[21:09:49.832] ADDR:0xEA TYPE:PARAMETER_SETTINGS_ENTRY  LEN:42 | EA 28 2B EA EE 05 00 00 09 4D 6F 64 65 6C 20 4D 61 74 63 68 00 4F 66 66 3B 4F 6E 00 00 00 01 00 20 28 49 44 3A 20 30 29 00 D2
[21:09:49.832] ADDR:0xEE TYPE:RC_CHANNELS_PACKED        LEN:26 | EE 18 16 E0 BB 5E 2B B2 D7 8A 56 B4 02 7C E0 03 1F F8 C0 07 3E F0 81 0F 7C 44
[21:09:49.842] ADDR:0xEE TYPE:RC_CHANNELS_PACKED        LEN:26 | EE 18 16 E0 C3 5E 2B B2 D7 8A 56 B4 02 7C E0 03 1F F8 C0 07 3E F0 81 0F 7C E4
[21:09:49.842] ADDR:0xEE TYPE:RC_CHANNELS_PACKED        LEN:26 | EE 18 16 E0 BB 5E 2B B2 D7 8A 56 B4 02 7C E0 03 1F F8 C0 07 3E F0 81 0F 7C 44
[21:09:49.863] ADDR:0xEE TYPE:RC_CHANNELS_PACKED        LEN:26 | EE 18 16 E0 C3 5E 2B B0 D7 8A 56 B4 02 7C E0 03 1F F8 C0 07 3E F0 81 0F 7C 98
[21:09:49.883] ADDR:0xEE TYPE:RC_CHANNELS_PACKED        LEN:26 | EE 18 16 E0 C3 5E 2B B4 D7 8A 56 B4 02 7C E0 03 1F F8 C0 07 3E F0 81 0F 7C 60
[21:09:49.883] ADDR:0xEE TYPE:RC_CHANNELS_PACKED        LEN:26 | EE 18 16 E0 C3 5E 2B B2 D7 8A 56 B4 02 7C E0 03 1F F8 C0 07 3E F0 81 0F 7C E4
[21:09:49.893] ADDR:0xEE TYPE:RC_CHANNELS_PACKED        LEN:26 | EE 18 16 E0 C3 5E 2B B0 D7 8A 56 B4 02 7C E0 03 1F F8 C0 07 3E F0 81 0F 7C 98
[21:09:49.894] ADDR:0xEE TYPE:RC_CHANNELS_PACKED        LEN:26 | EE 18 16 E0 C3 5E 2B B2 D7 8A 56 B4 02 7C E0 03 1F F8 C0 07 3E F0 81 0F 7C E4
[21:09:49.914] ADDR:0xEE TYPE:RC_CHANNELS_PACKED        LEN:26 | EE 18 16 DF C3 5E 2B B0 D7 8A 56 B4 02 7C E0 03 1F F8 C0 07 3E F0 81 0F 7C 1A
[21:09:49.944] ADDR:0xEE TYPE:PARAMETER_READ            LEN:08 | EE 06 2C EE EA 06 00 B7
[21:09:49.944] ADDR:0xEE TYPE:RC_CHANNELS_PACKED        LEN:26 | EE 18 16 E0 C3 5E 2B B2 D7 8A 56 B4 02 7C E0 03 1F F8 C0 07 3E F0 81 0F 7C E4
[21:09:49.945] ADDR:0xEA TYPE:PARAMETER_SETTINGS_ENTRY  LEN:34 | EA 20 2B EA EE 06 00 00 0B 54 58 20 50 6F 77 65 72 20 28 32 35 6D 57 20 44 79 6E 29 00 07 08 09 FF 62
[21:09:49.945] ADDR:0xEE TYPE:RC_CHANNELS_PACKED        LEN:26 | EE 18 16 E0 BB 5E 2B B2 D7 8A 56 B4 02 7C E0 03 1F F8 C0 07 3E F0 81 0F 7C 44
[21:09:49.955] ADDR:0xEE TYPE:RC_CHANNELS_PACKED        LEN:26 | EE 18 16 E0 C3 5E 2B B2 D7 8A 56 B4 02 7C E0 03 1F F8 C0 07 3E F0 81 0F 7C E4
[21:09:49.955] ADDR:0xEE TYPE:RC_CHANNELS_PACKED        LEN:26 | EE 18 16 E0 C3 5E 2B AE D7 8A 56 B4 02 7C E0 03 1F F8 C0 07 3E F0 81 0F 7C 73
[21:09:49.975] ADDR:0xEE TYPE:RC_CHANNELS_PACKED        LEN:26 | EE 18 16 E0 C3 5E 2B B2 D7 8A 56 B4 02 7C E0 03 1F F8 C0 07 3E F0 81 0F 7C E4
[21:09:49.975] ADDR:0xEA TYPE:ELRS_STATUS               LEN:15 | EA 0D 3A EA EE 10 00 01 86 A0 00 00 00 61 F4
[21:09:49.985] ADDR:0xEE TYPE:RC_CHANNELS_PACKED        LEN:26 | EE 18 16 E0 C3 5E 2B B0 D7 8A 56 B4 02 7C E0 03 1F F8 C0 07 3E F0 81 0F 7C 98
[21:09:49.985] ADDR:0xEE TYPE:RC_CHANNELS_PACKED        LEN:26 | EE 18 16 E0 BB 5E 2B B2 D7 8A 56 B4 02 7C E0 03 1F F8 C0 07 3E F0 81 0F 7C 44
[21:09:50.006] ADDR:0xEE TYPE:RC_CHANNELS_PACKED        LEN:26 | EE 18 16 DF C3 5E 2B B2 D7 8A 56 B4 02 7C E0 03 1F F8 C0 07 3E F0 81 0F 7C 66
[21:09:50.006] ADDR:0xEE TYPE:RC_CHANNELS_PACKED        LEN:26 | EE 18 16 E0 BB 5E 2B B2 D7 8A 56 B4 02 7C E0 03 1F F8 C0 07 3E F0 81 0F 7C 44
[21:09:50.016] ADDR:0xEE TYPE:PARAMETER_READ            LEN:08 | EE 06 2C EE EA 07 00 BC
[21:09:50.036] ADDR:0xEE TYPE:RC_CHANNELS_PACKED        LEN:26 | EE 18 16 E0 C3 5E 2B B2 D7 8A 56 B4 02 7C E0 03 1F F8 C0 07 3E F0 81 0F 7C E4
[21:09:50.036] ADDR:0xEA TYPE:PARAMETER_SETTINGS_ENTRY  LEN:50 | EA 30 2B EA EE 07 00 06 09 4D 61 78 20 50 6F 77 65 72 00 32 35 3B 35 30 3B 31 30 30 3B 32 35 30 3B 35 30 30 3B 31 30 30 30 00 00 00 05 00 6D 57 00 4F
[21:09:50.036] ADDR:0xEE TYPE:RC_CHANNELS_PACKED        LEN:26 | EE 18 16 DF BB 5E 2B B4 D7 8A 56 B4 02 7C E0 03 1F F8 C0 07 3E F0 81 0F 7C 42
[21:09:50.057] ADDR:0xEE TYPE:RC_CHANNELS_PACKED        LEN:26 | EE 18 16 DF C3 5E 2B B2 D7 8A 56 B4 02 7C E0 03 1F F8 C0 07 3E F0 81 0F 7C 66
[21:09:50.057] ADDR:0xEE TYPE:RC_CHANNELS_PACKED        LEN:26 | EE 18 16 E0 C3 5E 2B B2 D7 8A 56 B4 02 7C E0 03 1F F8 C0 07 3E F0 81 0F 7C E4
[21:09:50.077] ADDR:0xEE TYPE:RC_CHANNELS_PACKED        LEN:26 | EE 18 16 E0 C3 5E 2B B2 D7 8A 56 B4 02 7C E0 03 1F F8 C0 07 3E F0 81 0F 7C E4
[21:09:50.087] ADDR:0xEE TYPE:RC_CHANNELS_PACKED        LEN:26 | EE 18 16 DF C3 5E 2B B4 D7 8A 56 B4 02 7C E0 03 1F F8 C0 07 3E F0 81 0F 7C E2
[21:09:50.087] ADDR:0xEE TYPE:RC_CHANNELS_PACKED        LEN:26 | EE 18 16 DF C3 5E 2B B2 D7 8A 56 B4 02 7C E0 03 1F F8 C0 07 3E F0 81 0F 7C 66
[21:09:50.107] ADDR:0xEE TYPE:RC_CHANNELS_PACKED        LEN:26 | EE 18 16 E0 C3 5E 2B B4 D7 8A 56 B4 02 7C E0 03 1F F8 C0 07 3E F0 81 0F 7C 60
[21:09:50.108] ADDR:0xEE TYPE:RC_CHANNELS_PACKED        LEN:26 | EE 18 16 E0 C3 5E 2B B0 D7 8A 56 B4 02 7C E0 03 1F F8 C0 07 3E F0 81 0F 7C 98
[21:09:50.118] ADDR:0xEE TYPE:PARAMETER_READ            LEN:08 | EE 06 2C EE EA 08 00 D5
[21:09:50.138] ADDR:0xEE TYPE:RC_CHANNELS_PACKED        LEN:26 | EE 18 16 E0 C3 5E 2B B2 D7 8A 56 B4 02 7C E0 03 1F F8 C0 07 3E F0 81 0F 7C E4
[21:09:50.138] ADDR:0xEA TYPE:PARAMETER_SETTINGS_ENTRY  LEN:54 | EA 34 2B EA EE 08 00 06 09 44 79 6E 61 6D 69 63 00 4F 66 66 3B 44 79 6E 3B 41 55 58 39 3B 41 55 58 31 30 3B 41 55 58 31 31 3B 41 55 58 31 32 00 01 00 05 00 00 B7
[21:09:50.138] ADDR:0xEE TYPE:RC_CHANNELS_PACKED        LEN:26 | EE 18 16 E0 BB 5E 2B B4 D7 8A 56 B4 02 7C E0 03 1F F8 C0 07 3E F0 81 0F 7C C0
[21:09:50.158] ADDR:0xEE TYPE:RC_CHANNELS_PACKED        LEN:26 | EE 18 16 DD BB 5E 2B B2 D7 8A 56 B4 02 7C E0 03 1F F8 C0 07 3E F0 81 0F 7C B0
[21:09:50.158] ADDR:0xEE TYPE:RC_CHANNELS_PACKED        LEN:26 | EE 18 16 E0 C3 5E 2B B0 D7 8A 56 B4 02 7C E0 03 1F F8 C0 07 3E F0 81 0F 7C 98
[21:09:50.169] ADDR:0xEE TYPE:RC_CHANNELS_PACKED        LEN:26 | EE 18 16 DF C3 5E 2B B2 D7 8A 56 B4 02 7C E0 03 1F F8 C0 07 3E F0 81 0F 7C 66
[21:09:50.169] ADDR:0xEA TYPE:ELRS_STATUS               LEN:15 | EA 0D 3A EA EE 10 00 01 86 A0 00 00 00 FE 34
[21:09:50.189] ADDR:0xEE TYPE:RC_CHANNELS_PACKED        LEN:26 | EE 18 16 DF BB 5E 2B B4 D7 8A 56 B4 02 7C E0 03 1F F8 C0 07 3E F0 81 0F 7C 42
[21:09:50.189] ADDR:0xEE TYPE:RC_CHANNELS_PACKED        LEN:26 | EE 18 16 DF BB 5E 2B B4 D7 8A 56 B4 02 7C E0 03 1F F8 C0 07 3E F0 81 0F 7C 42
[21:09:50.209] ADDR:0xEE TYPE:RC_CHANNELS_PACKED        LEN:26 | EE 18 16 E0 BB 5E 2B B0 D7 8A 56 B4 02 7C E0 03 1F F8 C0 07 3E F0 81 0F 7C 38
[21:09:50.210] ADDR:0xEE TYPE:RC_CHANNELS_PACKED        LEN:26 | EE 18 16 E0 C3 5E 2B B2 D7 8A 56 B4 02 7C E0 03 1F F8 C0 07 3E F0 81 0F 7C E4
[21:09:50.220] ADDR:0xEE TYPE:PARAMETER_READ            LEN:08 | EE 06 2C EE EA 09 00 DE
[21:09:50.240] ADDR:0xEE TYPE:RC_CHANNELS_PACKED        LEN:26 | EE 18 16 E0 C3 5E 2B B2 D7 8A 56 B4 02 7C E0 03 1F F8 C0 07 3E F0 81 0F 7C E4
[21:09:50.240] ADDR:0xEA TYPE:PARAMETER_SETTINGS_ENTRY  LEN:64 | EA 3E 2B EA EE 09 01 06 09 46 61 6E 20 54 68 72 65 73 68 00 31 30 6D 57 3B 32 35 6D 57 3B 35 30 6D 57 3B 31 30 30 6D 57 3B 32 35 30 6D 57 3B 35 30 30 6D 57 3B 31 30 30 30 6D 57 3B 32 30 30 B6
[21:09:50.240] ADDR:0xEE TYPE:RC_CHANNELS_PACKED        LEN:26 | EE 18 16 DF C3 5E 2B B2 D7 8A 56 B4 02 7C E0 03 1F F8 C0 07 3E F0 81 0F 7C 66
[21:09:50.260] ADDR:0xEE TYPE:RC_CHANNELS_PACKED        LEN:26 | EE 18 16 DF BB 5E 2B B2 D7 8A 56 B4 02 7C E0 03 1F F8 C0 07 3E F0 81 0F 7C C6
[21:09:50.261] ADDR:0xEE TYPE:RC_CHANNELS_PACKED        LEN:26 | EE 18 16 E0 C3 5E 2B B2 D7 8A 56 B4 02 7C E0 03 1F F8 C0 07 3E F0 81 0F 7C E4
[21:09:50.271] ADDR:0xEE TYPE:RC_CHANNELS_PACKED        LEN:26 | EE 18 16 E0 C3 5E 2B B2 D7 8A 56 B4 02 7C E0 03 1F F8 C0 07 3E F0 81 0F 7C E4
[21:09:50.291] ADDR:0xEE TYPE:RC_CHANNELS_PACKED        LEN:26 | EE 18 16 DF C3 5E 2B B2 D7 8A 56 B4 02 7C E0 03 1F F8 C0 07 3E F0 81 0F 7C 66
[21:09:50.291] ADDR:0xEE TYPE:RC_CHANNELS_PACKED        LEN:26 | EE 18 16 E0 C3 5E 2B B2 D7 8A 56 B4 02 7C E0 03 1F F8 C0 07 3E F0 81 0F 7C E4
[21:09:50.301] ADDR:0xEE TYPE:RC_CHANNELS_PACKED        LEN:26 | EE 18 16 E0 C3 5E 2B B2 D7 8A 56 B4 02 7C E0 03 1F F8 C0 07 3E F0 81 0F 7C E4
[21:09:50.301] ADDR:0xEE TYPE:RC_CHANNELS_PACKED        LEN:26 | EE 18 16 E0 C3 5E 2B B2 D7 8A 56 B4 02 7C E0 03 1F F8 C0 07 3E F0 81 0F 7C E4
[21:09:50.321] ADDR:0xEE TYPE:PARAMETER_READ            LEN:08 | EE 06 2C EE EA 09 01 0B
[21:09:50.352] ADDR:0xEE TYPE:RC_CHANNELS_PACKED        LEN:26 | EE 18 16 E0 C3 5E 2B B2 D7 8A 56 B4 02 7C E0 03 1F F8 C0 07 3E F0 81 0F 7C E4
[21:09:50.352] ADDR:0xEA TYPE:PARAMETER_SETTINGS_ENTRY  LEN:23 | EA 15 2B EA EE 09 00 30 6D 57 3B 4E 65 76 65 72 00 05 00 08 00 00 B8
[21:09:50.352] ADDR:0xEE TYPE:RC_CHANNELS_PACKED        LEN:26 | EE 18 16 E0 C3 5E 2B B0 D7 8A 56 B4 02 7C E0 03 1F F8 C0 07 3E F0 81 0F 7C 98
[21:09:50.352] ADDR:0xEE TYPE:RC_CHANNELS_PACKED        LEN:26 | EE 18 16 E0 C3 5E 2B B2 D7 8A 56 B4 02 7C E0 03 1F F8 C0 07 3E F0 81 0F 7C E4
[21:09:50.382] ADDR:0xEE TYPE:RC_CHANNELS_PACKED        LEN:26 | EE 18 16 E0 C3 5E 2B B2 D7 8A 56 B4 02 7C E0 03 1F F8 C0 07 3E F0 81 0F 7C E4
[21:09:50.383] ADDR:0xEE TYPE:RC_CHANNELS_PACKED        LEN:26 | EE 18 16 E0 C3 5E 2B B2 D7 8A 56 B4 02 7C E0 03 1F F8 C0 07 3E F0 81 0F 7C E4
[21:09:50.383] ADDR:0xEA TYPE:ELRS_STATUS               LEN:15 | EA 0D 3A EA EE 10 00 01 86 A0 00 00 00 BF 7C
[21:09:50.383] ADDR:0xEE TYPE:RC_CHANNELS_PACKED        LEN:26 | EE 18 16 E0 C3 5E 2B B2 D7 8A 56 B4 02 7C E0 03 1F F8 C0 07 3E F0 81 0F 7C E4
[21:09:50.393] ADDR:0xEE TYPE:RC_CHANNELS_PACKED        LEN:26 | EE 18 16 E0 C3 5E 2B B2 D7 8A 56 B4 02 7C E0 03 1F F8 C0 07 3E F0 81 0F 7C E4
[21:09:50.393] ADDR:0xEE TYPE:RC_CHANNELS_PACKED        LEN:26 | EE 18 16 E0 C3 5E 2B B2 D7 8A 56 B4 02 7C E0 03 1F F8 C0 07 3E F0 81 0F 7C E4
[21:09:50.413] ADDR:0xEE TYPE:RC_CHANNELS_PACKED        LEN:26 | EE 18 16 E0 BB 5E 2B B2 D7 8A 56 B4 02 7C E0 03 1F F8 C0 07 3E F0 81 0F 7C 44
[21:09:50.444] ADDR:0xEE TYPE:PARAMETER_READ            LEN:08 | EE 06 2C EE EA 0A 00 C3
[21:09:50.444] ADDR:0xEE TYPE:RC_CHANNELS_PACKED        LEN:26 | EE 18 16 E0 C3 5E 2B B2 D7 8A 56 B4 02 7C E0 03 1F F8 C0 07 3E F0 81 0F 7C E4
[21:09:50.444] ADDR:0xEA TYPE:PARAMETER_SETTINGS_ENTRY  LEN:34 | EA 20 2B EA EE 0A 00 00 0B 56 54 58 20 41 64 6D 69 6E 69 73 74 72 61 74 6F 72 00 0B 0C 0D 0E 0F FF 62
[21:09:50.444] ADDR:0xEE TYPE:RC_CHANNELS_PACKED        LEN:26 | EE 18 16 E0 C3 5E 2B B2 D7 8A 56 B4 02 7C E0 03 1F F8 C0 07 3E F0 81 0F 7C E4
[21:09:50.454] ADDR:0xEE TYPE:RC_CHANNELS_PACKED        LEN:26 | EE 18 16 E0 C3 5E 2B B2 D7 8A 56 B4 02 7C E0 03 1F F8 C0 07 3E F0 81 0F 7C E4
[21:09:50.454] ADDR:0xEE TYPE:RC_CHANNELS_PACKED        LEN:26 | EE 18 16 E0 C3 5E 2B B2 D7 8A 56 B4 02 7C E0 03 1F F8 C0 07 3E F0 81 0F 7C E4
[21:09:50.474] ADDR:0xEE TYPE:RC_CHANNELS_PACKED        LEN:26 | EE 18 16 E0 C3 5E 2B B2 D7 8A 56 B4 02 7C E0 03 1F F8 C0 07 3E F0 81 0F 7C E4
[21:09:50.485] ADDR:0xEE TYPE:RC_CHANNELS_PACKED        LEN:26 | EE 18 16 E0 C3 5E 2B B2 D7 8A 56 B4 02 7C E0 03 1F F8 C0 07 3E F0 81 0F 7C E4
[21:09:50.485] ADDR:0xEE TYPE:RC_CHANNELS_PACKED        LEN:26 | EE 18 16 E0 BB 5E 2B B2 D7 8A 56 B4 02 7C E0 03 1F F8 C0 07 3E F0 81 0F 7C 44
[21:09:50.505] ADDR:0xEE TYPE:RC_CHANNELS_PACKED        LEN:26 | EE 18 16 E0 C3 5E 2B AE D7 8A 56 B4 02 7C E0 03 1F F8 C0 07 3E F0 81 0F 7C 73
[21:09:50.505] ADDR:0xEE TYPE:RC_CHANNELS_PACKED        LEN:26 | EE 18 16 E0 C3 5E 2B B2 D7 8A 56 B4 02 7C E0 03 1F F8 C0 07 3E F0 81 0F 7C E4
[21:09:50.515] ADDR:0xEE TYPE:PARAMETER_READ            LEN:08 | EE 06 2C EE EA 0B 00 C8
[21:09:50.546] ADDR:0xEE TYPE:RC_CHANNELS_PACKED        LEN:26 | EE 18 16 DF C3 5E 2B AE D7 8A 56 B4 02 7C E0 03 1F F8 C0 07 3E F0 81 0F 7C F1
[21:09:50.546] ADDR:0xEA TYPE:PARAMETER_SETTINGS_ENTRY  LEN:36 | EA 22 2B EA EE 0B 00 0A 09 42 61 6E 64 00 4F 66 66 3B 41 3B 42 3B 45 3B 46 3B 52 3B 4C 00 00 00 06 00 00 4B
[21:09:50.546] ADDR:0xEE TYPE:RC_CHANNELS_PACKED        LEN:26 | EE 18 16 E0 C3 5E 2B B2 D7 8A 56 B4 02 7C E0 03 1F F8 C0 07 3E F0 81 0F 7C E4
[21:09:50.546] ADDR:0xEE TYPE:RC_CHANNELS_PACKED        LEN:26 | EE 18 16 E0 C3 5E 2B B2 D7 8A 56 B4 02 7C E0 03 1F F8 C0 07 3E F0 81 0F 7C E4
[21:09:50.576] ADDR:0xEE TYPE:RC_CHANNELS_PACKED        LEN:26 | EE 18 16 E0 C3 5E 2B B2 D7 8A 56 B4 02 7C E0 03 1F F8 C0 07 3E F0 81 0F 7C E4
[21:09:50.576] ADDR:0xEE TYPE:RC_CHANNELS_PACKED        LEN:26 | EE 18 16 E0 C3 5E 2B B2 D7 8A 56 B4 02 7C E0 03 1F F8 C0 07 3E F0 81 0F 7C E4
[21:09:50.576] ADDR:0xEA TYPE:ELRS_STATUS               LEN:15 | EA 0D 3A EA EE 10 00 01 86 A0 00 00 00 A2 2C
[21:09:50.576] ADDR:0xEE TYPE:RC_CHANNELS_PACKED        LEN:26 | EE 18 16 E0 C3 5E 2B AE D7 8A 56 B4 02 7C E0 03 1F F8 C0 07 3E F0 81 0F 7C 73
[21:09:50.597] ADDR:0xEE TYPE:RC_CHANNELS_PACKED        LEN:26 | EE 18 16 E0 C3 5E 2B B2 D7 8A 56 B4 02 7C E0 03 1F F8 C0 07 3E F0 81 0F 7C E4
[21:09:50.597] ADDR:0xEE TYPE:RC_CHANNELS_PACKED        LEN:26 | EE 18 16 E0 BB 5E 2B B2 D7 8A 56 B4 02 7C E0 03 1F F8 C0 07 3E F0 81 0F 7C 44
[21:09:50.617] ADDR:0xEE TYPE:RC_CHANNELS_PACKED        LEN:26 | EE 18 16 E0 C3 5E 2B B0 D7 8A 56 B4 02 7C E0 03 1F F8 C0 07 3E F0 81 0F 7C 98
[21:09:50.627] ADDR:0xEE TYPE:PARAMETER_READ            LEN:08 | EE 06 2C EE EA 0C 00 F9
[21:09:50.627] ADDR:0xEE TYPE:RC_CHANNELS_PACKED        LEN:26 | EE 18 16 DF C3 5E 2B B2 D7 8A 56 B4 02 7C E0 03 1F F8 C0 07 3E F0 81 0F 7C 66
[21:09:50.627] ADDR:0xEA TYPE:PARAMETER_SETTINGS_ENTRY  LEN:23 | EA 15 2B EA EE 0C 00 0A 00 43 68 61 6E 6E 65 6C 00 01 01 08 00 00 FB
[21:09:50.647] ADDR:0xEE TYPE:RC_CHANNELS_PACKED        LEN:26 | EE 18 16 E0 C3 5E 2B B4 D7 8A 56 B4 02 7C E0 03 1F F8 C0 07 3E F0 81 0F 7C 60
[21:09:50.647] ADDR:0xEE TYPE:RC_CHANNELS_PACKED        LEN:26 | EE 18 16 E0 C3 5E 2B B2 D7 8A 56 B4 02 7C E0 03 1F F8 C0 07 3E F0 81 0F 7C E4
[21:09:50.658] ADDR:0xEE TYPE:RC_CHANNELS_PACKED        LEN:26 | EE 18 16 E0 C3 5E 2B B0 D7 8A 56 B4 02 7C E0 03 1F F8 C0 07 3E F0 81 0F 7C 98
[21:09:50.678] ADDR:0xEE TYPE:RC_CHANNELS_PACKED        LEN:26 | EE 18 16 E0 C3 5E 2B B2 D7 8A 56 B4 02 7C E0 03 1F F8 C0 07 3E F0 81 0F 7C E4
[21:09:50.678] ADDR:0xEE TYPE:RC_CHANNELS_PACKED        LEN:26 | EE 18 16 E0 C3 5E 2B B0 D7 8A 56 B4 02 7C E0 03 1F F8 C0 07 3E F0 81 0F 7C 98
[21:09:50.688] ADDR:0xEE TYPE:RC_CHANNELS_PACKED        LEN:26 | EE 18 16 E0 C3 5E 2B B2 D7 8A 56 B4 02 7C E0 03 1F F8 C0 07 3E F0 81 0F 7C E4
[21:09:50.709] ADDR:0xEE TYPE:RC_CHANNELS_PACKED        LEN:26 | EE 18 16 E0 C3 5E 2B B2 D7 8A 56 B4 02 7C E0 03 1F F8 C0 07 3E F0 81 0F 7C E4
[21:09:50.709] ADDR:0xEE TYPE:RC_CHANNELS_PACKED        LEN:26 | EE 18 16 E0 BB 5E 2B B2 D7 8A 56 B4 02 7C E0 03 1F F8 C0 07 3E F0 81 0F 7C 44
[21:09:50.729] ADDR:0xEE TYPE:PARAMETER_READ            LEN:08 | EE 06 2C EE EA 0D 00 F2
[21:09:50.729] ADDR:0xEE TYPE:RC_CHANNELS_PACKED        LEN:26 | EE 18 16 E0 C3 5E 2B AE D7 8A 56 B4 02 7C E0 03 1F F8 C0 07 3E F0 81 0F 7C 73
[21:09:50.739] ADDR:0xEA TYPE:PARAMETER_SETTINGS_ENTRY  LEN:41 | EA 27 2B EA EE 0D 00 0A 09 50 77 72 20 4C 76 6C 00 2D 3B 31 3B 32 3B 33 3B 34 3B 35 3B 36 3B 37 3B 38 00 00 00 08 00 00 C1
[21:09:50.740] ADDR:0xEE TYPE:RC_CHANNELS_PACKED        LEN:26 | EE 18 16 E0 C3 5E 2B B2 D7 8A 56 B4 02 7C E0 03 1F F8 C0 07 3E F0 81 0F 7C E4
[21:09:50.760] ADDR:0xEE TYPE:RC_CHANNELS_PACKED        LEN:26 | EE 18 16 E0 C3 5E 2B B2 D7 8A 56 B4 02 7C E0 03 1F F8 C0 07 3E F0 81 0F 7C E4
[21:09:50.760] ADDR:0xEE TYPE:RC_CHANNELS_PACKED        LEN:26 | EE 18 16 E0 C3 5E 2B B2 D7 8A 56 B4 02 7C E0 03 1F F8 C0 07 3E F0 81 0F 7C E4
[21:09:50.770] ADDR:0xEE TYPE:RC_CHANNELS_PACKED        LEN:26 | EE 18 16 E0 C3 5E 2B B2 D7 8A 56 B4 02 7C E0 03 1F F8 C0 07 3E F0 81 0F 7C E4
[21:09:50.770] ADDR:0xEA TYPE:ELRS_STATUS               LEN:15 | EA 0D 3A EA EE 10 00 01 86 A0 00 00 00 D3 92
[21:09:50.790] ADDR:0xEE TYPE:RC_CHANNELS_PACKED        LEN:26 | EE 18 16 E0 C3 5E 2B AE D7 8A 56 B4 02 7C E0 03 1F F8 C0 07 3E F0 81 0F 7C 73
[21:09:50.790] ADDR:0xEE TYPE:RC_CHANNELS_PACKED        LEN:26 | EE 18 16 E0 C3 5E 2B B2 D7 8A 56 B4 02 7C E0 03 1F F8 C0 07 3E F0 81 0F 7C E4
[21:09:50.801] ADDR:0xEE TYPE:RC_CHANNELS_PACKED        LEN:26 | EE 18 16 E0 C3 5E 2B AE D7 8A 56 B4 02 7C E0 03 1F F8 C0 07 3E F0 81 0F 7C 73
[21:09:50.801] ADDR:0xEE TYPE:RC_CHANNELS_PACKED        LEN:26 | EE 18 16 E0 BB 5E 2B B2 D7 8A 56 B4 02 7C E0 03 1F F8 C0 07 3E F0 81 0F 7C 44
[21:09:50.821] ADDR:0xEE TYPE:PARAMETER_READ            LEN:08 | EE 06 2C EE EA 0E 00 EF
[21:09:50.841] ADDR:0xEE TYPE:RC_CHANNELS_PACKED        LEN:26 | EE 18 16 E0 C3 5E 2B B2 D7 8A 56 B4 02 7C E0 03 1F F8 C0 07 3E F0 81 0F 7C E4
[21:09:50.841] ADDR:0xEA TYPE:PARAMETER_SETTINGS_ENTRY  LEN:64 | EA 3E 2B EA EE 0E 02 0A 89 50 69 74 6D 6F 64 65 00 4F 66 66 3B 4F 6E 3B 41 55 58 31 C0 3B 41 55 58 31 C1 3B 41 55 58 32 C0 3B 41 55 58 32 C1 3B 41 55 58 33 C0 3B 41 55 58 33 C1 3B 41 55 58 F1
[21:09:50.841] ADDR:0xEE TYPE:RC_CHANNELS_PACKED        LEN:26 | EE 18 16 E0 C3 5E 2B B2 D7 8A 56 B4 02 7C E0 03 1F F8 C0 07 3E F0 81 0F 7C E4
[21:09:50.862] ADDR:0xEE TYPE:RC_CHANNELS_PACKED        LEN:26 | EE 18 16 E0 C3 5E 2B B2 D7 8A 56 B4 02 7C E0 03 1F F8 C0 07 3E F0 81 0F 7C E4
[21:09:50.862] ADDR:0xEE TYPE:RC_CHANNELS_PACKED        LEN:26 | EE 18 16 E0 C3 5E 2B B0 D7 8A 56 B4 02 7C E0 03 1F F8 C0 07 3E F0 81 0F 7C 98
[21:09:50.872] ADDR:0xEE TYPE:RC_CHANNELS_PACKED        LEN:26 | EE 18 16 E0 C3 5E 2B B2 D7 8A 56 B4 02 7C E0 03 1F F8 C0 07 3E F0 81 0F 7C E4
[21:09:50.892] ADDR:0xEE TYPE:RC_CHANNELS_PACKED        LEN:26 | EE 18 16 DF C3 5E 2B B0 D7 8A 56 B4 02 7C E0 03 1F F8 C0 07 3E F0 81 0F 7C 1A
[21:09:50.892] ADDR:0xEE TYPE:RC_CHANNELS_PACKED        LEN:26 | EE 18 16 E0 C3 5E 2B B0 D7 8A 56 B4 02 7C E0 03 1F F8 C0 07 3E F0 81 0F 7C 98
[21:09:50.903] ADDR:0xEE TYPE:RC_CHANNELS_PACKED        LEN:26 | EE 18 16 E0 C3 5E 2B AE D7 8A 56 B4 02 7C E0 03 1F F8 C0 07 3E F0 81 0F 7C 73
[21:09:50.903] ADDR:0xEE TYPE:RC_CHANNELS_PACKED        LEN:26 | EE 18 16 E0 C3 5E 2B B0 D7 8A 56 B4 02 7C E0 03 1F F8 C0 07 3E F0 81 0F 7C 98
[21:09:50.923] ADDR:0xEE TYPE:PARAMETER_READ            LEN:08 | EE 06 2C EE EA 0E 01 3A
[21:09:50.943] ADDR:0xEE TYPE:RC_CHANNELS_PACKED        LEN:26 | EE 18 16 E0 C3 5E 2B B2 D7 8A 56 B4 02 7C E0 03 1F F8 C0 07 3E F0 81 0F 7C E4
[21:09:50.943] ADDR:0xEA TYPE:PARAMETER_SETTINGS_ENTRY  LEN:64 | EA 3E 2B EA EE 0E 01 34 C0 3B 41 55 58 34 C1 3B 41 55 58 35 C0 3B 41 55 58 35 C1 3B 41 55 58 36 C0 3B 41 55 58 36 C1 3B 41 55 58 37 C0 3B 41 55 58 37 C1 3B 41 55 58 38 C0 3B 41 55 58 38 C1 00
[21:09:50.943] ADDR:0xEE TYPE:RC_CHANNELS_PACKED        LEN:26 | EE 18 16 E0 C3 5E 2B B2 D7 8A 56 B4 02 7C E0 03 1F F8 C0 07 3E F0 81 0F 7C E4
[21:09:50.954] ADDR:0xEE TYPE:RC_CHANNELS_PACKED        LEN:26 | EE 18 16 E0 C3 5E 2B B2 D7 8A 56 B4 02 7C E0 03 1F F8 C0 07 3E F0 81 0F 7C E4
[21:09:50.954] ADDR:0xEE TYPE:RC_CHANNELS_PACKED        LEN:26 | EE 18 16 E0 C3 5E 2B B2 D7 8A 56 B4 02 7C E0 03 1F F8 C0 07 3E F0 81 0F 7C E4
[21:09:50.974] ADDR:0xEE TYPE:RC_CHANNELS_PACKED        LEN:26 | EE 18 16 E0 C3 5E 2B B2 D7 8A 56 B4 02 7C E0 03 1F F8 C0 07 3E F0 81 0F 7C E4
[21:09:50.974] ADDR:0xEA TYPE:ELRS_STATUS               LEN:15 | EA 0D 3A EA EE 10 00 01 86 A0 00 00 00 AD 51
[21:09:50.984] ADDR:0xEE TYPE:RC_CHANNELS_PACKED        LEN:26 | EE 18 16 E0 C3 5E 2B B0 D7 8A 56 B4 02 7C E0 03 1F F8 C0 07 3E F0 81 0F 7C 98
[21:09:50.984] ADDR:0xEE TYPE:RC_CHANNELS_PACKED        LEN:26 | EE 18 16 E0 C3 5E 2B B2 D7 8A 56 B4 02 7C E0 03 1F F8 C0 07 3E F0 81 0F 7C E4
[21:09:51.005] ADDR:0xEE TYPE:RC_CHANNELS_PACKED        LEN:26 | EE 18 16 E0 C3 5E 2B B0 D7 8A 56 B4 02 7C E0 03 1F F8 C0 07 3E F0 81 0F 7C 98
[21:09:51.005] ADDR:0xEE TYPE:RC_CHANNELS_PACKED        LEN:26 | EE 18 16 E0 C3 5E 2B B0 D7 8A 56 B4 02 7C E0 03 1F F8 C0 07 3E F0 81 0F 7C 98
[21:09:51.015] ADDR:0xEE TYPE:PARAMETER_READ            LEN:08 | EE 06 2C EE EA 0E 02 90
[21:09:51.045] ADDR:0xEE TYPE:RC_CHANNELS_PACKED        LEN:26 | EE 18 16 E0 BB 5E 2B B2 D7 8A 56 B4 02 7C E0 03 1F F8 C0 07 3E F0 81 0F 7C 44
[21:09:51.046] ADDR:0xEA TYPE:PARAMETER_SETTINGS_ENTRY  LEN:40 | EA 26 2B EA EE 0E 00 3B 41 55 58 39 C0 3B 41 55 58 39 C1 3B 41 55 58 31 30 C0 3B 41 55 58 31 30 C1 00 00 00 15 00 00 97
[21:09:51.046] ADDR:0xEE TYPE:RC_CHANNELS_PACKED        LEN:26 | EE 18 16 E0 BB 5E 2B B2 D7 8A 56 B4 02 7C E0 03 1F F8 C0 07 3E F0 81 0F 7C 44
[21:09:51.056] ADDR:0xEE TYPE:RC_CHANNELS_PACKED        LEN:26 | EE 18 16 E0 C3 5E 2B B2 D7 8A 56 B4 02 7C E0 03 1F F8 C0 07 3E F0 81 0F 7C E4
[21:09:51.056] ADDR:0xEE TYPE:RC_CHANNELS_PACKED        LEN:26 | EE 18 16 E0 C3 5E 2B B2 D7 8A 56 B4 02 7C E0 03 1F F8 C0 07 3E F0 81 0F 7C E4
[21:09:51.076] ADDR:0xEE TYPE:RC_CHANNELS_PACKED        LEN:26 | EE 18 16 E0 C3 5E 2B B2 D7 8A 56 B4 02 7C E0 03 1F F8 C0 07 3E F0 81 0F 7C E4
[21:09:51.086] ADDR:0xEE TYPE:RC_CHANNELS_PACKED        LEN:26 | EE 18 16 E0 C3 5E 2B B0 D7 8A 56 B4 02 7C E0 03 1F F8 C0 07 3E F0 81 0F 7C 98
[21:09:51.086] ADDR:0xEE TYPE:RC_CHANNELS_PACKED        LEN:26 | EE 18 16 E0 C3 5E 2B B2 D7 8A 56 B4 02 7C E0 03 1F F8 C0 07 3E F0 81 0F 7C E4
[21:09:51.106] ADDR:0xEE TYPE:RC_CHANNELS_PACKED        LEN:26 | EE 18 16 DF C3 5E 2B B0 D7 8A 56 B4 02 7C E0 03 1F F8 C0 07 3E F0 81 0F 7C 1A
[21:09:51.107] ADDR:0xEE TYPE:RC_CHANNELS_PACKED        LEN:26 | EE 18 16 E0 C3 5E 2B AE D7 8A 56 B4 02 7C E0 03 1F F8 C0 07 3E F0 81 0F 7C 73
[21:09:51.117] ADDR:0xEE TYPE:PARAMETER_READ            LEN:08 | EE 06 2C EE EA 0F 00 E4
[21:09:51.147] ADDR:0xEE TYPE:RC_CHANNELS_PACKED        LEN:26 | EE 18 16 E0 C3 5E 2B B2 D7 8A 56 B4 02 7C E0 03 1F F8 C0 07 3E F0 81 0F 7C E4
[21:09:51.147] ADDR:0xEA TYPE:PARAMETER_SETTINGS_ENTRY  LEN:22 | EA 14 2B EA EE 0F 00 0A 0D 53 65 6E 64 20 56 54 78 00 00 C8 00 01
[21:09:51.147] ADDR:0xEE TYPE:RC_CHANNELS_PACKED        LEN:26 | EE 18 16 E0 C3 5E 2B B2 D7 8A 56 B4 02 7C E0 03 1F F8 C0 07 3E F0 81 0F 7C E4
[21:09:51.147] ADDR:0xEE TYPE:RC_CHANNELS_PACKED        LEN:26 | EE 18 16 DF C3 5E 2B B2 D7 8A 56 B4 02 7C E0 03 1F F8 C0 07 3E F0 81 0F 7C 66
[21:09:51.177] ADDR:0xEE TYPE:RC_CHANNELS_PACKED        LEN:26 | EE 18 16 E0 C3 5E 2B B2 D7 8A 56 B4 02 7C E0 03 1F F8 C0 07 3E F0 81 0F 7C E4
[21:09:51.178] ADDR:0xEE TYPE:RC_CHANNELS_PACKED        LEN:26 | EE 18 16 E0 C3 5E 2B B2 D7 8A 56 B4 02 7C E0 03 1F F8 C0 07 3E F0 81 0F 7C E4
[21:09:51.178] ADDR:0xEA TYPE:ELRS_STATUS               LEN:15 | EA 0D 3A EA EE 10 00 01 86 A0 00 00 00 90 A5
[21:09:51.178] ADDR:0xEE TYPE:RC_CHANNELS_PACKED        LEN:26 | EE 18 16 E0 BB 5E 2B B2 D7 8A 56 B4 02 7C E0 03 1F F8 C0 07 3E F0 81 0F 7C 44
[21:09:51.198] ADDR:0xEE TYPE:RC_CHANNELS_PACKED        LEN:26 | EE 18 16 E0 C3 5E 2B B2 D7 8A 56 B4 02 7C E0 03 1F F8 C0 07 3E F0 81 0F 7C E4
[21:09:51.198] ADDR:0xEE TYPE:RC_CHANNELS_PACKED        LEN:26 | EE 18 16 E0 C3 5E 2B B2 D7 8A 56 B4 02 7C E0 03 1F F8 C0 07 3E F0 81 0F 7C E4
[21:09:51.208] ADDR:0xEE TYPE:RC_CHANNELS_PACKED        LEN:26 | EE 18 16 E0 C3 5E 2B B2 D7 8A 56 B4 02 7C E0 03 1F F8 C0 07 3E F0 81 0F 7C E4
[21:09:51.238] ADDR:0xEE TYPE:PARAMETER_READ            LEN:08 | EE 06 2C EE EA 10 00 3D
[21:09:51.239] ADDR:0xEE TYPE:RC_CHANNELS_PACKED        LEN:26 | EE 18 16 E0 C3 5E 2B B0 D7 8A 56 B4 02 7C E0 03 1F F8 C0 07 3E F0 81 0F 7C 98
[21:09:51.239] ADDR:0xEA TYPE:PARAMETER_SETTINGS_ENTRY  LEN:33 | EA 1F 2B EA EE 10 00 00 0B 57 69 46 69 20 43 6F 6E 6E 65 63 74 69 76 69 74 79 00 11 12 13 14 FF 05
[21:09:51.239] ADDR:0xEE TYPE:RC_CHANNELS_PACKED        LEN:26 | EE 18 16 E0 C3 5E 2B B2 D7 8A 56 B4 02 7C E0 03 1F F8 C0 07 3E F0 81 0F 7C E4
[21:09:51.259] ADDR:0xEE TYPE:RC_CHANNELS_PACKED        LEN:26 | EE 18 16 E0 C3 5E 2B B2 D7 8A 56 B4 02 7C E0 03 1F F8 C0 07 3E F0 81 0F 7C E4
[21:09:51.259] ADDR:0xEE TYPE:RC_CHANNELS_PACKED        LEN:26 | EE 18 16 E0 C3 5E 2B AA D7 8A 56 B4 02 7C E0 03 1F F8 C0 07 3E F0 81 0F 7C 8B
[21:09:51.269] ADDR:0xEE TYPE:RC_CHANNELS_PACKED        LEN:26 | EE 18 16 E0 C3 5E 2B B2 D7 8A 56 B4 02 7C E0 03 1F F8 C0 07 3E F0 81 0F 7C E4
[21:09:51.289] ADDR:0xEE TYPE:RC_CHANNELS_PACKED        LEN:26 | EE 18 16 E0 C3 5E 2B B2 D7 8A 56 B4 02 7C E0 03 1F F8 C0 07 3E F0 81 0F 7C E4
[21:09:51.290] ADDR:0xEE TYPE:RC_CHANNELS_PACKED        LEN:26 | EE 18 16 E0 BB 5E 2B B2 D7 8A 56 B4 02 7C E0 03 1F F8 C0 07 3E F0 81 0F 7C 44
[21:09:51.300] ADDR:0xEE TYPE:RC_CHANNELS_PACKED        LEN:26 | EE 18 16 E0 C3 5E 2B B4 D7 8A 56 B4 02 7C E0 03 1F F8 C0 07 3E F0 81 0F 7C 60
[21:09:51.300] ADDR:0xEE TYPE:RC_CHANNELS_PACKED        LEN:26 | EE 18 16 E0 C3 5E 2B B2 D7 8A 56 B4 02 7C E0 03 1F F8 C0 07 3E F0 81 0F 7C E4
[21:09:51.320] ADDR:0xEE TYPE:PARAMETER_READ            LEN:08 | EE 06 2C EE EA 11 00 36
[21:09:51.350] ADDR:0xEE TYPE:RC_CHANNELS_PACKED        LEN:26 | EE 18 16 E0 C3 5E 2B B2 D7 8A 56 B4 02 7C E0 03 1F F8 C0 07 3E F0 81 0F 7C E4
[21:09:51.351] ADDR:0xEA TYPE:PARAMETER_SETTINGS_ENTRY  LEN:25 | EA 17 2B EA EE 11 00 10 0D 45 6E 61 62 6C 65 20 57 69 46 69 00 00 C8 00 92
[21:09:51.351] ADDR:0xEE TYPE:RC_CHANNELS_PACKED        LEN:26 | EE 18 16 E0 C3 5E 2B B2 D7 8A 56 B4 02 7C E0 03 1F F8 C0 07 3E F0 81 0F 7C E4
[21:09:51.351] ADDR:0xEE TYPE:RC_CHANNELS_PACKED        LEN:26 | EE 18 16 E0 C3 5E 2B B0 D7 8A 56 B4 02 7C E0 03 1F F8 C0 07 3E F0 81 0F 7C 98
[21:09:51.381] ADDR:0xEE TYPE:RC_CHANNELS_PACKED        LEN:26 | EE 18 16 E0 C3 5E 2B B2 D7 8A 56 B4 02 7C E0 03 1F F8 C0 07 3E F0 81 0F 7C E4
[21:09:51.381] ADDR:0xEE TYPE:RC_CHANNELS_PACKED        LEN:26 | EE 18 16 E0 C3 5E 2B B0 D7 8A 56 B4 02 7C E0 03 1F F8 C0 07 3E F0 81 0F 7C 98
[21:09:51.381] ADDR:0xEA TYPE:ELRS_STATUS               LEN:15 | EA 0D 3A EA EE 10 00 01 86 A0 00 00 00 6E 89
[21:09:51.381] ADDR:0xEE TYPE:RC_CHANNELS_PACKED        LEN:26 | EE 18 16 E0 C3 5E 2B B2 D7 8A 56 B4 02 7C E0 03 1F F8 C0 07 3E F0 81 0F 7C E4
[21:09:51.391] ADDR:0xEE TYPE:RC_CHANNELS_PACKED        LEN:26 | EE 18 16 E0 C3 5E 2B B2 D7 8A 56 B4 02 7C E0 03 1F F8 C0 07 3E F0 81 0F 7C E4
[21:09:51.391] ADDR:0xEE TYPE:RC_CHANNELS_PACKED        LEN:26 | EE 18 16 E0 C3 5E 2B AE D7 8A 56 B4 02 7C E0 03 1F F8 C0 07 3E F0 81 0F 7C 73
[21:09:51.412] ADDR:0xEE TYPE:RC_CHANNELS_PACKED        LEN:26 | EE 18 16 E0 C3 5E 2B B2 D7 8A 56 B4 02 7C E0 03 1F F8 C0 07 3E F0 81 0F 7C E4
[21:09:51.442] ADDR:0xEE TYPE:PARAMETER_READ            LEN:08 | EE 06 2C EE EA 12 00 2B
[21:09:51.442] ADDR:0xEE TYPE:RC_CHANNELS_PACKED        LEN:26 | EE 18 16 E0 BB 5E 2B B2 D7 8A 56 B4 02 7C E0 03 1F F8 C0 07 3E F0 81 0F 7C 44
[21:09:51.442] ADDR:0xEA TYPE:PARAMETER_SETTINGS_ENTRY  LEN:28 | EA 1A 2B EA EE 12 00 10 0D 45 6E 61 62 6C 65 20 52 78 20 57 69 46 69 00 00 C8 00 43
[21:09:51.442] ADDR:0xEE TYPE:RC_CHANNELS_PACKED        LEN:26 | EE 18 16 E0 C3 5E 2B B2 D7 8A 56 B4 02 7C E0 03 1F F8 C0 07 3E F0 81 0F 7C E4
[21:09:51.442] ADDR:0xEE TYPE:RC_CHANNELS_PACKED        LEN:26 | EE 18 16 E0 BB 5E 2B B2 D7 8A 56 B4 02 7C E0 03 1F F8 C0 07 3E F0 81 0F 7C 44
[21:09:51.462] ADDR:0xEE TYPE:RC_CHANNELS_PACKED        LEN:26 | EE 18 16 E0 C3 5E 2B B2 D7 8A 56 B4 02 7C E0 03 1F F8 C0 07 3E F0 81 0F 7C E4
[21:09:51.473] ADDR:0xEE TYPE:RC_CHANNELS_PACKED        LEN:26 | EE 18 16 E0 C3 5E 2B B2 D7 8A 56 B4 02 7C E0 03 1F F8 C0 07 3E F0 81 0F 7C E4
[21:09:51.473] ADDR:0xEE TYPE:RC_CHANNELS_PACKED        LEN:26 | EE 18 16 E0 C3 5E 2B B2 D7 8A 56 B4 02 7C E0 03 1F F8 C0 07 3E F0 81 0F 7C E4
[21:09:51.493] ADDR:0xEE TYPE:RC_CHANNELS_PACKED        LEN:26 | EE 18 16 E0 C3 5E 2B B0 D7 8A 56 B4 02 7C E0 03 1F F8 C0 07 3E F0 81 0F 7C 98
[21:09:51.503] ADDR:0xEE TYPE:RC_CHANNELS_PACKED        LEN:26 | EE 18 16 E0 C3 5E 2B B2 D7 8A 56 B4 02 7C E0 03 1F F8 C0 07 3E F0 81 0F 7C E4
[21:09:51.503] ADDR:0xEE TYPE:RC_CHANNELS_PACKED        LEN:26 | EE 18 16 E0 C3 5E 2B B2 D7 8A 56 B4 02 7C E0 03 1F F8 C0 07 3E F0 81 0F 7C E4
[21:09:51.524] ADDR:0xEE TYPE:PARAMETER_READ            LEN:08 | EE 06 2C EE EA 13 00 20
[21:09:51.524] ADDR:0xEE TYPE:RC_CHANNELS_PACKED        LEN:26 | EE 18 16 E0 C3 5E 2B B0 D7 8A 56 B4 02 7C E0 03 1F F8 C0 07 3E F0 81 0F 7C 98
[21:09:51.544] ADDR:0xEA TYPE:PARAMETER_SETTINGS_ENTRY  LEN:34 | EA 20 2B EA EE 13 00 10 0D 45 6E 61 62 6C 65 20 42 61 63 6B 70 61 63 6B 20 57 69 46 69 00 00 C8 00 4B
[21:09:51.544] ADDR:0xEE TYPE:RC_CHANNELS_PACKED        LEN:26 | EE 18 16 E0 BB 5E 2B B2 D7 8A 56 B4 02 7C E0 03 1F F8 C0 07 3E F0 81 0F 7C 44
[21:09:51.555] ADDR:0xEE TYPE:RC_CHANNELS_PACKED        LEN:26 | EE 18 16 E0 C3 5E 2B B2 D7 8A 56 B4 02 7C E0 03 1F F8 C0 07 3E F0 81 0F 7C E4
[21:09:51.555] ADDR:0xEE TYPE:RC_CHANNELS_PACKED        LEN:26 | EE 18 16 E0 C3 5E 2B B2 D7 8A 56 B4 02 7C E0 03 1F F8 C0 07 3E F0 81 0F 7C E4
[21:09:51.575] ADDR:0xEE TYPE:RC_CHANNELS_PACKED        LEN:26 | EE 18 16 E0 C3 5E 2B B4 D7 8A 56 B4 02 7C E0 03 1F F8 C0 07 3E F0 81 0F 7C 60
[21:09:51.575] ADDR:0xEA TYPE:ELRS_STATUS               LEN:15 | EA 0D 3A EA EE 10 00 01 86 A0 00 00 00 EE 66
[21:09:51.585] ADDR:0xEE TYPE:RC_CHANNELS_PACKED        LEN:26 | EE 18 16 E0 AB 5E 2B B2 D7 8A 56 B4 02 7C E0 03 1F F8 C0 07 3E F0 81 0F 7C 15
[21:09:51.585] ADDR:0xEE TYPE:RC_CHANNELS_PACKED        LEN:26 | EE 18 16 E0 C3 5E 2B B2 D7 8A 56 B4 02 7C E0 03 1F F8 C0 07 3E F0 81 0F 7C E4
[21:09:51.605] ADDR:0xEE TYPE:RC_CHANNELS_PACKED        LEN:26 | EE 18 16 E0 C3 5E 2B B2 D7 8A 56 B4 02 7C E0 03 1F F8 C0 07 3E F0 81 0F 7C E4
[21:09:51.606] ADDR:0xEE TYPE:RC_CHANNELS_PACKED        LEN:26 | EE 18 16 E0 C3 5E 2B B0 D7 8A 56 B4 02 7C E0 03 1F F8 C0 07 3E F0 81 0F 7C 98
[21:09:51.616] ADDR:0xEE TYPE:PARAMETER_READ            LEN:08 | EE 06 2C EE EA 14 00 11
[21:09:51.646] ADDR:0xEE TYPE:RC_CHANNELS_PACKED        LEN:26 | EE 18 16 E0 C3 5E 2B B2 D7 8A 56 B4 02 7C E0 03 1F F8 C0 07 3E F0 81 0F 7C E4
[21:09:51.646] ADDR:0xEA TYPE:PARAMETER_SETTINGS_ENTRY  LEN:29 | EA 1B 2B EA EE 14 00 10 0D 45 6E 61 62 6C 65 20 56 52 78 20 57 69 46 69 00 00 C8 00 EC
[21:09:51.646] ADDR:0xEE TYPE:RC_CHANNELS_PACKED        LEN:26 | EE 18 16 DF C3 5E 2B B2 D7 8A 56 B4 02 7C E0 03 1F F8 C0 07 3E F0 81 0F 7C 66
[21:09:51.646] ADDR:0xEE TYPE:RC_CHANNELS_PACKED        LEN:26 | EE 18 16 E0 BB 5E 2B B2 D7 8A 56 B4 02 7C E0 03 1F F8 C0 07 3E F0 81 0F 7C 44
[21:09:51.667] ADDR:0xEE TYPE:RC_CHANNELS_PACKED        LEN:26 | EE 18 16 E0 C3 5E 2B B2 D7 8A 56 B4 02 7C E0 03 1F F8 C0 07 3E F0 81 0F 7C E4
[21:09:51.667] ADDR:0xEE TYPE:RC_CHANNELS_PACKED        LEN:26 | EE 18 16 E0 C3 5E 2B AE D7 8A 56 B4 02 7C E0 03 1F F8 C0 07 3E F0 81 0F 7C 73
[21:09:51.677] ADDR:0xEE TYPE:RC_CHANNELS_PACKED        LEN:26 | EE 18 16 E0 C3 5E 2B AA D7 8A 56 B4 02 7C E0 03 1F F8 C0 07 3E F0 81 0F 7C 8B
[21:09:51.697] ADDR:0xEE TYPE:RC_CHANNELS_PACKED        LEN:26 | EE 18 16 E0 C3 5E 2B B2 D7 8A 56 B4 02 7C E0 03 1F F8 C0 07 3E F0 81 0F 7C E4
[21:09:51.697] ADDR:0xEE TYPE:RC_CHANNELS_PACKED        LEN:26 | EE 18 16 E0 BB 5E 2B B2 D7 8A 56 B4 02 7C E0 03 1F F8 C0 07 3E F0 81 0F 7C 44
[21:09:51.717] ADDR:0xEE TYPE:RC_CHANNELS_PACKED        LEN:26 | EE 18 16 E0 C3 5E 2B B2 D7 8A 56 B4 02 7C E0 03 1F F8 C0 07 3E F0 81 0F 7C E4
[21:09:51.727] ADDR:0xEE TYPE:PARAMETER_READ            LEN:08 | EE 06 2C EE EA 15 00 1A
[21:09:51.727] ADDR:0xEE TYPE:RC_CHANNELS_PACKED        LEN:26 | EE 18 16 E0 C3 5E 2B B0 D7 8A 56 B4 02 7C E0 03 1F F8 C0 07 3E F0 81 0F 7C 98
[21:09:51.728] ADDR:0xEA TYPE:PARAMETER_SETTINGS_ENTRY  LEN:27 | EA 19 2B EA EE 15 00 00 0B 42 61 63 6B 70 61 63 6B 00 16 17 18 19 1A 1B 1C FF EE
[21:09:51.748] ADDR:0xEE TYPE:RC_CHANNELS_PACKED        LEN:26 | EE 18 16 E0 BB 5E 2B B2 D7 8A 56 B4 02 7C E0 03 1F F8 C0 07 3E F0 81 0F 7C 44
[21:09:51.748] ADDR:0xEE TYPE:RC_CHANNELS_PACKED        LEN:26 | EE 18 16 E0 C3 5E 2B B0 D7 8A 56 B4 02 7C E0 03 1F F8 C0 07 3E F0 81 0F 7C 98
[21:09:51.758] ADDR:0xEE TYPE:RC_CHANNELS_PACKED        LEN:26 | EE 18 16 E0 C3 5E 2B B2 D7 8A 56 B4 02 7C E0 03 1F F8 C0 07 3E F0 81 0F 7C E4
[21:09:51.788] ADDR:0xEE TYPE:RC_CHANNELS_PACKED        LEN:26 | EE 18 16 E0 C3 5E 2B B2 D7 8A 56 B4 02 7C E0 03 1F F8 C0 07 3E F0 81 0F 7C E4
[21:09:51.788] ADDR:0xEA TYPE:ELRS_STATUS               LEN:15 | EA 0D 3A EA EE 10 00 01 86 A0 00 00 00 3D EC
[21:09:51.789] ADDR:0xEE TYPE:RC_CHANNELS_PACKED        LEN:26 | EE 18 16 E0 C3 5E 2B AE D7 8A 56 B4 02 7C E0 03 1F F8 C0 07 3E F0 81 0F 7C 73
[21:09:51.789] ADDR:0xEE TYPE:RC_CHANNELS_PACKED        LEN:26 | EE 18 16 E0 C3 5E 2B B2 D7 8A 56 B4 02 7C E0 03 1F F8 C0 07 3E F0 81 0F 7C E4
[21:09:51.809] ADDR:0xEE TYPE:RC_CHANNELS_PACKED        LEN:26 | EE 18 16 E0 C3 5E 2B B2 D7 8A 56 B4 02 7C E0 03 1F F8 C0 07 3E F0 81 0F 7C E4
[21:09:51.809] ADDR:0xEE TYPE:RC_CHANNELS_PACKED        LEN:26 | EE 18 16 E0 C3 5E 2B B2 D7 8A 56 B4 02 7C E0 03 1F F8 C0 07 3E F0 81 0F 7C E4
[21:09:51.819] ADDR:0xEE TYPE:PARAMETER_READ            LEN:08 | EE 06 2C EE EA 16 00 07
[21:09:51.839] ADDR:0xEE TYPE:RC_CHANNELS_PACKED        LEN:26 | EE 18 16 DF C3 5E 2B B0 D7 8A 56 B4 02 7C E0 03 1F F8 C0 07 3E F0 81 0F 7C 1A
[21:09:51.839] ADDR:0xEA TYPE:PARAMETER_SETTINGS_ENTRY  LEN:64 | EA 3E 2B EA EE 16 02 15 09 44 56 52 20 52 65 63 00 4F 66 66 3B 41 55 58 31 C0 3B 41 55 58 31 C1 3B 41 55 58 32 C0 3B 41 55 58 32 C1 3B 41 55 58 33 C0 3B 41 55 58 33 C1 3B 41 55 58 34 C0 3B AD
[21:09:51.839] ADDR:0xEE TYPE:RC_CHANNELS_PACKED        LEN:26 | EE 18 16 E0 C3 5E 2B B2 D7 8A 56 B4 02 7C E0 03 1F F8 C0 07 3E F0 81 0F 7C E4
[21:09:51.860] ADDR:0xEE TYPE:RC_CHANNELS_PACKED        LEN:26 | EE 18 16 E0 C3 5E 2B B2 D7 8A 56 B4 02 7C E0 03 1F F8 C0 07 3E F0 81 0F 7C E4
[21:09:51.860] ADDR:0xEE TYPE:RC_CHANNELS_PACKED        LEN:26 | EE 18 16 E0 C3 5E 2B B2 D7 8A 56 B4 02 7C E0 03 1F F8 C0 07 3E F0 81 0F 7C E4
[21:09:51.870] ADDR:0xEE TYPE:RC_CHANNELS_PACKED        LEN:26 | EE 18 16 E0 BB 5E 2B B2 D7 8A 56 B4 02 7C E0 03 1F F8 C0 07 3E F0 81 0F 7C 44
[21:09:51.890] ADDR:0xEE TYPE:RC_CHANNELS_PACKED        LEN:26 | EE 18 16 E0 BB 5E 2B B2 D7 8A 56 B4 02 7C E0 03 1F F8 C0 07 3E F0 81 0F 7C 44
[21:09:51.890] ADDR:0xEE TYPE:RC_CHANNELS_PACKED        LEN:26 | EE 18 16 E0 C3 5E 2B B0 D7 8A 56 B4 02 7C E0 03 1F F8 C0 07 3E F0 81 0F 7C 98
[21:09:51.901] ADDR:0xEE TYPE:RC_CHANNELS_PACKED        LEN:26 | EE 18 16 E0 BB 5E 2B B2 D7 8A 56 B4 02 7C E0 03 1F F8 C0 07 3E F0 81 0F 7C 44
[21:09:51.901] ADDR:0xEE TYPE:RC_CHANNELS_PACKED        LEN:26 | EE 18 16 E0 C3 5E 2B B2 D7 8A 56 B4 02 7C E0 03 1F F8 C0 07 3E F0 81 0F 7C E4
[21:09:51.921] ADDR:0xEE TYPE:PARAMETER_READ            LEN:08 | EE 06 2C EE EA 16 01 D2
[21:09:51.941] ADDR:0xEE TYPE:RC_CHANNELS_PACKED        LEN:26 | EE 18 16 E0 C3 5E 2B B0 D7 8A 56 B4 02 7C E0 03 1F F8 C0 07 3E F0 81 0F 7C 98
[21:09:51.941] ADDR:0xEA TYPE:PARAMETER_SETTINGS_ENTRY  LEN:64 | EA 3E 2B EA EE 16 01 41 55 58 34 C1 3B 41 55 58 35 C0 3B 41 55 58 35 C1 3B 41 55 58 36 C0 3B 41 55 58 36 C1 3B 41 55 58 37 C0 3B 41 55 58 37 C1 3B 41 55 58 38 C0 3B 41 55 58 38 C1 3B 41 55 BA
[21:09:51.941] ADDR:0xEE TYPE:RC_CHANNELS_PACKED        LEN:26 | EE 18 16 E0 BB 5E 2B B0 D7 8A 56 B4 02 7C E0 03 1F F8 C0 07 3E F0 81 0F 7C 38
[21:09:51.952] ADDR:0xEE TYPE:RC_CHANNELS_PACKED        LEN:26 | EE 18 16 E0 C3 5E 2B AE D7 8A 56 B4 02 7C E0 03 1F F8 C0 07 3E F0 81 0F 7C 73
[21:09:51.952] ADDR:0xEE TYPE:RC_CHANNELS_PACKED        LEN:26 | EE 18 16 DF C3 5E 2B B0 D7 8A 56 B4 02 7C E0 03 1F F8 C0 07 3E F0 81 0F 7C 1A
[21:09:51.973] ADDR:0xEE TYPE:RC_CHANNELS_PACKED        LEN:26 | EE 18 16 E0 C3 5E 2B B2 D7 8A 56 B4 02 7C E0 03 1F F8 C0 07 3E F0 81 0F 7C E4
[21:09:51.973] ADDR:0xEA TYPE:ELRS_STATUS               LEN:15 | EA 0D 3A EA EE 10 00 01 86 A0 00 00 00 52 A8
[21:09:51.983] ADDR:0xEE TYPE:RC_CHANNELS_PACKED        LEN:26 | EE 18 16 E0 C3 5E 2B B2 D7 8A 56 B4 02 7C E0 03 1F F8 C0 07 3E F0 81 0F 7C E4
[21:09:51.984] ADDR:0xEE TYPE:RC_CHANNELS_PACKED        LEN:26 | EE 18 16 E0 C3 5E 2B B2 D7 8A 56 B4 02 7C E0 03 1F F8 C0 07 3E F0 81 0F 7C E4
[21:09:52.004] ADDR:0xEE TYPE:RC_CHANNELS_PACKED        LEN:26 | EE 18 16 E0 BB 5E 2B B2 D7 8A 56 B4 02 7C E0 03 1F F8 C0 07 3E F0 81 0F 7C 44
[21:09:52.004] ADDR:0xEE TYPE:RC_CHANNELS_PACKED        LEN:26 | EE 18 16 E0 C3 5E 2B B0 D7 8A 56 B4 02 7C E0 03 1F F8 C0 07 3E F0 81 0F 7C 98
[21:09:52.024] ADDR:0xEE TYPE:PARAMETER_READ            LEN:08 | EE 06 2C EE EA 16 02 78
[21:09:52.044] ADDR:0xEE TYPE:RC_CHANNELS_PACKED        LEN:26 | EE 18 16 E0 C3 5E 2B B2 D7 8A 56 B4 02 7C E0 03 1F F8 C0 07 3E F0 81 0F 7C E4
[21:09:52.045] ADDR:0xEA TYPE:PARAMETER_SETTINGS_ENTRY  LEN:37 | EA 23 2B EA EE 16 00 58 39 C0 3B 41 55 58 39 C1 3B 41 55 58 31 30 C0 3B 41 55 58 31 30 C1 00 00 00 14 00 00 20
[21:09:52.045] ADDR:0xEE TYPE:RC_CHANNELS_PACKED        LEN:26 | EE 18 16 E0 C3 5E 2B B0 D7 8A 56 B4 02 7C E0 03 1F F8 C0 07 3E F0 81 0F 7C 98
[21:09:52.045] ADDR:0xEE TYPE:RC_CHANNELS_PACKED        LEN:26 | EE 18 16 E0 BB 5E 2B B0 D7 8A 56 B4 02 7C E0 03 1F F8 C0 07 3E F0 81 0F 7C 38
[21:09:52.065] ADDR:0xEE TYPE:RC_CHANNELS_PACKED        LEN:26 | EE 18 16 E0 C3 5E 2B B2 D7 8A 56 B4 02 7C E0 03 1F F8 C0 07 3E F0 81 0F 7C E4
[21:09:52.065] ADDR:0xEE TYPE:RC_CHANNELS_PACKED        LEN:26 | EE 18 16 E0 C3 5E 2B B2 D7 8A 56 B4 02 7C E0 03 1F F8 C0 07 3E F0 81 0F 7C E4
[21:09:52.086] ADDR:0xEE TYPE:RC_CHANNELS_PACKED        LEN:26 | EE 18 16 DF C3 5E 2B B2 D7 8A 56 B4 02 7C E0 03 1F F8 C0 07 3E F0 81 0F 7C 66
[21:09:52.096] ADDR:0xEE TYPE:RC_CHANNELS_PACKED        LEN:26 | EE 18 16 E0 BB 5E 2B B0 D7 8A 56 B4 02 7C E0 03 1F F8 C0 07 3E F0 81 0F 7C 38
[21:09:52.096] ADDR:0xEE TYPE:RC_CHANNELS_PACKED        LEN:26 | EE 18 16 E0 C3 5E 2B B2 D7 8A 56 B4 02 7C E0 03 1F F8 C0 07 3E F0 81 0F 7C E4
[21:09:52.116] ADDR:0xEE TYPE:RC_CHANNELS_PACKED        LEN:26 | EE 18 16 E0 C3 5E 2B AE D7 8A 56 B4 02 7C E0 03 1F F8 C0 07 3E F0 81 0F 7C 73
[21:09:52.136] ADDR:0xEE TYPE:PARAMETER_READ            LEN:08 | EE 06 2C EE EA 17 00 0C
[21:09:52.136] ADDR:0xEE TYPE:RC_CHANNELS_PACKED        LEN:26 | EE 18 16 E0 C3 5E 2B B2 D7 8A 56 B4 02 7C E0 03 1F F8 C0 07 3E F0 81 0F 7C E4
[21:09:52.137] ADDR:0xEA TYPE:PARAMETER_SETTINGS_ENTRY  LEN:55 | EA 35 2B EA EE 17 00 15 09 44 56 52 20 53 72 74 20 44 6C 79 00 30 73 3B 35 73 3B 31 35 73 3B 33 30 73 3B 34 35 73 3B 31 6D 69 6E 3B 32 6D 69 6E 00 00 00 06 00 00 A2
[21:09:52.137] ADDR:0xEE TYPE:RC_CHANNELS_PACKED        LEN:26 | EE 18 16 E0 C3 5E 2B B2 D7 8A 56 B4 02 7C E0 03 1F F8 C0 07 3E F0 81 0F 7C E4
[21:09:52.157] ADDR:0xEE TYPE:RC_CHANNELS_PACKED        LEN:26 | EE 18 16 E0 C3 5E 2B B2 D7 8A 56 B4 02 7C E0 03 1F F8 C0 07 3E F0 81 0F 7C E4
[21:09:52.157] ADDR:0xEE TYPE:RC_CHANNELS_PACKED        LEN:26 | EE 18 16 E0 C3 5E 2B B2 D7 8A 56 B4 02 7C E0 03 1F F8 C0 07 3E F0 81 0F 7C E4
[21:09:52.177] ADDR:0xEE TYPE:RC_CHANNELS_PACKED        LEN:26 | EE 18 16 E0 C3 5E 2B B2 D7 8A 56 B4 02 7C E0 03 1F F8 C0 07 3E F0 81 0F 7C E4
[21:09:52.177] ADDR:0xEA TYPE:ELRS_STATUS               LEN:15 | EA 0D 3A EA EE 10 00 01 86 A0 00 00 00 80 F7
[21:09:52.187] ADDR:0xEE TYPE:RC_CHANNELS_PACKED        LEN:26 | EE 18 16 E0 C3 5E 2B B4 D7 8A 56 B4 02 7C E0 03 1F F8 C0 07 3E F0 81 0F 7C 60
[21:09:52.187] ADDR:0xEE TYPE:RC_CHANNELS_PACKED        LEN:26 | EE 18 16 E0 C3 5E 2B B4 D7 8A 56 B4 02 7C E0 03 1F F8 C0 07 3E F0 81 0F 7C 60
[21:09:52.208] ADDR:0xEE TYPE:RC_CHANNELS_PACKED        LEN:26 | EE 18 16 E0 BB 5E 2B B2 D7 8A 56 B4 02 7C E0 03 1F F8 C0 07 3E F0 81 0F 7C 44
[21:09:52.208] ADDR:0xEE TYPE:RC_CHANNELS_PACKED        LEN:26 | EE 18 16 E0 C3 5E 2B B2 D7 8A 56 B4 02 7C E0 03 1F F8 C0 07 3E F0 81 0F 7C E4
[21:09:52.218] ADDR:0xEE TYPE:PARAMETER_READ            LEN:08 | EE 06 2C EE EA 18 00 65
[21:09:52.238] ADDR:0xEE TYPE:RC_CHANNELS_PACKED        LEN:26 | EE 18 16 E0 C3 5E 2B B2 D7 8A 56 B4 02 7C E0 03 1F F8 C0 07 3E F0 81 0F 7C E4
[21:09:52.238] ADDR:0xEA TYPE:PARAMETER_SETTINGS_ENTRY  LEN:55 | EA 35 2B EA EE 18 00 15 09 44 56 52 20 53 74 70 20 44 6C 79 00 30 73 3B 35 73 3B 31 35 73 3B 33 30 73 3B 34 35 73 3B 31 6D 69 6E 3B 32 6D 69 6E 00 00 00 06 00 00 D8
[21:09:52.238] ADDR:0xEE TYPE:RC_CHANNELS_PACKED        LEN:26 | EE 18 16 E0 C3 5E 2B B2 D7 8A 56 B4 02 7C E0 03 1F F8 C0 07 3E F0 81 0F 7C E4
[21:09:52.259] ADDR:0xEE TYPE:RC_CHANNELS_PACKED        LEN:26 | EE 18 16 E0 C3 5E 2B B2 D7 8A 56 B4 02 7C E0 03 1F F8 C0 07 3E F0 81 0F 7C E4
[21:09:52.259] ADDR:0xEE TYPE:RC_CHANNELS_PACKED        LEN:26 | EE 18 16 E0 C3 5E 2B B2 D7 8A 56 B4 02 7C E0 03 1F F8 C0 07 3E F0 81 0F 7C E4
[21:09:52.269] ADDR:0xEE TYPE:RC_CHANNELS_PACKED        LEN:26 | EE 18 16 E0 C3 5E 2B B2 D7 8A 56 B4 02 7C E0 03 1F F8 C0 07 3E F0 81 0F 7C E4
[21:09:52.289] ADDR:0xEE TYPE:RC_CHANNELS_PACKED        LEN:26 | EE 18 16 E0 C3 5E 2B B0 D7 8A 56 B4 02 7C E0 03 1F F8 C0 07 3E F0 81 0F 7C 98
[21:09:52.289] ADDR:0xEE TYPE:RC_CHANNELS_PACKED        LEN:26 | EE 18 16 E0 C3 5E 2B B2 D7 8A 56 B4 02 7C E0 03 1F F8 C0 07 3E F0 81 0F 7C E4
[21:09:52.300] ADDR:0xEE TYPE:RC_CHANNELS_PACKED        LEN:26 | EE 18 16 E0 C3 5E 2B B0 D7 8A 56 B4 02 7C E0 03 1F F8 C0 07 3E F0 81 0F 7C 98
[21:09:52.300] ADDR:0xEE TYPE:RC_CHANNELS_PACKED        LEN:26 | EE 18 16 E0 BB 5E 2B B2 D7 8A 56 B4 02 7C E0 03 1F F8 C0 07 3E F0 81 0F 7C 44
[21:09:52.320] ADDR:0xEE TYPE:PARAMETER_READ            LEN:08 | EE 06 2C EE EA 19 00 6E
[21:09:52.340] ADDR:0xEE TYPE:RC_CHANNELS_PACKED        LEN:26 | EE 18 16 E0 C3 5E 2B B2 D7 8A 56 B4 02 7C E0 03 1F F8 C0 07 3E F0 81 0F 7C E4
[21:09:52.341] ADDR:0xEA TYPE:PARAMETER_SETTINGS_ENTRY  LEN:64 | EA 3E 2B EA EE 19 02 15 09 48 54 20 45 6E 61 62 6C 65 00 4F 66 66 3B 4F 6E 3B 41 55 58 31 C0 3B 41 55 58 31 C1 3B 41 55 58 32 C0 3B 41 55 58 32 C1 3B 41 55 58 33 C0 3B 41 55 58 33 C1 3B 41 96
[21:09:52.341] ADDR:0xEE TYPE:RC_CHANNELS_PACKED        LEN:26 | EE 18 16 DF C3 5E 2B B0 D7 8A 56 B4 02 7C E0 03 1F F8 C0 07 3E F0 81 0F 7C 1A
[21:09:52.361] ADDR:0xEE TYPE:RC_CHANNELS_PACKED        LEN:26 | EE 18 16 E0 BB 5E 2B B2 D7 8A 56 B4 02 7C E0 03 1F F8 C0 07 3E F0 81 0F 7C 44
[21:09:52.361] ADDR:0xEE TYPE:RC_CHANNELS_PACKED        LEN:26 | EE 18 16 E0 C3 5E 2B B4 D7 8A 56 B4 02 7C E0 03 1F F8 C0 07 3E F0 81 0F 7C 60
[21:09:52.371] ADDR:0xEE TYPE:RC_CHANNELS_PACKED        LEN:26 | EE 18 16 E0 C3 5E 2B B4 D7 8A 56 B4 02 7C E0 03 1F F8 C0 07 3E F0 81 0F 7C 60
[21:09:52.371] ADDR:0xEA TYPE:ELRS_STATUS               LEN:15 | EA 0D 3A EA EE 10 00 01 86 A0 00 00 00 C7 3E
[21:09:52.391] ADDR:0xEE TYPE:RC_CHANNELS_PACKED        LEN:26 | EE 18 16 E0 C3 5E 2B B2 D7 8A 56 B4 02 7C E0 03 1F F8 C0 07 3E F0 81 0F 7C E4
[21:09:52.391] ADDR:0xEE TYPE:RC_CHANNELS_PACKED        LEN:26 | EE 18 16 E0 C3 5E 2B B2 D7 8A 56 B4 02 7C E0 03 1F F8 C0 07 3E F0 81 0F 7C E4
[21:09:52.402] ADDR:0xEE TYPE:RC_CHANNELS_PACKED        LEN:26 | EE 18 16 E0 C3 5E 2B B2 D7 8A 56 B4 02 7C E0 03 1F F8 C0 07 3E F0 81 0F 7C E4
[21:09:52.402] ADDR:0xEE TYPE:RC_CHANNELS_PACKED        LEN:26 | EE 18 16 E0 C3 5E 2B B2 D7 8A 56 B4 02 7C E0 03 1F F8 C0 07 3E F0 81 0F 7C E4
[21:09:52.422] ADDR:0xEE TYPE:PARAMETER_READ            LEN:08 | EE 06 2C EE EA 19 01 BB
[21:09:52.442] ADDR:0xEE TYPE:RC_CHANNELS_PACKED        LEN:26 | EE 18 16 E0 C3 5E 2B B2 D7 8A 56 B4 02 7C E0 03 1F F8 C0 07 3E F0 81 0F 7C E4
[21:09:52.442] ADDR:0xEA TYPE:PARAMETER_SETTINGS_ENTRY  LEN:64 | EA 3E 2B EA EE 19 01 55 58 34 C0 3B 41 55 58 34 C1 3B 41 55 58 35 C0 3B 41 55 58 35 C1 3B 41 55 58 36 C0 3B 41 55 58 36 C1 3B 41 55 58 37 C0 3B 41 55 58 37 C1 3B 41 55 58 38 C0 3B 41 55 58 EA
[21:09:52.442] ADDR:0xEE TYPE:RC_CHANNELS_PACKED        LEN:26 | EE 18 16 E0 C3 5E 2B B2 D7 8A 56 B4 02 7C E0 03 1F F8 C0 07 3E F0 81 0F 7C E4
[21:09:52.452] ADDR:0xEE TYPE:RC_CHANNELS_PACKED        LEN:26 | EE 18 16 E0 C3 5E 2B B2 D7 8A 56 B4 02 7C E0 03 1F F8 C0 07 3E F0 81 0F 7C E4
[21:09:52.453] ADDR:0xEE TYPE:RC_CHANNELS_PACKED        LEN:26 | EE 18 16 E0 C3 5E 2B B2 D7 8A 56 B4 02 7C E0 03 1F F8 C0 07 3E F0 81 0F 7C E4
[21:09:52.473] ADDR:0xEE TYPE:RC_CHANNELS_PACKED        LEN:26 | EE 18 16 E0 C3 5E 2B B2 D7 8A 56 B4 02 7C E0 03 1F F8 C0 07 3E F0 81 0F 7C E4
[21:09:52.493] ADDR:0xEE TYPE:RC_CHANNELS_PACKED        LEN:26 | EE 18 16 DD BB 5E 2B B2 D7 8A 56 B4 02 7C E0 03 1F F8 C0 07 3E F0 81 0F 7C B0
[21:09:52.493] ADDR:0xEE TYPE:RC_CHANNELS_PACKED        LEN:26 | EE 18 16 DF C3 5E 2B B2 D7 8A 56 B4 02 7C E0 03 1F F8 C0 07 3E F0 81 0F 7C 66
[21:09:52.503] ADDR:0xEE TYPE:RC_CHANNELS_PACKED        LEN:26 | EE 18 16 E0 BB 5E 2B B2 D7 8A 56 B4 02 7C E0 03 1F F8 C0 07 3E F0 81 0F 7C 44
[21:09:52.503] ADDR:0xEE TYPE:RC_CHANNELS_PACKED        LEN:26 | EE 18 16 E0 BB 5E 2B B2 D7 8A 56 B4 02 7C E0 03 1F F8 C0 07 3E F0 81 0F 7C 44
[21:09:52.524] ADDR:0xEE TYPE:PARAMETER_READ            LEN:08 | EE 06 2C EE EA 19 02 11
[21:09:52.544] ADDR:0xEE TYPE:RC_CHANNELS_PACKED        LEN:26 | EE 18 16 E0 C3 5E 2B B2 D7 8A 56 B4 02 7C E0 03 1F F8 C0 07 3E F0 81 0F 7C E4
[21:09:52.544] ADDR:0xEA TYPE:PARAMETER_SETTINGS_ENTRY  LEN:42 | EA 28 2B EA EE 19 00 38 C1 3B 41 55 58 39 C0 3B 41 55 58 39 C1 3B 41 55 58 31 30 C0 3B 41 55 58 31 30 C1 00 00 00 15 00 00 D6
[21:09:52.544] ADDR:0xEE TYPE:RC_CHANNELS_PACKED        LEN:26 | EE 18 16 E0 C3 5E 2B B4 D7 8A 56 B4 02 7C E0 03 1F F8 C0 07 3E F0 81 0F 7C 60
[21:09:52.554] ADDR:0xEE TYPE:RC_CHANNELS_PACKED        LEN:26 | EE 18 16 E0 C3 5E 2B B2 D7 8A 56 B4 02 7C E0 03 1F F8 C0 07 3E F0 81 0F 7C E4
[21:09:52.554] ADDR:0xEE TYPE:RC_CHANNELS_PACKED        LEN:26 | EE 18 16 DF C3 5E 2B B0 D7 8A 56 B4 02 7C E0 03 1F F8 C0 07 3E F0 81 0F 7C 1A
[21:09:52.575] ADDR:0xEE TYPE:RC_CHANNELS_PACKED        LEN:26 | EE 18 16 E0 C3 5E 2B B2 D7 8A 56 B4 02 7C E0 03 1F F8 C0 07 3E F0 81 0F 7C E4
[21:09:52.575] ADDR:0xEA TYPE:ELRS_STATUS               LEN:15 | EA 0D 3A EA EE 10 00 01 86 A0 00 00 00 33 44
[21:09:52.585] ADDR:0xEE TYPE:RC_CHANNELS_PACKED        LEN:26 | EE 18 16 E0 C3 5E 2B B2 D7 8A 56 B4 02 7C E0 03 1F F8 C0 07 3E F0 81 0F 7C E4
[21:09:52.585] ADDR:0xEE TYPE:RC_CHANNELS_PACKED        LEN:26 | EE 18 16 E0 C3 5E 2B B0 D7 8A 56 B4 02 7C E0 03 1F F8 C0 07 3E F0 81 0F 7C 98
[21:09:52.605] ADDR:0xEE TYPE:RC_CHANNELS_PACKED        LEN:26 | EE 18 16 E0 C3 5E 2B B2 D7 8A 56 B4 02 7C E0 03 1F F8 C0 07 3E F0 81 0F 7C E4
[21:09:52.605] ADDR:0xEE TYPE:RC_CHANNELS_PACKED        LEN:26 | EE 18 16 E0 C3 5E 2B B2 D7 8A 56 B4 02 7C E0 03 1F F8 C0 07 3E F0 81 0F 7C E4
[21:09:52.616] ADDR:0xEE TYPE:PARAMETER_READ            LEN:08 | EE 06 2C EE EA 1A 00 73
[21:09:52.636] ADDR:0xEE TYPE:RC_CHANNELS_PACKED        LEN:26 | EE 18 16 E0 C3 5E 2B B0 D7 8A 56 B4 02 7C E0 03 1F F8 C0 07 3E F0 81 0F 7C 98
[21:09:52.636] ADDR:0xEA TYPE:PARAMETER_SETTINGS_ENTRY  LEN:64 | EA 3E 2B EA EE 1A 01 15 09 48 54 20 53 74 61 72 74 20 43 68 61 6E 6E 65 6C 00 41 55 58 31 3B 41 55 58 32 3B 41 55 58 33 3B 41 55 58 34 3B 41 55 58 35 3B 41 55 58 36 3B 41 55 58 37 3B 41 55 54
[21:09:52.636] ADDR:0xEE TYPE:RC_CHANNELS_PACKED        LEN:26 | EE 18 16 E0 C3 5E 2B B0 D7 8A 56 B4 02 7C E0 03 1F F8 C0 07 3E F0 81 0F 7C 98
[21:09:52.656] ADDR:0xEE TYPE:RC_CHANNELS_PACKED        LEN:26 | EE 18 16 E0 BB 5E 2B B2 D7 8A 56 B4 02 7C E0 03 1F F8 C0 07 3E F0 81 0F 7C 44
[21:09:52.657] ADDR:0xEE TYPE:RC_CHANNELS_PACKED        LEN:26 | EE 18 16 E0 C3 5E 2B B2 D7 8A 56 B4 02 7C E0 03 1F F8 C0 07 3E F0 81 0F 7C E4
[21:09:52.677] ADDR:0xEE TYPE:RC_CHANNELS_PACKED        LEN:26 | EE 18 16 E0 C3 5E 2B B2 D7 8A 56 B4 02 7C E0 03 1F F8 C0 07 3E F0 81 0F 7C E4
[21:09:52.687] ADDR:0xEE TYPE:RC_CHANNELS_PACKED        LEN:26 | EE 18 16 E0 C3 5E 2B B0 D7 8A 56 B4 02 7C E0 03 1F F8 C0 07 3E F0 81 0F 7C 98
[21:09:52.687] ADDR:0xEE TYPE:RC_CHANNELS_PACKED        LEN:26 | EE 18 16 E0 C3 5E 2B B2 D7 8A 56 B4 02 7C E0 03 1F F8 C0 07 3E F0 81 0F 7C E4
[21:09:52.707] ADDR:0xEE TYPE:RC_CHANNELS_PACKED        LEN:26 | EE 18 16 E0 C3 5E 2B B2 D7 8A 56 B4 02 7C E0 03 1F F8 C0 07 3E F0 81 0F 7C E4
[21:09:52.707] ADDR:0xEE TYPE:RC_CHANNELS_PACKED        LEN:26 | EE 18 16 E0 C3 5E 2B B0 D7 8A 56 B4 02 7C E0 03 1F F8 C0 07 3E F0 81 0F 7C 98
[21:09:52.717] ADDR:0xEE TYPE:PARAMETER_READ            LEN:08 | EE 06 2C EE EA 1A 01 A6
[21:09:52.748] ADDR:0xEE TYPE:RC_CHANNELS_PACKED        LEN:26 | EE 18 16 E0 C3 5E 2B B2 D7 8A 56 B4 02 7C E0 03 1F F8 C0 07 3E F0 81 0F 7C E4
[21:09:52.748] ADDR:0xEA TYPE:PARAMETER_SETTINGS_ENTRY  LEN:27 | EA 19 2B EA EE 1A 00 58 38 3B 41 55 58 39 3B 41 55 58 31 30 00 00 00 09 00 00 98
[21:09:52.748] ADDR:0xEE TYPE:RC_CHANNELS_PACKED        LEN:26 | EE 18 16 DF C3 5E 2B B0 D7 8A 56 B4 02 7C E0 03 1F F8 C0 07 3E F0 81 0F 7C 1A
[21:09:52.748] ADDR:0xEE TYPE:RC_CHANNELS_PACKED        LEN:26 | EE 18 16 E0 C3 5E 2B AE D7 8A 56 B4 02 7C E0 03 1F F8 C0 07 3E F0 81 0F 7C 73
[21:09:52.778] ADDR:0xEE TYPE:RC_CHANNELS_PACKED        LEN:26 | EE 18 16 E0 C3 5E 2B B2 D7 8A 56 B4 02 7C E0 03 1F F8 C0 07 3E F0 81 0F 7C E4
[21:09:52.778] ADDR:0xEE TYPE:RC_CHANNELS_PACKED        LEN:26 | EE 18 16 E0 C3 5E 2B B2 D7 8A 56 B4 02 7C E0 03 1F F8 C0 07 3E F0 81 0F 7C E4
[21:09:52.778] ADDR:0xEA TYPE:ELRS_STATUS               LEN:15 | EA 0D 3A EA EE 10 00 01 86 A0 00 00 01 56 5D
[21:09:52.778] ADDR:0xEE TYPE:RC_CHANNELS_PACKED        LEN:26 | EE 18 16 E0 C3 5E 2B B2 D7 8A 56 B4 02 7C E0 03 1F F8 C0 07 3E F0 81 0F 7C E4
[21:09:52.799] ADDR:0xEE TYPE:RC_CHANNELS_PACKED        LEN:26 | EE 18 16 E0 C3 5E 2B B2 D7 8A 56 B4 02 7C E0 03 1F F8 C0 07 3E F0 81 0F 7C E4
[21:09:52.799] ADDR:0xEE TYPE:RC_CHANNELS_PACKED        LEN:26 | EE 18 16 E0 C3 5E 2B B2 D7 8A 56 B4 02 7C E0 03 1F F8 C0 07 3E F0 81 0F 7C E4
[21:09:52.809] ADDR:0xEE TYPE:RC_CHANNELS_PACKED        LEN:26 | EE 18 16 E0 C3 5E 2B B0 D7 8A 56 B4 02 7C E0 03 1F F8 C0 07 3E F0 81 0F 7C 98
[21:09:52.839] ADDR:0xEE TYPE:PARAMETER_READ            LEN:08 | EE 06 2C EE EA 1B 00 78
[21:09:52.839] ADDR:0xEE TYPE:RC_CHANNELS_PACKED        LEN:26 | EE 18 16 E0 C3 5E 2B B2 D7 8A 56 B4 02 7C E0 03 1F F8 C0 07 3E F0 81 0F 7C E4
[21:09:52.840] ADDR:0xEA TYPE:PARAMETER_SETTINGS_ENTRY  LEN:41 | EA 27 2B EA EE 1B 00 15 09 54 65 6C 65 6D 65 74 72 79 00 4F 66 66 3B 45 53 50 4E 4F 57 3B 57 69 46 69 00 00 00 02 00 00 FC
[21:09:52.840] ADDR:0xEE TYPE:RC_CHANNELS_PACKED        LEN:26 | EE 18 16 E0 C3 5E 2B B2 D7 8A 56 B4 02 7C E0 03 1F F8 C0 07 3E F0 81 0F 7C E4
[21:09:52.860] ADDR:0xEE TYPE:RC_CHANNELS_PACKED        LEN:26 | EE 18 16 E0 C3 5E 2B B2 D7 8A 56 B4 02 7C E0 03 1F F8 C0 07 3E F0 81 0F 7C E4
[21:09:52.860] ADDR:0xEE TYPE:RC_CHANNELS_PACKED        LEN:26 | EE 18 16 E0 C3 5E 2B B2 D7 8A 56 B4 02 7C E0 03 1F F8 C0 07 3E F0 81 0F 7C E4
[21:09:52.870] ADDR:0xEE TYPE:RC_CHANNELS_PACKED        LEN:26 | EE 18 16 E0 C3 5E 2B AE D7 8A 56 B4 02 7C E0 03 1F F8 C0 07 3E F0 81 0F 7C 73
[21:09:52.891] ADDR:0xEE TYPE:RC_CHANNELS_PACKED        LEN:26 | EE 18 16 E0 C3 5E 2B B2 D7 8A 56 B4 02 7C E0 03 1F F8 C0 07 3E F0 81 0F 7C E4
[21:09:52.891] ADDR:0xEE TYPE:RC_CHANNELS_PACKED        LEN:26 | EE 18 16 E0 C3 5E 2B B2 D7 8A 56 B4 02 7C E0 03 1F F8 C0 07 3E F0 81 0F 7C E4
[21:09:52.901] ADDR:0xEE TYPE:RC_CHANNELS_PACKED        LEN:26 | EE 18 16 E0 C3 5E 2B B4 D7 8A 56 B4 02 7C E0 03 1F F8 C0 07 3E F0 81 0F 7C 60
[21:09:52.901] ADDR:0xEE TYPE:RC_CHANNELS_PACKED        LEN:26 | EE 18 16 E0 C3 5E 2B B4 D7 8A 56 B4 02 7C E0 03 1F F8 C0 07 3E F0 81 0F 7C 60
[21:09:52.921] ADDR:0xEE TYPE:PARAMETER_READ            LEN:08 | EE 06 2C EE EA 1C 00 49
[21:09:52.954] ADDR:0xEE TYPE:RC_CHANNELS_PACKED        LEN:26 | EE 18 16 E0 C3 5E 2B B2 D7 8A 56 B4 02 7C E0 03 1F F8 C0 07 3E F0 81 0F 7C E4
[21:09:52.954] ADDR:0xEA TYPE:PARAMETER_SETTINGS_ENTRY  LEN:19 | EA 11 2B EA EE 1C 00 15 0C 56 65 72 73 69 6F 6E 00 00 3D
[21:09:52.954] ADDR:0xEE TYPE:RC_CHANNELS_PACKED        LEN:26 | EE 18 16 E0 C3 5E 2B B0 D7 8A 56 B4 02 7C E0 03 1F F8 C0 07 3E F0 81 0F 7C 98
[21:09:52.954] ADDR:0xEE TYPE:RC_CHANNELS_PACKED        LEN:26 | EE 18 16 E0 C3 5E 2B B2 D7 8A 56 B4 02 7C E0 03 1F F8 C0 07 3E F0 81 0F 7C E4
[21:09:52.984] ADDR:0xEE TYPE:RC_CHANNELS_PACKED        LEN:26 | EE 18 16 E0 C3 5E 2B B2 D7 8A 56 B4 02 7C E0 03 1F F8 C0 07 3E F0 81 0F 7C E4
[21:09:52.985] ADDR:0xEE TYPE:RC_CHANNELS_PACKED        LEN:26 | EE 18 16 E0 C3 5E 2B B2 D7 8A 56 B4 02 7C E0 03 1F F8 C0 07 3E F0 81 0F 7C E4
[21:09:52.985] ADDR:0xEA TYPE:ELRS_STATUS               LEN:15 | EA 0D 3A EA EE 10 00 01 86 A0 00 00 00 B2 7E
[21:09:52.985] ADDR:0xEE TYPE:RC_CHANNELS_PACKED        LEN:26 | EE 18 16 E0 C3 5E 2B B2 D7 8A 56 B4 02 7C E0 03 1F F8 C0 07 3E F0 81 0F 7C E4
[21:09:52.995] ADDR:0xEE TYPE:RC_CHANNELS_PACKED        LEN:26 | EE 18 16 E0 BB 5E 2B B2 D7 8A 56 B4 02 7C E0 03 1F F8 C0 07 3E F0 81 0F 7C 44
[21:09:52.995] ADDR:0xEE TYPE:RC_CHANNELS_PACKED        LEN:26 | EE 18 16 E0 C3 5E 2B B2 D7 8A 56 B4 02 7C E0 03 1F F8 C0 07 3E F0 81 0F 7C E4
[21:09:53.015] ADDR:0xEE TYPE:RC_CHANNELS_PACKED        LEN:26 | EE 18 16 E0 C3 5E 2B B2 D7 8A 56 B4 02 7C E0 03 1F F8 C0 07 3E F0 81 0F 7C E4
[21:09:53.025] ADDR:0xEE TYPE:PARAMETER_READ            LEN:08 | EE 06 2C EE EA 1D 00 42
[21:09:53.025] ADDR:0xEE TYPE:RC_CHANNELS_PACKED        LEN:26 | EE 18 16 E0 C3 5E 2B B2 D7 8A 56 B4 02 7C E0 03 1F F8 C0 07 3E F0 81 0F 7C E4
[21:09:53.026] ADDR:0xEA TYPE:PARAMETER_SETTINGS_ENTRY  LEN:26 | EA 18 2B EA EE 1D 00 00 0D 42 4C 45 20 4A 6F 79 73 74 69 63 6B 00 00 C8 00 50
[21:09:53.046] ADDR:0xEE TYPE:RC_CHANNELS_PACKED        LEN:26 | EE 18 16 E0 C3 5E 2B B2 D7 8A 56 B4 02 7C E0 03 1F F8 C0 07 3E F0 81 0F 7C E4
[21:09:53.046] ADDR:0xEE TYPE:RC_CHANNELS_PACKED        LEN:26 | EE 18 16 E0 C3 5E 2B B0 D7 8A 56 B4 02 7C E0 03 1F F8 C0 07 3E F0 81 0F 7C 98
[21:09:53.056] ADDR:0xEE TYPE:RC_CHANNELS_PACKED        LEN:26 | EE 18 16 E0 C3 5E 2B B2 D7 8A 56 B4 02 7C E0 03 1F F8 C0 07 3E F0 81 0F 7C E4
[21:09:53.076] ADDR:0xEE TYPE:RC_CHANNELS_PACKED        LEN:26 | EE 18 16 E0 C3 5E 2B B2 D7 8A 56 B4 02 7C E0 03 1F F8 C0 07 3E F0 81 0F 7C E4
[21:09:53.076] ADDR:0xEE TYPE:RC_CHANNELS_PACKED        LEN:26 | EE 18 16 E0 C3 5E 2B B2 D7 8A 56 B4 02 7C E0 03 1F F8 C0 07 3E F0 81 0F 7C E4
[21:09:53.097] ADDR:0xEE TYPE:RC_CHANNELS_PACKED        LEN:26 | EE 18 16 E0 C3 5E 2B B0 D7 8A 56 B4 02 7C E0 03 1F F8 C0 07 3E F0 81 0F 7C 98
[21:09:53.107] ADDR:0xEE TYPE:RC_CHANNELS_PACKED        LEN:26 | EE 18 16 E0 C3 5E 2B B0 D7 8A 56 B4 02 7C E0 03 1F F8 C0 07 3E F0 81 0F 7C 98
[21:09:53.107] ADDR:0xEE TYPE:RC_CHANNELS_PACKED        LEN:26 | EE 18 16 E0 C3 5E 2B B2 D7 8A 56 B4 02 7C E0 03 1F F8 C0 07 3E F0 81 0F 7C E4
[21:09:53.127] ADDR:0xEE TYPE:PARAMETER_READ            LEN:08 | EE 06 2C EE EA 1E 00 5F
[21:09:53.127] ADDR:0xEE TYPE:RC_CHANNELS_PACKED        LEN:26 | EE 18 16 E0 BB 5E 2B B2 D7 8A 56 B4 02 7C E0 03 1F F8 C0 07 3E F0 81 0F 7C 44
[21:09:53.137] ADDR:0xEA TYPE:PARAMETER_SETTINGS_ENTRY  LEN:18 | EA 10 2B EA EE 1E 00 00 0D 42 69 6E 64 00 00 C8 00 E5
[21:09:53.137] ADDR:0xEE TYPE:RC_CHANNELS_PACKED        LEN:26 | EE 18 16 E0 C3 5E 2B B4 D7 8A 56 B4 02 7C E0 03 1F F8 C0 07 3E F0 81 0F 7C 60
[21:09:53.158] ADDR:0xEE TYPE:RC_CHANNELS_PACKED        LEN:26 | EE 18 16 E0 C3 5E 2B B2 D7 8A 56 B4 02 7C E0 03 1F F8 C0 07 3E F0 81 0F 7C E4
[21:09:53.158] ADDR:0xEE TYPE:RC_CHANNELS_PACKED        LEN:26 | EE 18 16 E0 C3 5E 2B B0 D7 8A 56 B4 02 7C E0 03 1F F8 C0 07 3E F0 81 0F 7C 98
[21:09:53.168] ADDR:0xEE TYPE:RC_CHANNELS_PACKED        LEN:26 | EE 18 16 E0 C3 5E 2B B2 D7 8A 56 B4 02 7C E0 03 1F F8 C0 07 3E F0 81 0F 7C E4
[21:09:53.168] ADDR:0xEA TYPE:ELRS_STATUS               LEN:15 | EA 0D 3A EA EE 10 00 01 86 A0 00 00 01 26 36
[21:09:53.188] ADDR:0xEE TYPE:RC_CHANNELS_PACKED        LEN:26 | EE 18 16 E0 C3 5E 2B B2 D7 8A 56 B4 02 7C E0 03 1F F8 C0 07 3E F0 81 0F 7C E4
[21:09:53.189] ADDR:0xEE TYPE:RC_CHANNELS_PACKED        LEN:26 | EE 18 16 E0 C3 5E 2B B2 D7 8A 56 B4 02 7C E0 03 1F F8 C0 07 3E F0 81 0F 7C E4
[21:09:53.209] ADDR:0xEE TYPE:RC_CHANNELS_PACKED        LEN:26 | EE 18 16 E0 C3 5E 2B B2 D7 8A 56 B4 02 7C E0 03 1F F8 C0 07 3E F0 81 0F 7C E4
[21:09:53.209] ADDR:0xEE TYPE:RC_CHANNELS_PACKED        LEN:26 | EE 18 16 E0 C3 5E 2B B2 D7 8A 56 B4 02 7C E0 03 1F F8 C0 07 3E F0 81 0F 7C E4
[21:09:53.219] ADDR:0xEE TYPE:PARAMETER_READ            LEN:08 | EE 06 2C EE EA 1F 00 54
[21:09:53.249] ADDR:0xEE TYPE:RC_CHANNELS_PACKED        LEN:26 | EE 18 16 E0 C3 5E 2B B2 D7 8A 56 B4 02 7C E0 03 1F F8 C0 07 3E F0 81 0F 7C E4
[21:09:53.249] ADDR:0xEA TYPE:PARAMETER_SETTINGS_ENTRY  LEN:25 | EA 17 2B EA EE 1F 00 00 0C 42 61 64 2F 47 6F 6F 64 00 30 2F 31 30 30 00 C3
[21:09:53.250] ADDR:0xEE TYPE:RC_CHANNELS_PACKED        LEN:26 | EE 18 16 E0 BB 5E 2B B2 D7 8A 56 B4 02 7C E0 03 1F F8 C0 07 3E F0 81 0F 7C 44
[21:09:53.250] ADDR:0xEE TYPE:RC_CHANNELS_PACKED        LEN:26 | EE 18 16 E0 C3 5E 2B B2 D7 8A 56 B4 02 7C E0 03 1F F8 C0 07 3E F0 81 0F 7C E4