================================================================================
CRSF Raw Logger - nasłuchiwanie na /dev/ttyUSB1 @ 420000 baud
Anti false-sync: włączona (loguje tylko ramki z CRC OK)
Naciśnij Ctrl+C aby zakończyć
================================================================================
[21:13:13.473] ADDR:0xEE TYPE:RC_CHANNELS_PACKED        LEN:26 | EE 18 16 E0 BB 5E 2B B2 D7 8A 56 B4 02 7C E0 03 1F F8 C0 07 3E F0 81 0F 7C 44
[21:13:13.473] ADDR:0xEE TYPE:RC_CHANNELS_PACKED        LEN:26 | EE 18 16 E0 C3 5E 2B B2 D7 8A 56 B4 02 7C E0 03 1F F8 C0 07 3E F0 81 0F 7C E4
[21:13:13.473] ADDR:0xEE TYPE:RC_CHANNELS_PACKED        LEN:26 | EE 18 16 E0 BB 5E 2B AE D7 8A 56 B4 02 7C E0 03 1F F8 C0 07 3E F0 81 0F 7C D3
[21:13:13.474] ADDR:0xEE TYPE:RC_CHANNELS_PACKED        LEN:26 | EE 18 16 E0 C3 5E 2B B2 D7 8A 56 B4 02 7C E0 03 1F F8 C0 07 3E F0 81 0F 7C E4
[21:13:13.474] ADDR:0xEE TYPE:RC_CHANNELS_PACKED        LEN:26 | EE 18 16 E0 C3 5E 2B B0 D7 8A 56 B4 02 7C E0 03 1F F8 C0 07 3E F0 81 0F 7C 98
[21:13:13.474] ADDR:0xEE TYPE:RC_CHANNELS_PACKED        LEN:26 | EE 18 16 E0 C3 5E 2B B0 D7 8A 56 B4 02 7C E0 03 1F F8 C0 07 3E F0 81 0F 7C 98
[21:13:13.474] ADDR:0xEE TYPE:RC_CHANNELS_PACKED        LEN:26 | EE 18 16 E0 C3 5E 2B B2 D7 8A 56 B4 02 7C E0 03 1F F8 C0 07 3E F0 81 0F 7C E4
[21:13:13.474] ADDR:0xEE TYPE:RC_CHANNELS_PACKED        LEN:26 | EE 18 16 E0 C3 5E 2B B2 D7 8A 56 B4 02 7C E0 03 1F F8 C0 07 3E F0 81 0F 7C E4
[21:13:13.474] ADDR:0xEA TYPE:ELRS_STATUS               LEN:15 | EA 0D 3A EA EE 10 00 03 0D 40 00 00 00 E6 C2
[21:13:13.474] ADDR:0xEE TYPE:RC_CHANNELS_PACKED        LEN:26 | EE 18 16 E0 C3 5E 2B B2 D7 8A 56 B4 02 7C E0 03 1F F8 C0 07 3E F0 81 0F 7C E4
[21:13:13.474] ADDR:0xEE TYPE:RC_CHANNELS_PACKED        LEN:26 | EE 18 16 E0 C3 5E 2B B0 D7 8A 56 B4 02 7C E0 03 1F F8 C0 07 3E F0 81 0F 7C 98
[21:13:13.474] ADDR:0xEE TYPE:RC_CHANNELS_PACKED        LEN:26 | EE 18 16 E0 C3 5E 2B AE D7 8A 56 B4 02 7C E0 03 1F F8 C0 07 3E F0 81 0F 7C 73
[21:13:13.474] ADDR:0xEE TYPE:RC_CHANNELS_PACKED        LEN:26 | EE 18 16 E0 C3 5E 2B B2 D7 8A 56 B4 02 7C E0 03 1F F8 C0 07 3E F0 81 0F 7C E4
[21:13:13.474] ADDR:0xEE TYPE:RC_CHANNELS_PACKED        LEN:26 | EE 18 16 E0 C3 5E 2B B2 D7 8A 56 B4 02 7C E0 03 1F F8 C0 07 3E F0 81 0F 7C E4
[21:13:13.474] ADDR:0xEE TYPE:RC_CHANNELS_PACKED        LEN:26 | EE 18 16 E0 C3 5E 2B B2 D7 8A 56 B4 02 7C E0 03 1F F8 C0 07 3E F0 81 0F 7C E4
[21:13:13.474] ADDR:0xEE TYPE:RC_CHANNELS_PACKED        LEN:26 | EE 18 16 E0 C3 5E 2B B2 D7 8A 56 B4 02 7C E0 03 1F F8 C0 07 3E F0 81 0F 7C E4
[21:13:13.474] ADDR:0xEE TYPE:RC_CHANNELS_PACKED        LEN:26 | EE 18 16 DF C3 5E 2B B2 D7 8A 56 B4 02 7C E0 03 1F F8 C0 07 3E F0 81 0F 7C 66
[21:13:13.474] ADDR:0xEE TYPE:RC_CHANNELS_PACKED        LEN:26 | EE 18 16 E0 C3 5E 2B B0 D7 8A 56 B4 02 7C E0 03 1F F8 C0 07 3E F0 81 0F 7C 98
[21:13:13.475] ADDR:0xEE TYPE:RC_CHANNELS_PACKED        LEN:26 | EE 18 16 E0 C3 5E 2B B2 D7 8A 56 B4 02 7C E0 03 1F F8 C0 07 3E F0 81 0F 7C E4
[21:13:13.485] ADDR:0xEA TYPE:ELRS_STATUS               LEN:15 | EA 0D 3A EA EE 10 00 03 0D 40 00 00 00 14 39
[21:13:13.485] ADDR:0xEE TYPE:RC_CHANNELS_PACKED        LEN:26 | EE 18 16 E0 C3 5E 2B B0 D7 8A 56 B4 02 7C E0 03 1F F8 C0 07 3E F0 81 0F 7C 98
[21:13:13.485] ADDR:0xEE TYPE:RC_CHANNELS_PACKED        LEN:26 | EE 18 16 E0 C3 5E 2B B2 D7 8A 56 B4 02 7C E0 03 1F F8 C0 07 3E F0 81 0F 7C E4
[21:13:13.485] ADDR:0xEE TYPE:RC_CHANNELS_PACKED        LEN:26 | EE 18 16 E0 C3 5E 2B B2 D7 8A 56 B4 02 7C E0 03 1F F8 C0 07 3E F0 81 0F 7C E4
[21:13:13.485] ADDR:0xEE TYPE:RC_CHANNELS_PACKED        LEN:26 | EE 18 16 E0 C3 5E 2B B2 D7 8A 56 B4 02 7C E0 03 1F F8 C0 07 3E F0 81 0F 7C E4
[21:13:13.485] ADDR:0xEE TYPE:RC_CHANNELS_PACKED        LEN:26 | EE 18 16 E0 C3 5E 2B B2 D7 8A 56 B4 02 7C E0 03 1F F8 C0 07 3E F0 81 0F 7C E4
[21:13:13.485] ADDR:0xEE TYPE:RC_CHANNELS_PACKED        LEN:26 | EE 18 16 E0 BB 5E 2B B2 D7 8A 56 B4 02 7C E0 03 1F F8 C0 07 3E F0 81 0F 7C 44
[21:13:13.505] ADDR:0xEE TYPE:RC_CHANNELS_PACKED        LEN:26 | EE 18 16 E0 BB 5E 2B B2 D7 8A 56 B4 02 7C E0 03 1F F8 C0 07 3E F0 81 0F 7C 44
[21:13:13.535] ADDR:0xEE TYPE:RC_CHANNELS_PACKED        LEN:26 | EE 18 16 E0 C3 5E 2B B2 D7 8A 56 B4 02 7C E0 03 1F F8 C0 07 3E F0 81 0F 7C E4
[21:13:13.546] ADDR:0xEE TYPE:RC_CHANNELS_PACKED        LEN:26 | EE 18 16 E0 C3 5E 2B B2 D7 8A 56 B4 02 7C E0 03 1F F8 C0 07 3E F0 81 0F 7C E4
[21:13:13.566] ADDR:0xEE TYPE:RC_CHANNELS_PACKED        LEN:26 | EE 18 16 E0 C3 5E 2B B2 D7 8A 56 B4 02 7C E0 03 1F F8 C0 07 3E F0 81 0F 7C E4
[21:13:13.586] ADDR:0xEE TYPE:RC_CHANNELS_PACKED        LEN:26 | EE 18 16 E0 C3 5E 2B B0 D7 8A 56 B4 02 7C E0 03 1F F8 C0 07 3E F0 81 0F 7C 98
[21:13:13.586] ADDR:0xEA TYPE:ELRS_STATUS               LEN:15 | EA 0D 3A EA EE 10 00 03 0D 40 00 00 00 DC 62
[21:13:13.616] ADDR:0xEE TYPE:RC_CHANNELS_PACKED        LEN:26 | EE 18 16 E0 C3 5E 2B B2 D7 8A 56 B4 02 7C E0 03 1F F8 C0 07 3E F0 81 0F 7C E4
[21:13:13.627] ADDR:0xEE TYPE:RC_CHANNELS_PACKED        LEN:26 | EE 18 16 E0 BB 5E 2B B0 D7 8A 56 B4 02 7C E0 03 1F F8 C0 07 3E F0 81 0F 7C 38
[21:13:13.647] ADDR:0xEE TYPE:RC_CHANNELS_PACKED        LEN:26 | EE 18 16 E0 C3 5E 2B B2 D7 8A 56 B4 02 7C E0 03 1F F8 C0 07 3E F0 81 0F 7C E4
[21:13:13.657] ADDR:0xEE TYPE:RC_CHANNELS_PACKED        LEN:26 | EE 18 16 E0 BB 5E 2B B2 D7 8A 56 B4 02 7C E0 03 1F F8 C0 07 3E F0 81 0F 7C 44
[21:13:13.697] ADDR:0xEE TYPE:RC_CHANNELS_PACKED        LEN:26 | EE 18 16 E0 C3 5E 2B B0 D7 8A 56 B4 02 7C E0 03 1F F8 C0 07 3E F0 81 0F 7C 98
[21:13:13.707] ADDR:0xEE TYPE:RC_CHANNELS_PACKED        LEN:26 | EE 18 16 E0 C3 5E 2B B2 D7 8A 56 B4 02 7C E0 03 1F F8 C0 07 3E F0 81 0F 7C E4
[21:13:13.728] ADDR:0xEE TYPE:RC_CHANNELS_PACKED        LEN:26 | EE 18 16 DF BB 5E 2B B0 D7 8A 56 B4 02 7C E0 03 1F F8 C0 07 3E F0 81 0F 7C BA
[21:13:13.738] ADDR:0xEE TYPE:RC_CHANNELS_PACKED        LEN:26 | EE 18 16 E0 C3 5E 2B B2 D7 8A 56 B4 02 7C E0 03 1F F8 C0 07 3E F0 81 0F 7C E4
[21:13:13.778] ADDR:0xEE TYPE:RC_CHANNELS_PACKED        LEN:26 | EE 18 16 E0 BB 5E 2B AE D7 8A 56 B4 02 7C E0 03 1F F8 C0 07 3E F0 81 0F 7C D3
[21:13:13.788] ADDR:0xEE TYPE:RC_CHANNELS_PACKED        LEN:26 | EE 18 16 E0 C3 5E 2B B2 D7 8A 56 B4 02 7C E0 03 1F F8 C0 07 3E F0 81 0F 7C E4
[21:13:13.788] ADDR:0xEA TYPE:ELRS_STATUS               LEN:15 | EA 0D 3A EA EE 10 00 03 0D 40 FF FF FE FC 15
[21:13:13.808] ADDR:0xEE TYPE:RC_CHANNELS_PACKED        LEN:26 | EE 18 16 E0 C3 5E 2B B2 D7 8A 56 B4 02 7C E0 03 1F F8 C0 07 3E F0 81 0F 7C E4
[21:13:13.819] ADDR:0xEE TYPE:RC_CHANNELS_PACKED        LEN:26 | EE 18 16 DF C3 5E 2B B0 D7 8A 56 B4 02 7C E0 03 1F F8 C0 07 3E F0 81 0F 7C 1A
[21:13:13.849] ADDR:0xEE TYPE:RC_CHANNELS_PACKED        LEN:26 | EE 18 16 E0 C3 5E 2B B2 D7 8A 56 B4 02 7C E0 03 1F F8 C0 07 3E F0 81 0F 7C E4
[21:13:13.869] ADDR:0xEE TYPE:RC_CHANNELS_PACKED        LEN:26 | EE 18 16 E0 C3 5E 2B B0 D7 8A 56 B4 02 7C E0 03 1F F8 C0 07 3E F0 81 0F 7C 98
[21:13:13.889] ADDR:0xEE TYPE:RC_CHANNELS_PACKED        LEN:26 | EE 18 16 E0 C3 5E 2B B2 D7 8A 56 B4 02 7C E0 03 1F F8 C0 07 3E F0 81 0F 7C E4
[21:13:13.899] ADDR:0xEE TYPE:RC_CHANNELS_PACKED        LEN:26 | EE 18 16 E0 C3 5E 2B B0 D7 8A 56 B4 02 7C E0 03 1F F8 C0 07 3E F0 81 0F 7C 98
[21:13:13.930] ADDR:0xEE TYPE:RC_CHANNELS_PACKED        LEN:26 | EE 18 16 E0 C3 5E 2B B2 D7 8A 56 B4 02 7C E0 03 1F F8 C0 07 3E F0 81 0F 7C E4
[21:13:13.951] ADDR:0xEE TYPE:RC_CHANNELS_PACKED        LEN:26 | EE 18 16 E0 C3 5E 2B B2 D7 8A 56 B4 02 7C E0 03 1F F8 C0 07 3E F0 81 0F 7C E4
[21:13:13.961] ADDR:0xEE TYPE:RC_CHANNELS_PACKED        LEN:26 | EE 18 16 E0 BB 5E 2B B0 D7 8A 56 B4 02 7C E0 03 1F F8 C0 07 3E F0 81 0F 7C 38
[21:13:13.981] ADDR:0xEE TYPE:RC_CHANNELS_PACKED        LEN:26 | EE 18 16 E0 BB 5E 2B B0 D7 8A 56 B4 02 7C E0 03 1F F8 C0 07 3E F0 81 0F 7C 38
[21:13:13.981] ADDR:0xEA TYPE:ELRS_STATUS               LEN:15 | EA 0D 3A EA EE 10 00 03 0D 40 00 00 01 22 45
[21:13:14.011] ADDR:0xEE TYPE:RC_CHANNELS_PACKED        LEN:26 | EE 18 16 E0 C3 5E 2B B2 D7 8A 56 B4 02 7C E0 03 1F F8 C0 07 3E F0 81 0F 7C E4
[21:13:14.032] ADDR:0xEE TYPE:RC_CHANNELS_PACKED        LEN:26 | EE 18 16 E0 C3 5E 2B B2 D7 8A 56 B4 02 7C E0 03 1F F8 C0 07 3E F0 81 0F 7C E4
[21:13:14.042] ADDR:0xEE TYPE:RC_CHANNELS_PACKED        LEN:26 | EE 18 16 E0 C3 5E 2B B2 D7 8A 56 B4 02 7C E0 03 1F F8 C0 07 3E F0 81 0F 7C E4
[21:13:14.062] ADDR:0xEE TYPE:RC_CHANNELS_PACKED        LEN:26 | EE 18 16 E0 C3 5E 2B B2 D7 8A 56 B4 02 7C E0 03 1F F8 C0 07 3E F0 81 0F 7C E4
[21:13:14.092] ADDR:0xEE TYPE:RC_CHANNELS_PACKED        LEN:26 | EE 18 16 E0 C3 5E 2B B0 D7 8A 56 B4 02 7C E0 03 1F F8 C0 07 3E F0 81 0F 7C 98
[21:13:14.113] ADDR:0xEE TYPE:RC_CHANNELS_PACKED        LEN:26 | EE 18 16 E0 C3 5E 2B B2 D7 8A 56 B4 02 7C E0 03 1F F8 C0 07 3E F0 81 0F 7C E4
[21:13:14.123] ADDR:0xEE TYPE:RC_CHANNELS_PACKED        LEN:26 | EE 18 16 E0 C3 5E 2B B0 D7 8A 56 B4 02 7C E0 03 1F F8 C0 07 3E F0 81 0F 7C 98
[21:13:14.143] ADDR:0xEE TYPE:RC_CHANNELS_PACKED        LEN:26 | EE 18 16 E0 C3 5E 2B B0 D7 8A 56 B4 02 7C E0 03 1F F8 C0 07 3E F0 81 0F 7C 98
[21:13:14.173] ADDR:0xEE TYPE:RC_CHANNELS_PACKED        LEN:26 | EE 18 16 E0 C3 5E 2B B2 D7 8A 56 B4 02 7C E0 03 1F F8 C0 07 3E F0 81 0F 7C E4
[21:13:14.193] ADDR:0xEE TYPE:RC_CHANNELS_PACKED        LEN:26 | EE 18 16 E0 C3 5E 2B AA D7 8A 56 B4 02 7C E0 03 1F F8 C0 07 3E F0 81 0F 7C 8B
[21:13:14.193] ADDR:0xEA TYPE:ELRS_STATUS               LEN:15 | EA 0D 3A EA EE 10 00 03 0D 40 00 00 00 F0 11
[21:13:14.203] ADDR:0xEE TYPE:RC_CHANNELS_PACKED        LEN:26 | EE 18 16 E0 C3 5E 2B B0 D7 8A 56 B4 02 7C E0 03 1F F8 C0 07 3E F0 81 0F 7C 98
[21:13:14.224] ADDR:0xEE TYPE:RC_CHANNELS_PACKED        LEN:26 | EE 18 16 E0 C3 5E 2B B0 D7 8A 56 B4 02 7C E0 03 1F F8 C0 07 3E F0 81 0F 7C 98
[21:13:14.254] ADDR:0xEE TYPE:RC_CHANNELS_PACKED        LEN:26 | EE 18 16 E0 BB 5E 2B B2 D7 8A 56 B4 02 7C E0 03 1F F8 C0 07 3E F0 81 0F 7C 44
[21:13:14.274] ADDR:0xEE TYPE:RC_CHANNELS_PACKED        LEN:26 | EE 18 16 E0 C3 5E 2B AE D7 8A 56 B4 02 7C E0 03 1F F8 C0 07 3E F0 81 0F 7C 73
[21:13:14.284] ADDR:0xEE TYPE:RC_CHANNELS_PACKED        LEN:26 | EE 18 16 E0 C3 5E 2B B0 D7 8A 56 B4 02 7C E0 03 1F F8 C0 07 3E F0 81 0F 7C 98
[21:13:14.305] ADDR:0xEE TYPE:RC_CHANNELS_PACKED        LEN:26 | EE 18 16 E0 C3 5E 2B B2 D7 8A 56 B4 02 7C E0 03 1F F8 C0 07 3E F0 81 0F 7C E4
[21:13:14.335] ADDR:0xEE TYPE:RC_CHANNELS_PACKED        LEN:26 | EE 18 16 E0 C3 5E 2B B0 D7 8A 56 B4 02 7C E0 03 1F F8 C0 07 3E F0 81 0F 7C 98
[21:13:14.345] ADDR:0xEE TYPE:RC_CHANNELS_PACKED        LEN:26 | EE 18 16 E0 C3 5E 2B B2 D7 8A 56 B4 02 7C E0 03 1F F8 C0 07 3E F0 81 0F 7C E4
[21:13:14.365] ADDR:0xEE TYPE:RC_CHANNELS_PACKED        LEN:26 | EE 18 16 E0 C3 5E 2B B2 D7 8A 56 B4 02 7C E0 03 1F F8 C0 07 3E F0 81 0F 7C E4
[21:13:14.385] ADDR:0xEE TYPE:RC_CHANNELS_PACKED        LEN:26 | EE 18 16 E0 C3 5E 2B AE D7 8A 56 B4 02 7C E0 03 1F F8 C0 07 3E F0 81 0F 7C 73
[21:13:14.385] ADDR:0xEA TYPE:ELRS_STATUS               LEN:15 | EA 0D 3A EA EE 10 00 03 0D 40 00 00 01 CC 3B
[21:13:14.416] ADDR:0xEE TYPE:RC_CHANNELS_PACKED        LEN:26 | EE 18 16 E0 C3 5E 2B B2 D7 8A 56 B4 02 7C E0 03 1F F8 C0 07 3E F0 81 0F 7C E4
[21:13:14.426] ADDR:0xEE TYPE:RC_CHANNELS_PACKED        LEN:26 | EE 18 16 E0 BB 5E 2B B0 D7 8A 56 B4 02 7C E0 03 1F F8 C0 07 3E F0 81 0F 7C 38
[21:13:14.446] ADDR:0xEE TYPE:RC_CHANNELS_PACKED        LEN:26 | EE 18 16 DF C3 5E 2B B2 D7 8A 56 B4 02 7C E0 03 1F F8 C0 07 3E F0 81 0F 7C 66
[21:13:14.466] ADDR:0xEE TYPE:RC_CHANNELS_PACKED        LEN:26 | EE 18 16 E0 C3 5E 2B B0 D7 8A 56 B4 02 7C E0 03 1F F8 C0 07 3E F0 81 0F 7C 98
[21:13:14.497] ADDR:0xEE TYPE:RC_CHANNELS_PACKED        LEN:26 | EE 18 16 E0 C3 5E 2B B0 D7 8A 56 B4 02 7C E0 03 1F F8 C0 07 3E F0 81 0F 7C 98
[21:13:14.507] ADDR:0xEE TYPE:RC_CHANNELS_PACKED        LEN:26 | EE 18 16 E0 C3 5E 2B AE D7 8A 56 B4 02 7C E0 03 1F F8 C0 07 3E F0 81 0F 7C 73
[21:13:14.527] ADDR:0xEE TYPE:RC_CHANNELS_PACKED        LEN:26 | EE 18 16 E0 C3 5E 2B B2 D7 8A 56 B4 02 7C E0 03 1F F8 C0 07 3E F0 81 0F 7C E4
[21:13:14.537] ADDR:0xEE TYPE:RC_CHANNELS_PACKED        LEN:26 | EE 18 16 E0 C3 5E 2B B2 D7 8A 56 B4 02 7C E0 03 1F F8 C0 07 3E F0 81 0F 7C E4
[21:13:14.579] ADDR:0xEE TYPE:RC_CHANNELS_PACKED        LEN:26 | EE 18 16 E0 C3 5E 2B B2 D7 8A 56 B4 02 7C E0 03 1F F8 C0 07 3E F0 81 0F 7C E4
[21:13:14.589] ADDR:0xEE TYPE:RC_CHANNELS_PACKED        LEN:26 | EE 18 16 E0 C3 5E 2B B2 D7 8A 56 B4 02 7C E0 03 1F F8 C0 07 3E F0 81 0F 7C E4
[21:13:14.589] ADDR:0xEA TYPE:ELRS_STATUS               LEN:15 | EA 0D 3A EA EE 10 00 03 0D 40 FF FF FF B0 54
[21:13:14.609] ADDR:0xEE TYPE:RC_CHANNELS_PACKED        LEN:26 | EE 18 16 E0 C3 5E 2B B2 D7 8A 56 B4 02 7C E0 03 1F F8 C0 07 3E F0 81 0F 7C E4
[21:13:14.619] ADDR:0xEE TYPE:RC_CHANNELS_PACKED        LEN:26 | EE 18 16 E0 C3 5E 2B B2 D7 8A 56 B4 02 7C E0 03 1F F8 C0 07 3E F0 81 0F 7C E4
[21:13:14.650] ADDR:0xEE TYPE:RC_CHANNELS_PACKED        LEN:26 | EE 18 16 E0 BB 5E 2B B2 D7 8A 56 B4 02 7C E0 03 1F F8 C0 07 3E F0 81 0F 7C 44
[21:13:14.670] ADDR:0xEE TYPE:RC_CHANNELS_PACKED        LEN:26 | EE 18 16 E0 C3 5E 2B B2 D7 8A 56 B4 02 7C E0 03 1F F8 C0 07 3E F0 81 0F 7C E4
[21:13:14.690] ADDR:0xEE TYPE:RC_CHANNELS_PACKED        LEN:26 | EE 18 16 E0 C3 5E 2B B2 D7 8A 56 B4 02 7C E0 03 1F F8 C0 07 3E F0 81 0F 7C E4
[21:13:14.700] ADDR:0xEE TYPE:RC_CHANNELS_PACKED        LEN:26 | EE 18 16 E0 C3 5E 2B B2 D7 8A 56 B4 02 7C E0 03 1F F8 C0 07 3E F0 81 0F 7C E4
[21:13:14.730] ADDR:0xEE TYPE:RC_CHANNELS_PACKED        LEN:26 | EE 18 16 E0 BB 5E 2B B2 D7 8A 56 B4 02 7C E0 03 1F F8 C0 07 3E F0 81 0F 7C 44
[21:13:14.751] ADDR:0xEE TYPE:RC_CHANNELS_PACKED        LEN:26 | EE 18 16 E0 C3 5E 2B B2 D7 8A 56 B4 02 7C E0 03 1F F8 C0 07 3E F0 81 0F 7C E4
[21:13:14.761] ADDR:0xEE TYPE:RC_CHANNELS_PACKED        LEN:26 | EE 18 16 E0 BB 5E 2B B2 D7 8A 56 B4 02 7C E0 03 1F F8 C0 07 3E F0 81 0F 7C 44
[21:13:14.781] ADDR:0xEE TYPE:RC_CHANNELS_PACKED        LEN:26 | EE 18 16 E0 BB 5E 2B B2 D7 8A 56 B4 02 7C E0 03 1F F8 C0 07 3E F0 81 0F 7C 44
[21:13:14.811] ADDR:0xEE TYPE:RC_CHANNELS_PACKED        LEN:26 | EE 18 16 E0 C3 5E 2B B0 D7 8A 56 B4 02 7C E0 03 1F F8 C0 07 3E F0 81 0F 7C 98
[21:13:14.811] ADDR:0xEA TYPE:ELRS_STATUS               LEN:15 | EA 0D 3A EA EE 10 00 03 0D 40 00 00 00 28 18
[21:13:14.832] ADDR:0xEE TYPE:RC_CHANNELS_PACKED        LEN:26 | EE 18 16 E0 C3 5E 2B B0 D7 8A 56 B4 02 7C E0 03 1F F8 C0 07 3E F0 81 0F 7C 98
[21:13:14.842] ADDR:0xEE TYPE:RC_CHANNELS_PACKED        LEN:26 | EE 18 16 E0 C3 5E 2B B2 D7 8A 56 B4 02 7C E0 03 1F F8 C0 07 3E F0 81 0F 7C E4
[21:13:14.862] ADDR:0xEE TYPE:RC_CHANNELS_PACKED        LEN:26 | EE 18 16 E0 BB 5E 2B B2 D7 8A 56 B4 02 7C E0 03 1F F8 C0 07 3E F0 81 0F 7C 44
[21:13:14.892] ADDR:0xEE TYPE:RC_CHANNELS_PACKED        LEN:26 | EE 18 16 E0 C3 5E 2B B2 D7 8A 56 B4 02 7C E0 03 1F F8 C0 07 3E F0 81 0F 7C E4
[21:13:14.912] ADDR:0xEE TYPE:RC_CHANNELS_PACKED        LEN:26 | EE 18 16 E0 C3 5E 2B B2 D7 8A 56 B4 02 7C E0 03 1F F8 C0 07 3E F0 81 0F 7C E4
[21:13:14.923] ADDR:0xEE TYPE:RC_CHANNELS_PACKED        LEN:26 | EE 18 16 E0 C3 5E 2B B2 D7 8A 56 B4 02 7C E0 03 1F F8 C0 07 3E F0 81 0F 7C E4
[21:13:14.943] ADDR:0xEE TYPE:RC_CHANNELS_PACKED        LEN:26 | EE 18 16 E0 C3 5E 2B B2 D7 8A 56 B4 02 7C E0 03 1F F8 C0 07 3E F0 81 0F 7C E4
[21:13:14.973] ADDR:0xEE TYPE:RC_CHANNELS_PACKED        LEN:26 | EE 18 16 E0 C3 5E 2B B2 D7 8A 56 B4 02 7C E0 03 1F F8 C0 07 3E F0 81 0F 7C E4
[21:13:14.993] ADDR:0xEE TYPE:RC_CHANNELS_PACKED        LEN:26 | EE 18 16 E0 C3 5E 2B B0 D7 8A 56 B4 02 7C E0 03 1F F8 C0 07 3E F0 81 0F 7C 98
[21:13:15.004] ADDR:0xEE TYPE:RC_CHANNELS_PACKED        LEN:26 | EE 18 16 E0 BB 5E 2B B2 D7 8A 56 B4 02 7C E0 03 1F F8 C0 07 3E F0 81 0F 7C 44
[21:13:15.004] ADDR:0xEA TYPE:ELRS_STATUS               LEN:15 | EA 0D 3A EA EE 10 00 03 0D 40 00 00 01 18 E5
[21:13:15.024] ADDR:0xEE TYPE:RC_CHANNELS_PACKED        LEN:26 | EE 18 16 E0 C3 5E 2B B2 D7 8A 56 B4 02 7C E0 03 1F F8 C0 07 3E F0 81 0F 7C E4
[21:13:15.054] ADDR:0xEE TYPE:RC_CHANNELS_PACKED        LEN:26 | EE 18 16 DF C3 5E 2B AE D7 8A 56 B4 02 7C E0 03 1F F8 C0 07 3E F0 81 0F 7C F1
[21:13:15.074] ADDR:0xEE TYPE:RC_CHANNELS_PACKED        LEN:26 | EE 18 16 E0 C3 5E 2B B0 D7 8A 56 B4 02 7C E0 03 1F F8 C0 07 3E F0 81 0F 7C 98
[21:13:15.085] ADDR:0xEE TYPE:RC_CHANNELS_PACKED        LEN:26 | EE 18 16 E0 C3 5E 2B B2 D7 8A 56 B4 02 7C E0 03 1F F8 C0 07 3E F0 81 0F 7C E4
[21:13:15.105] ADDR:0xEE TYPE:RC_CHANNELS_PACKED        LEN:26 | EE 18 16 E0 C3 5E 2B B2 D7 8A 56 B4 02 7C E0 03 1F F8 C0 07 3E F0 81 0F 7C E4
[21:13:15.135] ADDR:0xEE TYPE:RC_CHANNELS_PACKED        LEN:26 | EE 18 16 E0 BB 5E 2B B2 D7 8A 56 B4 02 7C E0 03 1F F8 C0 07 3E F0 81 0F 7C 44
[21:13:15.145] ADDR:0xEE TYPE:RC_CHANNELS_PACKED        LEN:26 | EE 18 16 E0 C3 5E 2B B2 D7 8A 56 B4 02 7C E0 03 1F F8 C0 07 3E F0 81 0F 7C E4
[21:13:15.165] ADDR:0xEE TYPE:RC_CHANNELS_PACKED        LEN:26 | EE 18 16 E0 C3 5E 2B B4 D7 8A 56 B4 02 7C E0 03 1F F8 C0 07 3E F0 81 0F 7C 60
[21:13:15.186] ADDR:0xEE TYPE:RC_CHANNELS_PACKED        LEN:26 | EE 18 16 E0 C3 5E 2B B2 D7 8A 56 B4 02 7C E0 03 1F F8 C0 07 3E F0 81 0F 7C E4
[21:13:15.216] ADDR:0xEE TYPE:RC_CHANNELS_PACKED        LEN:26 | EE 18 16 E0 C3 5E 2B B2 D7 8A 56 B4 02 7C E0 03 1F F8 C0 07 3E F0 81 0F 7C E4
[21:13:15.216] ADDR:0xEA TYPE:ELRS_STATUS               LEN:15 | EA 0D 3A EA EE 10 00 03 0D 40 00 00 00 32 1C
[21:13:15.226] ADDR:0xEE TYPE:RC_CHANNELS_PACKED        LEN:26 | EE 18 16 DF C3 5E 2B AE D7 8A 56 B4 02 7C E0 03 1F F8 C0 07 3E F0 81 0F 7C F1
[21:13:15.246] ADDR:0xEE TYPE:RC_CHANNELS_PACKED        LEN:26 | EE 18 16 E0 C3 5E 2B B2 D7 8A 56 B4 02 7C E0 03 1F F8 C0 07 3E F0 81 0F 7C E4
[21:13:15.257] ADDR:0xEE TYPE:RC_CHANNELS_PACKED        LEN:26 | EE 18 16 E0 C3 5E 2B B2 D7 8A 56 B4 02 7C E0 03 1F F8 C0 07 3E F0 81 0F 7C E4
[21:13:15.297] ADDR:0xEE TYPE:RC_CHANNELS_PACKED        LEN:26 | EE 18 16 E0 C3 5E 2B B0 D7 8A 56 B4 02 7C E0 03 1F F8 C0 07 3E F0 81 0F 7C 98
[21:13:15.307] ADDR:0xEE TYPE:RC_CHANNELS_PACKED        LEN:26 | EE 18 16 DF C3 5E 2B B2 D7 8A 56 B4 02 7C E0 03 1F F8 C0 07 3E F0 81 0F 7C 66
[21:13:15.327] ADDR:0xEE TYPE:RC_CHANNELS_PACKED        LEN:26 | EE 18 16 DF BB 5E 2B B2 D7 8A 56 B4 02 7C E0 03 1F F8 C0 07 3E F0 81 0F 7C C6
[21:13:15.337] ADDR:0xEE TYPE:RC_CHANNELS_PACKED        LEN:26 | EE 18 16 E0 C3 5E 2B B2 D7 8A 56 B4 02 7C E0 03 1F F8 C0 07 3E F0 81 0F 7C E4
[21:13:15.378] ADDR:0xEE TYPE:RC_CHANNELS_PACKED        LEN:26 | EE 18 16 E0 BB 5E 2B B0 D7 8A 56 B4 02 7C E0 03 1F F8 C0 07 3E F0 81 0F 7C 38
[21:13:15.388] ADDR:0xEE TYPE:RC_CHANNELS_PACKED        LEN:26 | EE 18 16 E0 C3 5E 2B B2 D7 8A 56 B4 02 7C E0 03 1F F8 C0 07 3E F0 81 0F 7C E4
[21:13:15.408] ADDR:0xEE TYPE:RC_CHANNELS_PACKED        LEN:26 | EE 18 16 E0 C3 5E 2B B2 D7 8A 56 B4 02 7C E0 03 1F F8 C0 07 3E F0 81 0F 7C E4
[21:13:15.408] ADDR:0xEA TYPE:ELRS_STATUS               LEN:15 | EA 0D 3A EA EE 10 00 03 0D 40 00 00 01 68 8E
[21:13:15.418] ADDR:0xEE TYPE:RC_CHANNELS_PACKED        LEN:26 | EE 18 16 E0 C3 5E 2B B2 D7 8A 56 B4 02 7C E0 03 1F F8 C0 07 3E F0 81 0F 7C E4
[21:13:15.448] ADDR:0xEE TYPE:RC_CHANNELS_PACKED        LEN:26 | EE 18 16 E0 C3 5E 2B B2 D7 8A 56 B4 02 7C E0 03 1F F8 C0 07 3E F0 81 0F 7C E4
[21:13:15.469] ADDR:0xEE TYPE:RC_CHANNELS_PACKED        LEN:26 | EE 18 16 E0 C3 5E 2B B2 D7 8A 56 B4 02 7C E0 03 1F F8 C0 07 3E F0 81 0F 7C E4
[21:13:15.489] ADDR:0xEE TYPE:RC_CHANNELS_PACKED        LEN:26 | EE 18 16 E0 C3 5E 2B B2 D7 8A 56 B4 02 7C E0 03 1F F8 C0 07 3E F0 81 0F 7C E4
[21:13:15.499] ADDR:0xEE TYPE:RC_CHANNELS_PACKED        LEN:26 | EE 18 16 E0 C3 5E 2B B2 D7 8A 56 B4 02 7C E0 03 1F F8 C0 07 3E F0 81 0F 7C E4
[21:13:15.529] ADDR:0xEE TYPE:RC_CHANNELS_PACKED        LEN:26 | EE 18 16 E0 C3 5E 2B B2 D7 8A 56 B4 02 7C E0 03 1F F8 C0 07 3E F0 81 0F 7C E4
[21:13:15.550] ADDR:0xEE TYPE:RC_CHANNELS_PACKED        LEN:26 | EE 18 16 E0 C3 5E 2B AE D7 8A 56 B4 02 7C E0 03 1F F8 C0 07 3E F0 81 0F 7C 73
[21:13:15.570] ADDR:0xEE TYPE:RC_CHANNELS_PACKED        LEN:26 | EE 18 16 E0 C3 5E 2B B2 D7 8A 56 B4 02 7C E0 03 1F F8 C0 07 3E F0 81 0F 7C E4
[21:13:15.580] ADDR:0xEE TYPE:RC_CHANNELS_PACKED        LEN:26 | EE 18 16 E0 C3 5E 2B B0 D7 8A 56 B4 02 7C E0 03 1F F8 C0 07 3E F0 81 0F 7C 98
[21:13:15.611] ADDR:0xEE TYPE:RC_CHANNELS_PACKED        LEN:26 | EE 18 16 E0 C3 5E 2B B4 D7 8A 56 B4 02 7C E0 03 1F F8 C0 07 3E F0 81 0F 7C 60
[21:13:15.611] ADDR:0xEA TYPE:ELRS_STATUS               LEN:15 | EA 0D 3A EA EE 10 00 03 0D 40 00 00 00 64 52
[21:13:15.631] ADDR:0xEE TYPE:RC_CHANNELS_PACKED        LEN:26 | EE 18 16 E0 C3 5E 2B B2 D7 8A 56 B4 02 7C E0 03 1F F8 C0 07 3E F0 81 0F 7C E4
[21:13:15.641] ADDR:0xEE TYPE:RC_CHANNELS_PACKED        LEN:26 | EE 18 16 E0 C3 5E 2B B2 D7 8A 56 B4 02 7C E0 03 1F F8 C0 07 3E F0 81 0F 7C E4
[21:13:15.663] ADDR:0xEE TYPE:RC_CHANNELS_PACKED        LEN:26 | EE 18 16 E0 C3 5E 2B B2 D7 8A 56 B4 02 7C E0 03 1F F8 C0 07 3E F0 81 0F 7C E4
[21:13:15.693] ADDR:0xEE TYPE:RC_CHANNELS_PACKED        LEN:26 | EE 18 16 E0 C3 5E 2B B2 D7 8A 56 B4 02 7C E0 03 1F F8 C0 07 3E F0 81 0F 7C E4
[21:13:15.713] ADDR:0xEE TYPE:RC_CHANNELS_PACKED        LEN:26 | EE 18 16 E0 C3 5E 2B B2 D7 8A 56 B4 02 7C E0 03 1F F8 C0 07 3E F0 81 0F 7C E4
[21:13:15.724] ADDR:0xEE TYPE:RC_CHANNELS_PACKED        LEN:26 | EE 18 16 E0 C3 5E 2B AA D7 8A 56 B4 02 7C E0 03 1F F8 C0 07 3E F0 81 0F 7C 8B
[21:13:15.744] ADDR:0xEE TYPE:RC_CHANNELS_PACKED        LEN:26 | EE 18 16 E0 C3 5E 2B B2 D7 8A 56 B4 02 7C E0 03 1F F8 C0 07 3E F0 81 0F 7C E4
[21:13:15.774] ADDR:0xEE TYPE:RC_CHANNELS_PACKED        LEN:26 | EE 18 16 E0 C3 5E 2B B2 D7 8A 56 B4 02 7C E0 03 1F F8 C0 07 3E F0 81 0F 7C E4
[21:13:15.785] ADDR:0xEE TYPE:RC_CHANNELS_PACKED        LEN:26 | EE 18 16 E0 C3 5E 2B B0 D7 8A 56 B4 02 7C E0 03 1F F8 C0 07 3E F0 81 0F 7C 98
[21:13:15.805] ADDR:0xEE TYPE:RC_CHANNELS_PACKED        LEN:26 | EE 18 16 E0 C3 5E 2B B2 D7 8A 56 B4 02 7C E0 03 1F F8 C0 07 3E F0 81 0F 7C E4
[21:13:15.805] ADDR:0xEA TYPE:ELRS_STATUS               LEN:15 | EA 0D 3A EA EE 10 00 03 0D 40 00 00 00 5A 0C
[21:13:15.825] ADDR:0xEE TYPE:RC_CHANNELS_PACKED        LEN:26 | EE 18 16 E0 C3 5E 2B B0 D7 8A 56 B4 02 7C E0 03 1F F8 C0 07 3E F0 81 0F 7C 98
[21:13:15.855] ADDR:0xEE TYPE:RC_CHANNELS_PACKED        LEN:26 | EE 18 16 E0 C3 5E 2B B2 D7 8A 56 B4 02 7C E0 03 1F F8 C0 07 3E F0 81 0F 7C E4
[21:13:15.866] ADDR:0xEE TYPE:RC_CHANNELS_PACKED        LEN:26 | EE 18 16 E0 C3 5E 2B B0 D7 8A 56 B4 02 7C E0 03 1F F8 C0 07 3E F0 81 0F 7C 98
[21:13:15.886] ADDR:0xEE TYPE:RC_CHANNELS_PACKED        LEN:26 | EE 18 16 E0 C3 5E 2B AE D7 8A 56 B4 02 7C E0 03 1F F8 C0 07 3E F0 81 0F 7C 73
[21:13:15.907] ADDR:0xEE TYPE:RC_CHANNELS_PACKED        LEN:26 | EE 18 16 E0 C3 5E 2B B2 D7 8A 56 B4 02 7C E0 03 1F F8 C0 07 3E F0 81 0F 7C E4
[21:13:15.937] ADDR:0xEE TYPE:RC_CHANNELS_PACKED        LEN:26 | EE 18 16 E0 C3 5E 2B B4 D7 8A 56 B4 02 7C E0 03 1F F8 C0 07 3E F0 81 0F 7C 60
[21:13:15.947] ADDR:0xEE TYPE:RC_CHANNELS_PACKED        LEN:26 | EE 18 16 E0 C3 5E 2B B2 D7 8A 56 B4 02 7C E0 03 1F F8 C0 07 3E F0 81 0F 7C E4
[21:13:15.968] ADDR:0xEE TYPE:RC_CHANNELS_PACKED        LEN:26 | EE 18 16 E0 BB 5E 2B B2 D7 8A 56 B4 02 7C E0 03 1F F8 C0 07 3E F0 81 0F 7C 44
[21:13:15.978] ADDR:0xEE TYPE:RC_CHANNELS_PACKED        LEN:26 | EE 18 16 E0 C3 5E 2B B0 D7 8A 56 B4 02 7C E0 03 1F F8 C0 07 3E F0 81 0F 7C 98
[21:13:16.018] ADDR:0xEE TYPE:RC_CHANNELS_PACKED        LEN:26 | EE 18 16 E0 BB 5E 2B B2 D7 8A 56 B4 02 7C E0 03 1F F8 C0 07 3E F0 81 0F 7C 44
[21:13:16.018] ADDR:0xEA TYPE:ELRS_STATUS               LEN:15 | EA 0D 3A EA EE 10 00 03 0D 40 00 00 00 3C B4
[21:13:16.028] ADDR:0xEE TYPE:RC_CHANNELS_PACKED        LEN:26 | EE 18 16 E0 C3 5E 2B B2 D7 8A 56 B4 02 7C E0 03 1F F8 C0 07 3E F0 81 0F 7C E4
[21:13:16.049] ADDR:0xEE TYPE:RC_CHANNELS_PACKED        LEN:26 | EE 18 16 E0 C3 5E 2B B2 D7 8A 56 B4 02 7C E0 03 1F F8 C0 07 3E F0 81 0F 7C E4
[21:13:16.059] ADDR:0xEE TYPE:RC_CHANNELS_PACKED        LEN:26 | EE 18 16 E0 C3 5E 2B B0 D7 8A 56 B4 02 7C E0 03 1F F8 C0 07 3E F0 81 0F 7C 98
[21:13:16.089] ADDR:0xEE TYPE:RC_CHANNELS_PACKED        LEN:26 | EE 18 16 E0 C3 5E 2B B2 D7 8A 56 B4 02 7C E0 03 1F F8 C0 07 3E F0 81 0F 7C E4
[21:13:16.109] ADDR:0xEE TYPE:RC_CHANNELS_PACKED        LEN:26 | EE 18 16 E0 C3 5E 2B B2 D7 8A 56 B4 02 7C E0 03 1F F8 C0 07 3E F0 81 0F 7C E4
[21:13:16.129] ADDR:0xEE TYPE:RC_CHANNELS_PACKED        LEN:26 | EE 18 16 E0 C3 5E 2B B0 D7 8A 56 B4 02 7C E0 03 1F F8 C0 07 3E F0 81 0F 7C 98
[21:13:16.140] ADDR:0xEE TYPE:RC_CHANNELS_PACKED        LEN:26 | EE 18 16 E0 C3 5E 2B B2 D7 8A 56 B4 02 7C E0 03 1F F8 C0 07 3E F0 81 0F 7C E4
[21:13:16.170] ADDR:0xEE TYPE:RC_CHANNELS_PACKED        LEN:26 | EE 18 16 E0 C3 5E 2B B2 D7 8A 56 B4 02 7C E0 03 1F F8 C0 07 3E F0 81 0F 7C E4
[21:13:16.191] ADDR:0xEE TYPE:RC_CHANNELS_PACKED        LEN:26 | EE 18 16 E0 C3 5E 2B B2 D7 8A 56 B4 02 7C E0 03 1F F8 C0 07 3E F0 81 0F 7C E4
[21:13:16.201] ADDR:0xEE TYPE:RC_CHANNELS_PACKED        LEN:26 | EE 18 16 E0 C3 5E 2B B2 D7 8A 56 B4 02 7C E0 03 1F F8 C0 07 3E F0 81 0F 7C E4
[21:13:16.201] ADDR:0xEA TYPE:ELRS_STATUS               LEN:15 | EA 0D 3A EA EE 10 00 03 0D 40 00 00 01 40 03
[21:13:16.221] ADDR:0xEE TYPE:RC_CHANNELS_PACKED        LEN:26 | EE 18 16 E0 BB 5E 2B B2 D7 8A 56 B4 02 7C E0 03 1F F8 C0 07 3E F0 81 0F 7C 44
[21:13:16.252] ADDR:0xEE TYPE:RC_CHANNELS_PACKED        LEN:26 | EE 18 16 E0 C3 5E 2B B0 D7 8A 56 B4 02 7C E0 03 1F F8 C0 07 3E F0 81 0F 7C 98
[21:13:16.272] ADDR:0xEE TYPE:RC_CHANNELS_PACKED        LEN:26 | EE 18 16 E0 C3 5E 2B B2 D7 8A 56 B4 02 7C E0 03 1F F8 C0 07 3E F0 81 0F 7C E4
[21:13:16.282] ADDR:0xEE TYPE:RC_CHANNELS_PACKED        LEN:26 | EE 18 16 E0 C3 5E 2B B2 D7 8A 56 B4 02 7C E0 03 1F F8 C0 07 3E F0 81 0F 7C E4
[21:13:16.302] ADDR:0xEE TYPE:RC_CHANNELS_PACKED        LEN:26 | EE 18 16 E0 C3 5E 2B B0 D7 8A 56 B4 02 7C E0 03 1F F8 C0 07 3E F0 81 0F 7C 98
[21:13:16.333] ADDR:0xEE TYPE:RC_CHANNELS_PACKED        LEN:26 | EE 18 16 E0 C3 5E 2B B2 D7 8A 56 B4 02 7C E0 03 1F F8 C0 07 3E F0 81 0F 7C E4
[21:13:16.353] ADDR:0xEE TYPE:RC_CHANNELS_PACKED        LEN:26 | EE 18 16 E0 C3 5E 2B B2 D7 8A 56 B4 02 7C E0 03 1F F8 C0 07 3E F0 81 0F 7C E4
[21:13:16.363] ADDR:0xEE TYPE:RC_CHANNELS_PACKED        LEN:26 | EE 18 16 E0 C3 5E 2B B2 D7 8A 56 B4 02 7C E0 03 1F F8 C0 07 3E F0 81 0F 7C E4
[21:13:16.383] ADDR:0xEE TYPE:RC_CHANNELS_PACKED        LEN:26 | EE 18 16 E0 C3 5E 2B B2 D7 8A 56 B4 02 7C E0 03 1F F8 C0 07 3E F0 81 0F 7C E4
[21:13:16.414] ADDR:0xEE TYPE:RC_CHANNELS_PACKED        LEN:26 | EE 18 16 E0 C3 5E 2B B0 D7 8A 56 B4 02 7C E0 03 1F F8 C0 07 3E F0 81 0F 7C 98
[21:13:16.414] ADDR:0xEA TYPE:ELRS_STATUS               LEN:15 | EA 0D 3A EA EE 10 00 03 0D 40 00 00 00 A0 DE
[21:13:16.434] ADDR:0xEE TYPE:RC_CHANNELS_PACKED        LEN:26 | EE 18 16 E0 C3 5E 2B AE D7 8A 56 B4 02 7C E0 03 1F F8 C0 07 3E F0 81 0F 7C 73
[21:13:16.444] ADDR:0xEE TYPE:RC_CHANNELS_PACKED        LEN:26 | EE 18 16 E0 C3 5E 2B B2 D7 8A 56 B4 02 7C E0 03 1F F8 C0 07 3E F0 81 0F 7C E4
[21:13:16.464] ADDR:0xEE TYPE:RC_CHANNELS_PACKED        LEN:26 | EE 18 16 E0 C3 5E 2B B2 D7 8A 56 B4 02 7C E0 03 1F F8 C0 07 3E F0 81 0F 7C E4
[21:13:16.494] ADDR:0xEE TYPE:RC_CHANNELS_PACKED        LEN:26 | EE 18 16 E0 C3 5E 2B B2 D7 8A 56 B4 02 7C E0 03 1F F8 C0 07 3E F0 81 0F 7C E4
[21:13:16.505] ADDR:0xEE TYPE:RC_CHANNELS_PACKED        LEN:26 | EE 18 16 E0 C3 5E 2B B2 D7 8A 56 B4 02 7C E0 03 1F F8 C0 07 3E F0 81 0F 7C E4
[21:13:16.525] ADDR:0xEE TYPE:RC_CHANNELS_PACKED        LEN:26 | EE 18 16 E0 C3 5E 2B B0 D7 8A 56 B4 02 7C E0 03 1F F8 C0 07 3E F0 81 0F 7C 98
[21:13:16.545] ADDR:0xEE TYPE:RC_CHANNELS_PACKED        LEN:26 | EE 18 16 E0 C3 5E 2B B2 D7 8A 56 B4 02 7C E0 03 1F F8 C0 07 3E F0 81 0F 7C E4
[21:13:16.576] ADDR:0xEE TYPE:RC_CHANNELS_PACKED        LEN:26 | EE 18 16 E0 C3 5E 2B B2 D7 8A 56 B4 02 7C E0 03 1F F8 C0 07 3E F0 81 0F 7C E4
[21:13:16.586] ADDR:0xEE TYPE:RC_CHANNELS_PACKED        LEN:26 | EE 18 16 E0 C3 5E 2B B2 D7 8A 56 B4 02 7C E0 03 1F F8 C0 07 3E F0 81 0F 7C E4
[21:13:16.606] ADDR:0xEE TYPE:RC_CHANNELS_PACKED        LEN:26 | EE 18 16 E0 C3 5E 2B B2 D7 8A 56 B4 02 7C E0 03 1F F8 C0 07 3E F0 81 0F 7C E4
[21:13:16.606] ADDR:0xEA TYPE:ELRS_STATUS               LEN:15 | EA 0D 3A EA EE 10 00 03 0D 40 FF FF FF E2 E4
[21:13:16.626] ADDR:0xEE TYPE:RC_CHANNELS_PACKED        LEN:26 | EE 18 16 E0 C3 5E 2B B2 D7 8A 56 B4 02 7C E0 03 1F F8 C0 07 3E F0 81 0F 7C E4
[21:13:16.657] ADDR:0xEE TYPE:RC_CHANNELS_PACKED        LEN:26 | EE 18 16 E0 C3 5E 2B B0 D7 8A 56 B4 02 7C E0 03 1F F8 C0 07 3E F0 81 0F 7C 98
[21:13:16.667] ADDR:0xEE TYPE:RC_CHANNELS_PACKED        LEN:26 | EE 18 16 E0 C3 5E 2B B2 D7 8A 56 B4 02 7C E0 03 1F F8 C0 07 3E F0 81 0F 7C E4
[21:13:16.687] ADDR:0xEE TYPE:RC_CHANNELS_PACKED        LEN:26 | EE 18 16 E0 C3 5E 2B B2 D7 8A 56 B4 02 7C E0 03 1F F8 C0 07 3E F0 81 0F 7C E4
[21:13:16.697] ADDR:0xEE TYPE:RC_CHANNELS_PACKED        LEN:26 | EE 18 16 E0 C3 5E 2B B2 D7 8A 56 B4 02 7C E0 03 1F F8 C0 07 3E F0 81 0F 7C E4
[21:13:16.738] ADDR:0xEE TYPE:RC_CHANNELS_PACKED        LEN:26 | EE 18 16 E0 C3 5E 2B B2 D7 8A 56 B4 02 7C E0 03 1F F8 C0 07 3E F0 81 0F 7C E4
[21:13:16.748] ADDR:0xEE TYPE:RC_CHANNELS_PACKED        LEN:26 | EE 18 16 E0 C3 5E 2B B2 D7 8A 56 B4 02 7C E0 03 1F F8 C0 07 3E F0 81 0F 7C E4
[21:13:16.768] ADDR:0xEE TYPE:RC_CHANNELS_PACKED        LEN:26 | EE 18 16 E0 C3 5E 2B B2 D7 8A 56 B4 02 7C E0 03 1F F8 C0 07 3E F0 81 0F 7C E4
[21:13:16.778] ADDR:0xEE TYPE:RC_CHANNELS_PACKED        LEN:26 | EE 18 16 E0 C3 5E 2B B2 D7 8A 56 B4 02 7C E0 03 1F F8 C0 07 3E F0 81 0F 7C E4
[21:13:16.808] ADDR:0xEE TYPE:RC_CHANNELS_PACKED        LEN:26 | EE 18 16 E0 C3 5E 2B B2 D7 8A 56 B4 02 7C E0 03 1F F8 C0 07 3E F0 81 0F 7C E4
[21:13:16.809] ADDR:0xEA TYPE:ELRS_STATUS               LEN:15 | EA 0D 3A EA EE 10 00 03 0D 40 00 00 00 E6 C2
[21:13:16.829] ADDR:0xEE TYPE:RC_CHANNELS_PACKED        LEN:26 | EE 18 16 E0 C3 5E 2B B2 D7 8A 56 B4 02 7C E0 03 1F F8 C0 07 3E F0 81 0F 7C E4
[21:13:16.849] ADDR:0xEE TYPE:RC_CHANNELS_PACKED        LEN:26 | EE 18 16 E0 C3 5E 2B B2 D7 8A 56 B4 02 7C E0 03 1F F8 C0 07 3E F0 81 0F 7C E4
[21:13:16.859] ADDR:0xEE TYPE:RC_CHANNELS_PACKED        LEN:26 | EE 18 16 E0 C3 5E 2B B2 D7 8A 56 B4 02 7C E0 03 1F F8 C0 07 3E F0 81 0F 7C E4
[21:13:16.890] ADDR:0xEE TYPE:RC_CHANNELS_PACKED        LEN:26 | EE 18 16 E0 C3 5E 2B B2 D7 8A 56 B4 02 7C E0 03 1F F8 C0 07 3E F0 81 0F 7C E4
[21:13:16.910] ADDR:0xEE TYPE:RC_CHANNELS_PACKED        LEN:26 | EE 18 16 DF BB 5E 2B B2 D7 8A 56 B4 02 7C E0 03 1F F8 C0 07 3E F0 81 0F 7C C6
[21:13:16.930] ADDR:0xEE TYPE:RC_CHANNELS_PACKED        LEN:26 | EE 18 16 E0 BB 5E 2B B2 D7 8A 56 B4 02 7C E0 03 1F F8 C0 07 3E F0 81 0F 7C 44
[21:13:16.940] ADDR:0xEE TYPE:RC_CHANNELS_PACKED        LEN:26 | EE 18 16 E0 C3 5E 2B AE D7 8A 56 B4 02 7C E0 03 1F F8 C0 07 3E F0 81 0F 7C 73
[21:13:16.970] ADDR:0xEE TYPE:RC_CHANNELS_PACKED        LEN:26 | EE 18 16 E0 BB 5E 2B B2 D7 8A 56 B4 02 7C E0 03 1F F8 C0 07 3E F0 81 0F 7C 44
[21:13:16.991] ADDR:0xEE TYPE:RC_CHANNELS_PACKED        LEN:26 | EE 18 16 E0 BB 5E 2B B2 D7 8A 56 B4 02 7C E0 03 1F F8 C0 07 3E F0 81 0F 7C 44
[21:13:17.001] ADDR:0xEE TYPE:RC_CHANNELS_PACKED        LEN:26 | EE 18 16 E0 C3 5E 2B AE D7 8A 56 B4 02 7C E0 03 1F F8 C0 07 3E F0 81 0F 7C 73
[21:13:17.001] ADDR:0xEA TYPE:ELRS_STATUS               LEN:15 | EA 0D 3A EA EE 10 00 03 0D 40 FF FF FF E2 E4
[21:13:17.021] ADDR:0xEE TYPE:RC_CHANNELS_PACKED        LEN:26 | EE 18 16 E0 C3 5E 2B AE D7 8A 56 B4 02 7C E0 03 1F F8 C0 07 3E F0 81 0F 7C 73
[21:13:17.053] ADDR:0xEE TYPE:RC_CHANNELS_PACKED        LEN:26 | EE 18 16 E0 C3 5E 2B B2 D7 8A 56 B4 02 7C E0 03 1F F8 C0 07 3E F0 81 0F 7C E4
[21:13:17.073] ADDR:0xEE TYPE:RC_CHANNELS_PACKED        LEN:26 | EE 18 16 DF C3 5E 2B B2 D7 8A 56 B4 02 7C E0 03 1F F8 C0 07 3E F0 81 0F 7C 66
[21:13:17.083] ADDR:0xEE TYPE:RC_CHANNELS_PACKED        LEN:26 | EE 18 16 E0 C3 5E 2B B2 D7 8A 56 B4 02 7C E0 03 1F F8 C0 07 3E F0 81 0F 7C E4
[21:13:17.103] ADDR:0xEE TYPE:RC_CHANNELS_PACKED        LEN:26 | EE 18 16 E0 C3 5E 2B B2 D7 8A 56 B4 02 7C E0 03 1F F8 C0 07 3E F0 81 0F 7C E4
[21:13:17.134] ADDR:0xEE TYPE:RC_CHANNELS_PACKED        LEN:26 | EE 18 16 E0 C3 5E 2B B2 D7 8A 56 B4 02 7C E0 03 1F F8 C0 07 3E F0 81 0F 7C E4
[21:13:17.154] ADDR:0xEE TYPE:RC_CHANNELS_PACKED        LEN:26 | EE 18 16 E0 C3 5E 2B B2 D7 8A 56 B4 02 7C E0 03 1F F8 C0 07 3E F0 81 0F 7C E4
[21:13:17.164] ADDR:0xEE TYPE:RC_CHANNELS_PACKED        LEN:26 | EE 18 16 E0 C3 5E 2B B2 D7 8A 56 B4 02 7C E0 03 1F F8 C0 07 3E F0 81 0F 7C E4
[21:13:17.184] ADDR:0xEE TYPE:RC_CHANNELS_PACKED        LEN:26 | EE 18 16 E0 C3 5E 2B B2 D7 8A 56 B4 02 7C E0 03 1F F8 C0 07 3E F0 81 0F 7C E4
[21:13:17.215] ADDR:0xEE TYPE:RC_CHANNELS_PACKED        LEN:26 | EE 18 16 E0 C3 5E 2B B2 D7 8A 56 B4 02 7C E0 03 1F F8 C0 07 3E F0 81 0F 7C E4
[21:13:17.215] ADDR:0xEA TYPE:ELRS_STATUS               LEN:15 | EA 0D 3A EA EE 10 00 03 0D 40 00 00 02 1C 06
[21:13:17.225] ADDR:0xEE TYPE:RC_CHANNELS_PACKED        LEN:26 | EE 18 16 E0 C3 5E 2B B0 D7 8A 56 B4 02 7C E0 03 1F F8 C0 07 3E F0 81 0F 7C 98
[21:13:17.245] ADDR:0xEE TYPE:RC_CHANNELS_PACKED        LEN:26 | EE 18 16 E0 C3 5E 2B B2 D7 8A 56 B4 02 7C E0 03 1F F8 C0 07 3E F0 81 0F 7C E4
[21:13:17.265] ADDR:0xEE TYPE:RC_CHANNELS_PACKED        LEN:26 | EE 18 16 E0 C3 5E 2B B0 D7 8A 56 B4 02 7C E0 03 1F F8 C0 07 3E F0 81 0F 7C 98
[21:13:17.296] ADDR:0xEE TYPE:RC_CHANNELS_PACKED        LEN:26 | EE 18 16 E0 C3 5E 2B B2 D7 8A 56 B4 02 7C E0 03 1F F8 C0 07 3E F0 81 0F 7C E4
[21:13:17.306] ADDR:0xEE TYPE:RC_CHANNELS_PACKED        LEN:26 | EE 18 16 E0 C3 5E 2B B2 D7 8A 56 B4 02 7C E0 03 1F F8 C0 07 3E F0 81 0F 7C E4
[21:13:17.326] ADDR:0xEE TYPE:RC_CHANNELS_PACKED        LEN:26 | EE 18 16 E0 C3 5E 2B B0 D7 8A 56 B4 02 7C E0 03 1F F8 C0 07 3E F0 81 0F 7C 98
[21:13:17.346] ADDR:0xEE TYPE:RC_CHANNELS_PACKED        LEN:26 | EE 18 16 E0 C3 5E 2B B2 D7 8A 56 B4 02 7C E0 03 1F F8 C0 07 3E F0 81 0F 7C E4
[21:13:17.376] ADDR:0xEE TYPE:RC_CHANNELS_PACKED        LEN:26 | EE 18 16 E0 C3 5E 2B B2 D7 8A 56 B4 02 7C E0 03 1F F8 C0 07 3E F0 81 0F 7C E4
[21:13:17.387] ADDR:0xEE TYPE:RC_CHANNELS_PACKED        LEN:26 | EE 18 16 E0 C3 5E 2B B2 D7 8A 56 B4 02 7C E0 03 1F F8 C0 07 3E F0 81 0F 7C E4
[21:13:17.407] ADDR:0xEE TYPE:RC_CHANNELS_PACKED        LEN:26 | EE 18 16 E0 C3 5E 2B B2 D7 8A 56 B4 02 7C E0 03 1F F8 C0 07 3E F0 81 0F 7C E4
[21:13:17.407] ADDR:0xEA TYPE:ELRS_STATUS               LEN:15 | EA 0D 3A EA EE 10 00 03 0D 40 FF FF FF E2 E4
[21:13:17.417] ADDR:0xEE TYPE:RC_CHANNELS_PACKED        LEN:26 | EE 18 16 E0 BB 5E 2B B4 D7 8A 56 B4 02 7C E0 03 1F F8 C0 07 3E F0 81 0F 7C C0
[21:13:17.458] ADDR:0xEE TYPE:RC_CHANNELS_PACKED        LEN:26 | EE 18 16 E0 BB 5E 2B B2 D7 8A 56 B4 02 7C E0 03 1F F8 C0 07 3E F0 81 0F 7C 44
[21:13:17.468] ADDR:0xEE TYPE:RC_CHANNELS_PACKED        LEN:26 | EE 18 16 E0 C3 5E 2B B2 D7 8A 56 B4 02 7C E0 03 1F F8 C0 07 3E F0 81 0F 7C E4
[21:13:17.488] ADDR:0xEE TYPE:RC_CHANNELS_PACKED        LEN:26 | EE 18 16 E0 C3 5E 2B B2 D7 8A 56 B4 02 7C E0 03 1F F8 C0 07 3E F0 81 0F 7C E4
[21:13:17.498] ADDR:0xEE TYPE:RC_CHANNELS_PACKED        LEN:26 | EE 18 16 E0 C3 5E 2B B2 D7 8A 56 B4 02 7C E0 03 1F F8 C0 07 3E F0 81 0F 7C E4
[21:13:17.529] ADDR:0xEE TYPE:RC_CHANNELS_PACKED        LEN:26 | EE 18 16 E0 C3 5E 2B B2 D7 8A 56 B4 02 7C E0 03 1F F8 C0 07 3E F0 81 0F 7C E4
[21:13:17.549] ADDR:0xEE TYPE:RC_CHANNELS_PACKED        LEN:26 | EE 18 16 E0 BB 5E 2B B2 D7 8A 56 B4 02 7C E0 03 1F F8 C0 07 3E F0 81 0F 7C 44
[21:13:17.569] ADDR:0xEE TYPE:RC_CHANNELS_PACKED        LEN:26 | EE 18 16 E0 C3 5E 2B B2 D7 8A 56 B4 02 7C E0 03 1F F8 C0 07 3E F0 81 0F 7C E4
[21:13:17.580] ADDR:0xEE TYPE:RC_CHANNELS_PACKED        LEN:26 | EE 18 16 E0 C3 5E 2B B2 D7 8A 56 B4 02 7C E0 03 1F F8 C0 07 3E F0 81 0F 7C E4
[21:13:17.610] ADDR:0xEE TYPE:RC_CHANNELS_PACKED        LEN:26 | EE 18 16 E0 C3 5E 2B B2 D7 8A 56 B4 02 7C E0 03 1F F8 C0 07 3E F0 81 0F 7C E4
[21:13:17.610] ADDR:0xEA TYPE:ELRS_STATUS               LEN:15 | EA 0D 3A EA EE 10 00 03 0D 40 00 00 01 68 8E
[21:13:17.630] ADDR:0xEE TYPE:RC_CHANNELS_PACKED        LEN:26 | EE 18 16 E0 C3 5E 2B B0 D7 8A 56 B4 02 7C E0 03 1F F8 C0 07 3E F0 81 0F 7C 98
[21:13:17.650] ADDR:0xEE TYPE:RC_CHANNELS_PACKED        LEN:26 | EE 18 16 E0 C3 5E 2B B4 D7 8A 56 B4 02 7C E0 03 1F F8 C0 07 3E F0 81 0F 7C 60
[21:13:17.661] ADDR:0xEE TYPE:RC_CHANNELS_PACKED        LEN:26 | EE 18 16 E0 C3 5E 2B B2 D7 8A 56 B4 02 7C E0 03 1F F8 C0 07 3E F0 81 0F 7C E4
[21:13:17.691] ADDR:0xEE TYPE:RC_CHANNELS_PACKED        LEN:26 | EE 18 16 E0 BB 5E 2B B2 D7 8A 56 B4 02 7C E0 03 1F F8 C0 07 3E F0 81 0F 7C 44
[21:13:17.711] ADDR:0xEE TYPE:RC_CHANNELS_PACKED        LEN:26 | EE 18 16 E0 C3 5E 2B B2 D7 8A 56 B4 02 7C E0 03 1F F8 C0 07 3E F0 81 0F 7C E4
[21:13:17.721] ADDR:0xEE TYPE:RC_CHANNELS_PACKED        LEN:26 | EE 18 16 E0 C3 5E 2B B2 D7 8A 56 B4 02 7C E0 03 1F F8 C0 07 3E F0 81 0F 7C E4
[21:13:17.741] ADDR:0xEE TYPE:RC_CHANNELS_PACKED        LEN:26 | EE 18 16 E0 C3 5E 2B B2 D7 8A 56 B4 02 7C E0 03 1F F8 C0 07 3E F0 81 0F 7C E4
[21:13:17.772] ADDR:0xEE TYPE:RC_CHANNELS_PACKED        LEN:26 | EE 18 16 E0 BB 5E 2B B2 D7 8A 56 B4 02 7C E0 03 1F F8 C0 07 3E F0 81 0F 7C 44
[21:13:17.792] ADDR:0xEE TYPE:RC_CHANNELS_PACKED        LEN:26 | EE 18 16 E0 C3 5E 2B B2 D7 8A 56 B4 02 7C E0 03 1F F8 C0 07 3E F0 81 0F 7C E4
[21:13:17.802] ADDR:0xEE TYPE:RC_CHANNELS_PACKED        LEN:26 | EE 18 16 E0 C3 5E 2B B2 D7 8A 56 B4 02 7C E0 03 1F F8 C0 07 3E F0 81 0F 7C E4
[21:13:17.802] ADDR:0xEA TYPE:ELRS_STATUS               LEN:15 | EA 0D 3A EA EE 10 00 03 0D 40 FF FF FF EC 4C
[21:13:17.822] ADDR:0xEE TYPE:RC_CHANNELS_PACKED        LEN:26 | EE 18 16 E0 C3 5E 2B B2 D7 8A 56 B4 02 7C E0 03 1F F8 C0 07 3E F0 81 0F 7C E4
[21:13:17.853] ADDR:0xEE TYPE:RC_CHANNELS_PACKED        LEN:26 | EE 18 16 E0 C3 5E 2B B2 D7 8A 56 B4 02 7C E0 03 1F F8 C0 07 3E F0 81 0F 7C E4
[21:13:17.873] ADDR:0xEE TYPE:RC_CHANNELS_PACKED        LEN:26 | EE 18 16 E0 BB 5E 2B AE D7 8A 56 B4 02 7C E0 03 1F F8 C0 07 3E F0 81 0F 7C D3
[21:13:17.883] ADDR:0xEE TYPE:RC_CHANNELS_PACKED        LEN:26 | EE 18 16 E0 C3 5E 2B B2 D7 8A 56 B4 02 7C E0 03 1F F8 C0 07 3E F0 81 0F 7C E4
[21:13:17.903] ADDR:0xEE TYPE:RC_CHANNELS_PACKED        LEN:26 | EE 18 16 E0 C3 5E 2B B2 D7 8A 56 B4 02 7C E0 03 1F F8 C0 07 3E F0 81 0F 7C E4
[21:13:17.934] ADDR:0xEE TYPE:RC_CHANNELS_PACKED        LEN:26 | EE 18 16 DF C3 5E 2B B2 D7 8A 56 B4 02 7C E0 03 1F F8 C0 07 3E F0 81 0F 7C 66
[21:13:17.954] ADDR:0xEE TYPE:RC_CHANNELS_PACKED        LEN:26 | EE 18 16 E0 C3 5E 2B B2 D7 8A 56 B4 02 7C E0 03 1F F8 C0 07 3E F0 81 0F 7C E4
[21:13:17.964] ADDR:0xEE TYPE:RC_CHANNELS_PACKED        LEN:26 | EE 18 16 E0 C3 5E 2B B2 D7 8A 56 B4 02 7C E0 03 1F F8 C0 07 3E F0 81 0F 7C E4
[21:13:17.984] ADDR:0xEE TYPE:RC_CHANNELS_PACKED        LEN:26 | EE 18 16 E0 C3 5E 2B B2 D7 8A 56 B4 02 7C E0 03 1F F8 C0 07 3E F0 81 0F 7C E4
[21:13:18.014] ADDR:0xEE TYPE:RC_CHANNELS_PACKED        LEN:26 | EE 18 16 E0 BB 5E 2B B0 D7 8A 56 B4 02 7C E0 03 1F F8 C0 07 3E F0 81 0F 7C 38
[21:13:18.014] ADDR:0xEA TYPE:ELRS_STATUS               LEN:15 | EA 0D 3A EA EE 10 00 03 0D 40 00 00 00 A0 DE
[21:13:18.025] ADDR:0xEE TYPE:RC_CHANNELS_PACKED        LEN:26 | EE 18 16 E0 C3 5E 2B B0 D7 8A 56 B4 02 7C E0 03 1F F8 C0 07 3E F0 81 0F 7C 98
[21:13:18.045] ADDR:0xEE TYPE:RC_CHANNELS_PACKED        LEN:26 | EE 18 16 E0 C3 5E 2B B2 D7 8A 56 B4 02 7C E0 03 1F F8 C0 07 3E F0 81 0F 7C E4
[21:13:18.065] ADDR:0xEE TYPE:RC_CHANNELS_PACKED        LEN:26 | EE 18 16 E0 C3 5E 2B B2 D7 8A 56 B4 02 7C E0 03 1F F8 C0 07 3E F0 81 0F 7C E4
[21:13:18.096] ADDR:0xEE TYPE:RC_CHANNELS_PACKED        LEN:26 | EE 18 16 E0 BB 5E 2B B2 D7 8A 56 B4 02 7C E0 03 1F F8 C0 07 3E F0 81 0F 7C 44
[21:13:18.106] ADDR:0xEE TYPE:RC_CHANNELS_PACKED        LEN:26 | EE 18 16 E0 C3 5E 2B B0 D7 8A 56 B4 02 7C E0 03 1F F8 C0 07 3E F0 81 0F 7C 98
[21:13:18.126] ADDR:0xEE TYPE:RC_CHANNELS_PACKED        LEN:26 | EE 18 16 E0 C3 5E 2B B2 D7 8A 56 B4 02 7C E0 03 1F F8 C0 07 3E F0 81 0F 7C E4
[21:13:18.146] ADDR:0xEE TYPE:RC_CHANNELS_PACKED        LEN:26 | EE 18 16 E0 C3 5E 2B B0 D7 8A 56 B4 02 7C E0 03 1F F8 C0 07 3E F0 81 0F 7C 98
[21:13:18.169] ADDR:0xEE TYPE:RC_CHANNELS_PACKED        LEN:26 | EE 18 16 E0 C3 5E 2B B2 D7 8A 56 B4 02 7C E0 03 1F F8 C0 07 3E F0 81 0F 7C E4
[21:13:18.189] ADDR:0xEE TYPE:RC_CHANNELS_PACKED        LEN:26 | EE 18 16 E0 C3 5E 2B B2 D7 8A 56 B4 02 7C E0 03 1F F8 C0 07 3E F0 81 0F 7C E4
[21:13:18.209] ADDR:0xEE TYPE:RC_CHANNELS_PACKED        LEN:26 | EE 18 16 E0 C3 5E 2B B2 D7 8A 56 B4 02 7C E0 03 1F F8 C0 07 3E F0 81 0F 7C E4
[21:13:18.209] ADDR:0xEA TYPE:ELRS_STATUS               LEN:15 | EA 0D 3A EA EE 10 00 03 0D 40 00 00 01 5E F9
[21:13:18.219] ADDR:0xEE TYPE:RC_CHANNELS_PACKED        LEN:26 | EE 18 16 E0 C3 5E 2B B2 D7 8A 56 B4 02 7C E0 03 1F F8 C0 07 3E F0 81 0F 7C E4
[21:13:18.250] ADDR:0xEE TYPE:RC_CHANNELS_PACKED        LEN:26 | EE 18 16 E0 BB 5E 2B B2 D7 8A 56 B4 02 7C E0 03 1F F8 C0 07 3E F0 81 0F 7C 44
[21:13:18.270] ADDR:0xEE TYPE:RC_CHANNELS_PACKED        LEN:26 | EE 18 16 E0 C3 5E 2B AA D7 8A 56 B4 02 7C E0 03 1F F8 C0 07 3E F0 81 0F 7C 8B
[21:13:18.290] ADDR:0xEE TYPE:RC_CHANNELS_PACKED        LEN:26 | EE 18 16 E0 C3 5E 2B B2 D7 8A 56 B4 02 7C E0 03 1F F8 C0 07 3E F0 81 0F 7C E4
[21:13:18.300] ADDR:0xEE TYPE:RC_CHANNELS_PACKED        LEN:26 | EE 18 16 E0 BB 5E 2B B2 D7 8A 56 B4 02 7C E0 03 1F F8 C0 07 3E F0 81 0F 7C 44
[21:13:18.330] ADDR:0xEE TYPE:RC_CHANNELS_PACKED        LEN:26 | EE 18 16 E0 C3 5E 2B B2 D7 8A 56 B4 02 7C E0 03 1F F8 C0 07 3E F0 81 0F 7C E4
[21:13:18.351] ADDR:0xEE TYPE:RC_CHANNELS_PACKED        LEN:26 | EE 18 16 E0 C3 5E 2B B2 D7 8A 56 B4 02 7C E0 03 1F F8 C0 07 3E F0 81 0F 7C E4
[21:13:18.361] ADDR:0xEE TYPE:RC_CHANNELS_PACKED        LEN:26 | EE 18 16 E0 C3 5E 2B B2 D7 8A 56 B4 02 7C E0 03 1F F8 C0 07 3E F0 81 0F 7C E4
[21:13:18.381] ADDR:0xEE TYPE:RC_CHANNELS_PACKED        LEN:26 | EE 18 16 E0 BB 5E 2B B2 D7 8A 56 B4 02 7C E0 03 1F F8 C0 07 3E F0 81 0F 7C 44
[21:13:18.411] ADDR:0xEE TYPE:RC_CHANNELS_PACKED        LEN:26 | EE 18 16 E0 C3 5E 2B B2 D7 8A 56 B4 02 7C E0 03 1F F8 C0 07 3E F0 81 0F 7C E4
[21:13:18.411] ADDR:0xEA TYPE:ELRS_STATUS               LEN:15 | EA 0D 3A EA EE 10 00 03 0D 40 FF FF FF 7E 8E
[21:13:18.432] ADDR:0xEE TYPE:RC_CHANNELS_PACKED        LEN:26 | EE 18 16 E0 C3 5E 2B B2 D7 8A 56 B4 02 7C E0 03 1F F8 C0 07 3E F0 81 0F 7C E4
[21:13:18.442] ADDR:0xEE TYPE:RC_CHANNELS_PACKED        LEN:26 | EE 18 16 E0 C3 5E 2B B2 D7 8A 56 B4 02 7C E0 03 1F F8 C0 07 3E F0 81 0F 7C E4
[21:13:18.462] ADDR:0xEE TYPE:RC_CHANNELS_PACKED        LEN:26 | EE 18 16 E0 BB 5E 2B B2 D7 8A 56 B4 02 7C E0 03 1F F8 C0 07 3E F0 81 0F 7C 44
[21:13:18.492] ADDR:0xEE TYPE:RC_CHANNELS_PACKED        LEN:26 | EE 18 16 E0 C3 5E 2B B2 D7 8A 56 B4 02 7C E0 03 1F F8 C0 07 3E F0 81 0F 7C E4
[21:13:18.513] ADDR:0xEE TYPE:RC_CHANNELS_PACKED        LEN:26 | EE 18 16 E0 C3 5E 2B B2 D7 8A 56 B4 02 7C E0 03 1F F8 C0 07 3E F0 81 0F 7C E4
[21:13:18.523] ADDR:0xEE TYPE:RC_CHANNELS_PACKED        LEN:26 | EE 18 16 E0 C3 5E 2B B2 D7 8A 56 B4 02 7C E0 03 1F F8 C0 07 3E F0 81 0F 7C E4
[21:13:18.543] ADDR:0xEE TYPE:RC_CHANNELS_PACKED        LEN:26 | EE 18 16 E0 C3 5E 2B B0 D7 8A 56 B4 02 7C E0 03 1F F8 C0 07 3E F0 81 0F 7C 98
[21:13:18.574] ADDR:0xEE TYPE:RC_CHANNELS_PACKED        LEN:26 | EE 18 16 E0 BB 5E 2B B2 D7 8A 56 B4 02 7C E0 03 1F F8 C0 07 3E F0 81 0F 7C 44
[21:13:18.594] ADDR:0xEE TYPE:RC_CHANNELS_PACKED        LEN:26 | EE 18 16 E0 C3 5E 2B B2 D7 8A 56 B4 02 7C E0 03 1F F8 C0 07 3E F0 81 0F 7C E4
[21:13:18.604] ADDR:0xEE TYPE:RC_CHANNELS_PACKED        LEN:26 | EE 18 16 E0 C3 5E 2B B0 D7 8A 56 B4 02 7C E0 03 1F F8 C0 07 3E F0 81 0F 7C 98
[21:13:18.604] ADDR:0xEA TYPE:ELRS_STATUS               LEN:15 | EA 0D 3A EA EE 10 00 03 0D 40 00 00 01 90 23
[21:13:18.624] ADDR:0xEE TYPE:RC_CHANNELS_PACKED        LEN:26 | EE 18 16 E0 C3 5E 2B B0 D7 8A 56 B4 02 7C E0 03 1F F8 C0 07 3E F0 81 0F 7C 98
[21:13:18.655] ADDR:0xEE TYPE:RC_CHANNELS_PACKED        LEN:26 | EE 18 16 E0 C3 5E 2B B0 D7 8A 56 B4 02 7C E0 03 1F F8 C0 07 3E F0 81 0F 7C 98
[21:13:18.665] ADDR:0xEE TYPE:RC_CHANNELS_PACKED        LEN:26 | EE 18 16 E0 C3 5E 2B B0 D7 8A 56 B4 02 7C E0 03 1F F8 C0 07 3E F0 81 0F 7C 98
[21:13:18.685] ADDR:0xEE TYPE:RC_CHANNELS_PACKED        LEN:26 | EE 18 16 E0 C3 5E 2B B2 D7 8A 56 B4 02 7C E0 03 1F F8 C0 07 3E F0 81 0F 7C E4
[21:13:18.706] ADDR:0xEE TYPE:RC_CHANNELS_PACKED        LEN:26 | EE 18 16 E0 C3 5E 2B B0 D7 8A 56 B4 02 7C E0 03 1F F8 C0 07 3E F0 81 0F 7C 98
[21:13:18.737] ADDR:0xEE TYPE:RC_CHANNELS_PACKED        LEN:26 | EE 18 16 E0 C3 5E 2B B2 D7 8A 56 B4 02 7C E0 03 1F F8 C0 07 3E F0 81 0F 7C E4
[21:13:18.747] ADDR:0xEE TYPE:RC_CHANNELS_PACKED        LEN:26 | EE 18 16 E0 C3 5E 2B B0 D7 8A 56 B4 02 7C E0 03 1F F8 C0 07 3E F0 81 0F 7C 98
[21:13:18.768] ADDR:0xEE TYPE:RC_CHANNELS_PACKED        LEN:26 | EE 18 16 E0 C3 5E 2B B2 D7 8A 56 B4 02 7C E0 03 1F F8 C0 07 3E F0 81 0F 7C E4
[21:13:18.781] ADDR:0xEE TYPE:RC_CHANNELS_PACKED        LEN:26 | EE 18 16 E0 C3 5E 2B B2 D7 8A 56 B4 02 7C E0 03 1F F8 C0 07 3E F0 81 0F 7C E4
[21:13:18.811] ADDR:0xEE TYPE:RC_CHANNELS_PACKED        LEN:26 | EE 18 16 E0 C3 5E 2B B0 D7 8A 56 B4 02 7C E0 03 1F F8 C0 07 3E F0 81 0F 7C 98
[21:13:18.811] ADDR:0xEA TYPE:ELRS_STATUS               LEN:15 | EA 0D 3A EA EE 10 00 03 0D 40 00 00 00 A0 DE
[21:13:18.832] ADDR:0xEE TYPE:RC_CHANNELS_PACKED        LEN:26 | EE 18 16 E0 C3 5E 2B B2 D7 8A 56 B4 02 7C E0 03 1F F8 C0 07 3E F0 81 0F 7C E4
[21:13:18.842] ADDR:0xEE TYPE:RC_CHANNELS_PACKED        LEN:26 | EE 18 16 E0 BB 5E 2B B0 D7 8A 56 B4 02 7C E0 03 1F F8 C0 07 3E F0 81 0F 7C 38
[21:13:18.862] ADDR:0xEE TYPE:RC_CHANNELS_PACKED        LEN:26 | EE 18 16 E0 C3 5E 2B B2 D7 8A 56 B4 02 7C E0 03 1F F8 C0 07 3E F0 81 0F 7C E4
[21:13:18.892] ADDR:0xEE TYPE:RC_CHANNELS_PACKED        LEN:26 | EE 18 16 E0 BB 5E 2B B2 D7 8A 56 B4 02 7C E0 03 1F F8 C0 07 3E F0 81 0F 7C 44
[21:13:18.912] ADDR:0xEE TYPE:RC_CHANNELS_PACKED        LEN:26 | EE 18 16 E0 BB 5E 2B B2 D7 8A 56 B4 02 7C E0 03 1F F8 C0 07 3E F0 81 0F 7C 44
[21:13:18.923] ADDR:0xEE TYPE:RC_CHANNELS_PACKED        LEN:26 | EE 18 16 E0 C3 5E 2B B2 D7 8A 56 B4 02 7C E0 03 1F F8 C0 07 3E F0 81 0F 7C E4
[21:13:18.943] ADDR:0xEE TYPE:RC_CHANNELS_PACKED        LEN:26 | EE 18 16 E0 C3 5E 2B B2 D7 8A 56 B4 02 7C E0 03 1F F8 C0 07 3E F0 81 0F 7C E4
[21:13:18.973] ADDR:0xEE TYPE:RC_CHANNELS_PACKED        LEN:26 | EE 18 16 E0 C3 5E 2B B2 D7 8A 56 B4 02 7C E0 03 1F F8 C0 07 3E F0 81 0F 7C E4
[21:13:18.993] ADDR:0xEE TYPE:RC_CHANNELS_PACKED        LEN:26 | EE 18 16 E0 C3 5E 2B B0 D7 8A 56 B4 02 7C E0 03 1F F8 C0 07 3E F0 81 0F 7C 98
[21:13:19.004] ADDR:0xEE TYPE:RC_CHANNELS_PACKED        LEN:26 | EE 18 16 E0 BB 5E 2B AE D7 8A 56 B4 02 7C E0 03 1F F8 C0 07 3E F0 81 0F 7C D3
[21:13:19.004] ADDR:0xEA TYPE:ELRS_STATUS               LEN:15 | EA 0D 3A EA EE 10 00 03 0D 40 00 00 00 6E 04
[21:13:19.024] ADDR:0xEE TYPE:RC_CHANNELS_PACKED        LEN:26 | EE 18 16 E0 C3 5E 2B B2 D7 8A 56 B4 02 7C E0 03 1F F8 C0 07 3E F0 81 0F 7C E4
[21:13:19.054] ADDR:0xEE TYPE:RC_CHANNELS_PACKED        LEN:26 | EE 18 16 E0 C3 5E 2B B2 D7 8A 56 B4 02 7C E0 03 1F F8 C0 07 3E F0 81 0F 7C E4
[21:13:19.075] ADDR:0xEE TYPE:RC_CHANNELS_PACKED        LEN:26 | EE 18 16 E0 C3 5E 2B B2 D7 8A 56 B4 02 7C E0 03 1F F8 C0 07 3E F0 81 0F 7C E4
[21:13:19.085] ADDR:0xEE TYPE:RC_CHANNELS_PACKED        LEN:26 | EE 18 16 E0 C3 5E 2B B2 D7 8A 56 B4 02 7C E0 03 1F F8 C0 07 3E F0 81 0F 7C E4
[21:13:19.105] ADDR:0xEE TYPE:RC_CHANNELS_PACKED        LEN:26 | EE 18 16 E0 C3 5E 2B B2 D7 8A 56 B4 02 7C E0 03 1F F8 C0 07 3E F0 81 0F 7C E4
[21:13:19.135] ADDR:0xEE TYPE:RC_CHANNELS_PACKED        LEN:26 | EE 18 16 E0 C3 5E 2B B2 D7 8A 56 B4 02 7C E0 03 1F F8 C0 07 3E F0 81 0F 7C E4
[21:13:19.146] ADDR:0xEE TYPE:RC_CHANNELS_PACKED        LEN:26 | EE 18 16 E0 C3 5E 2B B2 D7 8A 56 B4 02 7C E0 03 1F F8 C0 07 3E F0 81 0F 7C E4
[21:13:19.167] ADDR:0xEE TYPE:RC_CHANNELS_PACKED        LEN:26 | EE 18 16 E0 BB 5E 2B B2 D7 8A 56 B4 02 7C E0 03 1F F8 C0 07 3E F0 81 0F 7C 44
[21:13:19.178] ADDR:0xEE TYPE:RC_CHANNELS_PACKED        LEN:26 | EE 18 16 E0 C3 5E 2B AE D7 8A 56 B4 02 7C E0 03 1F F8 C0 07 3E F0 81 0F 7C 73
[21:13:19.218] ADDR:0xEE TYPE:RC_CHANNELS_PACKED        LEN:26 | EE 18 16 E0 C3 5E 2B B0 D7 8A 56 B4 02 7C E0 03 1F F8 C0 07 3E F0 81 0F 7C 98
[21:13:19.218] ADDR:0xEA TYPE:ELRS_STATUS               LEN:15 | EA 0D 3A EA EE 10 00 03 0D 40 FF FF FF EC 4C
[21:13:19.228] ADDR:0xEE TYPE:RC_CHANNELS_PACKED        LEN:26 | EE 18 16 E0 C3 5E 2B AE D7 8A 56 B4 02 7C E0 03 1F F8 C0 07 3E F0 81 0F 7C 73
[21:13:19.249] ADDR:0xEE TYPE:RC_CHANNELS_PACKED        LEN:26 | EE 18 16 E0 C3 5E 2B B2 D7 8A 56 B4 02 7C E0 03 1F F8 C0 07 3E F0 81 0F 7C E4
[21:13:19.259] ADDR:0xEE TYPE:RC_CHANNELS_PACKED        LEN:26 | EE 18 16 E0 C3 5E 2B B2 D7 8A 56 B4 02 7C E0 03 1F F8 C0 07 3E F0 81 0F 7C E4
[21:13:19.289] ADDR:0xEE TYPE:RC_CHANNELS_PACKED        LEN:26 | EE 18 16 E0 BB 5E 2B AE D7 8A 56 B4 02 7C E0 03 1F F8 C0 07 3E F0 81 0F 7C D3
[21:13:19.310] ADDR:0xEE TYPE:RC_CHANNELS_PACKED        LEN:26 | EE 18 16 E0 C3 5E 2B B2 D7 8A 56 B4 02 7C E0 03 1F F8 C0 07 3E F0 81 0F 7C E4
[21:13:19.330] ADDR:0xEE TYPE:RC_CHANNELS_PACKED        LEN:26 | EE 18 16 E0 C3 5E 2B B2 D7 8A 56 B4 02 7C E0 03 1F F8 C0 07 3E F0 81 0F 7C E4
[21:13:19.340] ADDR:0xEE TYPE:RC_CHANNELS_PACKED        LEN:26 | EE 18 16 E0 C3 5E 2B AE D7 8A 56 B4 02 7C E0 03 1F F8 C0 07 3E F0 81 0F 7C 73
[21:13:19.370] ADDR:0xEE TYPE:RC_CHANNELS_PACKED        LEN:26 | EE 18 16 E0 C3 5E 2B B2 D7 8A 56 B4 02 7C E0 03 1F F8 C0 07 3E F0 81 0F 7C E4
[21:13:19.390] ADDR:0xEE TYPE:RC_CHANNELS_PACKED        LEN:26 | EE 18 16 E0 C3 5E 2B B0 D7 8A 56 B4 02 7C E0 03 1F F8 C0 07 3E F0 81 0F 7C 98
[21:13:19.401] ADDR:0xEE TYPE:RC_CHANNELS_PACKED        LEN:26 | EE 18 16 E0 C3 5E 2B B2 D7 8A 56 B4 02 7C E0 03 1F F8 C0 07 3E F0 81 0F 7C E4
[21:13:19.401] ADDR:0xEA TYPE:ELRS_STATUS               LEN:15 | EA 0D 3A EA EE 10 00 03 0D 40 00 00 01 2C ED
[21:13:19.421] ADDR:0xEE TYPE:RC_CHANNELS_PACKED        LEN:26 | EE 18 16 E0 C3 5E 2B B2 D7 8A 56 B4 02 7C E0 03 1F F8 C0 07 3E F0 81 0F 7C E4
[21:13:19.452] ADDR:0xEE TYPE:RC_CHANNELS_PACKED        LEN:26 | EE 18 16 E0 C3 5E 2B B2 D7 8A 56 B4 02 7C E0 03 1F F8 C0 07 3E F0 81 0F 7C E4
[21:13:19.472] ADDR:0xEE TYPE:RC_CHANNELS_PACKED        LEN:26 | EE 18 16 E0 C3 5E 2B B4 D7 8A 56 B4 02 7C E0 03 1F F8 C0 07 3E F0 81 0F 7C 60
[21:13:19.482] ADDR:0xEE TYPE:RC_CHANNELS_PACKED        LEN:26 | EE 18 16 E0 C3 5E 2B B2 D7 8A 56 B4 02 7C E0 03 1F F8 C0 07 3E F0 81 0F 7C E4
[21:13:19.503] ADDR:0xEE TYPE:RC_CHANNELS_PACKED        LEN:26 | EE 18 16 E0 C3 5E 2B B0 D7 8A 56 B4 02 7C E0 03 1F F8 C0 07 3E F0 81 0F 7C 98
[21:13:19.533] ADDR:0xEE TYPE:RC_CHANNELS_PACKED        LEN:26 | EE 18 16 E0 C3 5E 2B B2 D7 8A 56 B4 02 7C E0 03 1F F8 C0 07 3E F0 81 0F 7C E4
[21:13:19.553] ADDR:0xEE TYPE:RC_CHANNELS_PACKED        LEN:26 | EE 18 16 E0 C3 5E 2B B2 D7 8A 56 B4 02 7C E0 03 1F F8 C0 07 3E F0 81 0F 7C E4
[21:13:19.564] ADDR:0xEE TYPE:RC_CHANNELS_PACKED        LEN:26 | EE 18 16 E0 BB 5E 2B B0 D7 8A 56 B4 02 7C E0 03 1F F8 C0 07 3E F0 81 0F 7C 38
[21:13:19.584] ADDR:0xEE TYPE:RC_CHANNELS_PACKED        LEN:26 | EE 18 16 E0 C3 5E 2B B0 D7 8A 56 B4 02 7C E0 03 1F F8 C0 07 3E F0 81 0F 7C 98
[21:13:19.614] ADDR:0xEE TYPE:RC_CHANNELS_PACKED        LEN:26 | EE 18 16 E0 C3 5E 2B B2 D7 8A 56 B4 02 7C E0 03 1F F8 C0 07 3E F0 81 0F 7C E4
[21:13:19.614] ADDR:0xEA TYPE:ELRS_STATUS               LEN:15 | EA 0D 3A EA EE 10 00 03 0D 40 FF FF FF EC 4C
[21:13:19.634] ADDR:0xEE TYPE:RC_CHANNELS_PACKED        LEN:26 | EE 18 16 E0 C3 5E 2B B2 D7 8A 56 B4 02 7C E0 03 1F F8 C0 07 3E F0 81 0F 7C E4
[21:13:19.645] ADDR:0xEE TYPE:RC_CHANNELS_PACKED        LEN:26 | EE 18 16 E0 C3 5E 2B B2 D7 8A 56 B4 02 7C E0 03 1F F8 C0 07 3E F0 81 0F 7C E4
[21:13:19.657] ADDR:0xEE TYPE:RC_CHANNELS_PACKED        LEN:26 | EE 18 16 E0 C3 5E 2B B2 D7 8A 56 B4 02 7C E0 03 1F F8 C0 07 3E F0 81 0F 7C E4
[21:13:19.697] ADDR:0xEE TYPE:RC_CHANNELS_PACKED        LEN:26 | EE 18 16 E0 C3 5E 2B B2 D7 8A 56 B4 02 7C E0 03 1F F8 C0 07 3E F0 81 0F 7C E4
[21:13:19.707] ADDR:0xEE TYPE:RC_CHANNELS_PACKED        LEN:26 | EE 18 16 E0 C3 5E 2B AE D7 8A 56 B4 02 7C E0 03 1F F8 C0 07 3E F0 81 0F 7C 73
[21:13:19.728] ADDR:0xEE TYPE:RC_CHANNELS_PACKED        LEN:26 | EE 18 16 E0 C3 5E 2B B2 D7 8A 56 B4 02 7C E0 03 1F F8 C0 07 3E F0 81 0F 7C E4
[21:13:19.738] ADDR:0xEE TYPE:RC_CHANNELS_PACKED        LEN:26 | EE 18 16 E0 C3 5E 2B B2 D7 8A 56 B4 02 7C E0 03 1F F8 C0 07 3E F0 81 0F 7C E4
[21:13:19.778] ADDR:0xEE TYPE:RC_CHANNELS_PACKED        LEN:26 | EE 18 16 E0 C3 5E 2B AE D7 8A 56 B4 02 7C E0 03 1F F8 C0 07 3E F0 81 0F 7C 73
[21:13:19.789] ADDR:0xEE TYPE:RC_CHANNELS_PACKED        LEN:26 | EE 18 16 E0 C3 5E 2B B4 D7 8A 56 B4 02 7C E0 03 1F F8 C0 07 3E F0 81 0F 7C 60
[21:13:19.809] ADDR:0xEE TYPE:RC_CHANNELS_PACKED        LEN:26 | EE 18 16 E0 C3 5E 2B B2 D7 8A 56 B4 02 7C E0 03 1F F8 C0 07 3E F0 81 0F 7C E4
[21:13:19.809] ADDR:0xEA TYPE:ELRS_STATUS               LEN:15 | EA 0D 3A EA EE 10 00 03 0D 40 00 00 01 18 E5
[21:13:19.819] ADDR:0xEE TYPE:RC_CHANNELS_PACKED        LEN:26 | EE 18 16 E0 C3 5E 2B B2 D7 8A 56 B4 02 7C E0 03 1F F8 C0 07 3E F0 81 0F 7C E4
[21:13:19.850] ADDR:0xEE TYPE:RC_CHANNELS_PACKED        LEN:26 | EE 18 16 E0 C3 5E 2B B2 D7 8A 56 B4 02 7C E0 03 1F F8 C0 07 3E F0 81 0F 7C E4
[21:13:19.870] ADDR:0xEE TYPE:RC_CHANNELS_PACKED        LEN:26 | EE 18 16 E0 C3 5E 2B B2 D7 8A 56 B4 02 7C E0 03 1F F8 C0 07 3E F0 81 0F 7C E4
[21:13:19.890] ADDR:0xEE TYPE:RC_CHANNELS_PACKED        LEN:26 | EE 18 16 E0 C3 5E 2B B2 D7 8A 56 B4 02 7C E0 03 1F F8 C0 07 3E F0 81 0F 7C E4
[21:13:19.900] ADDR:0xEE TYPE:RC_CHANNELS_PACKED        LEN:26 | EE 18 16 E0 C3 5E 2B B2 D7 8A 56 B4 02 7C E0 03 1F F8 C0 07 3E F0 81 0F 7C E4
[21:13:19.931] ADDR:0xEE TYPE:RC_CHANNELS_PACKED        LEN:26 | EE 18 16 E0 C3 5E 2B B2 D7 8A 56 B4 02 7C E0 03 1F F8 C0 07 3E F0 81 0F 7C E4
[21:13:19.951] ADDR:0xEE TYPE:RC_CHANNELS_PACKED        LEN:26 | EE 18 16 E0 C3 5E 2B B0 D7 8A 56 B4 02 7C E0 03 1F F8 C0 07 3E F0 81 0F 7C 98
[21:13:19.961] ADDR:0xEE TYPE:RC_CHANNELS_PACKED        LEN:26 | EE 18 16 E0 C3 5E 2B B0 D7 8A 56 B4 02 7C E0 03 1F F8 C0 07 3E F0 81 0F 7C 98
[21:13:19.981] ADDR:0xEE TYPE:RC_CHANNELS_PACKED        LEN:26 | EE 18 16 E0 C3 5E 2B B2 D7 8A 56 B4 02 7C E0 03 1F F8 C0 07 3E F0 81 0F 7C E4
[21:13:20.012] ADDR:0xEE TYPE:RC_CHANNELS_PACKED        LEN:26 | EE 18 16 E0 C3 5E 2B B4 D7 8A 56 B4 02 7C E0 03 1F F8 C0 07 3E F0 81 0F 7C 60
[21:13:20.012] ADDR:0xEA TYPE:ELRS_STATUS               LEN:15 | EA 0D 3A EA EE 10 00 03 0D 40 00 00 01 68 8E
[21:13:20.032] ADDR:0xEE TYPE:RC_CHANNELS_PACKED        LEN:26 | EE 18 16 E0 C3 5E 2B B0 D7 8A 56 B4 02 7C E0 03 1F F8 C0 07 3E F0 81 0F 7C 98
[21:13:20.042] ADDR:0xEE TYPE:RC_CHANNELS_PACKED        LEN:26 | EE 18 16 E0 C3 5E 2B B2 D7 8A 56 B4 02 7C E0 03 1F F8 C0 07 3E F0 81 0F 7C E4
[21:13:20.062] ADDR:0xEE TYPE:RC_CHANNELS_PACKED        LEN:26 | EE 18 16 E0 C3 5E 2B B2 D7 8A 56 B4 02 7C E0 03 1F F8 C0 07 3E F0 81 0F 7C E4
[21:13:20.093] ADDR:0xEE TYPE:RC_CHANNELS_PACKED        LEN:26 | EE 18 16 E0 C3 5E 2B B2 D7 8A 56 B4 02 7C E0 03 1F F8 C0 07 3E F0 81 0F 7C E4
[21:13:20.113] ADDR:0xEE TYPE:RC_CHANNELS_PACKED        LEN:26 | EE 18 16 E0 C3 5E 2B B2 D7 8A 56 B4 02 7C E0 03 1F F8 C0 07 3E F0 81 0F 7C E4
[21:13:20.123] ADDR:0xEE TYPE:RC_CHANNELS_PACKED        LEN:26 | EE 18 16 E0 C3 5E 2B B2 D7 8A 56 B4 02 7C E0 03 1F F8 C0 07 3E F0 81 0F 7C E4
[21:13:20.144] ADDR:0xEE TYPE:RC_CHANNELS_PACKED        LEN:26 | EE 18 16 E0 C3 5E 2B B2 D7 8A 56 B4 02 7C E0 03 1F F8 C0 07 3E F0 81 0F 7C E4
[21:13:20.174] ADDR:0xEE TYPE:RC_CHANNELS_PACKED        LEN:26 | EE 18 16 E0 C3 5E 2B AE D7 8A 56 B4 02 7C E0 03 1F F8 C0 07 3E F0 81 0F 7C 73
[21:13:20.194] ADDR:0xEE TYPE:RC_CHANNELS_PACKED        LEN:26 | EE 18 16 E0 BB 5E 2B AE D7 8A 56 B4 02 7C E0 03 1F F8 C0 07 3E F0 81 0F 7C D3
[21:13:20.204] ADDR:0xEE TYPE:RC_CHANNELS_PACKED        LEN:26 | EE 18 16 E0 C3 5E 2B B2 D7 8A 56 B4 02 7C E0 03 1F F8 C0 07 3E F0 81 0F 7C E4
[21:13:20.204] ADDR:0xEA TYPE:ELRS_STATUS               LEN:15 | EA 0D 3A EA EE 10 00 03 0D 40 00 00 00 46 89
[21:13:20.225] ADDR:0xEE TYPE:RC_CHANNELS_PACKED        LEN:26 | EE 18 16 E0 C3 5E 2B B2 D7 8A 56 B4 02 7C E0 03 1F F8 C0 07 3E F0 81 0F 7C E4
[21:13:20.255] ADDR:0xEE TYPE:RC_CHANNELS_PACKED        LEN:26 | EE 18 16 E0 BB 5E 2B AE D7 8A 56 B4 02 7C E0 03 1F F8 C0 07 3E F0 81 0F 7C D3
[21:13:20.265] ADDR:0xEE TYPE:RC_CHANNELS_PACKED        LEN:26 | EE 18 16 E0 C3 5E 2B B2 D7 8A 56 B4 02 7C E0 03 1F F8 C0 07 3E F0 81 0F 7C E4
[21:13:20.285] ADDR:0xEE TYPE:RC_CHANNELS_PACKED        LEN:26 | EE 18 16 E0 C3 5E 2B B2 D7 8A 56 B4 02 7C E0 03 1F F8 C0 07 3E F0 81 0F 7C E4
[21:13:20.306] ADDR:0xEE TYPE:RC_CHANNELS_PACKED        LEN:26 | EE 18 16 DF C3 5E 2B B2 D7 8A 56 B4 02 7C E0 03 1F F8 C0 07 3E F0 81 0F 7C 66
[21:13:20.336] ADDR:0xEE TYPE:RC_CHANNELS_PACKED        LEN:26 | EE 18 16 E0 C3 5E 2B B2 D7 8A 56 B4 02 7C E0 03 1F F8 C0 07 3E F0 81 0F 7C E4
[21:13:20.346] ADDR:0xEE TYPE:RC_CHANNELS_PACKED        LEN:26 | EE 18 16 E0 C3 5E 2B B2 D7 8A 56 B4 02 7C E0 03 1F F8 C0 07 3E F0 81 0F 7C E4
[21:13:20.367] ADDR:0xEE TYPE:RC_CHANNELS_PACKED        LEN:26 | EE 18 16 E0 C3 5E 2B B2 D7 8A 56 B4 02 7C E0 03 1F F8 C0 07 3E F0 81 0F 7C E4
[21:13:20.377] ADDR:0xEE TYPE:RC_CHANNELS_PACKED        LEN:26 | EE 18 16 E0 C3 5E 2B B0 D7 8A 56 B4 02 7C E0 03 1F F8 C0 07 3E F0 81 0F 7C 98
[21:13:20.420] ADDR:0xEE TYPE:RC_CHANNELS_PACKED        LEN:26 | EE 18 16 DF C3 5E 2B B2 D7 8A 56 B4 02 7C E0 03 1F F8 C0 07 3E F0 81 0F 7C 66
[21:13:20.420] ADDR:0xEA TYPE:ELRS_STATUS               LEN:15 | EA 0D 3A EA EE 10 00 03 0D 40 00 00 00 14 39
[21:13:20.430] ADDR:0xEE TYPE:RC_CHANNELS_PACKED        LEN:26 | EE 18 16 E0 C3 5E 2B B2 D7 8A 56 B4 02 7C E0 03 1F F8 C0 07 3E F0 81 0F 7C E4
[21:13:20.451] ADDR:0xEE TYPE:RC_CHANNELS_PACKED        LEN:26 | EE 18 16 E0 C3 5E 2B B2 D7 8A 56 B4 02 7C E0 03 1F F8 C0 07 3E F0 81 0F 7C E4
[21:13:20.461] ADDR:0xEE TYPE:RC_CHANNELS_PACKED        LEN:26 | EE 18 16 E0 BB 5E 2B B2 D7 8A 56 B4 02 7C E0 03 1F F8 C0 07 3E F0 81 0F 7C 44
[21:13:20.491] ADDR:0xEE TYPE:RC_CHANNELS_PACKED        LEN:26 | EE 18 16 E0 BB 5E 2B B0 D7 8A 56 B4 02 7C E0 03 1F F8 C0 07 3E F0 81 0F 7C 38
[21:13:20.511] ADDR:0xEE TYPE:RC_CHANNELS_PACKED        LEN:26 | EE 18 16 E0 AB 5E 2B B2 D7 8A 56 B4 02 7C E0 03 1F F8 C0 07 3E F0 81 0F 7C 15
[21:13:20.521] ADDR:0xEE TYPE:RC_CHANNELS_PACKED        LEN:26 | EE 18 16 E0 BB 5E 2B B2 D7 8A 56 B4 02 7C E0 03 1F F8 C0 07 3E F0 81 0F 7C 44
[21:13:20.542] ADDR:0xEE TYPE:RC_CHANNELS_PACKED        LEN:26 | EE 18 16 E0 C3 5E 2B B2 D7 8A 56 B4 02 7C E0 03 1F F8 C0 07 3E F0 81 0F 7C E4
[21:13:20.572] ADDR:0xEE TYPE:RC_CHANNELS_PACKED        LEN:26 | EE 18 16 E0 C3 5E 2B B2 D7 8A 56 B4 02 7C E0 03 1F F8 C0 07 3E F0 81 0F 7C E4
[21:13:20.592] ADDR:0xEE TYPE:RC_CHANNELS_PACKED        LEN:26 | EE 18 16 E0 C3 5E 2B B2 D7 8A 56 B4 02 7C E0 03 1F F8 C0 07 3E F0 81 0F 7C E4
[21:13:20.603] ADDR:0xEE TYPE:RC_CHANNELS_PACKED        LEN:26 | EE 18 16 E0 BB 5E 2B B2 D7 8A 56 B4 02 7C E0 03 1F F8 C0 07 3E F0 81 0F 7C 44
[21:13:20.623] ADDR:0xEE TYPE:RC_CHANNELS_PACKED        LEN:26 | EE 18 16 E0 C3 5E 2B B2 D7 8A 56 B4 02 7C E0 03 1F F8 C0 07 3E F0 81 0F 7C E4
[21:13:20.623] ADDR:0xEA TYPE:ELRS_STATUS               LEN:15 | EA 0D 3A EA EE 10 00 03 0D 40 FF FF FF F6 48
[21:13:20.653] ADDR:0xEE TYPE:RC_CHANNELS_PACKED        LEN:26 | EE 18 16 E0 C3 5E 2B B2 D7 8A 56 B4 02 7C E0 03 1F F8 C0 07 3E F0 81 0F 7C E4
[21:13:20.673] ADDR:0xEE TYPE:RC_CHANNELS_PACKED        LEN:26 | EE 18 16 E0 C3 5E 2B B0 D7 8A 56 B4 02 7C E0 03 1F F8 C0 07 3E F0 81 0F 7C 98
[21:13:20.684] ADDR:0xEE TYPE:RC_CHANNELS_PACKED        LEN:26 | EE 18 16 E0 C3 5E 2B B2 D7 8A 56 B4 02 7C E0 03 1F F8 C0 07 3E F0 81 0F 7C E4
[21:13:20.704] ADDR:0xEE TYPE:RC_CHANNELS_PACKED        LEN:26 | EE 18 16 E0 C3 5E 2B B0 D7 8A 56 B4 02 7C E0 03 1F F8 C0 07 3E F0 81 0F 7C 98
[21:13:20.734] ADDR:0xEE TYPE:RC_CHANNELS_PACKED        LEN:26 | EE 18 16 E0 C3 5E 2B B2 D7 8A 56 B4 02 7C E0 03 1F F8 C0 07 3E F0 81 0F 7C E4
[21:13:20.755] ADDR:0xEE TYPE:RC_CHANNELS_PACKED        LEN:26 | EE 18 16 E0 BB 5E 2B B2 D7 8A 56 B4 02 7C E0 03 1F F8 C0 07 3E F0 81 0F 7C 44
[21:13:20.765] ADDR:0xEE TYPE:RC_CHANNELS_PACKED        LEN:26 | EE 18 16 E0 C3 5E 2B B2 D7 8A 56 B4 02 7C E0 03 1F F8 C0 07 3E F0 81 0F 7C E4
[21:13:20.785] ADDR:0xEE TYPE:RC_CHANNELS_PACKED        LEN:26 | EE 18 16 E0 C3 5E 2B B2 D7 8A 56 B4 02 7C E0 03 1F F8 C0 07 3E F0 81 0F 7C E4
[21:13:20.815] ADDR:0xEE TYPE:RC_CHANNELS_PACKED        LEN:26 | EE 18 16 E0 C3 5E 2B B2 D7 8A 56 B4 02 7C E0 03 1F F8 C0 07 3E F0 81 0F 7C E4
[21:13:20.826] ADDR:0xEE TYPE:RC_CHANNELS_PACKED        LEN:26 | EE 18 16 E0 C3 5E 2B B4 D7 8A 56 B4 02 7C E0 03 1F F8 C0 07 3E F0 81 0F 7C 60
[21:13:20.826] ADDR:0xEA TYPE:ELRS_STATUS               LEN:15 | EA 0D 3A EA EE 10 00 03 0D 40 00 00 01 4A 55
[21:13:20.846] ADDR:0xEE TYPE:RC_CHANNELS_PACKED        LEN:26 | EE 18 16 E0 C3 5E 2B B2 D7 8A 56 B4 02 7C E0 03 1F F8 C0 07 3E F0 81 0F 7C E4
[21:13:20.866] ADDR:0xEE TYPE:RC_CHANNELS_PACKED        LEN:26 | EE 18 16 E0 C3 5E 2B B2 D7 8A 56 B4 02 7C E0 03 1F F8 C0 07 3E F0 81 0F 7C E4
[21:13:20.897] ADDR:0xEE TYPE:RC_CHANNELS_PACKED        LEN:26 | EE 18 16 E0 C3 5E 2B B2 D7 8A 56 B4 02 7C E0 03 1F F8 C0 07 3E F0 81 0F 7C E4
[21:13:20.907] ADDR:0xEE TYPE:RC_CHANNELS_PACKED        LEN:26 | EE 18 16 E0 C3 5E 2B B2 D7 8A 56 B4 02 7C E0 03 1F F8 C0 07 3E F0 81 0F 7C E4
[21:13:20.927] ADDR:0xEE TYPE:RC_CHANNELS_PACKED        LEN:26 | EE 18 16 E0 C3 5E 2B B0 D7 8A 56 B4 02 7C E0 03 1F F8 C0 07 3E F0 81 0F 7C 98
[21:13:20.937] ADDR:0xEE TYPE:RC_CHANNELS_PACKED        LEN:26 | EE 18 16 E0 C3 5E 2B B2 D7 8A 56 B4 02 7C E0 03 1F F8 C0 07 3E F0 81 0F 7C E4
[21:13:20.978] ADDR:0xEE TYPE:RC_CHANNELS_PACKED        LEN:26 | EE 18 16 E0 C3 5E 2B B0 D7 8A 56 B4 02 7C E0 03 1F F8 C0 07 3E F0 81 0F 7C 98
[21:13:20.988] ADDR:0xEE TYPE:RC_CHANNELS_PACKED        LEN:26 | EE 18 16 E0 C3 5E 2B B2 D7 8A 56 B4 02 7C E0 03 1F F8 C0 07 3E F0 81 0F 7C E4
[21:13:21.008] ADDR:0xEE TYPE:RC_CHANNELS_PACKED        LEN:26 | EE 18 16 E0 BB 5E 2B B2 D7 8A 56 B4 02 7C E0 03 1F F8 C0 07 3E F0 81 0F 7C 44
[21:13:21.018] ADDR:0xEE TYPE:RC_CHANNELS_PACKED        LEN:26 | EE 18 16 E0 BB 5E 2B B2 D7 8A 56 B4 02 7C E0 03 1F F8 C0 07 3E F0 81 0F 7C 44
[21:13:21.018] ADDR:0xEA TYPE:ELRS_STATUS               LEN:15 | EA 0D 3A EA EE 10 00 03 0D 40 00 00 00 A0 DE
[21:13:21.059] ADDR:0xEE TYPE:RC_CHANNELS_PACKED        LEN:26 | EE 18 16 E0 C3 5E 2B B2 D7 8A 56 B4 02 7C E0 03 1F F8 C0 07 3E F0 81 0F 7C E4
[21:13:21.069] ADDR:0xEE TYPE:RC_CHANNELS_PACKED        LEN:26 | EE 18 16 E0 C3 5E 2B B2 D7 8A 56 B4 02 7C E0 03 1F F8 C0 07 3E F0 81 0F 7C E4
[21:13:21.090] ADDR:0xEE TYPE:RC_CHANNELS_PACKED        LEN:26 | EE 18 16 E0 BB 5E 2B AE D7 8A 56 B4 02 7C E0 03 1F F8 C0 07 3E F0 81 0F 7C D3
[21:13:21.100] ADDR:0xEE TYPE:RC_CHANNELS_PACKED        LEN:26 | EE 18 16 E0 C3 5E 2B B2 D7 8A 56 B4 02 7C E0 03 1F F8 C0 07 3E F0 81 0F 7C E4
[21:13:21.131] ADDR:0xEE TYPE:RC_CHANNELS_PACKED        LEN:26 | EE 18 16 E0 C3 5E 2B B2 D7 8A 56 B4 02 7C E0 03 1F F8 C0 07 3E F0 81 0F 7C E4
[21:13:21.151] ADDR:0xEE TYPE:RC_CHANNELS_PACKED        LEN:26 | EE 18 16 E0 C3 5E 2B B2 D7 8A 56 B4 02 7C E0 03 1F F8 C0 07 3E F0 81 0F 7C E4
[21:13:21.161] ADDR:0xEE TYPE:RC_CHANNELS_PACKED        LEN:26 | EE 18 16 E0 C3 5E 2B B2 D7 8A 56 B4 02 7C E0 03 1F F8 C0 07 3E F0 81 0F 7C E4
[21:13:21.181] ADDR:0xEE TYPE:RC_CHANNELS_PACKED        LEN:26 | EE 18 16 E0 C3 5E 2B B2 D7 8A 56 B4 02 7C E0 03 1F F8 C0 07 3E F0 81 0F 7C E4
[21:13:21.211] ADDR:0xEE TYPE:RC_CHANNELS_PACKED        LEN:26 | EE 18 16 E0 C3 5E 2B B2 D7 8A 56 B4 02 7C E0 03 1F F8 C0 07 3E F0 81 0F 7C E4
[21:13:21.232] ADDR:0xEE TYPE:RC_CHANNELS_PACKED        LEN:26 | EE 18 16 E0 C3 5E 2B B2 D7 8A 56 B4 02 7C E0 03 1F F8 C0 07 3E F0 81 0F 7C E4
[21:13:21.232] ADDR:0xEA TYPE:ELRS_STATUS               LEN:15 | EA 0D 3A EA EE 10 00 03 0D 40 00 00 00 14 39
[21:13:21.242] ADDR:0xEE TYPE:RC_CHANNELS_PACKED        LEN:26 | EE 18 16 E0 C3 5E 2B B2 D7 8A 56 B4 02 7C E0 03 1F F8 C0 07 3E F0 81 0F 7C E4
[21:13:21.262] ADDR:0xEE TYPE:RC_CHANNELS_PACKED        LEN:26 | EE 18 16 E0 C3 5E 2B B0 D7 8A 56 B4 02 7C E0 03 1F F8 C0 07 3E F0 81 0F 7C 98
[21:13:21.292] ADDR:0xEE TYPE:RC_CHANNELS_PACKED        LEN:26 | EE 18 16 E0 C3 5E 2B B0 D7 8A 56 B4 02 7C E0 03 1F F8 C0 07 3E F0 81 0F 7C 98
[21:13:21.313] ADDR:0xEE TYPE:RC_CHANNELS_PACKED        LEN:26 | EE 18 16 E0 C3 5E 2B B2 D7 8A 56 B4 02 7C E0 03 1F F8 C0 07 3E F0 81 0F 7C E4
[21:13:21.323] ADDR:0xEE TYPE:RC_CHANNELS_PACKED        LEN:26 | EE 18 16 E0 C3 5E 2B B2 D7 8A 56 B4 02 7C E0 03 1F F8 C0 07 3E F0 81 0F 7C E4
[21:13:21.343] ADDR:0xEE TYPE:RC_CHANNELS_PACKED        LEN:26 | EE 18 16 E0 C3 5E 2B B2 D7 8A 56 B4 02 7C E0 03 1F F8 C0 07 3E F0 81 0F 7C E4
[21:13:21.373] ADDR:0xEE TYPE:RC_CHANNELS_PACKED        LEN:26 | EE 18 16 E0 C3 5E 2B B2 D7 8A 56 B4 02 7C E0 03 1F F8 C0 07 3E F0 81 0F 7C E4
[21:13:21.394] ADDR:0xEE TYPE:RC_CHANNELS_PACKED        LEN:26 | EE 18 16 E0 C3 5E 2B B2 D7 8A 56 B4 02 7C E0 03 1F F8 C0 07 3E F0 81 0F 7C E4
[21:13:21.405] ADDR:0xEE TYPE:RC_CHANNELS_PACKED        LEN:26 | EE 18 16 E0 C3 5E 2B B0 D7 8A 56 B4 02 7C E0 03 1F F8 C0 07 3E F0 81 0F 7C 98
[21:13:21.425] ADDR:0xEE TYPE:RC_CHANNELS_PACKED        LEN:26 | EE 18 16 E0 C3 5E 2B B2 D7 8A 56 B4 02 7C E0 03 1F F8 C0 07 3E F0 81 0F 7C E4
[21:13:21.425] ADDR:0xEA TYPE:ELRS_STATUS               LEN:15 | EA 0D 3A EA EE 10 00 03 0D 40 00 00 01 54 AF
[21:13:21.456] ADDR:0xEE TYPE:RC_CHANNELS_PACKED        LEN:26 | EE 18 16 E0 C3 5E 2B B2 D7 8A 56 B4 02 7C E0 03 1F F8 C0 07 3E F0 81 0F 7C E4
[21:13:21.466] ADDR:0xEE TYPE:RC_CHANNELS_PACKED        LEN:26 | EE 18 16 E0 C3 5E 2B B0 D7 8A 56 B4 02 7C E0 03 1F F8 C0 07 3E F0 81 0F 7C 98
[21:13:21.486] ADDR:0xEE TYPE:RC_CHANNELS_PACKED        LEN:26 | EE 18 16 E0 C3 5E 2B B2 D7 8A 56 B4 02 7C E0 03 1F F8 C0 07 3E F0 81 0F 7C E4
[21:13:21.506] ADDR:0xEE TYPE:RC_CHANNELS_PACKED        LEN:26 | EE 18 16 E0 C3 5E 2B B2 D7 8A 56 B4 02 7C E0 03 1F F8 C0 07 3E F0 81 0F 7C E4
[21:13:21.536] ADDR:0xEE TYPE:RC_CHANNELS_PACKED        LEN:26 | EE 18 16 E0 BB 5E 2B B0 D7 8A 56 B4 02 7C E0 03 1F F8 C0 07 3E F0 81 0F 7C 38
[21:13:21.547] ADDR:0xEE TYPE:RC_CHANNELS_PACKED        LEN:26 | EE 18 16 E0 C3 5E 2B B2 D7 8A 56 B4 02 7C E0 03 1F F8 C0 07 3E F0 81 0F 7C E4
[21:13:21.567] ADDR:0xEE TYPE:RC_CHANNELS_PACKED        LEN:26 | EE 18 16 E0 BB 5E 2B B2 D7 8A 56 B4 02 7C E0 03 1F F8 C0 07 3E F0 81 0F 7C 44
[21:13:21.577] ADDR:0xEE TYPE:RC_CHANNELS_PACKED        LEN:26 | EE 18 16 E0 C3 5E 2B B2 D7 8A 56 B4 02 7C E0 03 1F F8 C0 07 3E F0 81 0F 7C E4
[21:13:21.618] ADDR:0xEE TYPE:RC_CHANNELS_PACKED        LEN:26 | EE 18 16 E0 C3 5E 2B B0 D7 8A 56 B4 02 7C E0 03 1F F8 C0 07 3E F0 81 0F 7C 98
[21:13:21.628] ADDR:0xEE TYPE:RC_CHANNELS_PACKED        LEN:26 | EE 18 16 E0 C3 5E 2B B2 D7 8A 56 B4 02 7C E0 03 1F F8 C0 07 3E F0 81 0F 7C E4
[21:13:21.628] ADDR:0xEA TYPE:ELRS_STATUS               LEN:15 | EA 0D 3A EA EE 10 00 03 0D 40 00 00 00 78 D7
[21:13:21.648] ADDR:0xEE TYPE:RC_CHANNELS_PACKED        LEN:26 | EE 18 16 E0 C3 5E 2B B2 D7 8A 56 B4 02 7C E0 03 1F F8 C0 07 3E F0 81 0F 7C E4
[21:13:21.658] ADDR:0xEE TYPE:RC_CHANNELS_PACKED        LEN:26 | EE 18 16 E0 C3 5E 2B B2 D7 8A 56 B4 02 7C E0 03 1F F8 C0 07 3E F0 81 0F 7C E4
[21:13:21.699] ADDR:0xEE TYPE:RC_CHANNELS_PACKED        LEN:26 | EE 18 16 E0 C3 5E 2B B2 D7 8A 56 B4 02 7C E0 03 1F F8 C0 07 3E F0 81 0F 7C E4
[21:13:21.709] ADDR:0xEE TYPE:RC_CHANNELS_PACKED        LEN:26 | EE 18 16 E0 C3 5E 2B B2 D7 8A 56 B4 02 7C E0 03 1F F8 C0 07 3E F0 81 0F 7C E4
[21:13:21.730] ADDR:0xEE TYPE:RC_CHANNELS_PACKED        LEN:26 | EE 18 16 E0 C3 5E 2B B2 D7 8A 56 B4 02 7C E0 03 1F F8 C0 07 3E F0 81 0F 7C E4
[21:13:21.741] ADDR:0xEE TYPE:RC_CHANNELS_PACKED        LEN:26 | EE 18 16 E0 C3 5E 2B AE D7 8A 56 B4 02 7C E0 03 1F F8 C0 07 3E F0 81 0F 7C 73
[21:13:21.771] ADDR:0xEE TYPE:RC_CHANNELS_PACKED        LEN:26 | EE 18 16 E0 C3 5E 2B B2 D7 8A 56 B4 02 7C E0 03 1F F8 C0 07 3E F0 81 0F 7C E4
[21:13:21.791] ADDR:0xEE TYPE:RC_CHANNELS_PACKED        LEN:26 | EE 18 16 E0 C3 5E 2B B2 D7 8A 56 B4 02 7C E0 03 1F F8 C0 07 3E F0 81 0F 7C E4
[21:13:21.801] ADDR:0xEE TYPE:RC_CHANNELS_PACKED        LEN:26 | EE 18 16 E0 C3 5E 2B B2 D7 8A 56 B4 02 7C E0 03 1F F8 C0 07 3E F0 81 0F 7C E4
[21:13:21.822] ADDR:0xEE TYPE:RC_CHANNELS_PACKED        LEN:26 | EE 18 16 E0 BB 5E 2B B2 D7 8A 56 B4 02 7C E0 03 1F F8 C0 07 3E F0 81 0F 7C 44
[21:13:21.822] ADDR:0xEA TYPE:ELRS_STATUS               LEN:15 | EA 0D 3A EA EE 10 00 03 0D 40 00 00 00 A0 DE
[21:13:21.852] ADDR:0xEE TYPE:RC_CHANNELS_PACKED        LEN:26 | EE 18 16 E0 C3 5E 2B B2 D7 8A 56 B4 02 7C E0 03 1F F8 C0 07 3E F0 81 0F 7C E4
[21:13:21.872] ADDR:0xEE TYPE:RC_CHANNELS_PACKED        LEN:26 | EE 18 16 E0 AB 5E 2B B2 D7 8A 56 B4 02 7C E0 03 1F F8 C0 07 3E F0 81 0F 7C 15
[21:13:21.882] ADDR:0xEE TYPE:RC_CHANNELS_PACKED        LEN:26 | EE 18 16 E0 C3 5E 2B B2 D7 8A 56 B4 02 7C E0 03 1F F8 C0 07 3E F0 81 0F 7C E4
[21:13:21.903] ADDR:0xEE TYPE:RC_CHANNELS_PACKED        LEN:26 | EE 18 16 E0 C3 5E 2B B0 D7 8A 56 B4 02 7C E0 03 1F F8 C0 07 3E F0 81 0F 7C 98
[21:13:21.933] ADDR:0xEE TYPE:RC_CHANNELS_PACKED        LEN:26 | EE 18 16 E0 C3 5E 2B B2 D7 8A 56 B4 02 7C E0 03 1F F8 C0 07 3E F0 81 0F 7C E4
[21:13:21.953] ADDR:0xEE TYPE:RC_CHANNELS_PACKED        LEN:26 | EE 18 16 E0 C3 5E 2B B2 D7 8A 56 B4 02 7C E0 03 1F F8 C0 07 3E F0 81 0F 7C E4
[21:13:21.964] ADDR:0xEE TYPE:RC_CHANNELS_PACKED        LEN:26 | EE 18 16 E0 C3 5E 2B B2 D7 8A 56 B4 02 7C E0 03 1F F8 C0 07 3E F0 81 0F 7C E4
[21:13:21.984] ADDR:0xEE TYPE:RC_CHANNELS_PACKED        LEN:26 | EE 18 16 E0 C3 5E 2B B2 D7 8A 56 B4 02 7C E0 03 1F F8 C0 07 3E F0 81 0F 7C E4
[21:13:22.014] ADDR:0xEE TYPE:RC_CHANNELS_PACKED        LEN:26 | EE 18 16 E0 C3 5E 2B B2 D7 8A 56 B4 02 7C E0 03 1F F8 C0 07 3E F0 81 0F 7C E4
[21:13:22.025] ADDR:0xEE TYPE:RC_CHANNELS_PACKED        LEN:26 | EE 18 16 E0 C3 5E 2B B0 D7 8A 56 B4 02 7C E0 03 1F F8 C0 07 3E F0 81 0F 7C 98
[21:13:22.025] ADDR:0xEA TYPE:ELRS_STATUS               LEN:15 | EA 0D 3A EA EE 10 00 03 0D 40 FF FF FF 9C 27
[21:13:22.045] ADDR:0xEE TYPE:RC_CHANNELS_PACKED        LEN:26 | EE 18 16 E0 C3 5E 2B B2 D7 8A 56 B4 02 7C E0 03 1F F8 C0 07 3E F0 81 0F 7C E4
[21:13:22.065] ADDR:0xEE TYPE:RC_CHANNELS_PACKED        LEN:26 | EE 18 16 E0 C3 5E 2B B0 D7 8A 56 B4 02 7C E0 03 1F F8 C0 07 3E F0 81 0F 7C 98
[21:13:22.096] ADDR:0xEE TYPE:RC_CHANNELS_PACKED        LEN:26 | EE 18 16 E0 C3 5E 2B B2 D7 8A 56 B4 02 7C E0 03 1F F8 C0 07 3E F0 81 0F 7C E4
[21:13:22.106] ADDR:0xEE TYPE:RC_CHANNELS_PACKED        LEN:26 | EE 18 16 E0 C3 5E 2B B2 D7 8A 56 B4 02 7C E0 03 1F F8 C0 07 3E F0 81 0F 7C E4
[21:13:22.126] ADDR:0xEE TYPE:RC_CHANNELS_PACKED        LEN:26 | EE 18 16 E0 C3 5E 2B B2 D7 8A 56 B4 02 7C E0 03 1F F8 C0 07 3E F0 81 0F 7C E4
[21:13:22.146] ADDR:0xEE TYPE:RC_CHANNELS_PACKED        LEN:26 | EE 18 16 E0 C3 5E 2B B2 D7 8A 56 B4 02 7C E0 03 1F F8 C0 07 3E F0 81 0F 7C E4
[21:13:22.177] ADDR:0xEE TYPE:RC_CHANNELS_PACKED        LEN:26 | EE 18 16 E0 C3 5E 2B B2 D7 8A 56 B4 02 7C E0 03 1F F8 C0 07 3E F0 81 0F 7C E4
[21:13:22.187] ADDR:0xEE TYPE:RC_CHANNELS_PACKED        LEN:26 | EE 18 16 E0 BB 5E 2B B2 D7 8A 56 B4 02 7C E0 03 1F F8 C0 07 3E F0 81 0F 7C 44
[21:13:22.207] ADDR:0xEE TYPE:RC_CHANNELS_PACKED        LEN:26 | EE 18 16 E0 C3 5E 2B B2 D7 8A 56 B4 02 7C E0 03 1F F8 C0 07 3E F0 81 0F 7C E4
[21:13:22.217] ADDR:0xEE TYPE:RC_CHANNELS_PACKED        LEN:26 | EE 18 16 E0 C3 5E 2B B2 D7 8A 56 B4 02 7C E0 03 1F F8 C0 07 3E F0 81 0F 7C E4
[21:13:22.217] ADDR:0xEA TYPE:ELRS_STATUS               LEN:15 | EA 0D 3A EA EE 10 00 03 0D 40 00 00 01 5E F9
[21:13:22.258] ADDR:0xEE TYPE:RC_CHANNELS_PACKED        LEN:26 | EE 18 16 E0 C3 5E 2B B2 D7 8A 56 B4 02 7C E0 03 1F F8 C0 07 3E F0 81 0F 7C E4
[21:13:22.268] ADDR:0xEE TYPE:RC_CHANNELS_PACKED        LEN:26 | EE 18 16 E0 C3 5E 2B B2 D7 8A 56 B4 02 7C E0 03 1F F8 C0 07 3E F0 81 0F 7C E4
[21:13:22.288] ADDR:0xEE TYPE:RC_CHANNELS_PACKED        LEN:26 | EE 18 16 E0 C3 5E 2B B2 D7 8A 56 B4 02 7C E0 03 1F F8 C0 07 3E F0 81 0F 7C E4
[21:13:22.298] ADDR:0xEE TYPE:RC_CHANNELS_PACKED        LEN:26 | EE 18 16 E0 BB 5E 2B B2 D7 8A 56 B4 02 7C E0 03 1F F8 C0 07 3E F0 81 0F 7C 44
[21:13:22.339] ADDR:0xEE TYPE:RC_CHANNELS_PACKED        LEN:26 | EE 18 16 DF C3 5E 2B B2 D7 8A 56 B4 02 7C E0 03 1F F8 C0 07 3E F0 81 0F 7C 66
[21:13:22.349] ADDR:0xEE TYPE:RC_CHANNELS_PACKED        LEN:26 | EE 18 16 E0 C3 5E 2B B2 D7 8A 56 B4 02 7C E0 03 1F F8 C0 07 3E F0 81 0F 7C E4
[21:13:22.369] ADDR:0xEE TYPE:RC_CHANNELS_PACKED        LEN:26 | EE 18 16 E0 C3 5E 2B B2 D7 8A 56 B4 02 7C E0 03 1F F8 C0 07 3E F0 81 0F 7C E4
[21:13:22.379] ADDR:0xEE TYPE:RC_CHANNELS_PACKED        LEN:26 | EE 18 16 E0 C3 5E 2B B2 D7 8A 56 B4 02 7C E0 03 1F F8 C0 07 3E F0 81 0F 7C E4
[21:13:22.410] ADDR:0xEE TYPE:RC_CHANNELS_PACKED        LEN:26 | EE 18 16 E0 C3 5E 2B B2 D7 8A 56 B4 02 7C E0 03 1F F8 C0 07 3E F0 81 0F 7C E4
[21:13:22.430] ADDR:0xEE TYPE:RC_CHANNELS_PACKED        LEN:26 | EE 18 16 E0 C3 5E 2B B2 D7 8A 56 B4 02 7C E0 03 1F F8 C0 07 3E F0 81 0F 7C E4
[21:13:22.430] ADDR:0xEA TYPE:ELRS_STATUS               LEN:15 | EA 0D 3A EA EE 10 00 03 0D 40 00 00 00 8C AD
[21:13:22.450] ADDR:0xEE TYPE:RC_CHANNELS_PACKED        LEN:26 | EE 18 16 E0 C3 5E 2B B2 D7 8A 56 B4 02 7C E0 03 1F F8 C0 07 3E F0 81 0F 7C E4
[21:13:22.460] ADDR:0xEE TYPE:RC_CHANNELS_PACKED        LEN:26 | EE 18 16 E0 BB 5E 2B B2 D7 8A 56 B4 02 7C E0 03 1F F8 C0 07 3E F0 81 0F 7C 44
[21:13:22.491] ADDR:0xEE TYPE:RC_CHANNELS_PACKED        LEN:26 | EE 18 16 E0 C3 5E 2B B2 D7 8A 56 B4 02 7C E0 03 1F F8 C0 07 3E F0 81 0F 7C E4
[21:13:22.511] ADDR:0xEE TYPE:RC_CHANNELS_PACKED        LEN:26 | EE 18 16 E0 BB 5E 2B B2 D7 8A 56 B4 02 7C E0 03 1F F8 C0 07 3E F0 81 0F 7C 44
[21:13:22.521] ADDR:0xEE TYPE:RC_CHANNELS_PACKED        LEN:26 | EE 18 16 E0 C3 5E 2B B2 D7 8A 56 B4 02 7C E0 03 1F F8 C0 07 3E F0 81 0F 7C E4
[21:13:22.541] ADDR:0xEE TYPE:RC_CHANNELS_PACKED        LEN:26 | EE 18 16 E0 C3 5E 2B B2 D7 8A 56 B4 02 7C E0 03 1F F8 C0 07 3E F0 81 0F 7C E4
[21:13:22.572] ADDR:0xEE TYPE:RC_CHANNELS_PACKED        LEN:26 | EE 18 16 E0 C3 5E 2B B0 D7 8A 56 B4 02 7C E0 03 1F F8 C0 07 3E F0 81 0F 7C 98
[21:13:22.592] ADDR:0xEE TYPE:RC_CHANNELS_PACKED        LEN:26 | EE 18 16 E0 BB 5E 2B B0 D7 8A 56 B4 02 7C E0 03 1F F8 C0 07 3E F0 81 0F 7C 38
[21:13:22.602] ADDR:0xEE TYPE:RC_CHANNELS_PACKED        LEN:26 | EE 18 16 E0 C3 5E 2B B2 D7 8A 56 B4 02 7C E0 03 1F F8 C0 07 3E F0 81 0F 7C E4
[21:13:22.623] ADDR:0xEE TYPE:RC_CHANNELS_PACKED        LEN:26 | EE 18 16 E0 C3 5E 2B B2 D7 8A 56 B4 02 7C E0 03 1F F8 C0 07 3E F0 81 0F 7C E4
[21:13:22.623] ADDR:0xEA TYPE:ELRS_STATUS               LEN:15 | EA 0D 3A EA EE 10 00 03 0D 40 00 00 00 8C AD
[21:13:22.653] ADDR:0xEE TYPE:RC_CHANNELS_PACKED        LEN:26 | EE 18 16 E0 C3 5E 2B B2 D7 8A 56 B4 02 7C E0 03 1F F8 C0 07 3E F0 81 0F 7C E4
[21:13:22.673] ADDR:0xEE TYPE:RC_CHANNELS_PACKED        LEN:26 | EE 18 16 E0 C3 5E 2B B2 D7 8A 56 B4 02 7C E0 03 1F F8 C0 07 3E F0 81 0F 7C E4
[21:13:22.683] ADDR:0xEE TYPE:RC_CHANNELS_PACKED        LEN:26 | EE 18 16 E0 C3 5E 2B B4 D7 8A 56 B4 02 7C E0 03 1F F8 C0 07 3E F0 81 0F 7C 60
[21:13:22.705] ADDR:0xEE TYPE:RC_CHANNELS_PACKED        LEN:26 | EE 18 16 E0 C3 5E 2B B2 D7 8A 56 B4 02 7C E0 03 1F F8 C0 07 3E F0 81 0F 7C E4
[21:13:22.737] ADDR:0xEE TYPE:RC_CHANNELS_PACKED        LEN:26 | EE 18 16 E0 C3 5E 2B B2 D7 8A 56 B4 02 7C E0 03 1F F8 C0 07 3E F0 81 0F 7C E4
[21:13:22.747] ADDR:0xEE TYPE:RC_CHANNELS_PACKED        LEN:26 | EE 18 16 E0 C3 5E 2B B4 D7 8A 56 B4 02 7C E0 03 1F F8 C0 07 3E F0 81 0F 7C 60
[21:13:22.767] ADDR:0xEE TYPE:RC_CHANNELS_PACKED        LEN:26 | EE 18 16 E0 C3 5E 2B B2 D7 8A 56 B4 02 7C E0 03 1F F8 C0 07 3E F0 81 0F 7C E4
[21:13:22.778] ADDR:0xEE TYPE:RC_CHANNELS_PACKED        LEN:26 | EE 18 16 E0 BB 5E 2B B2 D7 8A 56 B4 02 7C E0 03 1F F8 C0 07 3E F0 81 0F 7C 44
[21:13:22.818] ADDR:0xEE TYPE:RC_CHANNELS_PACKED        LEN:26 | EE 18 16 E0 C3 5E 2B B2 D7 8A 56 B4 02 7C E0 03 1F F8 C0 07 3E F0 81 0F 7C E4
[21:13:22.828] ADDR:0xEE TYPE:RC_CHANNELS_PACKED        LEN:26 | EE 18 16 E0 C3 5E 2B B2 D7 8A 56 B4 02 7C E0 03 1F F8 C0 07 3E F0 81 0F 7C E4
[21:13:22.828] ADDR:0xEA TYPE:ELRS_STATUS               LEN:15 | EA 0D 3A EA EE 10 00 03 0D 40 00 00 00 E6 C2
[21:13:22.848] ADDR:0xEE TYPE:RC_CHANNELS_PACKED        LEN:26 | EE 18 16 E0 C3 5E 2B B2 D7 8A 56 B4 02 7C E0 03 1F F8 C0 07 3E F0 81 0F 7C E4
[21:13:22.859] ADDR:0xEE TYPE:RC_CHANNELS_PACKED        LEN:26 | EE 18 16 E0 C3 5E 2B B0 D7 8A 56 B4 02 7C E0 03 1F F8 C0 07 3E F0 81 0F 7C 98
[21:13:22.889] ADDR:0xEE TYPE:RC_CHANNELS_PACKED        LEN:26 | EE 18 16 E0 D3 5E 2B B2 D7 8A 56 B4 02 7C E0 03 1F F8 C0 07 3E F0 81 0F 7C B5
[21:13:22.909] ADDR:0xEE TYPE:RC_CHANNELS_PACKED        LEN:26 | EE 18 16 E0 C3 5E 2B B2 D7 8A 56 B4 02 7C E0 03 1F F8 C0 07 3E F0 81 0F 7C E4
[21:13:22.929] ADDR:0xEE TYPE:RC_CHANNELS_PACKED        LEN:26 | EE 18 16 E0 C3 5E 2B B2 D7 8A 56 B4 02 7C E0 03 1F F8 C0 07 3E F0 81 0F 7C E4
[21:13:22.940] ADDR:0xEE TYPE:RC_CHANNELS_PACKED        LEN:26 | EE 18 16 E0 C3 5E 2B B2 D7 8A 56 B4 02 7C E0 03 1F F8 C0 07 3E F0 81 0F 7C E4
[21:13:22.970] ADDR:0xEE TYPE:RC_CHANNELS_PACKED        LEN:26 | EE 18 16 E0 C3 5E 2B B2 D7 8A 56 B4 02 7C E0 03 1F F8 C0 07 3E F0 81 0F 7C E4
[21:13:22.990] ADDR:0xEE TYPE:RC_CHANNELS_PACKED        LEN:26 | EE 18 16 E0 C3 5E 2B B2 D7 8A 56 B4 02 7C E0 03 1F F8 C0 07 3E F0 81 0F 7C E4
[21:13:23.010] ADDR:0xEE TYPE:RC_CHANNELS_PACKED        LEN:26 | EE 18 16 E0 BB 5E 2B B2 D7 8A 56 B4 02 7C E0 03 1F F8 C0 07 3E F0 81 0F 7C 44
[21:13:23.021] ADDR:0xEE TYPE:RC_CHANNELS_PACKED        LEN:26 | EE 18 16 E0 C3 5E 2B B2 D7 8A 56 B4 02 7C E0 03 1F F8 C0 07 3E F0 81 0F 7C E4
[21:13:23.021] ADDR:0xEA TYPE:ELRS_STATUS               LEN:15 | EA 0D 3A EA EE 10 00 03 0D 40 00 00 00 46 89
[21:13:23.053] ADDR:0xEE TYPE:RC_CHANNELS_PACKED        LEN:26 | EE 18 16 E0 BB 5E 2B B0 D7 8A 56 B4 02 7C E0 03 1F F8 C0 07 3E F0 81 0F 7C 38
[21:13:23.073] ADDR:0xEE TYPE:RC_CHANNELS_PACKED        LEN:26 | EE 18 16 E0 BB 5E 2B B2 D7 8A 56 B4 02 7C E0 03 1F F8 C0 07 3E F0 81 0F 7C 44
[21:13:23.084] ADDR:0xEE TYPE:RC_CHANNELS_PACKED        LEN:26 | EE 18 16 E0 C3 5E 2B B2 D7 8A 56 B4 02 7C E0 03 1F F8 C0 07 3E F0 81 0F 7C E4
[21:13:23.104] ADDR:0xEE TYPE:RC_CHANNELS_PACKED        LEN:26 | EE 18 16 E0 C3 5E 2B B2 D7 8A 56 B4 02 7C E0 03 1F F8 C0 07 3E F0 81 0F 7C E4
[21:13:23.134] ADDR:0xEE TYPE:RC_CHANNELS_PACKED        LEN:26 | EE 18 16 E0 C3 5E 2B B0 D7 8A 56 B4 02 7C E0 03 1F F8 C0 07 3E F0 81 0F 7C 98
[21:13:23.154] ADDR:0xEE TYPE:RC_CHANNELS_PACKED        LEN:26 | EE 18 16 E0 C3 5E 2B B2 D7 8A 56 B4 02 7C E0 03 1F F8 C0 07 3E F0 81 0F 7C E4
[21:13:23.165] ADDR:0xEE TYPE:RC_CHANNELS_PACKED        LEN:26 | EE 18 16 E0 C3 5E 2B B2 D7 8A 56 B4 02 7C E0 03 1F F8 C0 07 3E F0 81 0F 7C E4
[21:13:23.185] ADDR:0xEE TYPE:RC_CHANNELS_PACKED        LEN:26 | EE 18 16 DF C3 5E 2B B2 D7 8A 56 B4 02 7C E0 03 1F F8 C0 07 3E F0 81 0F 7C 66
[21:13:23.215] ADDR:0xEE TYPE:RC_CHANNELS_PACKED        LEN:26 | EE 18 16 E0 C3 5E 2B B2 D7 8A 56 B4 02 7C E0 03 1F F8 C0 07 3E F0 81 0F 7C E4
[21:13:23.225] ADDR:0xEE TYPE:RC_CHANNELS_PACKED        LEN:26 | EE 18 16 E0 C3 5E 2B B2 D7 8A 56 B4 02 7C E0 03 1F F8 C0 07 3E F0 81 0F 7C E4
[21:13:23.225] ADDR:0xEA TYPE:ELRS_STATUS               LEN:15 | EA 0D 3A EA EE 10 00 03 0D 40 00 00 00 82 05
[21:13:23.245] ADDR:0xEE TYPE:RC_CHANNELS_PACKED        LEN:26 | EE 18 16 E0 C3 5E 2B B0 D7 8A 56 B4 02 7C E0 03 1F F8 C0 07 3E F0 81 0F 7C 98
[21:13:23.266] ADDR:0xEE TYPE:RC_CHANNELS_PACKED        LEN:26 | EE 18 16 E0 C3 5E 2B B0 D7 8A 56 B4 02 7C E0 03 1F F8 C0 07 3E F0 81 0F 7C 98
[21:13:23.296] ADDR:0xEE TYPE:RC_CHANNELS_PACKED        LEN:26 | EE 18 16 E0 BB 5E 2B B2 D7 8A 56 B4 02 7C E0 03 1F F8 C0 07 3E F0 81 0F 7C 44
[21:13:23.306] ADDR:0xEE TYPE:RC_CHANNELS_PACKED        LEN:26 | EE 18 16 E0 C3 5E 2B AE D7 8A 56 B4 02 7C E0 03 1F F8 C0 07 3E F0 81 0F 7C 73
[21:13:23.326] ADDR:0xEE TYPE:RC_CHANNELS_PACKED        LEN:26 | EE 18 16 E0 C3 5E 2B B0 D7 8A 56 B4 02 7C E0 03 1F F8 C0 07 3E F0 81 0F 7C 98
[21:13:23.347] ADDR:0xEE TYPE:RC_CHANNELS_PACKED        LEN:26 | EE 18 16 E0 C3 5E 2B B2 D7 8A 56 B4 02 7C E0 03 1F F8 C0 07 3E F0 81 0F 7C E4
[21:13:23.377] ADDR:0xEE TYPE:RC_CHANNELS_PACKED        LEN:26 | EE 18 16 E0 C3 5E 2B B2 D7 8A 56 B4 02 7C E0 03 1F F8 C0 07 3E F0 81 0F 7C E4
[21:13:23.387] ADDR:0xEE TYPE:RC_CHANNELS_PACKED        LEN:26 | EE 18 16 E0 C3 5E 2B B2 D7 8A 56 B4 02 7C E0 03 1F F8 C0 07 3E F0 81 0F 7C E4
[21:13:23.408] ADDR:0xEE TYPE:RC_CHANNELS_PACKED        LEN:26 | EE 18 16 E0 C3 5E 2B AE D7 8A 56 B4 02 7C E0 03 1F F8 C0 07 3E F0 81 0F 7C 73
[21:13:23.418] ADDR:0xEE TYPE:RC_CHANNELS_PACKED        LEN:26 | EE 18 16 E0 C3 5E 2B B2 D7 8A 56 B4 02 7C E0 03 1F F8 C0 07 3E F0 81 0F 7C E4
[21:13:23.418] ADDR:0xEA TYPE:ELRS_STATUS               LEN:15 | EA 0D 3A EA EE 10 00 03 0D 40 00 00 01 22 45
[21:13:23.458] ADDR:0xEE TYPE:RC_CHANNELS_PACKED        LEN:26 | EE 18 16 E0 C3 5E 2B B2 D7 8A 56 B4 02 7C E0 03 1F F8 C0 07 3E F0 81 0F 7C E4
[21:13:23.468] ADDR:0xEE TYPE:RC_CHANNELS_PACKED        LEN:26 | EE 18 16 E0 BB 5E 2B B2 D7 8A 56 B4 02 7C E0 03 1F F8 C0 07 3E F0 81 0F 7C 44
[21:13:23.489] ADDR:0xEE TYPE:RC_CHANNELS_PACKED        LEN:26 | EE 18 16 E0 BB 5E 2B B2 D7 8A 56 B4 02 7C E0 03 1F F8 C0 07 3E F0 81 0F 7C 44
[21:13:23.499] ADDR:0xEE TYPE:RC_CHANNELS_PACKED        LEN:26 | EE 18 16 E0 C3 5E 2B B2 D7 8A 56 B4 02 7C E0 03 1F F8 C0 07 3E F0 81 0F 7C E4
[21:13:23.529] ADDR:0xEE TYPE:RC_CHANNELS_PACKED        LEN:26 | EE 18 16 E0 BB 5E 2B B0 D7 8A 56 B4 02 7C E0 03 1F F8 C0 07 3E F0 81 0F 7C 38
[21:13:23.549] ADDR:0xEE TYPE:RC_CHANNELS_PACKED        LEN:26 | EE 18 16 E0 BB 5E 2B AE D7 8A 56 B4 02 7C E0 03 1F F8 C0 07 3E F0 81 0F 7C D3
[21:13:23.570] ADDR:0xEE TYPE:RC_CHANNELS_PACKED        LEN:26 | EE 18 16 E0 C3 5E 2B B2 D7 8A 56 B4 02 7C E0 03 1F F8 C0 07 3E F0 81 0F 7C E4
[21:13:23.580] ADDR:0xEE TYPE:RC_CHANNELS_PACKED        LEN:26 | EE 18 16 E0 BB 5E 2B B2 D7 8A 56 B4 02 7C E0 03 1F F8 C0 07 3E F0 81 0F 7C 44
[21:13:23.610] ADDR:0xEE TYPE:RC_CHANNELS_PACKED        LEN:26 | EE 18 16 E0 C3 5E 2B B2 D7 8A 56 B4 02 7C E0 03 1F F8 C0 07 3E F0 81 0F 7C E4
[21:13:23.631] ADDR:0xEE TYPE:RC_CHANNELS_PACKED        LEN:26 | EE 18 16 E0 C3 5E 2B B2 D7 8A 56 B4 02 7C E0 03 1F F8 C0 07 3E F0 81 0F 7C E4
[21:13:23.631] ADDR:0xEA TYPE:ELRS_STATUS               LEN:15 | EA 0D 3A EA EE 10 00 03 0D 40 00 00 00 14 39
[21:13:23.641] ADDR:0xEE TYPE:RC_CHANNELS_PACKED        LEN:26 | EE 18 16 E0 C3 5E 2B B2 D7 8A 56 B4 02 7C E0 03 1F F8 C0 07 3E F0 81 0F 7C E4
[21:13:23.661] ADDR:0xEE TYPE:RC_CHANNELS_PACKED        LEN:26 | EE 18 16 E0 BB 5E 2B B2 D7 8A 56 B4 02 7C E0 03 1F F8 C0 07 3E F0 81 0F 7C 44
[21:13:23.692] ADDR:0xEE TYPE:RC_CHANNELS_PACKED        LEN:26 | EE 18 16 E0 C3 5E 2B B2 D7 8A 56 B4 02 7C E0 03 1F F8 C0 07 3E F0 81 0F 7C E4
[21:13:23.712] ADDR:0xEE TYPE:RC_CHANNELS_PACKED        LEN:26 | EE 18 16 E0 BB 5E 2B B2 D7 8A 56 B4 02 7C E0 03 1F F8 C0 07 3E F0 81 0F 7C 44
[21:13:23.722] ADDR:0xEE TYPE:RC_CHANNELS_PACKED        LEN:26 | EE 18 16 E0 C3 5E 2B B2 D7 8A 56 B4 02 7C E0 03 1F F8 C0 07 3E F0 81 0F 7C E4
[21:13:23.743] ADDR:0xEE TYPE:RC_CHANNELS_PACKED        LEN:26 | EE 18 16 E0 C3 5E 2B B2 D7 8A 56 B4 02 7C E0 03 1F F8 C0 07 3E F0 81 0F 7C E4
[21:13:23.777] ADDR:0xEE TYPE:RC_CHANNELS_PACKED        LEN:26 | EE 18 16 E0 C3 5E 2B B2 D7 8A 56 B4 02 7C E0 03 1F F8 C0 07 3E F0 81 0F 7C E4
[21:13:23.787] ADDR:0xEE TYPE:RC_CHANNELS_PACKED        LEN:26 | EE 18 16 E0 C3 5E 2B B2 D7 8A 56 B4 02 7C E0 03 1F F8 C0 07 3E F0 81 0F 7C E4
[21:13:23.807] ADDR:0xEE TYPE:RC_CHANNELS_PACKED        LEN:26 | EE 18 16 E0 C3 5E 2B AE D7 8A 56 B4 02 7C E0 03 1F F8 C0 07 3E F0 81 0F 7C 73
[21:13:23.818] ADDR:0xEE TYPE:RC_CHANNELS_PACKED        LEN:26 | EE 18 16 E0 C3 5E 2B B2 D7 8A 56 B4 02 7C E0 03 1F F8 C0 07 3E F0 81 0F 7C E4
[21:13:23.818] ADDR:0xEA TYPE:ELRS_STATUS               LEN:15 | EA 0D 3A EA EE 10 00 03 0D 40 00 00 01 54 AF
[21:13:23.858] ADDR:0xEE TYPE:RC_CHANNELS_PACKED        LEN:26 | EE 18 16 E0 C3 5E 2B B2 D7 8A 56 B4 02 7C E0 03 1F F8 C0 07 3E F0 81 0F 7C E4
[21:13:23.868] ADDR:0xEE TYPE:RC_CHANNELS_PACKED        LEN:26 | EE 18 16 E0 BB 5E 2B B2 D7 8A 56 B4 02 7C E0 03 1F F8 C0 07 3E F0 81 0F 7C 44
[21:13:23.888] ADDR:0xEE TYPE:RC_CHANNELS_PACKED        LEN:26 | EE 18 16 E0 C3 5E 2B B2 D7 8A 56 B4 02 7C E0 03 1F F8 C0 07 3E F0 81 0F 7C E4
[21:13:23.901] ADDR:0xEE TYPE:RC_CHANNELS_PACKED        LEN:26 | EE 18 16 E0 C3 5E 2B B2 D7 8A 56 B4 02 7C E0 03 1F F8 C0 07 3E F0 81 0F 7C E4
[21:13:23.931] ADDR:0xEE TYPE:RC_CHANNELS_PACKED        LEN:26 | EE 18 16 E0 C3 5E 2B B2 D7 8A 56 B4 02 7C E0 03 1F F8 C0 07 3E F0 81 0F 7C E4
[21:13:23.952] ADDR:0xEE TYPE:RC_CHANNELS_PACKED        LEN:26 | EE 18 16 E0 C3 5E 2B B0 D7 8A 56 B4 02 7C E0 03 1F F8 C0 07 3E F0 81 0F 7C 98
[21:13:23.962] ADDR:0xEE TYPE:RC_CHANNELS_PACKED        LEN:26 | EE 18 16 E0 C3 5E 2B B0 D7 8A 56 B4 02 7C E0 03 1F F8 C0 07 3E F0 81 0F 7C 98
[21:13:23.982] ADDR:0xEE TYPE:RC_CHANNELS_PACKED        LEN:26 | EE 18 16 E0 C3 5E 2B B2 D7 8A 56 B4 02 7C E0 03 1F F8 C0 07 3E F0 81 0F 7C E4
[21:13:24.012] ADDR:0xEE TYPE:RC_CHANNELS_PACKED        LEN:26 | EE 18 16 E0 C3 5E 2B B2 D7 8A 56 B4 02 7C E0 03 1F F8 C0 07 3E F0 81 0F 7C E4
[21:13:24.033] ADDR:0xEE TYPE:RC_CHANNELS_PACKED        LEN:26 | EE 18 16 E0 C3 5E 2B B2 D7 8A 56 B4 02 7C E0 03 1F F8 C0 07 3E F0 81 0F 7C E4
[21:13:24.033] ADDR:0xEA TYPE:ELRS_STATUS               LEN:15 | EA 0D 3A EA EE 10 00 03 0D 40 00 00 00 14 39
[21:13:24.043] ADDR:0xEE TYPE:RC_CHANNELS_PACKED        LEN:26 | EE 18 16 E0 C3 5E 2B B0 D7 8A 56 B4 02 7C E0 03 1F F8 C0 07 3E F0 81 0F 7C 98
[21:13:24.063] ADDR:0xEE TYPE:RC_CHANNELS_PACKED        LEN:26 | EE 18 16 E0 C3 5E 2B B2 D7 8A 56 B4 02 7C E0 03 1F F8 C0 07 3E F0 81 0F 7C E4
[21:13:24.096] ADDR:0xEE TYPE:RC_CHANNELS_PACKED        LEN:26 | EE 18 16 E0 C3 5E 2B B2 D7 8A 56 B4 02 7C E0 03 1F F8 C0 07 3E F0 81 0F 7C E4
[21:13:24.107] ADDR:0xEE TYPE:RC_CHANNELS_PACKED        LEN:26 | EE 18 16 E0 C3 5E 2B B2 D7 8A 56 B4 02 7C E0 03 1F F8 C0 07 3E F0 81 0F 7C E4
[21:13:24.127] ADDR:0xEE TYPE:RC_CHANNELS_PACKED        LEN:26 | EE 18 16 E0 C3 5E 2B B2 D7 8A 56 B4 02 7C E0 03 1F F8 C0 07 3E F0 81 0F 7C E4
[21:13:24.137] ADDR:0xEE TYPE:RC_CHANNELS_PACKED        LEN:26 | EE 18 16 E0 C3 5E 2B B2 D7 8A 56 B4 02 7C E0 03 1F F8 C0 07 3E F0 81 0F 7C E4
[21:13:24.178] ADDR:0xEE TYPE:RC_CHANNELS_PACKED        LEN:26 | EE 18 16 E0 C3 5E 2B B2 D7 8A 56 B4 02 7C E0 03 1F F8 C0 07 3E F0 81 0F 7C E4
[21:13:24.188] ADDR:0xEE TYPE:RC_CHANNELS_PACKED        LEN:26 | EE 18 16 E0 C3 5E 2B B2 D7 8A 56 B4 02 7C E0 03 1F F8 C0 07 3E F0 81 0F 7C E4
[21:13:24.208] ADDR:0xEE TYPE:RC_CHANNELS_PACKED        LEN:26 | EE 18 16 E0 C3 5E 2B B2 D7 8A 56 B4 02 7C E0 03 1F F8 C0 07 3E F0 81 0F 7C E4
[21:13:24.218] ADDR:0xEE TYPE:RC_CHANNELS_PACKED        LEN:26 | EE 18 16 E0 AB 5E 2B B2 D7 8A 56 B4 02 7C E0 03 1F F8 C0 07 3E F0 81 0F 7C 15
[21:13:24.218] ADDR:0xEA TYPE:ELRS_STATUS               LEN:15 | EA 0D 3A EA EE 10 00 03 0D 40 00 00 00 A0 DE
[21:13:24.259] ADDR:0xEE TYPE:RC_CHANNELS_PACKED        LEN:26 | EE 18 16 E0 BB 5E 2B B0 D7 8A 56 B4 02 7C E0 03 1F F8 C0 07 3E F0 81 0F 7C 38
[21:13:24.269] ADDR:0xEE TYPE:RC_CHANNELS_PACKED        LEN:26 | EE 18 16 E0 BB 5E 2B B0 D7 8A 56 B4 02 7C E0 03 1F F8 C0 07 3E F0 81 0F 7C 38
[21:13:24.289] ADDR:0xEE TYPE:RC_CHANNELS_PACKED        LEN:26 | EE 18 16 E0 C3 5E 2B B2 D7 8A 56 B4 02 7C E0 03 1F F8 C0 07 3E F0 81 0F 7C E4
[21:13:24.299] ADDR:0xEE TYPE:RC_CHANNELS_PACKED        LEN:26 | EE 18 16 E0 C3 5E 2B B2 D7 8A 56 B4 02 7C E0 03 1F F8 C0 07 3E F0 81 0F 7C E4
[21:13:24.330] ADDR:0xEE TYPE:RC_CHANNELS_PACKED        LEN:26 | EE 18 16 E0 C3 5E 2B B0 D7 8A 56 B4 02 7C E0 03 1F F8 C0 07 3E F0 81 0F 7C 98
[21:13:24.350] ADDR:0xEE TYPE:RC_CHANNELS_PACKED        LEN:26 | EE 18 16 E0 C3 5E 2B B2 D7 8A 56 B4 02 7C E0 03 1F F8 C0 07 3E F0 81 0F 7C E4
[21:13:24.370] ADDR:0xEE TYPE:RC_CHANNELS_PACKED        LEN:26 | EE 18 16 E0 C3 5E 2B B2 D7 8A 56 B4 02 7C E0 03 1F F8 C0 07 3E F0 81 0F 7C E4
[21:13:24.381] ADDR:0xEE TYPE:RC_CHANNELS_PACKED        LEN:26 | EE 18 16 E0 C3 5E 2B B2 D7 8A 56 B4 02 7C E0 03 1F F8 C0 07 3E F0 81 0F 7C E4
[21:13:24.413] ADDR:0xEE TYPE:RC_CHANNELS_PACKED        LEN:26 | EE 18 16 E0 BB 5E 2B B2 D7 8A 56 B4 02 7C E0 03 1F F8 C0 07 3E F0 81 0F 7C 44
[21:13:24.433] ADDR:0xEE TYPE:RC_CHANNELS_PACKED        LEN:26 | EE 18 16 E0 C3 5E 2B B0 D7 8A 56 B4 02 7C E0 03 1F F8 C0 07 3E F0 81 0F 7C 98
[21:13:24.433] ADDR:0xEA TYPE:ELRS_STATUS               LEN:15 | EA 0D 3A EA EE 10 00 03 0D 40 00 00 00 C8 CE
[21:13:24.443] ADDR:0xEE TYPE:RC_CHANNELS_PACKED        LEN:26 | EE 18 16 E0 C3 5E 2B B2 D7 8A 56 B4 02 7C E0 03 1F F8 C0 07 3E F0 81 0F 7C E4
[21:13:24.463] ADDR:0xEE TYPE:RC_CHANNELS_PACKED        LEN:26 | EE 18 16 E0 C3 5E 2B B0 D7 8A 56 B4 02 7C E0 03 1F F8 C0 07 3E F0 81 0F 7C 98
[21:13:24.494] ADDR:0xEE TYPE:RC_CHANNELS_PACKED        LEN:26 | EE 18 16 E0 BB 5E 2B B0 D7 8A 56 B4 02 7C E0 03 1F F8 C0 07 3E F0 81 0F 7C 38
[21:13:24.514] ADDR:0xEE TYPE:RC_CHANNELS_PACKED        LEN:26 | EE 18 16 E0 C3 5E 2B B2 D7 8A 56 B4 02 7C E0 03 1F F8 C0 07 3E F0 81 0F 7C E4
[21:13:24.524] ADDR:0xEE TYPE:RC_CHANNELS_PACKED        LEN:26 | EE 18 16 E0 C3 5E 2B B2 D7 8A 56 B4 02 7C E0 03 1F F8 C0 07 3E F0 81 0F 7C E4
[21:13:24.544] ADDR:0xEE TYPE:RC_CHANNELS_PACKED        LEN:26 | EE 18 16 E0 C3 5E 2B B2 D7 8A 56 B4 02 7C E0 03 1F F8 C0 07 3E F0 81 0F 7C E4
[21:13:24.575] ADDR:0xEE TYPE:RC_CHANNELS_PACKED        LEN:26 | EE 18 16 E0 C3 5E 2B B2 D7 8A 56 B4 02 7C E0 03 1F F8 C0 07 3E F0 81 0F 7C E4
[21:13:24.585] ADDR:0xEE TYPE:RC_CHANNELS_PACKED        LEN:26 | EE 18 16 E0 BB 5E 2B B2 D7 8A 56 B4 02 7C E0 03 1F F8 C0 07 3E F0 81 0F 7C 44
[21:13:24.605] ADDR:0xEE TYPE:RC_CHANNELS_PACKED        LEN:26 | EE 18 16 E0 BB 5E 2B B2 D7 8A 56 B4 02 7C E0 03 1F F8 C0 07 3E F0 81 0F 7C 44
[21:13:24.626] ADDR:0xEE TYPE:RC_CHANNELS_PACKED        LEN:26 | EE 18 16 E0 C3 5E 2B B2 D7 8A 56 B4 02 7C E0 03 1F F8 C0 07 3E F0 81 0F 7C E4
[21:13:24.626] ADDR:0xEA TYPE:ELRS_STATUS               LEN:15 | EA 0D 3A EA EE 10 00 03 0D 40 00 00 01 54 AF
[21:13:24.656] ADDR:0xEE TYPE:RC_CHANNELS_PACKED        LEN:26 | EE 18 16 E0 C3 5E 2B B2 D7 8A 56 B4 02 7C E0 03 1F F8 C0 07 3E F0 81 0F 7C E4
[21:13:24.667] ADDR:0xEE TYPE:RC_CHANNELS_PACKED        LEN:26 | EE 18 16 E0 BB 5E 2B B2 D7 8A 56 B4 02 7C E0 03 1F F8 C0 07 3E F0 81 0F 7C 44
[21:13:24.687] ADDR:0xEE TYPE:RC_CHANNELS_PACKED        LEN:26 | EE 18 16 E0 C3 5E 2B B0 D7 8A 56 B4 02 7C E0 03 1F F8 C0 07 3E F0 81 0F 7C 98
[21:13:24.697] ADDR:0xEE TYPE:RC_CHANNELS_PACKED        LEN:26 | EE 18 16 E0 C3 5E 2B AE D7 8A 56 B4 02 7C E0 03 1F F8 C0 07 3E F0 81 0F 7C 73
[21:13:24.738] ADDR:0xEE TYPE:RC_CHANNELS_PACKED        LEN:26 | EE 18 16 E0 C3 5E 2B B2 D7 8A 56 B4 02 7C E0 03 1F F8 C0 07 3E F0 81 0F 7C E4
[21:13:24.748] ADDR:0xEE TYPE:RC_CHANNELS_PACKED        LEN:26 | EE 18 16 E0 C3 5E 2B B2 D7 8A 56 B4 02 7C E0 03 1F F8 C0 07 3E F0 81 0F 7C E4
[21:13:24.768] ADDR:0xEE TYPE:RC_CHANNELS_PACKED        LEN:26 | EE 18 16 E0 C3 5E 2B B0 D7 8A 56 B4 02 7C E0 03 1F F8 C0 07 3E F0 81 0F 7C 98
[21:13:24.780] ADDR:0xEE TYPE:RC_CHANNELS_PACKED        LEN:26 | EE 18 16 E0 C3 5E 2B B2 D7 8A 56 B4 02 7C E0 03 1F F8 C0 07 3E F0 81 0F 7C E4
[21:13:24.810] ADDR:0xEE TYPE:RC_CHANNELS_PACKED        LEN:26 | EE 18 16 E0 C3 5E 2B B2 D7 8A 56 B4 02 7C E0 03 1F F8 C0 07 3E F0 81 0F 7C E4
[21:13:24.830] ADDR:0xEE TYPE:RC_CHANNELS_PACKED        LEN:26 | EE 18 16 E0 C3 5E 2B B2 D7 8A 56 B4 02 7C E0 03 1F F8 C0 07 3E F0 81 0F 7C E4
[21:13:24.831] ADDR:0xEA TYPE:ELRS_STATUS               LEN:15 | EA 0D 3A EA EE 10 00 03 0D 40 00 00 00 14 39
[21:13:24.851] ADDR:0xEE TYPE:RC_CHANNELS_PACKED        LEN:26 | EE 18 16 E0 C3 5E 2B B2 D7 8A 56 B4 02 7C E0 03 1F F8 C0 07 3E F0 81 0F 7C E4
[21:13:24.861] ADDR:0xEE TYPE:RC_CHANNELS_PACKED        LEN:26 | EE 18 16 E0 C3 5E 2B B2 D7 8A 56 B4 02 7C E0 03 1F F8 C0 07 3E F0 81 0F 7C E4
[21:13:24.891] ADDR:0xEE TYPE:RC_CHANNELS_PACKED        LEN:26 | EE 18 16 E0 C3 5E 2B B2 D7 8A 56 B4 02 7C E0 03 1F F8 C0 07 3E F0 81 0F 7C E4
[21:13:24.914] ADDR:0xEE TYPE:RC_CHANNELS_PACKED        LEN:26 | EE 18 16 E0 C3 5E 2B B2 D7 8A 56 B4 02 7C E0 03 1F F8 C0 07 3E F0 81 0F 7C E4
[21:13:24.924] ADDR:0xEE TYPE:RC_CHANNELS_PACKED        LEN:26 | EE 18 16 E0 C3 5E 2B B2 D7 8A 56 B4 02 7C E0 03 1F F8 C0 07 3E F0 81 0F 7C E4
[21:13:24.945] ADDR:0xEE TYPE:RC_CHANNELS_PACKED        LEN:26 | EE 18 16 E0 C3 5E 2B B2 D7 8A 56 B4 02 7C E0 03 1F F8 C0 07 3E F0 81 0F 7C E4
[21:13:24.975] ADDR:0xEE TYPE:RC_CHANNELS_PACKED        LEN:26 | EE 18 16 E0 C3 5E 2B B0 D7 8A 56 B4 02 7C E0 03 1F F8 C0 07 3E F0 81 0F 7C 98
[21:13:24.985] ADDR:0xEE TYPE:RC_CHANNELS_PACKED        LEN:26 | EE 18 16 E0 C3 5E 2B B2 D7 8A 56 B4 02 7C E0 03 1F F8 C0 07 3E F0 81 0F 7C E4
[21:13:25.005] ADDR:0xEE TYPE:RC_CHANNELS_PACKED        LEN:26 | EE 18 16 E0 C3 5E 2B B2 D7 8A 56 B4 02 7C E0 03 1F F8 C0 07 3E F0 81 0F 7C E4
[21:13:25.026] ADDR:0xEE TYPE:RC_CHANNELS_PACKED        LEN:26 | EE 18 16 E0 C3 5E 2B B2 D7 8A 56 B4 02 7C E0 03 1F F8 C0 07 3E F0 81 0F 7C E4
[21:13:25.026] ADDR:0xEA TYPE:ELRS_STATUS               LEN:15 | EA 0D 3A EA EE 10 00 03 0D 40 00 00 01 18 E5
[21:13:25.056] ADDR:0xEE TYPE:RC_CHANNELS_PACKED        LEN:26 | EE 18 16 E0 C3 5E 2B AE D7 8A 56 B4 02 7C E0 03 1F F8 C0 07 3E F0 81 0F 7C 73
[21:13:25.067] ADDR:0xEE TYPE:RC_CHANNELS_PACKED        LEN:26 | EE 18 16 E0 C3 5E 2B B2 D7 8A 56 B4 02 7C E0 03 1F F8 C0 07 3E F0 81 0F 7C E4
[21:13:25.087] ADDR:0xEE TYPE:RC_CHANNELS_PACKED        LEN:26 | EE 18 16 E0 C3 5E 2B B0 D7 8A 56 B4 02 7C E0 03 1F F8 C0 07 3E F0 81 0F 7C 98
[21:13:25.097] ADDR:0xEE TYPE:RC_CHANNELS_PACKED        LEN:26 | EE 18 16 E0 BB 5E 2B B2 D7 8A 56 B4 02 7C E0 03 1F F8 C0 07 3E F0 81 0F 7C 44
[21:13:25.137] ADDR:0xEE TYPE:RC_CHANNELS_PACKED        LEN:26 | EE 18 16 E0 C3 5E 2B B2 D7 8A 56 B4 02 7C E0 03 1F F8 C0 07 3E F0 81 0F 7C E4
[21:13:25.147] ADDR:0xEE TYPE:RC_CHANNELS_PACKED        LEN:26 | EE 18 16 E0 C3 5E 2B AE D7 8A 56 B4 02 7C E0 03 1F F8 C0 07 3E F0 81 0F 7C 73
[21:13:25.168] ADDR:0xEE TYPE:RC_CHANNELS_PACKED        LEN:26 | EE 18 16 E0 C3 5E 2B B2 D7 8A 56 B4 02 7C E0 03 1F F8 C0 07 3E F0 81 0F 7C E4
[21:13:25.180] ADDR:0xEE TYPE:RC_CHANNELS_PACKED        LEN:26 | EE 18 16 DF C3 5E 2B B0 D7 8A 56 B4 02 7C E0 03 1F F8 C0 07 3E F0 81 0F 7C 1A
[21:13:25.211] ADDR:0xEE TYPE:RC_CHANNELS_PACKED        LEN:26 | EE 18 16 E0 C3 5E 2B B2 D7 8A 56 B4 02 7C E0 03 1F F8 C0 07 3E F0 81 0F 7C E4
[21:13:25.231] ADDR:0xEE TYPE:RC_CHANNELS_PACKED        LEN:26 | EE 18 16 E0 C3 5E 2B B2 D7 8A 56 B4 02 7C E0 03 1F F8 C0 07 3E F0 81 0F 7C E4
[21:13:25.231] ADDR:0xEA TYPE:ELRS_STATUS               LEN:15 | EA 0D 3A EA EE 10 00 03 0D 40 FF FF FF 9C 27
[21:13:25.241] ADDR:0xEE TYPE:RC_CHANNELS_PACKED        LEN:26 | EE 18 16 E0 C3 5E 2B B2 D7 8A 56 B4 02 7C E0 03 1F F8 C0 07 3E F0 81 0F 7C E4
[21:13:25.262] ADDR:0xEE TYPE:RC_CHANNELS_PACKED        LEN:26 | EE 18 16 E0 C3 5E 2B B2 D7 8A 56 B4 02 7C E0 03 1F F8 C0 07 3E F0 81 0F 7C E4
[21:13:25.292] ADDR:0xEE TYPE:RC_CHANNELS_PACKED        LEN:26 | EE 18 16 E0 C3 5E 2B B0 D7 8A 56 B4 02 7C E0 03 1F F8 C0 07 3E F0 81 0F 7C 98
[21:13:25.312] ADDR:0xEE TYPE:RC_CHANNELS_PACKED        LEN:26 | EE 18 16 E0 BB 5E 2B B2 D7 8A 56 B4 02 7C E0 03 1F F8 C0 07 3E F0 81 0F 7C 44
[21:13:25.322] ADDR:0xEE TYPE:RC_CHANNELS_PACKED        LEN:26 | EE 18 16 E0 C3 5E 2B B2 D7 8A 56 B4 02 7C E0 03 1F F8 C0 07 3E F0 81 0F 7C E4
[21:13:25.345] ADDR:0xEE TYPE:RC_CHANNELS_PACKED        LEN:26 | EE 18 16 E0 C3 5E 2B B0 D7 8A 56 B4 02 7C E0 03 1F F8 C0 07 3E F0 81 0F 7C 98
[21:13:25.375] ADDR:0xEE TYPE:RC_CHANNELS_PACKED        LEN:26 | EE 18 16 E0 C3 5E 2B B2 D7 8A 56 B4 02 7C E0 03 1F F8 C0 07 3E F0 81 0F 7C E4
[21:13:25.385] ADDR:0xEE TYPE:RC_CHANNELS_PACKED        LEN:26 | EE 18 16 E0 C3 5E 2B B2 D7 8A 56 B4 02 7C E0 03 1F F8 C0 07 3E F0 81 0F 7C E4
[21:13:25.406] ADDR:0xEE TYPE:RC_CHANNELS_PACKED        LEN:26 | EE 18 16 E0 C3 5E 2B B0 D7 8A 56 B4 02 7C E0 03 1F F8 C0 07 3E F0 81 0F 7C 98
[21:13:25.426] ADDR:0xEE TYPE:RC_CHANNELS_PACKED        LEN:26 | EE 18 16 E0 C3 5E 2B B2 D7 8A 56 B4 02 7C E0 03 1F F8 C0 07 3E F0 81 0F 7C E4
[21:13:25.426] ADDR:0xEA TYPE:ELRS_STATUS               LEN:15 | EA 0D 3A EA EE 10 00 03 0D 40 00 00 00 A0 DE
[21:13:25.456] ADDR:0xEE TYPE:RC_CHANNELS_PACKED        LEN:26 | EE 18 16 E0 C3 5E 2B B2 D7 8A 56 B4 02 7C E0 03 1F F8 C0 07 3E F0 81 0F 7C E4
[21:13:25.466] ADDR:0xEE TYPE:RC_CHANNELS_PACKED        LEN:26 | EE 18 16 E0 C3 5E 2B B2 D7 8A 56 B4 02 7C E0 03 1F F8 C0 07 3E F0 81 0F 7C E4
[21:13:25.487] ADDR:0xEE TYPE:RC_CHANNELS_PACKED        LEN:26 | EE 18 16 E0 C3 5E 2B B2 D7 8A 56 B4 02 7C E0 03 1F F8 C0 07 3E F0 81 0F 7C E4
[21:13:25.497] ADDR:0xEE TYPE:RC_CHANNELS_PACKED        LEN:26 | EE 18 16 E0 BB 5E 2B B2 D7 8A 56 B4 02 7C E0 03 1F F8 C0 07 3E F0 81 0F 7C 44
[21:13:25.537] ADDR:0xEE TYPE:RC_CHANNELS_PACKED        LEN:26 | EE 18 16 E0 C3 5E 2B AE D7 8A 56 B4 02 7C E0 03 1F F8 C0 07 3E F0 81 0F 7C 73
[21:13:25.548] ADDR:0xEE TYPE:RC_CHANNELS_PACKED        LEN:26 | EE 18 16 E0 C3 5E 2B B2 D7 8A 56 B4 02 7C E0 03 1F F8 C0 07 3E F0 81 0F 7C E4
[21:13:25.568] ADDR:0xEE TYPE:RC_CHANNELS_PACKED        LEN:26 | EE 18 16 E0 C3 5E 2B B2 D7 8A 56 B4 02 7C E0 03 1F F8 C0 07 3E F0 81 0F 7C E4
[21:13:25.578] ADDR:0xEE TYPE:RC_CHANNELS_PACKED        LEN:26 | EE 18 16 E0 BB 5E 2B AE D7 8A 56 B4 02 7C E0 03 1F F8 C0 07 3E F0 81 0F 7C D3
[21:13:25.618] ADDR:0xEE TYPE:RC_CHANNELS_PACKED        LEN:26 | EE 18 16 E0 C3 5E 2B B2 D7 8A 56 B4 02 7C E0 03 1F F8 C0 07 3E F0 81 0F 7C E4
[21:13:25.629] ADDR:0xEE TYPE:RC_CHANNELS_PACKED        LEN:26 | EE 18 16 E0 C3 5E 2B B2 D7 8A 56 B4 02 7C E0 03 1F F8 C0 07 3E F0 81 0F 7C E4
[21:13:25.629] ADDR:0xEA TYPE:ELRS_STATUS               LEN:15 | EA 0D 3A EA EE 10 00 03 0D 40 00 00 01 7C 22
[21:13:25.649] ADDR:0xEE TYPE:RC_CHANNELS_PACKED        LEN:26 | EE 18 16 E0 C3 5E 2B B0 D7 8A 56 B4 02 7C E0 03 1F F8 C0 07 3E F0 81 0F 7C 98
[21:13:25.659] ADDR:0xEE TYPE:RC_CHANNELS_PACKED        LEN:26 | EE 18 16 E0 BB 5E 2B B2 D7 8A 56 B4 02 7C E0 03 1F F8 C0 07 3E F0 81 0F 7C 44
[21:13:25.690] ADDR:0xEE TYPE:RC_CHANNELS_PACKED        LEN:26 | EE 18 16 E0 C3 5E 2B B2 D7 8A 56 B4 02 7C E0 03 1F F8 C0 07 3E F0 81 0F 7C E4
[21:13:25.710] ADDR:0xEE TYPE:RC_CHANNELS_PACKED        LEN:26 | EE 18 16 E0 C3 5E 2B AE D7 8A 56 B4 02 7C E0 03 1F F8 C0 07 3E F0 81 0F 7C 73
[21:13:25.730] ADDR:0xEE TYPE:RC_CHANNELS_PACKED        LEN:26 | EE 18 16 E0 C3 5E 2B B2 D7 8A 56 B4 02 7C E0 03 1F F8 C0 07 3E F0 81 0F 7C E4
[21:13:25.740] ADDR:0xEE TYPE:RC_CHANNELS_PACKED        LEN:26 | EE 18 16 E0 C3 5E 2B B0 D7 8A 56 B4 02 7C E0 03 1F F8 C0 07 3E F0 81 0F 7C 98
[21:13:25.771] ADDR:0xEE TYPE:RC_CHANNELS_PACKED        LEN:26 | EE 18 16 E0 BB 5E 2B B2 D7 8A 56 B4 02 7C E0 03 1F F8 C0 07 3E F0 81 0F 7C 44
[21:13:25.791] ADDR:0xEE TYPE:RC_CHANNELS_PACKED        LEN:26 | EE 18 16 E0 C3 5E 2B AE D7 8A 56 B4 02 7C E0 03 1F F8 C0 07 3E F0 81 0F 7C 73
[21:13:25.801] ADDR:0xEE TYPE:RC_CHANNELS_PACKED        LEN:26 | EE 18 16 E0 C3 5E 2B AE D7 8A 56 B4 02 7C E0 03 1F F8 C0 07 3E F0 81 0F 7C 73
[21:13:25.822] ADDR:0xEE TYPE:RC_CHANNELS_PACKED        LEN:26 | EE 18 16 E0 C3 5E 2B B2 D7 8A 56 B4 02 7C E0 03 1F F8 C0 07 3E F0 81 0F 7C E4
[21:13:25.822] ADDR:0xEA TYPE:ELRS_STATUS               LEN:15 | EA 0D 3A EA EE 10 00 03 0D 40 00 00 00 64 52
[21:13:25.852] ADDR:0xEE TYPE:RC_CHANNELS_PACKED        LEN:26 | EE 18 16 E0 C3 5E 2B AE D7 8A 56 B4 02 7C E0 03 1F F8 C0 07 3E F0 81 0F 7C 73
[21:13:25.872] ADDR:0xEE TYPE:RC_CHANNELS_PACKED        LEN:26 | EE 18 16 DF C3 5E 2B B2 D7 8A 56 B4 02 7C E0 03 1F F8 C0 07 3E F0 81 0F 7C 66
[21:13:25.882] ADDR:0xEE TYPE:RC_CHANNELS_PACKED        LEN:26 | EE 18 16 E0 C3 5E 2B B2 D7 8A 56 B4 02 7C E0 03 1F F8 C0 07 3E F0 81 0F 7C E4
[21:13:25.903] ADDR:0xEE TYPE:RC_CHANNELS_PACKED        LEN:26 | EE 18 16 E0 C3 5E 2B B2 D7 8A 56 B4 02 7C E0 03 1F F8 C0 07 3E F0 81 0F 7C E4
[21:13:25.933] ADDR:0xEE TYPE:RC_CHANNELS_PACKED        LEN:26 | EE 18 16 E0 C3 5E 2B B2 D7 8A 56 B4 02 7C E0 03 1F F8 C0 07 3E F0 81 0F 7C E4
[21:13:25.953] ADDR:0xEE TYPE:RC_CHANNELS_PACKED        LEN:26 | EE 18 16 E0 C3 5E 2B B2 D7 8A 56 B4 02 7C E0 03 1F F8 C0 07 3E F0 81 0F 7C E4
[21:13:25.964] ADDR:0xEE TYPE:RC_CHANNELS_PACKED        LEN:26 | EE 18 16 E0 C3 5E 2B B2 D7 8A 56 B4 02 7C E0 03 1F F8 C0 07 3E F0 81 0F 7C E4
[21:13:25.984] ADDR:0xEE TYPE:RC_CHANNELS_PACKED        LEN:26 | EE 18 16 E0 C3 5E 2B B2 D7 8A 56 B4 02 7C E0 03 1F F8 C0 07 3E F0 81 0F 7C E4
[21:13:26.014] ADDR:0xEE TYPE:RC_CHANNELS_PACKED        LEN:26 | EE 18 16 E0 C3 5E 2B B2 D7 8A 56 B4 02 7C E0 03 1F F8 C0 07 3E F0 81 0F 7C E4
[21:13:26.035] ADDR:0xEE TYPE:RC_CHANNELS_PACKED        LEN:26 | EE 18 16 E0 C3 5E 2B B2 D7 8A 56 B4 02 7C E0 03 1F F8 C0 07 3E F0 81 0F 7C E4
[21:13:26.035] ADDR:0xEA TYPE:ELRS_STATUS               LEN:15 | EA 0D 3A EA EE 10 00 03 0D 40 00 00 00 A0 DE
[21:13:26.045] ADDR:0xEE TYPE:RC_CHANNELS_PACKED        LEN:26 | EE 18 16 E0 C3 5E 2B B2 D7 8A 56 B4 02 7C E0 03 1F F8 C0 07 3E F0 81 0F 7C E4
[21:13:26.065] ADDR:0xEE TYPE:RC_CHANNELS_PACKED        LEN:26 | EE 18 16 E0 C3 5E 2B B2 D7 8A 56 B4 02 7C E0 03 1F F8 C0 07 3E F0 81 0F 7C E4
[21:13:26.096] ADDR:0xEE TYPE:RC_CHANNELS_PACKED        LEN:26 | EE 18 16 E0 C3 5E 2B B2 D7 8A 56 B4 02 7C E0 03 1F F8 C0 07 3E F0 81 0F 7C E4
[21:13:26.106] ADDR:0xEE TYPE:RC_CHANNELS_PACKED        LEN:26 | EE 18 16 E0 C3 5E 2B B2 D7 8A 56 B4 02 7C E0 03 1F F8 C0 07 3E F0 81 0F 7C E4
[21:13:26.126] ADDR:0xEE TYPE:RC_CHANNELS_PACKED        LEN:26 | EE 18 16 E0 C3 5E 2B B2 D7 8A 56 B4 02 7C E0 03 1F F8 C0 07 3E F0 81 0F 7C E4
[21:13:26.146] ADDR:0xEE TYPE:RC_CHANNELS_PACKED        LEN:26 | EE 18 16 E0 C3 5E 2B B2 D7 8A 56 B4 02 7C E0 03 1F F8 C0 07 3E F0 81 0F 7C E4
[21:13:26.176] ADDR:0xEE TYPE:RC_CHANNELS_PACKED        LEN:26 | EE 18 16 E0 C3 5E 2B B2 D7 8A 56 B4 02 7C E0 03 1F F8 C0 07 3E F0 81 0F 7C E4
[21:13:26.187] ADDR:0xEE TYPE:RC_CHANNELS_PACKED        LEN:26 | EE 18 16 E0 C3 5E 2B B2 D7 8A 56 B4 02 7C E0 03 1F F8 C0 07 3E F0 81 0F 7C E4
[21:13:26.207] ADDR:0xEE TYPE:RC_CHANNELS_PACKED        LEN:26 | EE 18 16 E0 C3 5E 2B B0 D7 8A 56 B4 02 7C E0 03 1F F8 C0 07 3E F0 81 0F 7C 98
[21:13:26.217] ADDR:0xEE TYPE:RC_CHANNELS_PACKED        LEN:26 | EE 18 16 E0 BB 5E 2B B4 D7 8A 56 B4 02 7C E0 03 1F F8 C0 07 3E F0 81 0F 7C C0
[21:13:26.217] ADDR:0xEA TYPE:ELRS_STATUS               LEN:15 | EA 0D 3A EA EE 10 00 03 0D 40 00 00 00 A0 DE
[21:13:26.257] ADDR:0xEE TYPE:RC_CHANNELS_PACKED        LEN:26 | EE 18 16 E0 C3 5E 2B B2 D7 8A 56 B4 02 7C E0 03 1F F8 C0 07 3E F0 81 0F 7C E4
[21:13:26.268] ADDR:0xEE TYPE:RC_CHANNELS_PACKED        LEN:26 | EE 18 16 E0 C3 5E 2B B0 D7 8A 56 B4 02 7C E0 03 1F F8 C0 07 3E F0 81 0F 7C 98
[21:13:26.288] ADDR:0xEE TYPE:RC_CHANNELS_PACKED        LEN:26 | EE 18 16 E0 C3 5E 2B B4 D7 8A 56 B4 02 7C E0 03 1F F8 C0 07 3E F0 81 0F 7C 60
[21:13:26.298] ADDR:0xEE TYPE:RC_CHANNELS_PACKED        LEN:26 | EE 18 16 E0 C3 5E 2B B2 D7 8A 56 B4 02 7C E0 03 1F F8 C0 07 3E F0 81 0F 7C E4
[21:13:26.339] ADDR:0xEE TYPE:RC_CHANNELS_PACKED        LEN:26 | EE 18 16 E0 C3 5E 2B B2 D7 8A 56 B4 02 7C E0 03 1F F8 C0 07 3E F0 81 0F 7C E4
[21:13:26.349] ADDR:0xEE TYPE:RC_CHANNELS_PACKED        LEN:26 | EE 18 16 E0 C3 5E 2B B2 D7 8A 56 B4 02 7C E0 03 1F F8 C0 07 3E F0 81 0F 7C E4
[21:13:26.369] ADDR:0xEE TYPE:RC_CHANNELS_PACKED        LEN:26 | EE 18 16 E0 C3 5E 2B B2 D7 8A 56 B4 02 7C E0 03 1F F8 C0 07 3E F0 81 0F 7C E4
[21:13:26.380] ADDR:0xEE TYPE:RC_CHANNELS_PACKED        LEN:26 | EE 18 16 E0 C3 5E 2B B2 D7 8A 56 B4 02 7C E0 03 1F F8 C0 07 3E F0 81 0F 7C E4
[21:13:26.410] ADDR:0xEE TYPE:RC_CHANNELS_PACKED        LEN:26 | EE 18 16 E0 C3 5E 2B B2 D7 8A 56 B4 02 7C E0 03 1F F8 C0 07 3E F0 81 0F 7C E4
[21:13:26.430] ADDR:0xEE TYPE:RC_CHANNELS_PACKED        LEN:26 | EE 18 16 E0 C3 5E 2B B0 D7 8A 56 B4 02 7C E0 03 1F F8 C0 07 3E F0 81 0F 7C 98
[21:13:26.430] ADDR:0xEA TYPE:ELRS_STATUS               LEN:15 | EA 0D 3A EA EE 10 00 03 0D 40 00 00 00 E6 C2
[21:13:26.451] ADDR:0xEE TYPE:RC_CHANNELS_PACKED        LEN:26 | EE 18 16 E0 C3 5E 2B B2 D7 8A 56 B4 02 7C E0 03 1F F8 C0 07 3E F0 81 0F 7C E4
[21:13:26.461] ADDR:0xEE TYPE:RC_CHANNELS_PACKED        LEN:26 | EE 18 16 E0 C3 5E 2B B2 D7 8A 56 B4 02 7C E0 03 1F F8 C0 07 3E F0 81 0F 7C E4
[21:13:26.491] ADDR:0xEE TYPE:RC_CHANNELS_PACKED        LEN:26 | EE 18 16 E0 C3 5E 2B B2 D7 8A 56 B4 02 7C E0 03 1F F8 C0 07 3E F0 81 0F 7C E4
[21:13:26.511] ADDR:0xEE TYPE:RC_CHANNELS_PACKED        LEN:26 | EE 18 16 E0 C3 5E 2B B0 D7 8A 56 B4 02 7C E0 03 1F F8 C0 07 3E F0 81 0F 7C 98
[21:13:26.522] ADDR:0xEE TYPE:RC_CHANNELS_PACKED        LEN:26 | EE 18 16 E0 C3 5E 2B B2 D7 8A 56 B4 02 7C E0 03 1F F8 C0 07 3E F0 81 0F 7C E4
[21:13:26.542] ADDR:0xEE TYPE:RC_CHANNELS_PACKED        LEN:26 | EE 18 16 E0 D3 5E 2B AE D7 8A 56 B4 02 7C E0 03 1F F8 C0 07 3E F0 81 0F 7C 22
[21:13:26.572] ADDR:0xEE TYPE:DEVICE_PING               LEN:06 | EE 04 28 00 EA 54
[21:13:26.592] ADDR:0xEE TYPE:RC_CHANNELS_PACKED        LEN:26 | EE 18 16 E0 C3 5E 2B B2 D7 8A 56 B4 02 7C E0 03 1F F8 C0 07 3E F0 81 0F 7C E4
[21:13:26.593] ADDR:0xEA TYPE:DEVICE_INFO               LEN:34 | EA 20 29 EA EE 48 4D 20 45 53 32 34 54 58 20 50 72 6F 00 45 4C 52 53 00 00 00 00 00 03 06 02 20 00 90
[21:13:26.603] ADDR:0xEE TYPE:RC_CHANNELS_PACKED        LEN:26 | EE 18 16 E0 C3 5E 2B B2 D7 8A 56 B4 02 7C E0 03 1F F8 C0 07 3E F0 81 0F 7C E4
[21:13:26.623] ADDR:0xEE TYPE:RC_CHANNELS_PACKED        LEN:26 | EE 18 16 E0 C3 5E 2B AE D7 8A 56 B4 02 7C E0 03 1F F8 C0 07 3E F0 81 0F 7C 73
[21:13:26.623] ADDR:0xEA TYPE:ELRS_STATUS               LEN:15 | EA 0D 3A EA EE 10 00 03 0D 40 FF FF FF 2E 41
[21:13:26.654] ADDR:0xEE TYPE:RC_CHANNELS_PACKED        LEN:26 | EE 18 16 E0 C3 5E 2B B0 D7 8A 56 B4 02 7C E0 03 1F F8 C0 07 3E F0 81 0F 7C 98
[21:13:26.674] ADDR:0xEE TYPE:RC_CHANNELS_PACKED        LEN:26 | EE 18 16 E0 C3 5E 2B AE D7 8A 56 B4 02 7C E0 03 1F F8 C0 07 3E F0 81 0F 7C 73
[21:13:26.684] ADDR:0xEE TYPE:RC_CHANNELS_PACKED        LEN:26 | EE 18 16 E0 C3 5E 2B B2 D7 8A 56 B4 02 7C E0 03 1F F8 C0 07 3E F0 81 0F 7C E4
[21:13:26.705] ADDR:0xEE TYPE:RC_CHANNELS_PACKED        LEN:26 | EE 18 16 E0 C3 5E 2B B2 D7 8A 56 B4 02 7C E0 03 1F F8 C0 07 3E F0 81 0F 7C E4
[21:13:26.735] ADDR:0xEE TYPE:RC_CHANNELS_PACKED        LEN:26 | EE 18 16 E0 C3 5E 2B B2 D7 8A 56 B4 02 7C E0 03 1F F8 C0 07 3E F0 81 0F 7C E4
[21:13:26.745] ADDR:0xEE TYPE:RC_CHANNELS_PACKED        LEN:26 | EE 18 16 E0 C3 5E 2B B2 D7 8A 56 B4 02 7C E0 03 1F F8 C0 07 3E F0 81 0F 7C E4
[21:13:26.765] ADDR:0xEE TYPE:RC_CHANNELS_PACKED        LEN:26 | EE 18 16 E0 C3 5E 2B B2 D7 8A 56 B4 02 7C E0 03 1F F8 C0 07 3E F0 81 0F 7C E4
[21:13:26.786] ADDR:0xEE TYPE:RC_CHANNELS_PACKED        LEN:26 | EE 18 16 E0 C3 5E 2B B2 D7 8A 56 B4 02 7C E0 03 1F F8 C0 07 3E F0 81 0F 7C E4
[21:13:26.819] ADDR:0xEE TYPE:RC_CHANNELS_PACKED        LEN:26 | EE 18 16 E0 C3 5E 2B B0 D7 8A 56 B4 02 7C E0 03 1F F8 C0 07 3E F0 81 0F 7C 98
[21:13:26.829] ADDR:0xEE TYPE:RC_CHANNELS_PACKED        LEN:26 | EE 18 16 E0 C3 5E 2B AE D7 8A 56 B4 02 7C E0 03 1F F8 C0 07 3E F0 81 0F 7C 73
[21:13:26.829] ADDR:0xEA TYPE:ELRS_STATUS               LEN:15 | EA 0D 3A EA EE 10 00 03 0D 40 00 00 02 26 A6
[21:13:26.850] ADDR:0xEE TYPE:RC_CHANNELS_PACKED        LEN:26 | EE 18 16 E0 C3 5E 2B AE D7 8A 56 B4 02 7C E0 03 1F F8 C0 07 3E F0 81 0F 7C 73
[21:13:26.860] ADDR:0xEE TYPE:RC_CHANNELS_PACKED        LEN:26 | EE 18 16 E0 C3 5E 2B B2 D7 8A 56 B4 02 7C E0 03 1F F8 C0 07 3E F0 81 0F 7C E4
[21:13:26.890] ADDR:0xEE TYPE:RC_CHANNELS_PACKED        LEN:26 | EE 18 16 E0 C3 5E 2B B2 D7 8A 56 B4 02 7C E0 03 1F F8 C0 07 3E F0 81 0F 7C E4
[21:13:26.910] ADDR:0xEE TYPE:RC_CHANNELS_PACKED        LEN:26 | EE 18 16 E0 BB 5E 2B B0 D7 8A 56 B4 02 7C E0 03 1F F8 C0 07 3E F0 81 0F 7C 38
[21:13:26.931] ADDR:0xEE TYPE:RC_CHANNELS_PACKED        LEN:26 | EE 18 16 E0 C3 5E 2B B2 D7 8A 56 B4 02 7C E0 03 1F F8 C0 07 3E F0 81 0F 7C E4
[21:13:26.941] ADDR:0xEE TYPE:RC_CHANNELS_PACKED        LEN:26 | EE 18 16 E0 C3 5E 2B B2 D7 8A 56 B4 02 7C E0 03 1F F8 C0 07 3E F0 81 0F 7C E4
[21:13:26.971] ADDR:0xEE TYPE:RC_CHANNELS_PACKED        LEN:26 | EE 18 16 E0 C3 5E 2B B2 D7 8A 56 B4 02 7C E0 03 1F F8 C0 07 3E F0 81 0F 7C E4
[21:13:26.992] ADDR:0xEE TYPE:RC_CHANNELS_PACKED        LEN:26 | EE 18 16 DF C3 5E 2B B2 D7 8A 56 B4 02 7C E0 03 1F F8 C0 07 3E F0 81 0F 7C 66
[21:13:27.002] ADDR:0xEE TYPE:RC_CHANNELS_PACKED        LEN:26 | EE 18 16 E0 C3 5E 2B B2 D7 8A 56 B4 02 7C E0 03 1F F8 C0 07 3E F0 81 0F 7C E4
[21:13:27.022] ADDR:0xEE TYPE:RC_CHANNELS_PACKED        LEN:26 | EE 18 16 E0 C3 5E 2B B2 D7 8A 56 B4 02 7C E0 03 1F F8 C0 07 3E F0 81 0F 7C E4
[21:13:27.022] ADDR:0xEA TYPE:ELRS_STATUS               LEN:15 | EA 0D 3A EA EE 10 00 03 0D 40 FF FF FF EC 4C
[21:13:27.052] ADDR:0xEE TYPE:RC_CHANNELS_PACKED        LEN:26 | EE 18 16 E0 C3 5E 2B B2 D7 8A 56 B4 02 7C E0 03 1F F8 C0 07 3E F0 81 0F 7C E4
[21:13:27.073] ADDR:0xEE TYPE:RC_CHANNELS_PACKED        LEN:26 | EE 18 16 E0 C3 5E 2B B2 D7 8A 56 B4 02 7C E0 03 1F F8 C0 07 3E F0 81 0F 7C E4
[21:13:27.083] ADDR:0xEE TYPE:RC_CHANNELS_PACKED        LEN:26 | EE 18 16 E0 C3 5E 2B B2 D7 8A 56 B4 02 7C E0 03 1F F8 C0 07 3E F0 81 0F 7C E4
[21:13:27.103] ADDR:0xEE TYPE:RC_CHANNELS_PACKED        LEN:26 | EE 18 16 E0 C3 5E 2B B0 D7 8A 56 B4 02 7C E0 03 1F F8 C0 07 3E F0 81 0F 7C 98
[21:13:27.133] ADDR:0xEE TYPE:RC_CHANNELS_PACKED        LEN:26 | EE 18 16 E0 C3 5E 2B B2 D7 8A 56 B4 02 7C E0 03 1F F8 C0 07 3E F0 81 0F 7C E4
[21:13:27.153] ADDR:0xEE TYPE:RC_CHANNELS_PACKED        LEN:26 | EE 18 16 E0 C3 5E 2B B2 D7 8A 56 B4 02 7C E0 03 1F F8 C0 07 3E F0 81 0F 7C E4
[21:13:27.164] ADDR:0xEE TYPE:RC_CHANNELS_PACKED        LEN:26 | EE 18 16 E0 C3 5E 2B B2 D7 8A 56 B4 02 7C E0 03 1F F8 C0 07 3E F0 81 0F 7C E4
[21:13:27.184] ADDR:0xEE TYPE:RC_CHANNELS_PACKED        LEN:26 | EE 18 16 E0 C3 5E 2B B2 D7 8A 56 B4 02 7C E0 03 1F F8 C0 07 3E F0 81 0F 7C E4
[21:13:27.215] ADDR:0xEE TYPE:RC_CHANNELS_PACKED        LEN:26 | EE 18 16 E0 C3 5E 2B B2 D7 8A 56 B4 02 7C E0 03 1F F8 C0 07 3E F0 81 0F 7C E4
[21:13:27.235] ADDR:0xEE TYPE:RC_CHANNELS_PACKED        LEN:26 | EE 18 16 E0 BB 5E 2B B2 D7 8A 56 B4 02 7C E0 03 1F F8 C0 07 3E F0 81 0F 7C 44
[21:13:27.235] ADDR:0xEA TYPE:ELRS_STATUS               LEN:15 | EA 0D 3A EA EE 10 00 03 0D 40 00 00 01 54 AF
[21:13:27.245] ADDR:0xEE TYPE:RC_CHANNELS_PACKED        LEN:26 | EE 18 16 E0 C3 5E 2B B0 D7 8A 56 B4 02 7C E0 03 1F F8 C0 07 3E F0 81 0F 7C 98
[21:13:27.265] ADDR:0xEE TYPE:RC_CHANNELS_PACKED        LEN:26 | EE 18 16 E0 C3 5E 2B B2 D7 8A 56 B4 02 7C E0 03 1F F8 C0 07 3E F0 81 0F 7C E4
[21:13:27.296] ADDR:0xEE TYPE:RC_CHANNELS_PACKED        LEN:26 | EE 18 16 E0 C3 5E 2B B2 D7 8A 56 B4 02 7C E0 03 1F F8 C0 07 3E F0 81 0F 7C E4
[21:13:27.306] ADDR:0xEE TYPE:RC_CHANNELS_PACKED        LEN:26 | EE 18 16 E0 C3 5E 2B B2 D7 8A 56 B4 02 7C E0 03 1F F8 C0 07 3E F0 81 0F 7C E4
[21:13:27.326] ADDR:0xEE TYPE:RC_CHANNELS_PACKED        LEN:26 | EE 18 16 E0 C3 5E 2B B2 D7 8A 56 B4 02 7C E0 03 1F F8 C0 07 3E F0 81 0F 7C E4
[21:13:27.346] ADDR:0xEE TYPE:RC_CHANNELS_PACKED        LEN:26 | EE 18 16 E0 C3 5E 2B AE D7 8A 56 B4 02 7C E0 03 1F F8 C0 07 3E F0 81 0F 7C 73
[21:13:27.377] ADDR:0xEE TYPE:RC_CHANNELS_PACKED        LEN:26 | EE 18 16 E0 C3 5E 2B B2 D7 8A 56 B4 02 7C E0 03 1F F8 C0 07 3E F0 81 0F 7C E4
[21:13:27.387] ADDR:0xEE TYPE:RC_CHANNELS_PACKED        LEN:26 | EE 18 16 E0 C3 5E 2B B2 D7 8A 56 B4 02 7C E0 03 1F F8 C0 07 3E F0 81 0F 7C E4
[21:13:27.407] ADDR:0xEE TYPE:RC_CHANNELS_PACKED        LEN:26 | EE 18 16 E0 C3 5E 2B B2 D7 8A 56 B4 02 7C E0 03 1F F8 C0 07 3E F0 81 0F 7C E4
[21:13:27.418] ADDR:0xEE TYPE:RC_CHANNELS_PACKED        LEN:26 | EE 18 16 E0 C3 5E 2B B2 D7 8A 56 B4 02 7C E0 03 1F F8 C0 07 3E F0 81 0F 7C E4
[21:13:27.418] ADDR:0xEA TYPE:ELRS_STATUS               LEN:15 | EA 0D 3A EA EE 10 00 03 0D 40 00 00 00 14 39
[21:13:27.458] ADDR:0xEE TYPE:RC_CHANNELS_PACKED        LEN:26 | EE 18 16 E0 C3 5E 2B B2 D7 8A 56 B4 02 7C E0 03 1F F8 C0 07 3E F0 81 0F 7C E4
[21:13:27.468] ADDR:0xEE TYPE:RC_CHANNELS_PACKED        LEN:26 | EE 18 16 E0 C3 5E 2B B0 D7 8A 56 B4 02 7C E0 03 1F F8 C0 07 3E F0 81 0F 7C 98
[21:13:27.488] ADDR:0xEE TYPE:RC_CHANNELS_PACKED        LEN:26 | EE 18 16 E0 C3 5E 2B B2 D7 8A 56 B4 02 7C E0 03 1F F8 C0 07 3E F0 81 0F 7C E4
[21:13:27.499] ADDR:0xEE TYPE:RC_CHANNELS_PACKED        LEN:26 | EE 18 16 E0 C3 5E 2B B2 D7 8A 56 B4 02 7C E0 03 1F F8 C0 07 3E F0 81 0F 7C E4
[21:13:27.539] ADDR:0xEE TYPE:RC_CHANNELS_PACKED        LEN:26 | EE 18 16 E0 C3 5E 2B B2 D7 8A 56 B4 02 7C E0 03 1F F8 C0 07 3E F0 81 0F 7C E4
[21:13:27.549] ADDR:0xEE TYPE:RC_CHANNELS_PACKED        LEN:26 | EE 18 16 E0 C3 5E 2B AE D7 8A 56 B4 02 7C E0 03 1F F8 C0 07 3E F0 81 0F 7C 73
[21:13:27.569] ADDR:0xEE TYPE:RC_CHANNELS_PACKED        LEN:26 | EE 18 16 E0 C3 5E 2B B2 D7 8A 56 B4 02 7C E0 03 1F F8 C0 07 3E F0 81 0F 7C E4
[21:13:27.580] ADDR:0xEE TYPE:RC_CHANNELS_PACKED        LEN:26 | EE 18 16 E0 C3 5E 2B B2 D7 8A 56 B4 02 7C E0 03 1F F8 C0 07 3E F0 81 0F 7C E4
[21:13:27.610] ADDR:0xEE TYPE:RC_CHANNELS_PACKED        LEN:26 | EE 18 16 E0 C3 5E 2B B2 D7 8A 56 B4 02 7C E0 03 1F F8 C0 07 3E F0 81 0F 7C E4
[21:13:27.631] ADDR:0xEE TYPE:DEVICE_PING               LEN:06 | EE 04 28 00 EA 54
[21:13:27.631] ADDR:0xEA TYPE:ELRS_STATUS               LEN:15 | EA 0D 3A EA EE 10 00 03 0D 40 00 00 01 68 8E
[21:13:27.642] ADDR:0xEE TYPE:RC_CHANNELS_PACKED        LEN:26 | EE 18 16 E0 C3 5E 2B B2 D7 8A 56 B4 02 7C E0 03 1F F8 C0 07 3E F0 81 0F 7C E4
[21:13:27.642] ADDR:0xEA TYPE:DEVICE_INFO               LEN:34 | EA 20 29 EA EE 48 4D 20 45 53 32 34 54 58 20 50 72 6F 00 45 4C 52 53 00 00 00 00 00 03 06 02 20 00 90
[21:13:27.662] ADDR:0xEE TYPE:RC_CHANNELS_PACKED        LEN:26 | EE 18 16 E0 C3 5E 2B B2 D7 8A 56 B4 02 7C E0 03 1F F8 C0 07 3E F0 81 0F 7C E4
[21:13:27.693] ADDR:0xEE TYPE:RC_CHANNELS_PACKED        LEN:26 | EE 18 16 E0 C3 5E 2B B2 D7 8A 56 B4 02 7C E0 03 1F F8 C0 07 3E F0 81 0F 7C E4
[21:13:27.713] ADDR:0xEE TYPE:RC_CHANNELS_PACKED        LEN:26 | EE 18 16 E0 C3 5E 2B B2 D7 8A 56 B4 02 7C E0 03 1F F8 C0 07 3E F0 81 0F 7C E4
[21:13:27.723] ADDR:0xEE TYPE:RC_CHANNELS_PACKED        LEN:26 | EE 18 16 E0 C3 5E 2B B2 D7 8A 56 B4 02 7C E0 03 1F F8 C0 07 3E F0 81 0F 7C E4
[21:13:27.743] ADDR:0xEE TYPE:RC_CHANNELS_PACKED        LEN:26 | EE 18 16 E0 C3 5E 2B B2 D7 8A 56 B4 02 7C E0 03 1F F8 C0 07 3E F0 81 0F 7C E4
[21:13:27.774] ADDR:0xEE TYPE:RC_CHANNELS_PACKED        LEN:26 | EE 18 16 E0 C3 5E 2B B2 D7 8A 56 B4 02 7C E0 03 1F F8 C0 07 3E F0 81 0F 7C E4
[21:13:27.794] ADDR:0xEE TYPE:RC_CHANNELS_PACKED        LEN:26 | EE 18 16 E0 C3 5E 2B B2 D7 8A 56 B4 02 7C E0 03 1F F8 C0 07 3E F0 81 0F 7C E4
[21:13:27.804] ADDR:0xEE TYPE:RC_CHANNELS_PACKED        LEN:26 | EE 18 16 E0 C3 5E 2B B2 D7 8A 56 B4 02 7C E0 03 1F F8 C0 07 3E F0 81 0F 7C E4
[21:13:27.824] ADDR:0xEE TYPE:RC_CHANNELS_PACKED        LEN:26 | EE 18 16 E0 C3 5E 2B B2 D7 8A 56 B4 02 7C E0 03 1F F8 C0 07 3E F0 81 0F 7C E4
[21:13:27.824] ADDR:0xEA TYPE:ELRS_STATUS               LEN:15 | EA 0D 3A EA EE 10 00 03 0D 40 00 00 00 A0 DE
[21:13:27.855] ADDR:0xEE TYPE:RC_CHANNELS_PACKED        LEN:26 | EE 18 16 E0 C3 5E 2B B2 D7 8A 56 B4 02 7C E0 03 1F F8 C0 07 3E F0 81 0F 7C E4
[21:13:27.875] ADDR:0xEE TYPE:RC_CHANNELS_PACKED        LEN:26 | EE 18 16 E0 C3 5E 2B B2 D7 8A 56 B4 02 7C E0 03 1F F8 C0 07 3E F0 81 0F 7C E4
[21:13:27.885] ADDR:0xEE TYPE:RC_CHANNELS_PACKED        LEN:26 | EE 18 16 E0 C3 5E 2B B4 D7 8A 56 B4 02 7C E0 03 1F F8 C0 07 3E F0 81 0F 7C 60
[21:13:27.908] ADDR:0xEE TYPE:RC_CHANNELS_PACKED        LEN:26 | EE 18 16 E0 C3 5E 2B B0 D7 8A 56 B4 02 7C E0 03 1F F8 C0 07 3E F0 81 0F 7C 98
[21:13:27.938] ADDR:0xEE TYPE:RC_CHANNELS_PACKED        LEN:26 | EE 18 16 E0 C3 5E 2B B2 D7 8A 56 B4 02 7C E0 03 1F F8 C0 07 3E F0 81 0F 7C E4
[21:13:27.948] ADDR:0xEE TYPE:RC_CHANNELS_PACKED        LEN:26 | EE 18 16 E0 C3 5E 2B B2 D7 8A 56 B4 02 7C E0 03 1F F8 C0 07 3E F0 81 0F 7C E4
[21:13:27.969] ADDR:0xEE TYPE:RC_CHANNELS_PACKED        LEN:26 | EE 18 16 E0 C3 5E 2B B4 D7 8A 56 B4 02 7C E0 03 1F F8 C0 07 3E F0 81 0F 7C 60
[21:13:27.979] ADDR:0xEE TYPE:RC_CHANNELS_PACKED        LEN:26 | EE 18 16 E0 C3 5E 2B B2 D7 8A 56 B4 02 7C E0 03 1F F8 C0 07 3E F0 81 0F 7C E4
[21:13:28.009] ADDR:0xEE TYPE:RC_CHANNELS_PACKED        LEN:26 | EE 18 16 E0 C3 5E 2B B2 D7 8A 56 B4 02 7C E0 03 1F F8 C0 07 3E F0 81 0F 7C E4
[21:13:28.030] ADDR:0xEE TYPE:RC_CHANNELS_PACKED        LEN:26 | EE 18 16 E0 C3 5E 2B B2 D7 8A 56 B4 02 7C E0 03 1F F8 C0 07 3E F0 81 0F 7C E4
[21:13:28.030] ADDR:0xEA TYPE:ELRS_STATUS               LEN:15 | EA 0D 3A EA EE 10 00 03 0D 40 00 00 00 14 39
[21:13:28.050] ADDR:0xEE TYPE:RC_CHANNELS_PACKED        LEN:26 | EE 18 16 E0 C3 5E 2B B2 D7 8A 56 B4 02 7C E0 03 1F F8 C0 07 3E F0 81 0F 7C E4
[21:13:28.060] ADDR:0xEE TYPE:RC_CHANNELS_PACKED        LEN:26 | EE 18 16 E0 BB 5E 2B B0 D7 8A 56 B4 02 7C E0 03 1F F8 C0 07 3E F0 81 0F 7C 38
[21:13:28.090] ADDR:0xEE TYPE:RC_CHANNELS_PACKED        LEN:26 | EE 18 16 E0 BB 5E 2B B0 D7 8A 56 B4 02 7C E0 03 1F F8 C0 07 3E F0 81 0F 7C 38
[21:13:28.111] ADDR:0xEE TYPE:RC_CHANNELS_PACKED        LEN:26 | EE 18 16 E0 C3 5E 2B AE D7 8A 56 B4 02 7C E0 03 1F F8 C0 07 3E F0 81 0F 7C 73
[21:13:28.131] ADDR:0xEE TYPE:RC_CHANNELS_PACKED        LEN:26 | EE 18 16 E0 BB 5E 2B B2 D7 8A 56 B4 02 7C E0 03 1F F8 C0 07 3E F0 81 0F 7C 44
[21:13:28.141] ADDR:0xEE TYPE:RC_CHANNELS_PACKED        LEN:26 | EE 18 16 E0 C3 5E 2B B2 D7 8A 56 B4 02 7C E0 03 1F F8 C0 07 3E F0 81 0F 7C E4
[21:13:28.171] ADDR:0xEE TYPE:RC_CHANNELS_PACKED        LEN:26 | EE 18 16 E0 C3 5E 2B B0 D7 8A 56 B4 02 7C E0 03 1F F8 C0 07 3E F0 81 0F 7C 98
[21:13:28.192] ADDR:0xEE TYPE:RC_CHANNELS_PACKED        LEN:26 | EE 18 16 DF C3 5E 2B B2 D7 8A 56 B4 02 7C E0 03 1F F8 C0 07 3E F0 81 0F 7C 66
[21:13:28.202] ADDR:0xEE TYPE:RC_CHANNELS_PACKED        LEN:26 | EE 18 16 E0 C3 5E 2B B2 D7 8A 56 B4 02 7C E0 03 1F F8 C0 07 3E F0 81 0F 7C E4
[21:13:28.222] ADDR:0xEE TYPE:RC_CHANNELS_PACKED        LEN:26 | EE 18 16 E0 C3 5E 2B B2 D7 8A 56 B4 02 7C E0 03 1F F8 C0 07 3E F0 81 0F 7C E4
[21:13:28.222] ADDR:0xEA TYPE:ELRS_STATUS               LEN:15 | EA 0D 3A EA EE 10 00 03 0D 40 00 00 01 5E F9
[21:13:28.252] ADDR:0xEE TYPE:RC_CHANNELS_PACKED        LEN:26 | EE 18 16 E0 C3 5E 2B B2 D7 8A 56 B4 02 7C E0 03 1F F8 C0 07 3E F0 81 0F 7C E4
[21:13:28.273] ADDR:0xEE TYPE:RC_CHANNELS_PACKED        LEN:26 | EE 18 16 E0 C3 5E 2B B2 D7 8A 56 B4 02 7C E0 03 1F F8 C0 07 3E F0 81 0F 7C E4
[21:13:28.283] ADDR:0xEE TYPE:RC_CHANNELS_PACKED        LEN:26 | EE 18 16 E0 C3 5E 2B B0 D7 8A 56 B4 02 7C E0 03 1F F8 C0 07 3E F0 81 0F 7C 98
[21:13:28.304] ADDR:0xEE TYPE:RC_CHANNELS_PACKED        LEN:26 | EE 18 16 E0 C3 5E 2B AE D7 8A 56 B4 02 7C E0 03 1F F8 C0 07 3E F0 81 0F 7C 73
[21:13:28.334] ADDR:0xEE TYPE:RC_CHANNELS_PACKED        LEN:26 | EE 18 16 E0 C3 5E 2B B2 D7 8A 56 B4 02 7C E0 03 1F F8 C0 07 3E F0 81 0F 7C E4
[21:13:28.355] ADDR:0xEE TYPE:RC_CHANNELS_PACKED        LEN:26 | EE 18 16 E0 C3 5E 2B B2 D7 8A 56 B4 02 7C E0 03 1F F8 C0 07 3E F0 81 0F 7C E4
[21:13:28.365] ADDR:0xEE TYPE:RC_CHANNELS_PACKED        LEN:26 | EE 18 16 E0 C3 5E 2B B2 D7 8A 56 B4 02 7C E0 03 1F F8 C0 07 3E F0 81 0F 7C E4
[21:13:28.385] ADDR:0xEE TYPE:RC_CHANNELS_PACKED        LEN:26 | EE 18 16 E0 C3 5E 2B B2 D7 8A 56 B4 02 7C E0 03 1F F8 C0 07 3E F0 81 0F 7C E4
[21:13:28.415] ADDR:0xEE TYPE:RC_CHANNELS_PACKED        LEN:26 | EE 18 16 E0 C3 5E 2B B2 D7 8A 56 B4 02 7C E0 03 1F F8 C0 07 3E F0 81 0F 7C E4
[21:13:28.426] ADDR:0xEE TYPE:RC_CHANNELS_PACKED        LEN:26 | EE 18 16 E0 C3 5E 2B B2 D7 8A 56 B4 02 7C E0 03 1F F8 C0 07 3E F0 81 0F 7C E4
[21:13:28.426] ADDR:0xEA TYPE:ELRS_STATUS               LEN:15 | EA 0D 3A EA EE 10 00 03 0D 40 00 00 00 82 05
[21:13:28.446] ADDR:0xEE TYPE:RC_CHANNELS_PACKED        LEN:26 | EE 18 16 E0 C3 5E 2B B2 D7 8A 56 B4 02 7C E0 03 1F F8 C0 07 3E F0 81 0F 7C E4
[21:13:28.466] ADDR:0xEE TYPE:RC_CHANNELS_PACKED        LEN:26 | EE 18 16 E0 C3 5E 2B B2 D7 8A 56 B4 02 7C E0 03 1F F8 C0 07 3E F0 81 0F 7C E4
[21:13:28.497] ADDR:0xEE TYPE:RC_CHANNELS_PACKED        LEN:26 | EE 18 16 E0 C3 5E 2B B0 D7 8A 56 B4 02 7C E0 03 1F F8 C0 07 3E F0 81 0F 7C 98
[21:13:28.507] ADDR:0xEE TYPE:RC_CHANNELS_PACKED        LEN:26 | EE 18 16 E0 C3 5E 2B B2 D7 8A 56 B4 02 7C E0 03 1F F8 C0 07 3E F0 81 0F 7C E4
[21:13:28.527] ADDR:0xEE TYPE:RC_CHANNELS_PACKED        LEN:26 | EE 18 16 E0 C3 5E 2B B2 D7 8A 56 B4 02 7C E0 03 1F F8 C0 07 3E F0 81 0F 7C E4
[21:13:28.537] ADDR:0xEE TYPE:RC_CHANNELS_PACKED        LEN:26 | EE 18 16 E0 C3 5E 2B B2 D7 8A 56 B4 02 7C E0 03 1F F8 C0 07 3E F0 81 0F 7C E4
[21:13:28.578] ADDR:0xEE TYPE:RC_CHANNELS_PACKED        LEN:26 | EE 18 16 E0 C3 5E 2B B2 D7 8A 56 B4 02 7C E0 03 1F F8 C0 07 3E F0 81 0F 7C E4
[21:13:28.588] ADDR:0xEE TYPE:RC_CHANNELS_PACKED        LEN:26 | EE 18 16 E0 C3 5E 2B B2 D7 8A 56 B4 02 7C E0 03 1F F8 C0 07 3E F0 81 0F 7C E4
[21:13:28.608] ADDR:0xEE TYPE:RC_CHANNELS_PACKED        LEN:26 | EE 18 16 E0 BB 5E 2B B2 D7 8A 56 B4 02 7C E0 03 1F F8 C0 07 3E F0 81 0F 7C 44
[21:13:28.618] ADDR:0xEE TYPE:RC_CHANNELS_PACKED        LEN:26 | EE 18 16 E0 C3 5E 2B B2 D7 8A 56 B4 02 7C E0 03 1F F8 C0 07 3E F0 81 0F 7C E4
[21:13:28.619] ADDR:0xEA TYPE:ELRS_STATUS               LEN:15 | EA 0D 3A EA EE 10 00 03 0D 40 00 00 00 3C B4
[21:13:28.659] ADDR:0xEE TYPE:RC_CHANNELS_PACKED        LEN:26 | EE 18 16 E0 C3 5E 2B B0 D7 8A 56 B4 02 7C E0 03 1F F8 C0 07 3E F0 81 0F 7C 98
[21:13:28.669] ADDR:0xEE TYPE:DEVICE_PING               LEN:06 | EE 04 28 00 EA 54
[21:13:28.689] ADDR:0xEE TYPE:RC_CHANNELS_PACKED        LEN:26 | EE 18 16 E0 C3 5E 2B B2 D7 8A 56 B4 02 7C E0 03 1F F8 C0 07 3E F0 81 0F 7C E4
[21:13:28.690] ADDR:0xEA TYPE:DEVICE_INFO               LEN:34 | EA 20 29 EA EE 48 4D 20 45 53 32 34 54 58 20 50 72 6F 00 45 4C 52 53 00 00 00 00 00 03 06 02 20 00 90
[21:13:28.700] ADDR:0xEE TYPE:RC_CHANNELS_PACKED        LEN:26 | EE 18 16 E0 C3 5E 2B B2 D7 8A 56 B4 02 7C E0 03 1F F8 C0 07 3E F0 81 0F 7C E4
[21:13:28.730] ADDR:0xEE TYPE:RC_CHANNELS_PACKED        LEN:26 | EE 18 16 E0 C3 5E 2B B0 D7 8A 56 B4 02 7C E0 03 1F F8 C0 07 3E F0 81 0F 7C 98
[21:13:28.750] ADDR:0xEE TYPE:RC_CHANNELS_PACKED        LEN:26 | EE 18 16 E0 C3 5E 2B B2 D7 8A 56 B4 02 7C E0 03 1F F8 C0 07 3E F0 81 0F 7C E4
[21:13:28.770] ADDR:0xEE TYPE:RC_CHANNELS_PACKED        LEN:26 | EE 18 16 E0 C3 5E 2B B4 D7 8A 56 B4 02 7C E0 03 1F F8 C0 07 3E F0 81 0F 7C 60
[21:13:28.781] ADDR:0xEE TYPE:RC_CHANNELS_PACKED        LEN:26 | EE 18 16 E0 C3 5E 2B B2 D7 8A 56 B4 02 7C E0 03 1F F8 C0 07 3E F0 81 0F 7C E4
[21:13:28.811] ADDR:0xEE TYPE:RC_CHANNELS_PACKED        LEN:26 | EE 18 16 E0 C3 5E 2B B2 D7 8A 56 B4 02 7C E0 03 1F F8 C0 07 3E F0 81 0F 7C E4
[21:13:28.831] ADDR:0xEE TYPE:RC_CHANNELS_PACKED        LEN:26 | EE 18 16 E0 C3 5E 2B B2 D7 8A 56 B4 02 7C E0 03 1F F8 C0 07 3E F0 81 0F 7C E4
[21:13:28.831] ADDR:0xEA TYPE:ELRS_STATUS               LEN:15 | EA 0D 3A EA EE 10 00 03 0D 40 00 00 00 A0 DE
[21:13:28.841] ADDR:0xEE TYPE:RC_CHANNELS_PACKED        LEN:26 | EE 18 16 E0 C3 5E 2B AE D7 8A 56 B4 02 7C E0 03 1F F8 C0 07 3E F0 81 0F 7C 73
[21:13:28.862] ADDR:0xEE TYPE:RC_CHANNELS_PACKED        LEN:26 | EE 18 16 E0 C3 5E 2B B2 D7 8A 56 B4 02 7C E0 03 1F F8 C0 07 3E F0 81 0F 7C E4
[21:13:28.892] ADDR:0xEE TYPE:RC_CHANNELS_PACKED        LEN:26 | EE 18 16 E0 D3 5E 2B B0 D7 8A 56 B4 02 7C E0 03 1F F8 C0 07 3E F0 81 0F 7C C9
[21:13:28.912] ADDR:0xEE TYPE:RC_CHANNELS_PACKED        LEN:26 | EE 18 16 E0 C3 5E 2B B2 D7 8A 56 B4 02 7C E0 03 1F F8 C0 07 3E F0 81 0F 7C E4
[21:13:28.922] ADDR:0xEE TYPE:RC_CHANNELS_PACKED        LEN:26 | EE 18 16 E0 C3 5E 2B B2 D7 8A 56 B4 02 7C E0 03 1F F8 C0 07 3E F0 81 0F 7C E4
[21:13:28.943] ADDR:0xEE TYPE:RC_CHANNELS_PACKED        LEN:26 | EE 18 16 E0 C3 5E 2B B0 D7 8A 56 B4 02 7C E0 03 1F F8 C0 07 3E F0 81 0F 7C 98
[21:13:28.973] ADDR:0xEE TYPE:DEVICE_PING               LEN:06 | EE 04 28 EE EA 97
[21:13:28.994] ADDR:0xEE TYPE:RC_CHANNELS_PACKED        LEN:26 | EE 18 16 E0 C3 5E 2B B0 D7 8A 56 B4 02 7C E0 03 1F F8 C0 07 3E F0 81 0F 7C 98
[21:13:28.994] ADDR:0xEA TYPE:DEVICE_INFO               LEN:34 | EA 20 29 EA EE 48 4D 20 45 53 32 34 54 58 20 50 72 6F 00 45 4C 52 53 00 00 00 00 00 03 06 02 20 00 90
[21:13:29.004] ADDR:0xEE TYPE:RC_CHANNELS_PACKED        LEN:26 | EE 18 16 E0 C3 5E 2B B0 D7 8A 56 B4 02 7C E0 03 1F F8 C0 07 3E F0 81 0F 7C 98
[21:13:29.024] ADDR:0xEE TYPE:RC_CHANNELS_PACKED        LEN:26 | EE 18 16 E0 C3 5E 2B B2 D7 8A 56 B4 02 7C E0 03 1F F8 C0 07 3E F0 81 0F 7C E4
[21:13:29.024] ADDR:0xEA TYPE:ELRS_STATUS               LEN:15 | EA 0D 3A EA EE 10 00 03 0D 40 FF FF FE E8 B9
[21:13:29.055] ADDR:0xEE TYPE:RC_CHANNELS_PACKED        LEN:26 | EE 18 16 E0 C3 5E 2B B0 D7 8A 56 B4 02 7C E0 03 1F F8 C0 07 3E F0 81 0F 7C 98
[21:13:29.075] ADDR:0xEE TYPE:PARAMETER_READ            LEN:08 | EE 06 2C EE EA 01 00 86
[21:13:29.095] ADDR:0xEE TYPE:RC_CHANNELS_PACKED        LEN:26 | EE 18 16 E0 C3 5E 2B B2 D7 8A 56 B4 02 7C E0 03 1F F8 C0 07 3E F0 81 0F 7C E4
[21:13:29.095] ADDR:0xEA TYPE:PARAMETER_SETTINGS_ENTRY  LEN:64 | EA 3E 2B EA EE 01 02 00 09 50 61 63 6B 65 74 20 52 61 74 65 00 35 30 48 7A 28 2D 31 31 35 64 42 6D 29 3B 31 30 30 48 7A 20 46 75 6C 6C 28 2D 31 31 32 64 42 6D 29 3B 31 35 30 48 7A 28 2D 31 FC
[21:13:29.115] ADDR:0xEE TYPE:RC_CHANNELS_PACKED        LEN:26 | EE 18 16 E0 BB 5E 2B B2 D7 8A 56 B4 02 7C E0 03 1F F8 C0 07 3E F0 81 0F 7C 44
[21:13:29.126] ADDR:0xEE TYPE:RC_CHANNELS_PACKED        LEN:26 | EE 18 16 E0 C3 5E 2B B2 D7 8A 56 B4 02 7C E0 03 1F F8 C0 07 3E F0 81 0F 7C E4
[21:13:29.146] ADDR:0xEE TYPE:RC_CHANNELS_PACKED        LEN:26 | EE 18 16 E0 C3 5E 2B B2 D7 8A 56 B4 02 7C E0 03 1F F8 C0 07 3E F0 81 0F 7C E4
[21:13:29.166] ADDR:0xEE TYPE:PARAMETER_READ            LEN:08 | EE 06 2C EE EA 01 01 53
[21:13:29.196] ADDR:0xEE TYPE:RC_CHANNELS_PACKED        LEN:26 | EE 18 16 E0 C3 5E 2B B0 D7 8A 56 B4 02 7C E0 03 1F F8 C0 07 3E F0 81 0F 7C 98
[21:13:29.197] ADDR:0xEA TYPE:PARAMETER_SETTINGS_ENTRY  LEN:64 | EA 3E 2B EA EE 01 01 31 32 64 42 6D 29 3B 32 35 30 48 7A 28 2D 31 30 38 64 42 6D 29 3B 33 33 33 48 7A 20 46 75 6C 6C 28 2D 31 30 35 64 42 6D 29 3B 35 30 30 48 7A 28 2D 31 30 35 64 42 6D 29 94
[21:13:29.217] ADDR:0xEE TYPE:RC_CHANNELS_PACKED        LEN:26 | EE 18 16 E0 C3 5E 2B B2 D7 8A 56 B4 02 7C E0 03 1F F8 C0 07 3E F0 81 0F 7C E4
[21:13:29.227] ADDR:0xEE TYPE:RC_CHANNELS_PACKED        LEN:26 | EE 18 16 E0 C3 5E 2B B2 D7 8A 56 B4 02 7C E0 03 1F F8 C0 07 3E F0 81 0F 7C E4
[21:13:29.227] ADDR:0xEA TYPE:ELRS_STATUS               LEN:15 | EA 0D 3A EA EE 10 00 03 0D 40 00 00 01 90 23
[21:13:29.247] ADDR:0xEE TYPE:RC_CHANNELS_PACKED        LEN:26 | EE 18 16 DF C3 5E 2B B2 D7 8A 56 B4 02 7C E0 03 1F F8 C0 07 3E F0 81 0F 7C 66
[21:13:29.257] ADDR:0xEE TYPE:PARAMETER_READ            LEN:08 | EE 06 2C EE EA 01 02 F9
[21:13:29.298] ADDR:0xEE TYPE:RC_CHANNELS_PACKED        LEN:26 | EE 18 16 E0 C3 5E 2B B2 D7 8A 56 B4 02 7C E0 03 1F F8 C0 07 3E F0 81 0F 7C E4
[21:13:29.298] ADDR:0xEA TYPE:PARAMETER_SETTINGS_ENTRY  LEN:56 | EA 36 2B EA EE 01 00 3B 44 32 35 30 28 2D 31 30 34 64 42 6D 29 3B 44 35 30 30 28 2D 31 30 34 64 42 6D 29 3B 46 35 30 30 28 2D 31 30 34 64 42 6D 29 00 00 00 08 00 00 0E
[21:13:29.319] ADDR:0xEE TYPE:RC_CHANNELS_PACKED        LEN:26 | EE 18 16 E0 C3 5E 2B B2 D7 8A 56 B4 02 7C E0 03 1F F8 C0 07 3E F0 81 0F 7C E4
[21:13:29.329] ADDR:0xEE TYPE:RC_CHANNELS_PACKED        LEN:26 | EE 18 16 E0 C3 5E 2B B2 D7 8A 56 B4 02 7C E0 03 1F F8 C0 07 3E F0 81 0F 7C E4
[21:13:29.349] ADDR:0xEE TYPE:RC_CHANNELS_PACKED        LEN:26 | EE 18 16 DF C3 5E 2B B2 D7 8A 56 B4 02 7C E0 03 1F F8 C0 07 3E F0 81 0F 7C 66
[21:13:29.359] ADDR:0xEE TYPE:PARAMETER_READ            LEN:08 | EE 06 2C EE EA 02 00 9B
[21:13:29.399] ADDR:0xEE TYPE:RC_CHANNELS_PACKED        LEN:26 | EE 18 16 E0 C3 5E 2B B2 D7 8A 56 B4 02 7C E0 03 1F F8 C0 07 3E F0 81 0F 7C E4
[21:13:29.400] ADDR:0xEA TYPE:PARAMETER_SETTINGS_ENTRY  LEN:64 | EA 3E 2B EA EE 02 01 00 09 54 65 6C 65 6D 20 52 61 74 69 6F 00 53 74 64 3B 4F 66 66 3B 31 3A 31 32 38 3B 31 3A 36 34 3B 31 3A 33 32 3B 31 3A 31 36 3B 31 3A 38 3B 31 3A 34 3B 31 3A 32 3B 52 B8
[21:13:29.410] ADDR:0xEE TYPE:RC_CHANNELS_PACKED        LEN:26 | EE 18 16 E0 C3 5E 2B B2 D7 8A 56 B4 02 7C E0 03 1F F8 C0 07 3E F0 81 0F 7C E4
[21:13:29.430] ADDR:0xEE TYPE:RC_CHANNELS_PACKED        LEN:26 | EE 18 16 E0 C3 5E 2B B2 D7 8A 56 B4 02 7C E0 03 1F F8 C0 07 3E F0 81 0F 7C E4
[21:13:29.430] ADDR:0xEA TYPE:ELRS_STATUS               LEN:15 | EA 0D 3A EA EE 10 00 03 0D 40 00 00 00 00 95
[21:13:29.450] ADDR:0xEE TYPE:RC_CHANNELS_PACKED        LEN:26 | EE 18 16 E0 BB 5E 2B B2 D7 8A 56 B4 02 7C E0 03 1F F8 C0 07 3E F0 81 0F 7C 44
[21:13:29.460] ADDR:0xEE TYPE:PARAMETER_READ            LEN:08 | EE 06 2C EE EA 02 01 4E
[21:13:29.491] ADDR:0xEE TYPE:RC_CHANNELS_PACKED        LEN:26 | EE 18 16 E0 C3 5E 2B B2 D7 8A 56 B4 02 7C E0 03 1F F8 C0 07 3E F0 81 0F 7C E4
[21:13:29.491] ADDR:0xEA TYPE:PARAMETER_SETTINGS_ENTRY  LEN:24 | EA 16 2B EA EE 02 00 61 63 65 00 02 00 09 00 20 28 37 62 70 73 29 00 65
[21:13:29.511] ADDR:0xEE TYPE:RC_CHANNELS_PACKED        LEN:26 | EE 18 16 E0 BB 5E 2B B2 D7 8A 56 B4 02 7C E0 03 1F F8 C0 07 3E F0 81 0F 7C 44
[21:13:29.521] ADDR:0xEE TYPE:RC_CHANNELS_PACKED        LEN:26 | EE 18 16 DF C3 5E 2B B2 D7 8A 56 B4 02 7C E0 03 1F F8 C0 07 3E F0 81 0F 7C 66
[21:13:29.542] ADDR:0xEE TYPE:RC_CHANNELS_PACKED        LEN:26 | EE 18 16 E0 C3 5E 2B AE D7 8A 56 B4 02 7C E0 03 1F F8 C0 07 3E F0 81 0F 7C 73
[21:13:29.572] ADDR:0xEE TYPE:PARAMETER_READ            LEN:08 | EE 06 2C EE EA 03 00 90
[21:13:29.602] ADDR:0xEE TYPE:RC_CHANNELS_PACKED        LEN:26 | EE 18 16 E0 C3 5E 2B B2 D7 8A 56 B4 02 7C E0 03 1F F8 C0 07 3E F0 81 0F 7C E4
[21:13:29.602] ADDR:0xEA TYPE:PARAMETER_SETTINGS_ENTRY  LEN:39 | EA 25 2B EA EE 03 00 00 09 53 77 69 74 63 68 20 4D 6F 64 65 00 57 69 64 65 3B 48 79 62 72 69 64 00 01 00 01 00 00 35
[21:13:29.613] ADDR:0xEE TYPE:RC_CHANNELS_PACKED        LEN:26 | EE 18 16 E0 BB 5E 2B B2 D7 8A 56 B4 02 7C E0 03 1F F8 C0 07 3E F0 81 0F 7C 44
[21:13:29.633] ADDR:0xEE TYPE:RC_CHANNELS_PACKED        LEN:26 | EE 18 16 E0 BB 5E 2B AE D7 8A 56 B4 02 7C E0 03 1F F8 C0 07 3E F0 81 0F 7C D3
[21:13:29.633] ADDR:0xEA TYPE:ELRS_STATUS               LEN:15 | EA 0D 3A EA EE 10 00 03 0D 40 00 00 00 E6 C2
[21:13:29.643] ADDR:0xEE TYPE:RC_CHANNELS_PACKED        LEN:26 | EE 18 16 E0 C3 5E 2B B2 D7 8A 56 B4 02 7C E0 03 1F F8 C0 07 3E F0 81 0F 7C E4
[21:13:29.664] ADDR:0xEE TYPE:PARAMETER_READ            LEN:08 | EE 06 2C EE EA 04 00 A1
[21:13:29.695] ADDR:0xEE TYPE:RC_CHANNELS_PACKED        LEN:26 | EE 18 16 E0 C3 5E 2B B2 D7 8A 56 B4 02 7C E0 03 1F F8 C0 07 3E F0 81 0F 7C E4
[21:13:29.695] ADDR:0xEA TYPE:PARAMETER_SETTINGS_ENTRY  LEN:40 | EA 26 2B EA EE 04 00 00 09 4C 69 6E 6B 20 4D 6F 64 65 00 4E 6F 72 6D 61 6C 3B 4D 41 56 4C 69 6E 6B 00 00 00 01 00 00 06
[21:13:29.715] ADDR:0xEE TYPE:RC_CHANNELS_PACKED        LEN:26 | EE 18 16 E0 C3 5E 2B B2 D7 8A 56 B4 02 7C E0 03 1F F8 C0 07 3E F0 81 0F 7C E4
[21:13:29.725] ADDR:0xEE TYPE:RC_CHANNELS_PACKED        LEN:26 | EE 18 16 E0 C3 5E 2B B2 D7 8A 56 B4 02 7C E0 03 1F F8 C0 07 3E F0 81 0F 7C E4
[21:13:29.745] ADDR:0xEE TYPE:RC_CHANNELS_PACKED        LEN:26 | EE 18 16 E0 BB 5E 2B B4 D7 8A 56 B4 02 7C E0 03 1F F8 C0 07 3E F0 81 0F 7C C0
[21:13:29.766] ADDR:0xEE TYPE:PARAMETER_READ            LEN:08 | EE 06 2C EE EA 05 00 AA
[21:13:29.796] ADDR:0xEE TYPE:RC_CHANNELS_PACKED        LEN:26 | EE 18 16 DF C3 5E 2B B2 D7 8A 56 B4 02 7C E0 03 1F F8 C0 07 3E F0 81 0F 7C 66
[21:13:29.796] ADDR:0xEA TYPE:PARAMETER_SETTINGS_ENTRY  LEN:42 | EA 28 2B EA EE 05 00 00 09 4D 6F 64 65 6C 20 4D 61 74 63 68 00 4F 66 66 3B 4F 6E 00 00 00 01 00 20 28 49 44 3A 20 30 29 00 D2
[21:13:29.816] ADDR:0xEE TYPE:RC_CHANNELS_PACKED        LEN:26 | EE 18 16 E0 BB 5E 2B B0 D7 8A 56 B4 02 7C E0 03 1F F8 C0 07 3E F0 81 0F 7C 38
[21:13:29.826] ADDR:0xEE TYPE:RC_CHANNELS_PACKED        LEN:26 | EE 18 16 E0 C3 5E 2B B2 D7 8A 56 B4 02 7C E0 03 1F F8 C0 07 3E F0 81 0F 7C E4
[21:13:29.827] ADDR:0xEA TYPE:ELRS_STATUS               LEN:15 | EA 0D 3A EA EE 10 00 03 0D 40 00 00 00 14 39
[21:13:29.847] ADDR:0xEE TYPE:RC_CHANNELS_PACKED        LEN:26 | EE 18 16 E0 C3 5E 2B B2 D7 8A 56 B4 02 7C E0 03 1F F8 C0 07 3E F0 81 0F 7C E4
[21:13:29.867] ADDR:0xEE TYPE:RC_CHANNELS_PACKED        LEN:26 | EE 18 16 E0 C3 5E 2B B2 D7 8A 56 B4 02 7C E0 03 1F F8 C0 07 3E F0 81 0F 7C E4
[21:13:29.897] ADDR:0xEE TYPE:PARAMETER_READ            LEN:08 | EE 06 2C EE EA 06 00 B7
[21:13:29.928] ADDR:0xEE TYPE:RC_CHANNELS_PACKED        LEN:26 | EE 18 16 E0 C3 5E 2B B2 D7 8A 56 B4 02 7C E0 03 1F F8 C0 07 3E F0 81 0F 7C E4
[21:13:29.928] ADDR:0xEA TYPE:PARAMETER_SETTINGS_ENTRY  LEN:36 | EA 22 2B EA EE 06 00 00 0B 54 58 20 50 6F 77 65 72 20 28 31 30 30 30 6D 57 20 44 79 6E 29 00 07 08 09 FF BF
[21:13:29.928] ADDR:0xEE TYPE:RC_CHANNELS_PACKED        LEN:26 | EE 18 16 E0 C3 5E 2B AE D7 8A 56 B4 02 7C E0 03 1F F8 C0 07 3E F0 81 0F 7C 73
[21:13:29.938] ADDR:0xEE TYPE:RC_CHANNELS_PACKED        LEN:26 | EE 18 16 E0 C3 5E 2B B2 D7 8A 56 B4 02 7C E0 03 1F F8 C0 07 3E F0 81 0F 7C E4
[21:13:29.979] ADDR:0xEE TYPE:RC_CHANNELS_PACKED        LEN:26 | EE 18 16 E0 C3 5E 2B B2 D7 8A 56 B4 02 7C E0 03 1F F8 C0 07 3E F0 81 0F 7C E4
[21:13:29.989] ADDR:0xEE TYPE:PARAMETER_READ            LEN:08 | EE 06 2C EE EA 07 00 BC
[21:13:30.019] ADDR:0xEE TYPE:RC_CHANNELS_PACKED        LEN:26 | EE 18 16 E0 C3 5E 2B B2 D7 8A 56 B4 02 7C E0 03 1F F8 C0 07 3E F0 81 0F 7C E4
[21:13:30.019] ADDR:0xEA TYPE:PARAMETER_SETTINGS_ENTRY  LEN:50 | EA 30 2B EA EE 07 00 06 09 4D 61 78 20 50 6F 77 65 72 00 32 35 3B 35 30 3B 31 30 30 3B 32 35 30 3B 35 30 30 3B 31 30 30 30 00 05 00 05 00 6D 57 00 F4
[21:13:30.029] ADDR:0xEE TYPE:RC_CHANNELS_PACKED        LEN:26 | EE 18 16 E0 C3 5E 2B B2 D7 8A 56 B4 02 7C E0 03 1F F8 C0 07 3E F0 81 0F 7C E4
[21:13:30.029] ADDR:0xEA TYPE:ELRS_STATUS               LEN:15 | EA 0D 3A EA EE 10 00 03 0D 40 00 00 01 E0 48
[21:13:30.051] ADDR:0xEE TYPE:RC_CHANNELS_PACKED        LEN:26 | EE 18 16 E0 C3 5E 2B B2 D7 8A 56 B4 02 7C E0 03 1F F8 C0 07 3E F0 81 0F 7C E4
[21:13:30.061] ADDR:0xEE TYPE:RC_CHANNELS_PACKED        LEN:26 | EE 18 16 E0 BB 5E 2B AE D7 8A 56 B4 02 7C E0 03 1F F8 C0 07 3E F0 81 0F 7C D3
[21:13:30.081] ADDR:0xEE TYPE:PARAMETER_READ            LEN:08 | EE 06 2C EE EA 08 00 D5
[21:13:30.122] ADDR:0xEE TYPE:RC_CHANNELS_PACKED        LEN:26 | EE 18 16 E0 C3 5E 2B B2 D7 8A 56 B4 02 7C E0 03 1F F8 C0 07 3E F0 81 0F 7C E4
[21:13:30.122] ADDR:0xEA TYPE:PARAMETER_SETTINGS_ENTRY  LEN:54 | EA 34 2B EA EE 08 00 06 09 44 79 6E 61 6D 69 63 00 4F 66 66 3B 44 79 6E 3B 41 55 58 39 3B 41 55 58 31 30 3B 41 55 58 31 31 3B 41 55 58 31 32 00 01 00 05 00 00 B7
[21:13:30.132] ADDR:0xEE TYPE:RC_CHANNELS_PACKED        LEN:26 | EE 18 16 E0 C3 5E 2B B2 D7 8A 56 B4 02 7C E0 03 1F F8 C0 07 3E F0 81 0F 7C E4
[21:13:30.152] ADDR:0xEE TYPE:RC_CHANNELS_PACKED        LEN:26 | EE 18 16 E0 C3 5E 2B AE D7 8A 56 B4 02 7C E0 03 1F F8 C0 07 3E F0 81 0F 7C 73
[21:13:30.163] ADDR:0xEE TYPE:RC_CHANNELS_PACKED        LEN:26 | EE 18 16 E0 C3 5E 2B B2 D7 8A 56 B4 02 7C E0 03 1F F8 C0 07 3E F0 81 0F 7C E4
[21:13:30.183] ADDR:0xEE TYPE:PARAMETER_READ            LEN:08 | EE 06 2C EE EA 09 00 DE
[21:13:30.213] ADDR:0xEE TYPE:RC_CHANNELS_PACKED        LEN:26 | EE 18 16 E0 C3 5E 2B B2 D7 8A 56 B4 02 7C E0 03 1F F8 C0 07 3E F0 81 0F 7C E4
[21:13:30.213] ADDR:0xEA TYPE:PARAMETER_SETTINGS_ENTRY  LEN:64 | EA 3E 2B EA EE 09 01 06 09 46 61 6E 20 54 68 72 65 73 68 00 31 30 6D 57 3B 32 35 6D 57 3B 35 30 6D 57 3B 31 30 30 6D 57 3B 32 35 30 6D 57 3B 35 30 30 6D 57 3B 31 30 30 30 6D 57 3B 32 30 30 B6
[21:13:30.234] ADDR:0xEE TYPE:RC_CHANNELS_PACKED        LEN:26 | EE 18 16 E0 BB 5E 2B B2 D7 8A 56 B4 02 7C E0 03 1F F8 C0 07 3E F0 81 0F 7C 44
[21:13:30.234] ADDR:0xEA TYPE:ELRS_STATUS               LEN:15 | EA 0D 3A EA EE 10 00 03 0D 40 00 00 00 A0 DE
[21:13:30.254] ADDR:0xEE TYPE:RC_CHANNELS_PACKED        LEN:26 | EE 18 16 E0 C3 5E 2B B2 D7 8A 56 B4 02 7C E0 03 1F F8 C0 07 3E F0 81 0F 7C E4
[21:13:30.264] ADDR:0xEE TYPE:RC_CHANNELS_PACKED        LEN:26 | EE 18 16 E0 BB 5E 2B B0 D7 8A 56 B4 02 7C E0 03 1F F8 C0 07 3E F0 81 0F 7C 38
[21:13:30.285] ADDR:0xEE TYPE:PARAMETER_READ            LEN:08 | EE 06 2C EE EA 09 01 0B
[21:13:30.315] ADDR:0xEE TYPE:RC_CHANNELS_PACKED        LEN:26 | EE 18 16 E0 BB 5E 2B B2 D7 8A 56 B4 02 7C E0 03 1F F8 C0 07 3E F0 81 0F 7C 44
[21:13:30.315] ADDR:0xEA TYPE:PARAMETER_SETTINGS_ENTRY  LEN:23 | EA 15 2B EA EE 09 00 30 6D 57 3B 4E 65 76 65 72 00 05 00 08 00 00 B8
[21:13:30.325] ADDR:0xEE TYPE:RC_CHANNELS_PACKED        LEN:26 | EE 18 16 E0 BB 5E 2B B4 D7 8A 56 B4 02 7C E0 03 1F F8 C0 07 3E F0 81 0F 7C C0
[21:13:30.345] ADDR:0xEE TYPE:RC_CHANNELS_PACKED        LEN:26 | EE 18 16 E0 C3 5E 2B B2 D7 8A 56 B4 02 7C E0 03 1F F8 C0 07 3E F0 81 0F 7C E4
[21:13:30.366] ADDR:0xEE TYPE:RC_CHANNELS_PACKED        LEN:26 | EE 18 16 E0 BB 5E 2B B2 D7 8A 56 B4 02 7C E0 03 1F F8 C0 07 3E F0 81 0F 7C 44
[21:13:30.396] ADDR:0xEE TYPE:PARAMETER_READ            LEN:08 | EE 06 2C EE EA 0A 00 C3
[21:13:30.406] ADDR:0xEE TYPE:RC_CHANNELS_PACKED        LEN:26 | EE 18 16 E0 BB 5E 2B B2 D7 8A 56 B4 02 7C E0 03 1F F8 C0 07 3E F0 81 0F 7C 44
[21:13:30.406] ADDR:0xEA TYPE:PARAMETER_SETTINGS_ENTRY  LEN:34 | EA 20 2B EA EE 0A 00 00 0B 56 54 58 20 41 64 6D 69 6E 69 73 74 72 61 74 6F 72 00 0B 0C 0D 0E 0F FF 62
[21:13:30.427] ADDR:0xEE TYPE:RC_CHANNELS_PACKED        LEN:26 | EE 18 16 E0 C3 5E 2B B2 D7 8A 56 B4 02 7C E0 03 1F F8 C0 07 3E F0 81 0F 7C E4
[21:13:30.427] ADDR:0xEA TYPE:ELRS_STATUS               LEN:15 | EA 0D 3A EA EE 10 00 03 0D 40 00 00 00 5A 0C
[21:13:30.447] ADDR:0xEE TYPE:RC_CHANNELS_PACKED        LEN:26 | EE 18 16 E0 C3 5E 2B B2 D7 8A 56 B4 02 7C E0 03 1F F8 C0 07 3E F0 81 0F 7C E4
[21:13:30.477] ADDR:0xEE TYPE:RC_CHANNELS_PACKED        LEN:26 | EE 18 16 E0 C3 5E 2B B2 D7 8A 56 B4 02 7C E0 03 1F F8 C0 07 3E F0 81 0F 7C E4
[21:13:30.487] ADDR:0xEE TYPE:PARAMETER_READ            LEN:08 | EE 06 2C EE EA 0B 00 C8
[21:13:30.518] ADDR:0xEE TYPE:RC_CHANNELS_PACKED        LEN:26 | EE 18 16 E0 C3 5E 2B B2 D7 8A 56 B4 02 7C E0 03 1F F8 C0 07 3E F0 81 0F 7C E4
[21:13:30.518] ADDR:0xEA TYPE:PARAMETER_SETTINGS_ENTRY  LEN:36 | EA 22 2B EA EE 0B 00 0A 09 42 61 6E 64 00 4F 66 66 3B 41 3B 42 3B 45 3B 46 3B 52 3B 4C 00 00 00 06 00 00 4B
[21:13:30.518] ADDR:0xEE TYPE:RC_CHANNELS_PACKED        LEN:26 | EE 18 16 E0 C3 5E 2B B2 D7 8A 56 B4 02 7C E0 03 1F F8 C0 07 3E F0 81 0F 7C E4
[21:13:30.558] ADDR:0xEE TYPE:RC_CHANNELS_PACKED        LEN:26 | EE 18 16 E0 BB 5E 2B B2 D7 8A 56 B4 02 7C E0 03 1F F8 C0 07 3E F0 81 0F 7C 44
[21:13:30.568] ADDR:0xEE TYPE:RC_CHANNELS_PACKED        LEN:26 | EE 18 16 E0 C3 5E 2B B0 D7 8A 56 B4 02 7C E0 03 1F F8 C0 07 3E F0 81 0F 7C 98
[21:13:30.589] ADDR:0xEE TYPE:PARAMETER_READ            LEN:08 | EE 06 2C EE EA 0C 00 F9
[21:13:30.599] ADDR:0xEE TYPE:RC_CHANNELS_PACKED        LEN:26 | EE 18 16 E0 C3 5E 2B B0 D7 8A 56 B4 02 7C E0 03 1F F8 C0 07 3E F0 81 0F 7C 98
[21:13:30.599] ADDR:0xEA TYPE:PARAMETER_SETTINGS_ENTRY  LEN:23 | EA 15 2B EA EE 0C 00 0A 00 43 68 61 6E 6E 65 6C 00 01 01 08 00 00 FB
[21:13:30.630] ADDR:0xEE TYPE:RC_CHANNELS_PACKED        LEN:26 | EE 18 16 E0 BB 5E 2B B2 D7 8A 56 B4 02 7C E0 03 1F F8 C0 07 3E F0 81 0F 7C 44
[21:13:30.630] ADDR:0xEA TYPE:ELRS_STATUS               LEN:15 | EA 0D 3A EA EE 10 00 03 0D 40 00 00 00 D2 CA
[21:13:30.650] ADDR:0xEE TYPE:RC_CHANNELS_PACKED        LEN:26 | EE 18 16 E0 C3 5E 2B B2 D7 8A 56 B4 02 7C E0 03 1F F8 C0 07 3E F0 81 0F 7C E4
[21:13:30.671] ADDR:0xEE TYPE:RC_CHANNELS_PACKED        LEN:26 | EE 18 16 E0 C3 5E 2B B2 D7 8A 56 B4 02 7C E0 03 1F F8 C0 07 3E F0 81 0F 7C E4
[21:13:30.681] ADDR:0xEE TYPE:PARAMETER_READ            LEN:08 | EE 06 2C EE EA 0D 00 F2
[21:13:30.721] ADDR:0xEE TYPE:RC_CHANNELS_PACKED        LEN:26 | EE 18 16 E0 BB 5E 2B B0 D7 8A 56 B4 02 7C E0 03 1F F8 C0 07 3E F0 81 0F 7C 38
[21:13:30.721] ADDR:0xEA TYPE:PARAMETER_SETTINGS_ENTRY  LEN:41 | EA 27 2B EA EE 0D 00 0A 09 50 77 72 20 4C 76 6C 00 2D 3B 31 3B 32 3B 33 3B 34 3B 35 3B 36 3B 37 3B 38 00 00 00 08 00 00 C1
[21:13:30.731] ADDR:0xEE TYPE:RC_CHANNELS_PACKED        LEN:26 | EE 18 16 E0 C3 5E 2B B2 D7 8A 56 B4 02 7C E0 03 1F F8 C0 07 3E F0 81 0F 7C E4
[21:13:30.752] ADDR:0xEE TYPE:RC_CHANNELS_PACKED        LEN:26 | EE 18 16 DF C3 5E 2B B2 D7 8A 56 B4 02 7C E0 03 1F F8 C0 07 3E F0 81 0F 7C 66
[21:13:30.762] ADDR:0xEE TYPE:RC_CHANNELS_PACKED        LEN:26 | EE 18 16 E0 C3 5E 2B B2 D7 8A 56 B4 02 7C E0 03 1F F8 C0 07 3E F0 81 0F 7C E4
[21:13:30.782] ADDR:0xEE TYPE:PARAMETER_READ            LEN:08 | EE 06 2C EE EA 0E 00 EF
[21:13:30.823] ADDR:0xEE TYPE:RC_CHANNELS_PACKED        LEN:26 | EE 18 16 E0 C3 5E 2B B2 D7 8A 56 B4 02 7C E0 03 1F F8 C0 07 3E F0 81 0F 7C E4
[21:13:30.823] ADDR:0xEA TYPE:PARAMETER_SETTINGS_ENTRY  LEN:64 | EA 3E 2B EA EE 0E 02 0A 89 50 69 74 6D 6F 64 65 00 4F 66 66 3B 4F 6E 3B 41 55 58 31 C0 3B 41 55 58 31 C1 3B 41 55 58 32 C0 3B 41 55 58 32 C1 3B 41 55 58 33 C0 3B 41 55 58 33 C1 3B 41 55 58 F1
[21:13:30.833] ADDR:0xEE TYPE:RC_CHANNELS_PACKED        LEN:26 | EE 18 16 E0 C3 5E 2B B2 D7 8A 56 B4 02 7C E0 03 1F F8 C0 07 3E F0 81 0F 7C E4
[21:13:30.833] ADDR:0xEA TYPE:ELRS_STATUS               LEN:15 | EA 0D 3A EA EE 10 00 03 0D 40 00 00 00 00 95
[21:13:30.853] ADDR:0xEE TYPE:RC_CHANNELS_PACKED        LEN:26 | EE 18 16 E0 C3 5E 2B B2 D7 8A 56 B4 02 7C E0 03 1F F8 C0 07 3E F0 81 0F 7C E4
[21:13:30.864] ADDR:0xEE TYPE:RC_CHANNELS_PACKED        LEN:26 | EE 18 16 E0 C3 5E 2B B2 D7 8A 56 B4 02 7C E0 03 1F F8 C0 07 3E F0 81 0F 7C E4
[21:13:30.884] ADDR:0xEE TYPE:PARAMETER_READ            LEN:08 | EE 06 2C EE EA 0E 01 3A
[21:13:30.914] ADDR:0xEE TYPE:RC_CHANNELS_PACKED        LEN:26 | EE 18 16 E0 BB 5E 2B B2 D7 8A 56 B4 02 7C E0 03 1F F8 C0 07 3E F0 81 0F 7C 44
[21:13:30.914] ADDR:0xEA TYPE:PARAMETER_SETTINGS_ENTRY  LEN:64 | EA 3E 2B EA EE 0E 01 34 C0 3B 41 55 58 34 C1 3B 41 55 58 35 C0 3B 41 55 58 35 C1 3B 41 55 58 36 C0 3B 41 55 58 36 C1 3B 41 55 58 37 C0 3B 41 55 58 37 C1 3B 41 55 58 38 C0 3B 41 55 58 38 C1 00
[21:13:30.935] ADDR:0xEE TYPE:RC_CHANNELS_PACKED        LEN:26 | EE 18 16 E0 C3 5E 2B B0 D7 8A 56 B4 02 7C E0 03 1F F8 C0 07 3E F0 81 0F 7C 98
[21:13:30.955] ADDR:0xEE TYPE:RC_CHANNELS_PACKED        LEN:26 | EE 18 16 E0 C3 5E 2B B0 D7 8A 56 B4 02 7C E0 03 1F F8 C0 07 3E F0 81 0F 7C 98
[21:13:30.965] ADDR:0xEE TYPE:RC_CHANNELS_PACKED        LEN:26 | EE 18 16 E0 C3 5E 2B B2 D7 8A 56 B4 02 7C E0 03 1F F8 C0 07 3E F0 81 0F 7C E4
[21:13:30.986] ADDR:0xEE TYPE:PARAMETER_READ            LEN:08 | EE 06 2C EE EA 0E 02 90
[21:13:31.016] ADDR:0xEE TYPE:RC_CHANNELS_PACKED        LEN:26 | EE 18 16 E0 C3 5E 2B B4 D7 8A 56 B4 02 7C E0 03 1F F8 C0 07 3E F0 81 0F 7C 60
[21:13:31.016] ADDR:0xEA TYPE:PARAMETER_SETTINGS_ENTRY  LEN:40 | EA 26 2B EA EE 0E 00 3B 41 55 58 39 C0 3B 41 55 58 39 C1 3B 41 55 58 31 30 C0 3B 41 55 58 31 30 C1 00 00 00 15 00 00 97
[21:13:31.036] ADDR:0xEE TYPE:RC_CHANNELS_PACKED        LEN:26 | EE 18 16 E0 C3 5E 2B B2 D7 8A 56 B4 02 7C E0 03 1F F8 C0 07 3E F0 81 0F 7C E4
[21:13:31.036] ADDR:0xEA TYPE:ELRS_STATUS               LEN:15 | EA 0D 3A EA EE 10 00 03 0D 40 00 00 01 2C ED
[21:13:31.047] ADDR:0xEE TYPE:RC_CHANNELS_PACKED        LEN:26 | EE 18 16 E0 C3 5E 2B B2 D7 8A 56 B4 02 7C E0 03 1F F8 C0 07 3E F0 81 0F 7C E4
[21:13:31.067] ADDR:0xEE TYPE:RC_CHANNELS_PACKED        LEN:26 | EE 18 16 E0 C3 5E 2B B2 D7 8A 56 B4 02 7C E0 03 1F F8 C0 07 3E F0 81 0F 7C E4
[21:13:31.087] ADDR:0xEE TYPE:PARAMETER_READ            LEN:08 | EE 06 2C EE EA 0F 00 E4
[21:13:31.117] ADDR:0xEE TYPE:RC_CHANNELS_PACKED        LEN:26 | EE 18 16 E0 C3 5E 2B B2 D7 8A 56 B4 02 7C E0 03 1F F8 C0 07 3E F0 81 0F 7C E4
[21:13:31.118] ADDR:0xEA TYPE:PARAMETER_SETTINGS_ENTRY  LEN:22 | EA 14 2B EA EE 0F 00 0A 0D 53 65 6E 64 20 56 54 78 00 00 C8 00 01
[21:13:31.129] ADDR:0xEE TYPE:RC_CHANNELS_PACKED        LEN:26 | EE 18 16 E0 C3 5E 2B B2 D7 8A 56 B4 02 7C E0 03 1F F8 C0 07 3E F0 81 0F 7C E4
[21:13:31.149] ADDR:0xEE TYPE:RC_CHANNELS_PACKED        LEN:26 | EE 18 16 E0 C3 5E 2B B2 D7 8A 56 B4 02 7C E0 03 1F F8 C0 07 3E F0 81 0F 7C E4
[21:13:31.159] ADDR:0xEE TYPE:RC_CHANNELS_PACKED        LEN:26 | EE 18 16 E0 C3 5E 2B AE D7 8A 56 B4 02 7C E0 03 1F F8 C0 07 3E F0 81 0F 7C 73
[21:13:31.190] ADDR:0xEE TYPE:PARAMETER_READ            LEN:08 | EE 06 2C EE EA 10 00 3D
[21:13:31.210] ADDR:0xEE TYPE:RC_CHANNELS_PACKED        LEN:26 | EE 18 16 E0 C3 5E 2B B0 D7 8A 56 B4 02 7C E0 03 1F F8 C0 07 3E F0 81 0F 7C 98
[21:13:31.210] ADDR:0xEA TYPE:PARAMETER_SETTINGS_ENTRY  LEN:33 | EA 1F 2B EA EE 10 00 00 0B 57 69 46 69 20 43 6F 6E 6E 65 63 74 69 76 69 74 79 00 11 12 13 14 FF 05
[21:13:31.230] ADDR:0xEE TYPE:RC_CHANNELS_PACKED        LEN:26 | EE 18 16 E0 C3 5E 2B B2 D7 8A 56 B4 02 7C E0 03 1F F8 C0 07 3E F0 81 0F 7C E4
[21:13:31.230] ADDR:0xEA TYPE:ELRS_STATUS               LEN:15 | EA 0D 3A EA EE 10 00 03 0D 40 00 00 00 0A C3
[21:13:31.241] ADDR:0xEE TYPE:RC_CHANNELS_PACKED        LEN:26 | EE 18 16 E0 C3 5E 2B B2 D7 8A 56 B4 02 7C E0 03 1F F8 C0 07 3E F0 81 0F 7C E4
[21:13:31.271] ADDR:0xEE TYPE:RC_CHANNELS_PACKED        LEN:26 | EE 18 16 E0 C3 5E 2B B2 D7 8A 56 B4 02 7C E0 03 1F F8 C0 07 3E F0 81 0F 7C E4
[21:13:31.291] ADDR:0xEE TYPE:PARAMETER_READ            LEN:08 | EE 06 2C EE EA 11 00 36
[21:13:31.301] ADDR:0xEE TYPE:RC_CHANNELS_PACKED        LEN:26 | EE 18 16 E0 C3 5E 2B B2 D7 8A 56 B4 02 7C E0 03 1F F8 C0 07 3E F0 81 0F 7C E4
[21:13:31.302] ADDR:0xEA TYPE:PARAMETER_SETTINGS_ENTRY  LEN:25 | EA 17 2B EA EE 11 00 10 0D 45 6E 61 62 6C 65 20 57 69 46 69 00 00 C8 00 92
[21:13:31.322] ADDR:0xEE TYPE:RC_CHANNELS_PACKED        LEN:26 | EE 18 16 E0 C3 5E 2B B2 D7 8A 56 B4 02 7C E0 03 1F F8 C0 07 3E F0 81 0F 7C E4
[21:13:31.352] ADDR:0xEE TYPE:RC_CHANNELS_PACKED        LEN:26 | EE 18 16 E0 C3 5E 2B B2 D7 8A 56 B4 02 7C E0 03 1F F8 C0 07 3E F0 81 0F 7C E4
[21:13:31.372] ADDR:0xEE TYPE:RC_CHANNELS_PACKED        LEN:26 | EE 18 16 E0 C3 5E 2B B2 D7 8A 56 B4 02 7C E0 03 1F F8 C0 07 3E F0 81 0F 7C E4
[21:13:31.382] ADDR:0xEE TYPE:PARAMETER_READ            LEN:08 | EE 06 2C EE EA 12 00 2B
[21:13:31.403] ADDR:0xEE TYPE:RC_CHANNELS_PACKED        LEN:26 | EE 18 16 E0 C3 5E 2B B2 D7 8A 56 B4 02 7C E0 03 1F F8 C0 07 3E F0 81 0F 7C E4
[21:13:31.403] ADDR:0xEA TYPE:PARAMETER_SETTINGS_ENTRY  LEN:28 | EA 1A 2B EA EE 12 00 10 0D 45 6E 61 62 6C 65 20 52 78 20 57 69 46 69 00 00 C8 00 43
[21:13:31.433] ADDR:0xEE TYPE:RC_CHANNELS_PACKED        LEN:26 | EE 18 16 E0 C3 5E 2B B2 D7 8A 56 B4 02 7C E0 03 1F F8 C0 07 3E F0 81 0F 7C E4
[21:13:31.433] ADDR:0xEA TYPE:ELRS_STATUS               LEN:15 | EA 0D 3A EA EE 10 00 03 0D 40 00 00 01 F4 E4
[21:13:31.453] ADDR:0xEE TYPE:RC_CHANNELS_PACKED        LEN:26 | EE 18 16 E0 C3 5E 2B B2 D7 8A 56 B4 02 7C E0 03 1F F8 C0 07 3E F0 81 0F 7C E4
[21:13:31.464] ADDR:0xEE TYPE:RC_CHANNELS_PACKED        LEN:26 | EE 18 16 E0 BB 5E 2B B2 D7 8A 56 B4 02 7C E0 03 1F F8 C0 07 3E F0 81 0F 7C 44
[21:13:31.484] ADDR:0xEE TYPE:PARAMETER_READ            LEN:08 | EE 06 2C EE EA 13 00 20
[21:13:31.514] ADDR:0xEE TYPE:RC_CHANNELS_PACKED        LEN:26 | EE 18 16 E0 C3 5E 2B B0 D7 8A 56 B4 02 7C E0 03 1F F8 C0 07 3E F0 81 0F 7C 98
[21:13:31.514] ADDR:0xEA TYPE:PARAMETER_SETTINGS_ENTRY  LEN:34 | EA 20 2B EA EE 13 00 10 0D 45 6E 61 62 6C 65 20 42 61 63 6B 70 61 63 6B 20 57 69 46 69 00 00 C8 00 4B
[21:13:31.534] ADDR:0xEE TYPE:RC_CHANNELS_PACKED        LEN:26 | EE 18 16 E0 C3 5E 2B B2 D7 8A 56 B4 02 7C E0 03 1F F8 C0 07 3E F0 81 0F 7C E4
[21:13:31.545] ADDR:0xEE TYPE:RC_CHANNELS_PACKED        LEN:26 | EE 18 16 E0 C3 5E 2B B2 D7 8A 56 B4 02 7C E0 03 1F F8 C0 07 3E F0 81 0F 7C E4
[21:13:31.565] ADDR:0xEE TYPE:RC_CHANNELS_PACKED        LEN:26 | EE 18 16 E0 C3 5E 2B B2 D7 8A 56 B4 02 7C E0 03 1F F8 C0 07 3E F0 81 0F 7C E4
[21:13:31.595] ADDR:0xEE TYPE:PARAMETER_READ            LEN:08 | EE 06 2C EE EA 14 00 11
[21:13:31.606] ADDR:0xEE TYPE:RC_CHANNELS_PACKED        LEN:26 | EE 18 16 E0 C3 5E 2B AE D7 8A 56 B4 02 7C E0 03 1F F8 C0 07 3E F0 81 0F 7C 73
[21:13:31.606] ADDR:0xEA TYPE:PARAMETER_SETTINGS_ENTRY  LEN:29 | EA 1B 2B EA EE 14 00 10 0D 45 6E 61 62 6C 65 20 56 52 78 20 57 69 46 69 00 00 C8 00 EC
[21:13:31.626] ADDR:0xEE TYPE:RC_CHANNELS_PACKED        LEN:26 | EE 18 16 E0 C3 5E 2B B2 D7 8A 56 B4 02 7C E0 03 1F F8 C0 07 3E F0 81 0F 7C E4
[21:13:31.626] ADDR:0xEA TYPE:ELRS_STATUS               LEN:15 | EA 0D 3A EA EE 10 00 03 0D 40 FF FF FF 74 D8
[21:13:31.646] ADDR:0xEE TYPE:RC_CHANNELS_PACKED        LEN:26 | EE 18 16 E0 C3 5E 2B AE D7 8A 56 B4 02 7C E0 03 1F F8 C0 07 3E F0 81 0F 7C 73
[21:13:31.677] ADDR:0xEE TYPE:RC_CHANNELS_PACKED        LEN:26 | EE 18 16 E0 C3 5E 2B B2 D7 8A 56 B4 02 7C E0 03 1F F8 C0 07 3E F0 81 0F 7C E4
[21:13:31.687] ADDR:0xEE TYPE:PARAMETER_READ            LEN:08 | EE 06 2C EE EA 15 00 1A
[21:13:31.707] ADDR:0xEE TYPE:RC_CHANNELS_PACKED        LEN:26 | EE 18 16 E0 C3 5E 2B B2 D7 8A 56 B4 02 7C E0 03 1F F8 C0 07 3E F0 81 0F 7C E4
[21:13:31.707] ADDR:0xEA TYPE:PARAMETER_SETTINGS_ENTRY  LEN:27 | EA 19 2B EA EE 15 00 00 0B 42 61 63 6B 70 61 63 6B 00 16 17 18 19 1A 1B 1C FF EE
[21:13:31.717] ADDR:0xEE TYPE:RC_CHANNELS_PACKED        LEN:26 | EE 18 16 E0 C3 5E 2B B2 D7 8A 56 B4 02 7C E0 03 1F F8 C0 07 3E F0 81 0F 7C E4
[21:13:31.758] ADDR:0xEE TYPE:RC_CHANNELS_PACKED        LEN:26 | EE 18 16 E0 C3 5E 2B B0 D7 8A 56 B4 02 7C E0 03 1F F8 C0 07 3E F0 81 0F 7C 98
[21:13:31.768] ADDR:0xEE TYPE:RC_CHANNELS_PACKED        LEN:26 | EE 18 16 E0 BB 5E 2B B2 D7 8A 56 B4 02 7C E0 03 1F F8 C0 07 3E F0 81 0F 7C 44
[21:13:31.788] ADDR:0xEE TYPE:PARAMETER_READ            LEN:08 | EE 06 2C EE EA 16 00 07
[21:13:31.799] ADDR:0xEE TYPE:RC_CHANNELS_PACKED        LEN:26 | EE 18 16 E0 C3 5E 2B B2 D7 8A 56 B4 02 7C E0 03 1F F8 C0 07 3E F0 81 0F 7C E4
[21:13:31.819] ADDR:0xEA TYPE:PARAMETER_SETTINGS_ENTRY  LEN:64 | EA 3E 2B EA EE 16 02 15 09 44 56 52 20 52 65 63 00 4F 66 66 3B 41 55 58 31 C0 3B 41 55 58 31 C1 3B 41 55 58 32 C0 3B 41 55 58 32 C1 3B 41 55 58 33 C0 3B 41 55 58 33 C1 3B 41 55 58 34 C0 3B AD
[21:13:31.829] ADDR:0xEE TYPE:RC_CHANNELS_PACKED        LEN:26 | EE 18 16 E0 C3 5E 2B B2 D7 8A 56 B4 02 7C E0 03 1F F8 C0 07 3E F0 81 0F 7C E4
[21:13:31.849] ADDR:0xEE TYPE:RC_CHANNELS_PACKED        LEN:26 | EE 18 16 E0 C3 5E 2B B2 D7 8A 56 B4 02 7C E0 03 1F F8 C0 07 3E F0 81 0F 7C E4
[21:13:31.849] ADDR:0xEA TYPE:ELRS_STATUS               LEN:15 | EA 0D 3A EA EE 10 00 03 0D 40 00 00 01 86 F0
[21:13:31.870] ADDR:0xEE TYPE:RC_CHANNELS_PACKED        LEN:26 | EE 18 16 E0 C3 5E 2B B2 D7 8A 56 B4 02 7C E0 03 1F F8 C0 07 3E F0 81 0F 7C E4
[21:13:31.880] ADDR:0xEE TYPE:PARAMETER_READ            LEN:08 | EE 06 2C EE EA 16 01 D2
[21:13:31.921] ADDR:0xEE TYPE:RC_CHANNELS_PACKED        LEN:26 | EE 18 16 E0 C3 5E 2B B0 D7 8A 56 B4 02 7C E0 03 1F F8 C0 07 3E F0 81 0F 7C 98
[21:13:31.921] ADDR:0xEA TYPE:PARAMETER_SETTINGS_ENTRY  LEN:64 | EA 3E 2B EA EE 16 01 41 55 58 34 C1 3B 41 55 58 35 C0 3B 41 55 58 35 C1 3B 41 55 58 36 C0 3B 41 55 58 36 C1 3B 41 55 58 37 C0 3B 41 55 58 37 C1 3B 41 55 58 38 C0 3B 41 55 58 38 C1 3B 41 55 BA
[21:13:31.931] ADDR:0xEE TYPE:RC_CHANNELS_PACKED        LEN:26 | EE 18 16 E0 C3 5E 2B AE D7 8A 56 B4 02 7C E0 03 1F F8 C0 07 3E F0 81 0F 7C 73
[21:13:31.951] ADDR:0xEE TYPE:RC_CHANNELS_PACKED        LEN:26 | EE 18 16 E0 BB 5E 2B B2 D7 8A 56 B4 02 7C E0 03 1F F8 C0 07 3E F0 81 0F 7C 44
[21:13:31.962] ADDR:0xEE TYPE:RC_CHANNELS_PACKED        LEN:26 | EE 18 16 E0 C3 5E 2B B2 D7 8A 56 B4 02 7C E0 03 1F F8 C0 07 3E F0 81 0F 7C E4
[21:13:31.982] ADDR:0xEE TYPE:PARAMETER_READ            LEN:08 | EE 06 2C EE EA 16 02 78
[21:13:32.032] ADDR:0xEE TYPE:RC_CHANNELS_PACKED        LEN:26 | EE 18 16 E0 C3 5E 2B B0 D7 8A 56 B4 02 7C E0 03 1F F8 C0 07 3E F0 81 0F 7C 98
[21:13:32.032] ADDR:0xEA TYPE:PARAMETER_SETTINGS_ENTRY  LEN:37 | EA 23 2B EA EE 16 00 58 39 C0 3B 41 55 58 39 C1 3B 41 55 58 31 30 C0 3B 41 55 58 31 30 C1 00 00 00 14 00 00 20
[21:13:32.033] ADDR:0xEE TYPE:RC_CHANNELS_PACKED        LEN:26 | EE 18 16 E0 C3 5E 2B B2 D7 8A 56 B4 02 7C E0 03 1F F8 C0 07 3E F0 81 0F 7C E4
[21:13:32.043] ADDR:0xEE TYPE:RC_CHANNELS_PACKED        LEN:26 | EE 18 16 E0 C3 5E 2B B2 D7 8A 56 B4 02 7C E0 03 1F F8 C0 07 3E F0 81 0F 7C E4
[21:13:32.043] ADDR:0xEA TYPE:ELRS_STATUS               LEN:15 | EA 0D 3A EA EE 10 00 03 0D 40 FF FF FF B0 54
[21:13:32.063] ADDR:0xEE TYPE:RC_CHANNELS_PACKED        LEN:26 | EE 18 16 E0 BB 5E 2B B2 D7 8A 56 B4 02 7C E0 03 1F F8 C0 07 3E F0 81 0F 7C 44
[21:13:32.093] ADDR:0xEE TYPE:PARAMETER_READ            LEN:08 | EE 06 2C EE EA 17 00 0C
[21:13:32.114] ADDR:0xEE TYPE:RC_CHANNELS_PACKED        LEN:26 | EE 18 16 E0 BB 5E 2B B2 D7 8A 56 B4 02 7C E0 03 1F F8 C0 07 3E F0 81 0F 7C 44
[21:13:32.114] ADDR:0xEA TYPE:PARAMETER_SETTINGS_ENTRY  LEN:55 | EA 35 2B EA EE 17 00 15 09 44 56 52 20 53 72 74 20 44 6C 79 00 30 73 3B 35 73 3B 31 35 73 3B 33 30 73 3B 34 35 73 3B 31 6D 69 6E 3B 32 6D 69 6E 00 00 00 06 00 00 A2
[21:13:32.134] ADDR:0xEE TYPE:RC_CHANNELS_PACKED        LEN:26 | EE 18 16 E0 C3 5E 2B B2 D7 8A 56 B4 02 7C E0 03 1F F8 C0 07 3E F0 81 0F 7C E4
[21:13:32.154] ADDR:0xEE TYPE:RC_CHANNELS_PACKED        LEN:26 | EE 18 16 E0 C3 5E 2B B2 D7 8A 56 B4 02 7C E0 03 1F F8 C0 07 3E F0 81 0F 7C E4
[21:13:32.164] ADDR:0xEE TYPE:RC_CHANNELS_PACKED        LEN:26 | EE 18 16 E0 C3 5E 2B B2 D7 8A 56 B4 02 7C E0 03 1F F8 C0 07 3E F0 81 0F 7C E4
[21:13:32.185] ADDR:0xEE TYPE:PARAMETER_READ            LEN:08 | EE 06 2C EE EA 18 00 65
[21:13:32.215] ADDR:0xEE TYPE:RC_CHANNELS_PACKED        LEN:26 | EE 18 16 E0 C3 5E 2B B2 D7 8A 56 B4 02 7C E0 03 1F F8 C0 07 3E F0 81 0F 7C E4
[21:13:32.215] ADDR:0xEA TYPE:PARAMETER_SETTINGS_ENTRY  LEN:55 | EA 35 2B EA EE 18 00 15 09 44 56 52 20 53 74 70 20 44 6C 79 00 30 73 3B 35 73 3B 31 35 73 3B 33 30 73 3B 34 35 73 3B 31 6D 69 6E 3B 32 6D 69 6E 00 00 00 06 00 00 D8
[21:13:32.236] ADDR:0xEE TYPE:RC_CHANNELS_PACKED        LEN:26 | EE 18 16 E0 C3 5E 2B B2 D7 8A 56 B4 02 7C E0 03 1F F8 C0 07 3E F0 81 0F 7C E4
[21:13:32.246] ADDR:0xEE TYPE:RC_CHANNELS_PACKED        LEN:26 | EE 18 16 E0 C3 5E 2B B2 D7 8A 56 B4 02 7C E0 03 1F F8 C0 07 3E F0 81 0F 7C E4
[21:13:32.246] ADDR:0xEA TYPE:ELRS_STATUS               LEN:15 | EA 0D 3A EA EE 10 00 03 0D 40 00 00 00 F0 11
[21:13:32.266] ADDR:0xEE TYPE:RC_CHANNELS_PACKED        LEN:26 | EE 18 16 E0 C3 5E 2B B2 D7 8A 56 B4 02 7C E0 03 1F F8 C0 07 3E F0 81 0F 7C E4
[21:13:32.287] ADDR:0xEE TYPE:PARAMETER_READ            LEN:08 | EE 06 2C EE EA 19 00 6E
[21:13:32.317] ADDR:0xEE TYPE:RC_CHANNELS_PACKED        LEN:26 | EE 18 16 E0 C3 5E 2B B2 D7 8A 56 B4 02 7C E0 03 1F F8 C0 07 3E F0 81 0F 7C E4
[21:13:32.317] ADDR:0xEA TYPE:PARAMETER_SETTINGS_ENTRY  LEN:64 | EA 3E 2B EA EE 19 02 15 09 48 54 20 45 6E 61 62 6C 65 00 4F 66 66 3B 4F 6E 3B 41 55 58 31 C0 3B 41 55 58 31 C1 3B 41 55 58 32 C0 3B 41 55 58 32 C1 3B 41 55 58 33 C0 3B 41 55 58 33 C1 3B 41 96
[21:13:32.337] ADDR:0xEE TYPE:RC_CHANNELS_PACKED        LEN:26 | EE 18 16 DF C3 5E 2B B2 D7 8A 56 B4 02 7C E0 03 1F F8 C0 07 3E F0 81 0F 7C 66
[21:13:32.348] ADDR:0xEE TYPE:RC_CHANNELS_PACKED        LEN:26 | EE 18 16 E0 C3 5E 2B B2 D7 8A 56 B4 02 7C E0 03 1F F8 C0 07 3E F0 81 0F 7C E4
[21:13:32.368] ADDR:0xEE TYPE:RC_CHANNELS_PACKED        LEN:26 | EE 18 16 E0 BB 5E 2B B2 D7 8A 56 B4 02 7C E0 03 1F F8 C0 07 3E F0 81 0F 7C 44
[21:13:32.378] ADDR:0xEE TYPE:PARAMETER_READ            LEN:08 | EE 06 2C EE EA 19 01 BB
[21:13:32.418] ADDR:0xEE TYPE:RC_CHANNELS_PACKED        LEN:26 | EE 18 16 DF C3 5E 2B B2 D7 8A 56 B4 02 7C E0 03 1F F8 C0 07 3E F0 81 0F 7C 66
[21:13:32.419] ADDR:0xEA TYPE:PARAMETER_SETTINGS_ENTRY  LEN:64 | EA 3E 2B EA EE 19 01 55 58 34 C0 3B 41 55 58 34 C1 3B 41 55 58 35 C0 3B 41 55 58 35 C1 3B 41 55 58 36 C0 3B 41 55 58 36 C1 3B 41 55 58 37 C0 3B 41 55 58 37 C1 3B 41 55 58 38 C0 3B 41 55 58 EA
[21:13:32.439] ADDR:0xEE TYPE:RC_CHANNELS_PACKED        LEN:26 | EE 18 16 E0 C3 5E 2B AE D7 8A 56 B4 02 7C E0 03 1F F8 C0 07 3E F0 81 0F 7C 73
[21:13:32.449] ADDR:0xEE TYPE:RC_CHANNELS_PACKED        LEN:26 | EE 18 16 E0 C3 5E 2B B0 D7 8A 56 B4 02 7C E0 03 1F F8 C0 07 3E F0 81 0F 7C 98
[21:13:32.449] ADDR:0xEA TYPE:ELRS_STATUS               LEN:15 | EA 0D 3A EA EE 10 00 03 0D 40 FF FF FF F6 48
[21:13:32.469] ADDR:0xEE TYPE:RC_CHANNELS_PACKED        LEN:26 | EE 18 16 E0 C3 5E 2B B2 D7 8A 56 B4 02 7C E0 03 1F F8 C0 07 3E F0 81 0F 7C E4
[21:13:32.479] ADDR:0xEE TYPE:PARAMETER_READ            LEN:08 | EE 06 2C EE EA 19 02 11
[21:13:32.520] ADDR:0xEE TYPE:RC_CHANNELS_PACKED        LEN:26 | EE 18 16 E0 C3 5E 2B B2 D7 8A 56 B4 02 7C E0 03 1F F8 C0 07 3E F0 81 0F 7C E4
[21:13:32.520] ADDR:0xEA TYPE:PARAMETER_SETTINGS_ENTRY  LEN:42 | EA 28 2B EA EE 19 00 38 C1 3B 41 55 58 39 C0 3B 41 55 58 39 C1 3B 41 55 58 31 30 C0 3B 41 55 58 31 30 C1 00 00 00 15 00 00 D6
[21:13:32.530] ADDR:0xEE TYPE:RC_CHANNELS_PACKED        LEN:26 | EE 18 16 E0 C3 5E 2B B2 D7 8A 56 B4 02 7C E0 03 1F F8 C0 07 3E F0 81 0F 7C E4
[21:13:32.551] ADDR:0xEE TYPE:RC_CHANNELS_PACKED        LEN:26 | EE 18 16 E0 C3 5E 2B B2 D7 8A 56 B4 02 7C E0 03 1F F8 C0 07 3E F0 81 0F 7C E4
[21:13:32.561] ADDR:0xEE TYPE:RC_CHANNELS_PACKED        LEN:26 | EE 18 16 E0 BB 5E 2B B2 D7 8A 56 B4 02 7C E0 03 1F F8 C0 07 3E F0 81 0F 7C 44
[21:13:32.582] ADDR:0xEE TYPE:PARAMETER_READ            LEN:08 | EE 06 2C EE EA 1A 00 73
[21:13:32.622] ADDR:0xEE TYPE:RC_CHANNELS_PACKED        LEN:26 | EE 18 16 E0 C3 5E 2B B2 D7 8A 56 B4 02 7C E0 03 1F F8 C0 07 3E F0 81 0F 7C E4
[21:13:32.622] ADDR:0xEA TYPE:PARAMETER_SETTINGS_ENTRY  LEN:64 | EA 3E 2B EA EE 1A 01 15 09 48 54 20 53 74 61 72 74 20 43 68 61 6E 6E 65 6C 00 41 55 58 31 3B 41 55 58 32 3B 41 55 58 33 3B 41 55 58 34 3B 41 55 58 35 3B 41 55 58 36 3B 41 55 58 37 3B 41 55 54
[21:13:32.633] ADDR:0xEE TYPE:RC_CHANNELS_PACKED        LEN:26 | EE 18 16 E0 C3 5E 2B B2 D7 8A 56 B4 02 7C E0 03 1F F8 C0 07 3E F0 81 0F 7C E4
[21:13:32.653] ADDR:0xEE TYPE:RC_CHANNELS_PACKED        LEN:26 | EE 18 16 E0 C3 5E 2B B0 D7 8A 56 B4 02 7C E0 03 1F F8 C0 07 3E F0 81 0F 7C 98
[21:13:32.653] ADDR:0xEA TYPE:ELRS_STATUS               LEN:15 | EA 0D 3A EA EE 10 00 03 0D 40 00 00 00 82 05
[21:13:32.663] ADDR:0xEE TYPE:RC_CHANNELS_PACKED        LEN:26 | EE 18 16 E0 C3 5E 2B B2 D7 8A 56 B4 02 7C E0 03 1F F8 C0 07 3E F0 81 0F 7C E4
[21:13:32.684] ADDR:0xEE TYPE:PARAMETER_READ            LEN:08 | EE 06 2C EE EA 1A 01 A6
[21:13:32.714] ADDR:0xEE TYPE:RC_CHANNELS_PACKED        LEN:26 | EE 18 16 E0 C3 5E 2B B0 D7 8A 56 B4 02 7C E0 03 1F F8 C0 07 3E F0 81 0F 7C 98
[21:13:32.714] ADDR:0xEA TYPE:PARAMETER_SETTINGS_ENTRY  LEN:27 | EA 19 2B EA EE 1A 00 58 38 3B 41 55 58 39 3B 41 55 58 31 30 00 00 00 09 00 00 98
[21:13:32.734] ADDR:0xEE TYPE:RC_CHANNELS_PACKED        LEN:26 | EE 18 16 E0 C3 5E 2B B2 D7 8A 56 B4 02 7C E0 03 1F F8 C0 07 3E F0 81 0F 7C E4
[21:13:32.745] ADDR:0xEE TYPE:RC_CHANNELS_PACKED        LEN:26 | EE 18 16 E0 C3 5E 2B AE D7 8A 56 B4 02 7C E0 03 1F F8 C0 07 3E F0 81 0F 7C 73
[21:13:32.765] ADDR:0xEE TYPE:RC_CHANNELS_PACKED        LEN:26 | EE 18 16 E0 BB 5E 2B B2 D7 8A 56 B4 02 7C E0 03 1F F8 C0 07 3E F0 81 0F 7C 44
[21:13:32.795] ADDR:0xEE TYPE:PARAMETER_READ            LEN:08 | EE 06 2C EE EA 1B 00 78
[21:13:32.816] ADDR:0xEE TYPE:RC_CHANNELS_PACKED        LEN:26 | EE 18 16 E0 C3 5E 2B AE D7 8A 56 B4 02 7C E0 03 1F F8 C0 07 3E F0 81 0F 7C 73
[21:13:32.816] ADDR:0xEA TYPE:PARAMETER_SETTINGS_ENTRY  LEN:41 | EA 27 2B EA EE 1B 00 15 09 54 65 6C 65 6D 65 74 72 79 00 4F 66 66 3B 45 53 50 4E 4F 57 3B 57 69 46 69 00 00 00 02 00 00 FC
[21:13:32.836] ADDR:0xEE TYPE:RC_CHANNELS_PACKED        LEN:26 | EE 18 16 E0 C3 5E 2B B2 D7 8A 56 B4 02 7C E0 03 1F F8 C0 07 3E F0 81 0F 7C E4
[21:13:32.846] ADDR:0xEE TYPE:RC_CHANNELS_PACKED        LEN:26 | EE 18 16 E0 C3 5E 2B AE D7 8A 56 B4 02 7C E0 03 1F F8 C0 07 3E F0 81 0F 7C 73
[21:13:32.846] ADDR:0xEA TYPE:ELRS_STATUS               LEN:15 | EA 0D 3A EA EE 10 00 03 0D 40 00 00 00 F0 11
[21:13:32.866] ADDR:0xEE TYPE:RC_CHANNELS_PACKED        LEN:26 | EE 18 16 E0 BB 5E 2B B2 D7 8A 56 B4 02 7C E0 03 1F F8 C0 07 3E F0 81 0F 7C 44
[21:13:32.887] ADDR:0xEE TYPE:PARAMETER_READ            LEN:08 | EE 06 2C EE EA 1C 00 49
[21:13:32.917] ADDR:0xEE TYPE:RC_CHANNELS_PACKED        LEN:26 | EE 18 16 E0 C3 5E 2B B0 D7 8A 56 B4 02 7C E0 03 1F F8 C0 07 3E F0 81 0F 7C 98
[21:13:32.917] ADDR:0xEA TYPE:PARAMETER_SETTINGS_ENTRY  LEN:19 | EA 11 2B EA EE 1C 00 15 0C 56 65 72 73 69 6F 6E 00 00 3D
[21:13:32.927] ADDR:0xEE TYPE:RC_CHANNELS_PACKED        LEN:26 | EE 18 16 E0 BB 5E 2B B0 D7 8A 56 B4 02 7C E0 03 1F F8 C0 07 3E F0 81 0F 7C 38
[21:13:32.948] ADDR:0xEE TYPE:RC_CHANNELS_PACKED        LEN:26 | EE 18 16 E0 BB 5E 2B B2 D7 8A 56 B4 02 7C E0 03 1F F8 C0 07 3E F0 81 0F 7C 44
[21:13:32.958] ADDR:0xEE TYPE:RC_CHANNELS_PACKED        LEN:26 | EE 18 16 E0 C3 5E 2B B2 D7 8A 56 B4 02 7C E0 03 1F F8 C0 07 3E F0 81 0F 7C E4
[21:13:32.998] ADDR:0xEE TYPE:PARAMETER_READ            LEN:08 | EE 06 2C EE EA 1D 00 42
[21:13:33.009] ADDR:0xEE TYPE:RC_CHANNELS_PACKED        LEN:26 | EE 18 16 E0 C3 5E 2B B2 D7 8A 56 B4 02 7C E0 03 1F F8 C0 07 3E F0 81 0F 7C E4
[21:13:33.009] ADDR:0xEA TYPE:PARAMETER_SETTINGS_ENTRY  LEN:26 | EA 18 2B EA EE 1D 00 00 0D 42 4C 45 20 4A 6F 79 73 74 69 63 6B 00 00 C8 00 50
[21:13:33.029] ADDR:0xEE TYPE:RC_CHANNELS_PACKED        LEN:26 | EE 18 16 E0 C3 5E 2B B2 D7 8A 56 B4 02 7C E0 03 1F F8 C0 07 3E F0 81 0F 7C E4
[21:13:33.039] ADDR:0xEE TYPE:RC_CHANNELS_PACKED        LEN:26 | EE 18 16 E0 C3 5E 2B B2 D7 8A 56 B4 02 7C E0 03 1F F8 C0 07 3E F0 81 0F 7C E4
[21:13:33.039] ADDR:0xEA TYPE:ELRS_STATUS               LEN:15 | EA 0D 3A EA EE 10 00 03 0D 40 00 00 01 40 03
[21:13:33.070] ADDR:0xEE TYPE:RC_CHANNELS_PACKED        LEN:26 | EE 18 16 E0 C3 5E 2B B2 D7 8A 56 B4 02 7C E0 03 1F F8 C0 07 3E F0 81 0F 7C E4
[21:13:33.090] ADDR:0xEE TYPE:PARAMETER_READ            LEN:08 | EE 06 2C EE EA 1E 00 5F
[21:13:33.110] ADDR:0xEE TYPE:RC_CHANNELS_PACKED        LEN:26 | EE 18 16 E0 C3 5E 2B B0 D7 8A 56 B4 02 7C E0 03 1F F8 C0 07 3E F0 81 0F 7C 98
[21:13:33.110] ADDR:0xEA TYPE:PARAMETER_SETTINGS_ENTRY  LEN:18 | EA 10 2B EA EE 1E 00 00 0D 42 69 6E 64 00 00 C8 00 E5
[21:13:33.120] ADDR:0xEE TYPE:RC_CHANNELS_PACKED        LEN:26 | EE 18 16 E0 BB 5E 2B B0 D7 8A 56 B4 02 7C E0 03 1F F8 C0 07 3E F0 81 0F 7C 38
[21:13:33.151] ADDR:0xEE TYPE:RC_CHANNELS_PACKED        LEN:26 | EE 18 16 E0 D3 5E 2B B0 D7 8A 56 B4 02 7C E0 03 1F F8 C0 07 3E F0 81 0F 7C C9
[21:13:33.171] ADDR:0xEE TYPE:RC_CHANNELS_PACKED        LEN:26 | EE 18 16 E0 C3 5E 2B B2 D7 8A 56 B4 02 7C E0 03 1F F8 C0 07 3E F0 81 0F 7C E4
[21:13:33.191] ADDR:0xEE TYPE:PARAMETER_READ            LEN:08 | EE 06 2C EE EA 1F 00 54
[21:13:33.201] ADDR:0xEE TYPE:RC_CHANNELS_PACKED        LEN:26 | EE 18 16 E0 C3 5E 2B B2 D7 8A 56 B4 02 7C E0 03 1F F8 C0 07 3E F0 81 0F 7C E4
[21:13:33.201] ADDR:0xEA TYPE:PARAMETER_SETTINGS_ENTRY  LEN:24 | EA 16 2B EA EE 1F 00 00 0C 42 61 64 2F 47 6F 6F 64 00 30 2F 35 30 00 FB
[21:13:33.232] ADDR:0xEE TYPE:RC_CHANNELS_PACKED        LEN:26 | EE 18 16 E0 C3 5E 2B B0 D7 8A 56 B4 02 7C E0 03 1F F8 C0 07 3E F0 81 0F 7C 98
[21:13:33.252] ADDR:0xEE TYPE:RC_CHANNELS_PACKED        LEN:26 | EE 18 16 E0 C3 5E 2B B2 D7 8A 56 B4 02 7C E0 03 1F F8 C0 07 3E F0 81 0F 7C E4
[21:13:33.252] ADDR:0xEA TYPE:ELRS_STATUS               LEN:15 | EA 0D 3A EA EE 10 00 03 0D 40 00 00 00 64 52
[21:13:33.262] ADDR:0xEE TYPE:RC_CHANNELS_PACKED        LEN:26 | EE 18 16 E0 C3 5E 2B B0 D7 8A 56 B4 02 7C E0 03 1F F8 C0 07 3E F0 81 0F 7C 98
[21:13:33.283] ADDR:0xEE TYPE:PARAMETER_READ            LEN:08 | EE 06 2C EE EA 20 00 38
[21:13:33.313] ADDR:0xEE TYPE:RC_CHANNELS_PACKED        LEN:26 | EE 18 16 E0 C3 5E 2B B2 D7 8A 56 B4 02 7C E0 03 1F F8 C0 07 3E F0 81 0F 7C E4
[21:13:33.313] ADDR:0xEA TYPE:PARAMETER_SETTINGS_ENTRY  LEN:30 | EA 1C 2B EA EE 20 00 00 0C 33 2E 36 2E 32 20 49 53 4D 32 47 34 00 30 62 30 63 63 65 00 BE
[21:13:33.333] ADDR:0xEE TYPE:RC_CHANNELS_PACKED        LEN:26 | EE 18 16 E0 C3 5E 2B B2 D7 8A 56 B4 02 7C E0 03 1F F8 C0 07 3E F0 81 0F 7C E4
[21:13:33.344] ADDR:0xEE TYPE:RC_CHANNELS_PACKED        LEN:26 | EE 18 16 E0 C3 5E 2B B2 D7 8A 56 B4 02 7C E0 03 1F F8 C0 07 3E F0 81 0F 7C E4
[21:13:33.364] ADDR:0xEE TYPE:RC_CHANNELS_PACKED        LEN:26 | EE 18 16 E0 C3 5E 2B B0 D7 8A 56 B4 02 7C E0 03 1F F8 C0 07 3E F0 81 0F 7C 98
[21:13:33.394] ADDR:0xEE TYPE:RC_CHANNELS_PACKED        LEN:26 | EE 18 16 E0 C3 5E 2B B2 D7 8A 56 B4 02 7C E0 03 1F F8 C0 07 3E F0 81 0F 7C E4
[21:13:33.415] ADDR:0xEE TYPE:RC_CHANNELS_PACKED        LEN:26 | EE 18 16 E0 C3 5E 2B B0 D7 8A 56 B4 02 7C E0 03 1F F8 C0 07 3E F0 81 0F 7C 98
[21:13:33.425] ADDR:0xEE TYPE:RC_CHANNELS_PACKED        LEN:26 | EE 18 16 E0 C3 5E 2B B2 D7 8A 56 B4 02 7C E0 03 1F F8 C0 07 3E F0 81 0F 7C E4
[21:13:33.445] ADDR:0xEE TYPE:RC_CHANNELS_PACKED        LEN:26 | EE 18 16 E0 C3 5E 2B B2 D7 8A 56 B4 02 7C E0 03 1F F8 C0 07 3E F0 81 0F 7C E4
[21:13:33.445] ADDR:0xEA TYPE:ELRS_STATUS               LEN:15 | EA 0D 3A EA EE 10 00 03 0D 40 00 00 01 54 AF
[21:13:33.477] ADDR:0xEE TYPE:RC_CHANNELS_PACKED        LEN:26 | EE 18 16 E0 C3 5E 2B B2 D7 8A 56 B4 02 7C E0 03 1F F8 C0 07 3E F0 81 0F 7C E4
[21:13:33.487] ADDR:0xEE TYPE:RC_CHANNELS_PACKED        LEN:26 | EE 18 16 E0 C3 5E 2B B2 D7 8A 56 B4 02 7C E0 03 1F F8 C0 07 3E F0 81 0F 7C E4
[21:13:33.507] ADDR:0xEE TYPE:RC_CHANNELS_PACKED        LEN:26 | EE 18 16 E0 C3 5E 2B B2 D7 8A 56 B4 02 7C E0 03 1F F8 C0 07 3E F0 81 0F 7C E4
[21:13:33.518] ADDR:0xEE TYPE:RC_CHANNELS_PACKED        LEN:26 | EE 18 16 E0 C3 5E 2B B2 D7 8A 56 B4 02 7C E0 03 1F F8 C0 07 3E F0 81 0F 7C E4
[21:13:33.558] ADDR:0xEE TYPE:RC_CHANNELS_PACKED        LEN:26 | EE 18 16 E0 C3 5E 2B B2 D7 8A 56 B4 02 7C E0 03 1F F8 C0 07 3E F0 81 0F 7C E4
[21:13:33.568] ADDR:0xEE TYPE:RC_CHANNELS_PACKED        LEN:26 | EE 18 16 E0 C3 5E 2B B2 D7 8A 56 B4 02 7C E0 03 1F F8 C0 07 3E F0 81 0F 7C E4
[21:13:33.590] ADDR:0xEE TYPE:RC_CHANNELS_PACKED        LEN:26 | EE 18 16 E0 C3 5E 2B B2 D7 8A 56 B4 02 7C E0 03 1F F8 C0 07 3E F0 81 0F 7C E4
[21:13:33.601] ADDR:0xEE TYPE:RC_CHANNELS_PACKED        LEN:26 | EE 18 16 E0 C3 5E 2B B2 D7 8A 56 B4 02 7C E0 03 1F F8 C0 07 3E F0 81 0F 7C E4
[21:13:33.631] ADDR:0xEE TYPE:RC_CHANNELS_PACKED        LEN:26 | EE 18 16 E0 BB 5E 2B B2 D7 8A 56 B4 02 7C E0 03 1F F8 C0 07 3E F0 81 0F 7C 44
[21:13:33.654] ADDR:0xEE TYPE:RC_CHANNELS_PACKED        LEN:26 | EE 18 16 E0 C3 5E 2B B2 D7 8A 56 B4 02 7C E0 03 1F F8 C0 07 3E F0 81 0F 7C E4
[21:13:33.654] ADDR:0xEA TYPE:ELRS_STATUS               LEN:15 | EA 0D 3A EA EE 10 00 03 0D 40 00 00 00 96 A9
[21:13:33.664] ADDR:0xEE TYPE:RC_CHANNELS_PACKED        LEN:26 | EE 18 16 E0 C3 5E 2B B2 D7 8A 56 B4 02 7C E0 03 1F F8 C0 07 3E F0 81 0F 7C E4
[21:13:33.684] ADDR:0xEE TYPE:RC_CHANNELS_PACKED        LEN:26 | EE 18 16 E0 C3 5E 2B B0 D7 8A 56 B4 02 7C E0 03 1F F8 C0 07 3E F0 81 0F 7C 98
[21:13:33.715] ADDR:0xEE TYPE:RC_CHANNELS_PACKED        LEN:26 | EE 18 16 E0 C3 5E 2B AE D7 8A 56 B4 02 7C E0 03 1F F8 C0 07 3E F0 81 0F 7C 73
[21:13:33.726] ADDR:0xEE TYPE:RC_CHANNELS_PACKED        LEN:26 | EE 18 16 E0 C3 5E 2B B0 D7 8A 56 B4 02 7C E0 03 1F F8 C0 07 3E F0 81 0F 7C 98
[21:13:33.746] ADDR:0xEE TYPE:RC_CHANNELS_PACKED        LEN:26 | EE 18 16 E0 BB 5E 2B B0 D7 8A 56 B4 02 7C E0 03 1F F8 C0 07 3E F0 81 0F 7C 38
[21:13:33.767] ADDR:0xEE TYPE:RC_CHANNELS_PACKED        LEN:26 | EE 18 16 E0 C3 5E 2B B2 D7 8A 56 B4 02 7C E0 03 1F F8 C0 07 3E F0 81 0F 7C E4
[21:13:33.797] ADDR:0xEE TYPE:RC_CHANNELS_PACKED        LEN:26 | EE 18 16 E0 BB 5E 2B B2 D7 8A 56 B4 02 7C E0 03 1F F8 C0 07 3E F0 81 0F 7C 44
[21:13:33.808] ADDR:0xEE TYPE:RC_CHANNELS_PACKED        LEN:26 | EE 18 16 E0 C3 5E 2B B2 D7 8A 56 B4 02 7C E0 03 1F F8 C0 07 3E F0 81 0F 7C E4
[21:13:33.828] ADDR:0xEE TYPE:RC_CHANNELS_PACKED        LEN:26 | EE 18 16 E0 C3 5E 2B B2 D7 8A 56 B4 02 7C E0 03 1F F8 C0 07 3E F0 81 0F 7C E4
[21:13:33.838] ADDR:0xEE TYPE:RC_CHANNELS_PACKED        LEN:26 | EE 18 16 E0 C3 5E 2B B2 D7 8A 56 B4 02 7C E0 03 1F F8 C0 07 3E F0 81 0F 7C E4
[21:13:33.838] ADDR:0xEA TYPE:ELRS_STATUS               LEN:15 | EA 0D 3A EA EE 10 00 03 0D 40 00 00 01 0E 36
[21:13:33.879] ADDR:0xEE TYPE:RC_CHANNELS_PACKED        LEN:26 | EE 18 16 E0 C3 5E 2B B2 D7 8A 56 B4 02 7C E0 03 1F F8 C0 07 3E F0 81 0F 7C E4
[21:13:33.889] ADDR:0xEE TYPE:RC_CHANNELS_PACKED        LEN:26 | EE 18 16 E0 C3 5E 2B B2 D7 8A 56 B4 02 7C E0 03 1F F8 C0 07 3E F0 81 0F 7C E4
[21:13:33.909] ADDR:0xEE TYPE:RC_CHANNELS_PACKED        LEN:26 | EE 18 16 E0 C3 5E 2B B0 D7 8A 56 B4 02 7C E0 03 1F F8 C0 07 3E F0 81 0F 7C 98
[21:13:33.919] ADDR:0xEE TYPE:RC_CHANNELS_PACKED        LEN:26 | EE 18 16 E0 C3 5E 2B B0 D7 8A 56 B4 02 7C E0 03 1F F8 C0 07 3E F0 81 0F 7C 98
[21:13:33.953] ADDR:0xEE TYPE:RC_CHANNELS_PACKED        LEN:26 | EE 18 16 E0 C3 5E 2B B2 D7 8A 56 B4 02 7C E0 03 1F F8 C0 07 3E F0 81 0F 7C E4
[21:13:33.973] ADDR:0xEE TYPE:RC_CHANNELS_PACKED        LEN:26 | EE 18 16 E0 C3 5E 2B B2 D7 8A 56 B4 02 7C E0 03 1F F8 C0 07 3E F0 81 0F 7C E4
[21:13:33.983] ADDR:0xEE TYPE:RC_CHANNELS_PACKED        LEN:26 | EE 18 16 DF C3 5E 2B B2 D7 8A 56 B4 02 7C E0 03 1F F8 C0 07 3E F0 81 0F 7C 66
[21:13:34.006] ADDR:0xEE TYPE:RC_CHANNELS_PACKED        LEN:26 | EE 18 16 E0 C3 5E 2B B2 D7 8A 56 B4 02 7C E0 03 1F F8 C0 07 3E F0 81 0F 7C E4
[21:13:34.036] ADDR:0xEE TYPE:RC_CHANNELS_PACKED        LEN:26 | EE 18 16 E0 BB 5E 2B B2 D7 8A 56 B4 02 7C E0 03 1F F8 C0 07 3E F0 81 0F 7C 44
[21:13:34.046] ADDR:0xEE TYPE:RC_CHANNELS_PACKED        LEN:26 | EE 18 16 E0 C3 5E 2B B2 D7 8A 56 B4 02 7C E0 03 1F F8 C0 07 3E F0 81 0F 7C E4
[21:13:34.046] ADDR:0xEA TYPE:ELRS_STATUS               LEN:15 | EA 0D 3A EA EE 10 00 03 0D 40 00 00 00 C8 CE
[21:13:34.066] ADDR:0xEE TYPE:RC_CHANNELS_PACKED        LEN:26 | EE 18 16 E0 C3 5E 2B B0 D7 8A 56 B4 02 7C E0 03 1F F8 C0 07 3E F0 81 0F 7C 98
[21:13:34.087] ADDR:0xEE TYPE:RC_CHANNELS_PACKED        LEN:26 | EE 18 16 E0 C3 5E 2B AE D7 8A 56 B4 02 7C E0 03 1F F8 C0 07 3E F0 81 0F 7C 73
[21:13:34.117] ADDR:0xEE TYPE:RC_CHANNELS_PACKED        LEN:26 | EE 18 16 E0 C3 5E 2B B0 D7 8A 56 B4 02 7C E0 03 1F F8 C0 07 3E F0 81 0F 7C 98
[21:13:34.127] ADDR:0xEE TYPE:RC_CHANNELS_PACKED        LEN:26 | EE 18 16 E0 C3 5E 2B B2 D7 8A 56 B4 02 7C E0 03 1F F8 C0 07 3E F0 81 0F 7C E4
[21:13:34.148] ADDR:0xEE TYPE:RC_CHANNELS_PACKED        LEN:26 | EE 18 16 E0 C3 5E 2B B2 D7 8A 56 B4 02 7C E0 03 1F F8 C0 07 3E F0 81 0F 7C E4
[21:13:34.158] ADDR:0xEE TYPE:RC_CHANNELS_PACKED        LEN:26 | EE 18 16 DD BB 5E 2B B2 D7 8A 56 B4 02 7C E0 03 1F F8 C0 07 3E F0 81 0F 7C B0
[21:13:34.198] ADDR:0xEE TYPE:RC_CHANNELS_PACKED        LEN:26 | EE 18 16 E0 C3 5E 2B B2 D7 8A 56 B4 02 7C E0 03 1F F8 C0 07 3E F0 81 0F 7C E4
[21:13:34.208] ADDR:0xEE TYPE:RC_CHANNELS_PACKED        LEN:26 | EE 18 16 E0 C3 5E 2B B0 D7 8A 56 B4 02 7C E0 03 1F F8 C0 07 3E F0 81 0F 7C 98
[21:13:34.229] ADDR:0xEE TYPE:RC_CHANNELS_PACKED        LEN:26 | EE 18 16 E0 BB 5E 2B B0 D7 8A 56 B4 02 7C E0 03 1F F8 C0 07 3E F0 81 0F 7C 38
[21:13:34.239] ADDR:0xEE TYPE:RC_CHANNELS_PACKED        LEN:26 | EE 18 16 E0 C3 5E 2B B2 D7 8A 56 B4 02 7C E0 03 1F F8 C0 07 3E F0 81 0F 7C E4
[21:13:34.239] ADDR:0xEA TYPE:ELRS_STATUS               LEN:15 | EA 0D 3A EA EE 10 00 03 0D 40 FF FF FF 7E 8E
[21:13:34.269] ADDR:0xEE TYPE:RC_CHANNELS_PACKED        LEN:26 | EE 18 16 E0 C3 5E 2B B2 D7 8A 56 B4 02 7C E0 03 1F F8 C0 07 3E F0 81 0F 7C E4
[21:13:34.290] ADDR:0xEE TYPE:RC_CHANNELS_PACKED        LEN:26 | EE 18 16 E0 C3 5E 2B B2 D7 8A 56 B4 02 7C E0 03 1F F8 C0 07 3E F0 81 0F 7C E4
[21:13:34.310] ADDR:0xEE TYPE:RC_CHANNELS_PACKED        LEN:26 | EE 18 16 E0 C3 5E 2B B2 D7 8A 56 B4 02 7C E0 03 1F F8 C0 07 3E F0 81 0F 7C E4
[21:13:34.320] ADDR:0xEE TYPE:RC_CHANNELS_PACKED        LEN:26 | EE 18 16 E0 BB 5E 2B B2 D7 8A 56 B4 02 7C E0 03 1F F8 C0 07 3E F0 81 0F 7C 44
[21:13:34.350] ADDR:0xEE TYPE:RC_CHANNELS_PACKED        LEN:26 | EE 18 16 E0 C3 5E 2B B4 D7 8A 56 B4 02 7C E0 03 1F F8 C0 07 3E F0 81 0F 7C 60
[21:13:34.373] ADDR:0xEE TYPE:RC_CHANNELS_PACKED        LEN:26 | EE 18 16 E0 C3 5E 2B B2 D7 8A 56 B4 02 7C E0 03 1F F8 C0 07 3E F0 81 0F 7C E4
[21:13:34.383] ADDR:0xEE TYPE:RC_CHANNELS_PACKED        LEN:26 | EE 18 16 E0 BB 5E 2B B0 D7 8A 56 B4 02 7C E0 03 1F F8 C0 07 3E F0 81 0F 7C 38
[21:13:34.403] ADDR:0xEE TYPE:RC_CHANNELS_PACKED        LEN:26 | EE 18 16 E0 C3 5E 2B B2 D7 8A 56 B4 02 7C E0 03 1F F8 C0 07 3E F0 81 0F 7C E4
[21:13:34.434] ADDR:0xEE TYPE:RC_CHANNELS_PACKED        LEN:26 | EE 18 16 E0 C3 5E 2B AE D7 8A 56 B4 02 7C E0 03 1F F8 C0 07 3E F0 81 0F 7C 73
[21:13:34.454] ADDR:0xEE TYPE:RC_CHANNELS_PACKED        LEN:26 | EE 18 16 E0 C3 5E 2B B2 D7 8A 56 B4 02 7C E0 03 1F F8 C0 07 3E F0 81 0F 7C E4
[21:13:34.454] ADDR:0xEA TYPE:ELRS_STATUS               LEN:15 | EA 0D 3A EA EE 10 00 03 0D 40 00 00 01 86 F0
[21:13:34.464] ADDR:0xEE TYPE:RC_CHANNELS_PACKED        LEN:26 | EE 18 16 E0 C3 5E 2B B0 D7 8A 56 B4 02 7C E0 03 1F F8 C0 07 3E F0 81 0F 7C 98
[21:13:34.485] ADDR:0xEE TYPE:RC_CHANNELS_PACKED        LEN:26 | EE 18 16 E0 C3 5E 2B B2 D7 8A 56 B4 02 7C E0 03 1F F8 C0 07 3E F0 81 0F 7C E4
[21:13:34.515] ADDR:0xEE TYPE:RC_CHANNELS_PACKED        LEN:26 | EE 18 16 E0 C3 5E 2B B2 D7 8A 56 B4 02 7C E0 03 1F F8 C0 07 3E F0 81 0F 7C E4
[21:13:34.535] ADDR:0xEE TYPE:RC_CHANNELS_PACKED        LEN:26 | EE 18 16 E0 C3 5E 2B AE D7 8A 56 B4 02 7C E0 03 1F F8 C0 07 3E F0 81 0F 7C 73
[21:13:34.546] ADDR:0xEE TYPE:RC_CHANNELS_PACKED        LEN:26 | EE 18 16 E0 C3 5E 2B AE D7 8A 56 B4 02 7C E0 03 1F F8 C0 07 3E F0 81 0F 7C 73
[21:13:34.566] ADDR:0xEE TYPE:RC_CHANNELS_PACKED        LEN:26 | EE 18 16 E0 C3 5E 2B B2 D7 8A 56 B4 02 7C E0 03 1F F8 C0 07 3E F0 81 0F 7C E4
[21:13:34.597] ADDR:0xEE TYPE:RC_CHANNELS_PACKED        LEN:26 | EE 18 16 E0 C3 5E 2B B2 D7 8A 56 B4 02 7C E0 03 1F F8 C0 07 3E F0 81 0F 7C E4
[21:13:34.608] ADDR:0xEE TYPE:RC_CHANNELS_PACKED        LEN:26 | EE 18 16 E0 C3 5E 2B AE D7 8A 56 B4 02 7C E0 03 1F F8 C0 07 3E F0 81 0F 7C 73
[21:13:34.628] ADDR:0xEE TYPE:RC_CHANNELS_PACKED        LEN:26 | EE 18 16 E0 C3 5E 2B B2 D7 8A 56 B4 02 7C E0 03 1F F8 C0 07 3E F0 81 0F 7C E4
[21:13:34.638] ADDR:0xEE TYPE:RC_CHANNELS_PACKED        LEN:26 | EE 18 16 E0 C3 5E 2B B2 D7 8A 56 B4 02 7C E0 03 1F F8 C0 07 3E F0 81 0F 7C E4
[21:13:34.638] ADDR:0xEA TYPE:ELRS_STATUS               LEN:15 | EA 0D 3A EA EE 10 00 03 0D 40 00 00 00 A0 DE
[21:13:34.679] ADDR:0xEE TYPE:RC_CHANNELS_PACKED        LEN:26 | EE 18 16 E0 C3 5E 2B B2 D7 8A 56 B4 02 7C E0 03 1F F8 C0 07 3E F0 81 0F 7C E4
[21:13:34.689] ADDR:0xEE TYPE:RC_CHANNELS_PACKED        LEN:26 | EE 18 16 E0 C3 5E 2B B2 D7 8A 56 B4 02 7C E0 03 1F F8 C0 07 3E F0 81 0F 7C E4
[21:13:34.709] ADDR:0xEE TYPE:RC_CHANNELS_PACKED        LEN:26 | EE 18 16 E0 BB 5E 2B B2 D7 8A 56 B4 02 7C E0 03 1F F8 C0 07 3E F0 81 0F 7C 44
[21:13:34.719] ADDR:0xEE TYPE:RC_CHANNELS_PACKED        LEN:26 | EE 18 16 E0 C3 5E 2B B2 D7 8A 56 B4 02 7C E0 03 1F F8 C0 07 3E F0 81 0F 7C E4
[21:13:34.750] ADDR:0xEE TYPE:RC_CHANNELS_PACKED        LEN:26 | EE 18 16 E0 C3 5E 2B B0 D7 8A 56 B4 02 7C E0 03 1F F8 C0 07 3E F0 81 0F 7C 98
[21:13:34.770] ADDR:0xEE TYPE:RC_CHANNELS_PACKED        LEN:26 | EE 18 16 E0 C3 5E 2B B2 D7 8A 56 B4 02 7C E0 03 1F F8 C0 07 3E F0 81 0F 7C E4
[21:13:34.790] ADDR:0xEE TYPE:RC_CHANNELS_PACKED        LEN:26 | EE 18 16 E0 BB 5E 2B B2 D7 8A 56 B4 02 7C E0 03 1F F8 C0 07 3E F0 81 0F 7C 44
[21:13:34.800] ADDR:0xEE TYPE:RC_CHANNELS_PACKED        LEN:26 | EE 18 16 E0 BB 5E 2B B0 D7 8A 56 B4 02 7C E0 03 1F F8 C0 07 3E F0 81 0F 7C 38
[21:13:34.831] ADDR:0xEE TYPE:RC_CHANNELS_PACKED        LEN:26 | EE 18 16 E0 C3 5E 2B B2 D7 8A 56 B4 02 7C E0 03 1F F8 C0 07 3E F0 81 0F 7C E4
[21:13:34.853] ADDR:0xEE TYPE:RC_CHANNELS_PACKED        LEN:26 | EE 18 16 E0 C3 5E 2B B0 D7 8A 56 B4 02 7C E0 03 1F F8 C0 07 3E F0 81 0F 7C 98
[21:13:34.853] ADDR:0xEA TYPE:ELRS_STATUS               LEN:15 | EA 0D 3A EA EE 10 00 03 0D 40 00 00 00 1E 6F
[21:13:34.863] ADDR:0xEE TYPE:RC_CHANNELS_PACKED        LEN:26 | EE 18 16 E0 C3 5E 2B B0 D7 8A 56 B4 02 7C E0 03 1F F8 C0 07 3E F0 81 0F 7C 98
[21:13:34.883] ADDR:0xEE TYPE:RC_CHANNELS_PACKED        LEN:26 | EE 18 16 DF C3 5E 2B B4 D7 8A 56 B4 02 7C E0 03 1F F8 C0 07 3E F0 81 0F 7C E2
[21:13:34.914] ADDR:0xEE TYPE:RC_CHANNELS_PACKED        LEN:26 | EE 18 16 E0 C3 5E 2B B2 D7 8A 56 B4 02 7C E0 03 1F F8 C0 07 3E F0 81 0F 7C E4
[21:13:34.934] ADDR:0xEE TYPE:RC_CHANNELS_PACKED        LEN:26 | EE 18 16 E0 C3 5E 2B B0 D7 8A 56 B4 02 7C E0 03 1F F8 C0 07 3E F0 81 0F 7C 98
[21:13:34.944] ADDR:0xEE TYPE:RC_CHANNELS_PACKED        LEN:26 | EE 18 16 E0 C3 5E 2B B2 D7 8A 56 B4 02 7C E0 03 1F F8 C0 07 3E F0 81 0F 7C E4
[21:13:34.965] ADDR:0xEE TYPE:RC_CHANNELS_PACKED        LEN:26 | EE 18 16 E0 C3 5E 2B B2 D7 8A 56 B4 02 7C E0 03 1F F8 C0 07 3E F0 81 0F 7C E4
[21:13:34.995] ADDR:0xEE TYPE:RC_CHANNELS_PACKED        LEN:26 | EE 18 16 E0 BB 5E 2B B2 D7 8A 56 B4 02 7C E0 03 1F F8 C0 07 3E F0 81 0F 7C 44
[21:13:35.015] ADDR:0xEE TYPE:RC_CHANNELS_PACKED        LEN:26 | EE 18 16 E0 C3 5E 2B B2 D7 8A 56 B4 02 7C E0 03 1F F8 C0 07 3E F0 81 0F 7C E4
[21:13:35.025] ADDR:0xEE TYPE:RC_CHANNELS_PACKED        LEN:26 | EE 18 16 E0 C3 5E 2B B0 D7 8A 56 B4 02 7C E0 03 1F F8 C0 07 3E F0 81 0F 7C 98
[21:13:35.046] ADDR:0xEE TYPE:RC_CHANNELS_PACKED        LEN:26 | EE 18 16 E0 C3 5E 2B B2 D7 8A 56 B4 02 7C E0 03 1F F8 C0 07 3E F0 81 0F 7C E4
[21:13:35.046] ADDR:0xEA TYPE:ELRS_STATUS               LEN:15 | EA 0D 3A EA EE 10 00 03 0D 40 00 00 00 50 5A
[21:13:35.076] ADDR:0xEE TYPE:RC_CHANNELS_PACKED        LEN:26 | EE 18 16 E0 C3 5E 2B B2 D7 8A 56 B4 02 7C E0 03 1F F8 C0 07 3E F0 81 0F 7C E4
[21:13:35.086] ADDR:0xEE TYPE:RC_CHANNELS_PACKED        LEN:26 | EE 18 16 E0 BB 5E 2B B2 D7 8A 56 B4 02 7C E0 03 1F F8 C0 07 3E F0 81 0F 7C 44
[21:13:35.107] ADDR:0xEE TYPE:RC_CHANNELS_PACKED        LEN:26 | EE 18 16 E0 C3 5E 2B B0 D7 8A 56 B4 02 7C E0 03 1F F8 C0 07 3E F0 81 0F 7C 98
[21:13:35.127] ADDR:0xEE TYPE:RC_CHANNELS_PACKED        LEN:26 | EE 18 16 E0 C3 5E 2B B4 D7 8A 56 B4 02 7C E0 03 1F F8 C0 07 3E F0 81 0F 7C 60
[21:13:35.157] ADDR:0xEE TYPE:RC_CHANNELS_PACKED        LEN:26 | EE 18 16 E0 C3 5E 2B B2 D7 8A 56 B4 02 7C E0 03 1F F8 C0 07 3E F0 81 0F 7C E4
[21:13:35.168] ADDR:0xEE TYPE:RC_CHANNELS_PACKED        LEN:26 | EE 18 16 E0 C3 5E 2B B2 D7 8A 56 B4 02 7C E0 03 1F F8 C0 07 3E F0 81 0F 7C E4
[21:13:35.189] ADDR:0xEE TYPE:RC_CHANNELS_PACKED        LEN:26 | EE 18 16 E0 C3 5E 2B B0 D7 8A 56 B4 02 7C E0 03 1F F8 C0 07 3E F0 81 0F 7C 98
[21:13:35.199] ADDR:0xEE TYPE:RC_CHANNELS_PACKED        LEN:26 | EE 18 16 E0 C3 5E 2B B2 D7 8A 56 B4 02 7C E0 03 1F F8 C0 07 3E F0 81 0F 7C E4
[21:13:35.230] ADDR:0xEE TYPE:RC_CHANNELS_PACKED        LEN:26 | EE 18 16 E0 C3 5E 2B B2 D7 8A 56 B4 02 7C E0 03 1F F8 C0 07 3E F0 81 0F 7C E4
[21:13:35.250] ADDR:0xEE TYPE:RC_CHANNELS_PACKED        LEN:26 | EE 18 16 E0 C3 5E 2B B2 D7 8A 56 B4 02 7C E0 03 1F F8 C0 07 3E F0 81 0F 7C E4
[21:13:35.250] ADDR:0xEA TYPE:ELRS_STATUS               LEN:15 | EA 0D 3A EA EE 10 00 03 0D 40 00 00 01 0E 36
[21:13:35.270] ADDR:0xEE TYPE:RC_CHANNELS_PACKED        LEN:26 | EE 18 16 E0 C3 5E 2B B0 D7 8A 56 B4 02 7C E0 03 1F F8 C0 07 3E F0 81 0F 7C 98
[21:13:35.280] ADDR:0xEE TYPE:RC_CHANNELS_PACKED        LEN:26 | EE 18 16 E0 C3 5E 2B B0 D7 8A 56 B4 02 7C E0 03 1F F8 C0 07 3E F0 81 0F 7C 98
[21:13:35.311] ADDR:0xEE TYPE:RC_CHANNELS_PACKED        LEN:26 | EE 18 16 E0 C3 5E 2B B0 D7 8A 56 B4 02 7C E0 03 1F F8 C0 07 3E F0 81 0F 7C 98
[21:13:35.331] ADDR:0xEE TYPE:RC_CHANNELS_PACKED        LEN:26 | EE 18 16 E0 C3 5E 2B B2 D7 8A 56 B4 02 7C E0 03 1F F8 C0 07 3E F0 81 0F 7C E4
[21:13:35.351] ADDR:0xEE TYPE:RC_CHANNELS_PACKED        LEN:26 | EE 18 16 E0 BB 5E 2B B2 D7 8A 56 B4 02 7C E0 03 1F F8 C0 07 3E F0 81 0F 7C 44
[21:13:35.361] ADDR:0xEE TYPE:RC_CHANNELS_PACKED        LEN:26 | EE 18 16 E0 C3 5E 2B B0 D7 8A 56 B4 02 7C E0 03 1F F8 C0 07 3E F0 81 0F 7C 98
[21:13:35.392] ADDR:0xEE TYPE:RC_CHANNELS_PACKED        LEN:26 | EE 18 16 E0 C3 5E 2B B0 D7 8A 56 B4 02 7C E0 03 1F F8 C0 07 3E F0 81 0F 7C 98
[21:13:35.412] ADDR:0xEE TYPE:RC_CHANNELS_PACKED        LEN:26 | EE 18 16 E0 C3 5E 2B B2 D7 8A 56 B4 02 7C E0 03 1F F8 C0 07 3E F0 81 0F 7C E4
[21:13:35.422] ADDR:0xEE TYPE:RC_CHANNELS_PACKED        LEN:26 | EE 18 16 E0 C3 5E 2B B2 D7 8A 56 B4 02 7C E0 03 1F F8 C0 07 3E F0 81 0F 7C E4
[21:13:35.443] ADDR:0xEE TYPE:RC_CHANNELS_PACKED        LEN:26 | EE 18 16 E0 C3 5E 2B B2 D7 8A 56 B4 02 7C E0 03 1F F8 C0 07 3E F0 81 0F 7C E4
[21:13:35.443] ADDR:0xEA TYPE:ELRS_STATUS               LEN:15 | EA 0D 3A EA EE 10 00 03 0D 40 00 00 00 F0 11
[21:13:35.475] ADDR:0xEE TYPE:RC_CHANNELS_PACKED        LEN:26 | EE 18 16 E0 C3 5E 2B B2 D7 8A 56 B4 02 7C E0 03 1F F8 C0 07 3E F0 81 0F 7C E4
[21:13:35.495] ADDR:0xEE TYPE:RC_CHANNELS_PACKED        LEN:26 | EE 18 16 E0 C3 5E 2B B2 D7 8A 56 B4 02 7C E0 03 1F F8 C0 07 3E F0 81 0F 7C E4
[21:13:35.505] ADDR:0xEE TYPE:RC_CHANNELS_PACKED        LEN:26 | EE 18 16 E0 C3 5E 2B B2 D7 8A 56 B4 02 7C E0 03 1F F8 C0 07 3E F0 81 0F 7C E4
[21:13:35.527] ADDR:0xEE TYPE:RC_CHANNELS_PACKED        LEN:26 | EE 18 16 E0 C3 5E 2B B0 D7 8A 56 B4 02 7C E0 03 1F F8 C0 07 3E F0 81 0F 7C 98
[21:13:35.558] ADDR:0xEE TYPE:RC_CHANNELS_PACKED        LEN:26 | EE 18 16 E0 BB 5E 2B B2 D7 8A 56 B4 02 7C E0 03 1F F8 C0 07 3E F0 81 0F 7C 44
[21:13:35.568] ADDR:0xEE TYPE:RC_CHANNELS_PACKED        LEN:26 | EE 18 16 E0 C3 5E 2B B2 D7 8A 56 B4 02 7C E0 03 1F F8 C0 07 3E F0 81 0F 7C E4
[21:13:35.588] ADDR:0xEE TYPE:RC_CHANNELS_PACKED        LEN:26 | EE 18 16 E0 C3 5E 2B B2 D7 8A 56 B4 02 7C E0 03 1F F8 C0 07 3E F0 81 0F 7C E4
[21:13:35.598] ADDR:0xEE TYPE:RC_CHANNELS_PACKED        LEN:26 | EE 18 16 E0 C3 5E 2B B2 D7 8A 56 B4 02 7C E0 03 1F F8 C0 07 3E F0 81 0F 7C E4
[21:13:35.640] ADDR:0xEE TYPE:RC_CHANNELS_PACKED        LEN:26 | EE 18 16 E0 BB 5E 2B B2 D7 8A 56 B4 02 7C E0 03 1F F8 C0 07 3E F0 81 0F 7C 44
[21:13:35.650] ADDR:0xEE TYPE:RC_CHANNELS_PACKED        LEN:26 | EE 18 16 E0 C3 5E 2B B0 D7 8A 56 B4 02 7C E0 03 1F F8 C0 07 3E F0 81 0F 7C 98
[21:13:35.650] ADDR:0xEA TYPE:ELRS_STATUS               LEN:15 | EA 0D 3A EA EE 10 00 03 0D 40 FF FF FF EC 4C
[21:13:35.670] ADDR:0xEE TYPE:RC_CHANNELS_PACKED        LEN:26 | EE 18 16 E0 C3 5E 2B B4 D7 8A 56 B4 02 7C E0 03 1F F8 C0 07 3E F0 81 0F 7C 60
[21:13:35.680] ADDR:0xEE TYPE:RC_CHANNELS_PACKED        LEN:26 | EE 18 16 E0 C3 5E 2B B2 D7 8A 56 B4 02 7C E0 03 1F F8 C0 07 3E F0 81 0F 7C E4
[21:13:35.711] ADDR:0xEE TYPE:RC_CHANNELS_PACKED        LEN:26 | EE 18 16 E0 C3 5E 2B B2 D7 8A 56 B4 02 7C E0 03 1F F8 C0 07 3E F0 81 0F 7C E4
[21:13:35.731] ADDR:0xEE TYPE:RC_CHANNELS_PACKED        LEN:26 | EE 18 16 E0 C3 5E 2B B0 D7 8A 56 B4 02 7C E0 03 1F F8 C0 07 3E F0 81 0F 7C 98
[21:13:35.751] ADDR:0xEE TYPE:RC_CHANNELS_PACKED        LEN:26 | EE 18 16 E0 C3 5E 2B B2 D7 8A 56 B4 02 7C E0 03 1F F8 C0 07 3E F0 81 0F 7C E4
[21:13:35.762] ADDR:0xEE TYPE:RC_CHANNELS_PACKED        LEN:26 | EE 18 16 E0 C3 5E 2B B2 D7 8A 56 B4 02 7C E0 03 1F F8 C0 07 3E F0 81 0F 7C E4
[21:13:35.792] ADDR:0xEE TYPE:RC_CHANNELS_PACKED        LEN:26 | EE 18 16 E0 C3 5E 2B B2 D7 8A 56 B4 02 7C E0 03 1F F8 C0 07 3E F0 81 0F 7C E4
[21:13:35.812] ADDR:0xEE TYPE:RC_CHANNELS_PACKED        LEN:26 | EE 18 16 E0 BB 5E 2B B2 D7 8A 56 B4 02 7C E0 03 1F F8 C0 07 3E F0 81 0F 7C 44
[21:13:35.822] ADDR:0xEE TYPE:RC_CHANNELS_PACKED        LEN:26 | EE 18 16 DF C3 5E 2B B2 D7 8A 56 B4 02 7C E0 03 1F F8 C0 07 3E F0 81 0F 7C 66
[21:13:35.843] ADDR:0xEE TYPE:RC_CHANNELS_PACKED        LEN:26 | EE 18 16 E0 BB 5E 2B B2 D7 8A 56 B4 02 7C E0 03 1F F8 C0 07 3E F0 81 0F 7C 44
[21:13:35.843] ADDR:0xEA TYPE:ELRS_STATUS               LEN:15 | EA 0D 3A EA EE 10 00 03 0D 40 00 00 01 04 60
[21:13:35.874] ADDR:0xEE TYPE:RC_CHANNELS_PACKED        LEN:26 | EE 18 16 E0 BB 5E 2B B2 D7 8A 56 B4 02 7C E0 03 1F F8 C0 07 3E F0 81 0F 7C 44
[21:13:35.894] ADDR:0xEE TYPE:RC_CHANNELS_PACKED        LEN:26 | EE 18 16 E0 C3 5E 2B B2 D7 8A 56 B4 02 7C E0 03 1F F8 C0 07 3E F0 81 0F 7C E4
[21:13:35.904] ADDR:0xEE TYPE:RC_CHANNELS_PACKED        LEN:26 | EE 18 16 E0 C3 5E 2B B2 D7 8A 56 B4 02 7C E0 03 1F F8 C0 07 3E F0 81 0F 7C E4
[21:13:35.924] ADDR:0xEE TYPE:RC_CHANNELS_PACKED        LEN:26 | EE 18 16 E0 C3 5E 2B B2 D7 8A 56 B4 02 7C E0 03 1F F8 C0 07 3E F0 81 0F 7C E4
[21:13:35.955] ADDR:0xEE TYPE:RC_CHANNELS_PACKED        LEN:26 | EE 18 16 E0 C3 5E 2B B2 D7 8A 56 B4 02 7C E0 03 1F F8 C0 07 3E F0 81 0F 7C E4
[21:13:35.975] ADDR:0xEE TYPE:RC_CHANNELS_PACKED        LEN:26 | EE 18 16 E0 C3 5E 2B B2 D7 8A 56 B4 02 7C E0 03 1F F8 C0 07 3E F0 81 0F 7C E4
[21:13:35.985] ADDR:0xEE TYPE:RC_CHANNELS_PACKED        LEN:26 | EE 18 16 E0 C3 5E 2B B2 D7 8A 56 B4 02 7C E0 03 1F F8 C0 07 3E F0 81 0F 7C E4
[21:13:36.005] ADDR:0xEE TYPE:RC_CHANNELS_PACKED        LEN:26 | EE 18 16 E0 C3 5E 2B B2 D7 8A 56 B4 02 7C E0 03 1F F8 C0 07 3E F0 81 0F 7C E4
[21:13:36.036] ADDR:0xEE TYPE:RC_CHANNELS_PACKED        LEN:26 | EE 18 16 E0 C3 5E 2B B2 D7 8A 56 B4 02 7C E0 03 1F F8 C0 07 3E F0 81 0F 7C E4
[21:13:36.046] ADDR:0xEE TYPE:RC_CHANNELS_PACKED        LEN:26 | EE 18 16 E0 C3 5E 2B B2 D7 8A 56 B4 02 7C E0 03 1F F8 C0 07 3E F0 81 0F 7C E4
[21:13:36.046] ADDR:0xEA TYPE:ELRS_STATUS               LEN:15 | EA 0D 3A EA EE 10 00 03 0D 40 00 00 00 78 D7
[21:13:36.066] ADDR:0xEE TYPE:RC_CHANNELS_PACKED        LEN:26 | EE 18 16 E0 BB 5E 2B B2 D7 8A 56 B4 02 7C E0 03 1F F8 C0 07 3E F0 81 0F 7C 44
[21:13:36.087] ADDR:0xEE TYPE:RC_CHANNELS_PACKED        LEN:26 | EE 18 16 E0 C3 5E 2B B0 D7 8A 56 B4 02 7C E0 03 1F F8 C0 07 3E F0 81 0F 7C 98
[21:13:36.117] ADDR:0xEE TYPE:RC_CHANNELS_PACKED        LEN:26 | EE 18 16 E0 C3 5E 2B B2 D7 8A 56 B4 02 7C E0 03 1F F8 C0 07 3E F0 81 0F 7C E4
[21:13:36.127] ADDR:0xEE TYPE:RC_CHANNELS_PACKED        LEN:26 | EE 18 16 DF C3 5E 2B B2 D7 8A 56 B4 02 7C E0 03 1F F8 C0 07 3E F0 81 0F 7C 66
[21:13:36.147] ADDR:0xEE TYPE:RC_CHANNELS_PACKED        LEN:26 | EE 18 16 E0 C3 5E 2B B2 D7 8A 56 B4 02 7C E0 03 1F F8 C0 07 3E F0 81 0F 7C E4
[21:13:36.158] ADDR:0xEE TYPE:RC_CHANNELS_PACKED        LEN:26 | EE 18 16 E0 C3 5E 2B B2 D7 8A 56 B4 02 7C E0 03 1F F8 C0 07 3E F0 81 0F 7C E4
[21:13:36.198] ADDR:0xEE TYPE:RC_CHANNELS_PACKED        LEN:26 | EE 18 16 E0 C3 5E 2B B2 D7 8A 56 B4 02 7C E0 03 1F F8 C0 07 3E F0 81 0F 7C E4
[21:13:36.208] ADDR:0xEE TYPE:RC_CHANNELS_PACKED        LEN:26 | EE 18 16 E0 C3 5E 2B B2 D7 8A 56 B4 02 7C E0 03 1F F8 C0 07 3E F0 81 0F 7C E4
[21:13:36.229] ADDR:0xEE TYPE:RC_CHANNELS_PACKED        LEN:26 | EE 18 16 E0 C3 5E 2B B2 D7 8A 56 B4 02 7C E0 03 1F F8 C0 07 3E F0 81 0F 7C E4
[21:13:36.239] ADDR:0xEE TYPE:RC_CHANNELS_PACKED        LEN:26 | EE 18 16 E0 C3 5E 2B B2 D7 8A 56 B4 02 7C E0 03 1F F8 C0 07 3E F0 81 0F 7C E4
[21:13:36.239] ADDR:0xEA TYPE:ELRS_STATUS               LEN:15 | EA 0D 3A EA EE 10 00 03 0D 40 00 00 01 04 60
[21:13:36.279] ADDR:0xEE TYPE:RC_CHANNELS_PACKED        LEN:26 | EE 18 16 E0 C3 5E 2B B2 D7 8A 56 B4 02 7C E0 03 1F F8 C0 07 3E F0 81 0F 7C E4
[21:13:36.289] ADDR:0xEE TYPE:RC_CHANNELS_PACKED        LEN:26 | EE 18 16 E0 C3 5E 2B B2 D7 8A 56 B4 02 7C E0 03 1F F8 C0 07 3E F0 81 0F 7C E4
[21:13:36.310] ADDR:0xEE TYPE:RC_CHANNELS_PACKED        LEN:26 | EE 18 16 E0 C3 5E 2B B2 D7 8A 56 B4 02 7C E0 03 1F F8 C0 07 3E F0 81 0F 7C E4
[21:13:36.320] ADDR:0xEE TYPE:RC_CHANNELS_PACKED        LEN:26 | EE 18 16 E0 C3 5E 2B B0 D7 8A 56 B4 02 7C E0 03 1F F8 C0 07 3E F0 81 0F 7C 98
[21:13:36.350] ADDR:0xEE TYPE:RC_CHANNELS_PACKED        LEN:26 | EE 18 16 E0 BB 5E 2B B2 D7 8A 56 B4 02 7C E0 03 1F F8 C0 07 3E F0 81 0F 7C 44
[21:13:36.370] ADDR:0xEE TYPE:PARAMETER_WRITE           LEN:08 | EE 06 2D EE EA 07 00 0A
[21:13:36.391] ADDR:0xEE TYPE:RC_CHANNELS_PACKED        LEN:26 | EE 18 16 E0 BB 5E 2B B2 D7 8A 56 B4 02 7C E0 03 1F F8 C0 07 3E F0 81 0F 7C 44
[21:13:36.401] ADDR:0xEE TYPE:RC_CHANNELS_PACKED        LEN:26 | EE 18 16 E0 C3 5E 2B B2 D7 8A 56 B4 02 7C E0 03 1F F8 C0 07 3E F0 81 0F 7C E4
[21:13:36.431] ADDR:0xEE TYPE:RC_CHANNELS_PACKED        LEN:26 | EE 18 16 E0 C3 5E 2B B2 D7 8A 56 B4 02 7C E0 03 1F F8 C0 07 3E F0 81 0F 7C E4
[21:13:36.451] ADDR:0xEE TYPE:RC_CHANNELS_PACKED        LEN:26 | EE 18 16 E0 C3 5E 2B B2 D7 8A 56 B4 02 7C E0 03 1F F8 C0 07 3E F0 81 0F 7C E4
[21:13:36.451] ADDR:0xEA TYPE:ELRS_STATUS               LEN:15 | EA 0D 3A EA EE 10 00 03 0D 40 FF FF FF E2 E4
[21:13:36.461] ADDR:0xEE TYPE:RC_CHANNELS_PACKED        LEN:26 | EE 18 16 E0 C3 5E 2B AA D7 8A 56 B4 02 7C E0 03 1F F8 C0 07 3E F0 81 0F 7C 8B
[21:13:36.482] ADDR:0xEE TYPE:RC_CHANNELS_PACKED        LEN:26 | EE 18 16 E0 C3 5E 2B B2 D7 8A 56 B4 02 7C E0 03 1F F8 C0 07 3E F0 81 0F 7C E4
[21:13:36.513] ADDR:0xEE TYPE:RC_CHANNELS_PACKED        LEN:26 | EE 18 16 E0 C3 5E 2B B2 D7 8A 56 B4 02 7C E0 03 1F F8 C0 07 3E F0 81 0F 7C E4
[21:13:36.533] ADDR:0xEE TYPE:RC_CHANNELS_PACKED        LEN:26 | EE 18 16 E0 C3 5E 2B B2 D7 8A 56 B4 02 7C E0 03 1F F8 C0 07 3E F0 81 0F 7C E4
[21:13:36.544] ADDR:0xEE TYPE:RC_CHANNELS_PACKED        LEN:26 | EE 18 16 E0 C3 5E 2B B2 D7 8A 56 B4 02 7C E0 03 1F F8 C0 07 3E F0 81 0F 7C E4
[21:13:36.564] ADDR:0xEE TYPE:RC_CHANNELS_PACKED        LEN:26 | EE 18 16 E0 C3 5E 2B B2 D7 8A 56 B4 02 7C E0 03 1F F8 C0 07 3E F0 81 0F 7C E4
[21:13:36.596] ADDR:0xEE TYPE:RC_CHANNELS_PACKED        LEN:26 | EE 18 16 E0 C3 5E 2B B2 D7 8A 56 B4 02 7C E0 03 1F F8 C0 07 3E F0 81 0F 7C E4
[21:13:36.606] ADDR:0xEE TYPE:RC_CHANNELS_PACKED        LEN:26 | EE 18 16 E0 C3 5E 2B B2 D7 8A 56 B4 02 7C E0 03 1F F8 C0 07 3E F0 81 0F 7C E4
[21:13:36.627] ADDR:0xEE TYPE:RC_CHANNELS_PACKED        LEN:26 | EE 18 16 E0 C3 5E 2B B2 D7 8A 56 B4 02 7C E0 03 1F F8 C0 07 3E F0 81 0F 7C E4
[21:13:36.647] ADDR:0xEE TYPE:RC_CHANNELS_PACKED        LEN:26 | EE 18 16 E0 BB 5E 2B B2 D7 8A 56 B4 02 7C E0 03 1F F8 C0 07 3E F0 81 0F 7C 44
[21:13:36.647] ADDR:0xEA TYPE:ELRS_STATUS               LEN:15 | EA 0D 3A EA EE 10 00 03 0D 40 00 00 00 F0 11
[21:13:36.677] ADDR:0xEE TYPE:RC_CHANNELS_PACKED        LEN:26 | EE 18 16 E0 BB 5E 2B B0 D7 8A 56 B4 02 7C E0 03 1F F8 C0 07 3E F0 81 0F 7C 38
[21:13:36.688] ADDR:0xEE TYPE:RC_CHANNELS_PACKED        LEN:26 | EE 18 16 E0 C3 5E 2B B2 D7 8A 56 B4 02 7C E0 03 1F F8 C0 07 3E F0 81 0F 7C E4
[21:13:36.708] ADDR:0xEE TYPE:RC_CHANNELS_PACKED        LEN:26 | EE 18 16 E0 C3 5E 2B B2 D7 8A 56 B4 02 7C E0 03 1F F8 C0 07 3E F0 81 0F 7C E4
[21:13:36.718] ADDR:0xEE TYPE:RC_CHANNELS_PACKED        LEN:26 | EE 18 16 E0 BB 5E 2B B2 D7 8A 56 B4 02 7C E0 03 1F F8 C0 07 3E F0 81 0F 7C 44
[21:13:36.758] ADDR:0xEE TYPE:RC_CHANNELS_PACKED        LEN:26 | EE 18 16 DF C3 5E 2B B2 D7 8A 56 B4 02 7C E0 03 1F F8 C0 07 3E F0 81 0F 7C 66
[21:13:36.769] ADDR:0xEE TYPE:RC_CHANNELS_PACKED        LEN:26 | EE 18 16 E0 C3 5E 2B B2 D7 8A 56 B4 02 7C E0 03 1F F8 C0 07 3E F0 81 0F 7C E4
[21:13:36.789] ADDR:0xEE TYPE:RC_CHANNELS_PACKED        LEN:26 | EE 18 16 E0 C3 5E 2B B0 D7 8A 56 B4 02 7C E0 03 1F F8 C0 07 3E F0 81 0F 7C 98
[21:13:36.799] ADDR:0xEE TYPE:RC_CHANNELS_PACKED        LEN:26 | EE 18 16 E0 C3 5E 2B B2 D7 8A 56 B4 02 7C E0 03 1F F8 C0 07 3E F0 81 0F 7C E4
[21:13:36.829] ADDR:0xEE TYPE:RC_CHANNELS_PACKED        LEN:26 | EE 18 16 E0 BB 5E 2B B2 D7 8A 56 B4 02 7C E0 03 1F F8 C0 07 3E F0 81 0F 7C 44
[21:13:36.850] ADDR:0xEE TYPE:RC_CHANNELS_PACKED        LEN:26 | EE 18 16 E0 C3 5E 2B B2 D7 8A 56 B4 02 7C E0 03 1F F8 C0 07 3E F0 81 0F 7C E4
[21:13:36.850] ADDR:0xEA TYPE:ELRS_STATUS               LEN:15 | EA 0D 3A EA EE 10 00 03 0D 40 00 00 00 F0 11
[21:13:36.870] ADDR:0xEE TYPE:RC_CHANNELS_PACKED        LEN:26 | EE 18 16 E0 C3 5E 2B B0 D7 8A 56 B4 02 7C E0 03 1F F8 C0 07 3E F0 81 0F 7C 98
[21:13:36.880] ADDR:0xEE TYPE:RC_CHANNELS_PACKED        LEN:26 | EE 18 16 E0 BB 5E 2B B0 D7 8A 56 B4 02 7C E0 03 1F F8 C0 07 3E F0 81 0F 7C 38
[21:13:36.911] ADDR:0xEE TYPE:RC_CHANNELS_PACKED        LEN:26 | EE 18 16 E0 BB 5E 2B B2 D7 8A 56 B4 02 7C E0 03 1F F8 C0 07 3E F0 81 0F 7C 44
[21:13:36.931] ADDR:0xEE TYPE:RC_CHANNELS_PACKED        LEN:26 | EE 18 16 E0 BB 5E 2B B2 D7 8A 56 B4 02 7C E0 03 1F F8 C0 07 3E F0 81 0F 7C 44
[21:13:36.951] ADDR:0xEE TYPE:RC_CHANNELS_PACKED        LEN:26 | EE 18 16 E0 C3 5E 2B B2 D7 8A 56 B4 02 7C E0 03 1F F8 C0 07 3E F0 81 0F 7C E4
[21:13:36.962] ADDR:0xEE TYPE:RC_CHANNELS_PACKED        LEN:26 | EE 18 16 E0 C3 5E 2B B2 D7 8A 56 B4 02 7C E0 03 1F F8 C0 07 3E F0 81 0F 7C E4
[21:13:36.992] ADDR:0xEE TYPE:RC_CHANNELS_PACKED        LEN:26 | EE 18 16 E0 C3 5E 2B B2 D7 8A 56 B4 02 7C E0 03 1F F8 C0 07 3E F0 81 0F 7C E4
[21:13:37.012] ADDR:0xEE TYPE:RC_CHANNELS_PACKED        LEN:26 | EE 18 16 E0 C3 5E 2B B2 D7 8A 56 B4 02 7C E0 03 1F F8 C0 07 3E F0 81 0F 7C E4
[21:13:37.022] ADDR:0xEE TYPE:RC_CHANNELS_PACKED        LEN:26 | EE 18 16 E0 C3 5E 2B B2 D7 8A 56 B4 02 7C E0 03 1F F8 C0 07 3E F0 81 0F 7C E4
[21:13:37.043] ADDR:0xEE TYPE:RC_CHANNELS_PACKED        LEN:26 | EE 18 16 DF BB 5E 2B B0 D7 8A 56 B4 02 7C E0 03 1F F8 C0 07 3E F0 81 0F 7C BA
[21:13:37.043] ADDR:0xEA TYPE:ELRS_STATUS               LEN:15 | EA 0D 3A EA EE 10 00 03 0D 40 00 00 00 50 5A
[21:13:37.075] ADDR:0xEE TYPE:RC_CHANNELS_PACKED        LEN:26 | EE 18 16 E0 C3 5E 2B B2 D7 8A 56 B4 02 7C E0 03 1F F8 C0 07 3E F0 81 0F 7C E4
[21:13:37.095] ADDR:0xEE TYPE:RC_CHANNELS_PACKED        LEN:26 | EE 18 16 E0 C3 5E 2B B2 D7 8A 56 B4 02 7C E0 03 1F F8 C0 07 3E F0 81 0F 7C E4
[21:13:37.106] ADDR:0xEE TYPE:RC_CHANNELS_PACKED        LEN:26 | EE 18 16 E0 C3 5E 2B B2 D7 8A 56 B4 02 7C E0 03 1F F8 C0 07 3E F0 81 0F 7C E4
[21:13:37.126] ADDR:0xEE TYPE:RC_CHANNELS_PACKED        LEN:26 | EE 18 16 E0 C3 5E 2B B2 D7 8A 56 B4 02 7C E0 03 1F F8 C0 07 3E F0 81 0F 7C E4
[21:13:37.156] ADDR:0xEE TYPE:RC_CHANNELS_PACKED        LEN:26 | EE 18 16 E0 BB 5E 2B B2 D7 8A 56 B4 02 7C E0 03 1F F8 C0 07 3E F0 81 0F 7C 44
[21:13:37.166] ADDR:0xEE TYPE:RC_CHANNELS_PACKED        LEN:26 | EE 18 16 E0 C3 5E 2B B2 D7 8A 56 B4 02 7C E0 03 1F F8 C0 07 3E F0 81 0F 7C E4
[21:13:37.187] ADDR:0xEE TYPE:RC_CHANNELS_PACKED        LEN:26 | EE 18 16 E0 C3 5E 2B B4 D7 8A 56 B4 02 7C E0 03 1F F8 C0 07 3E F0 81 0F 7C 60
[21:13:37.207] ADDR:0xEE TYPE:RC_CHANNELS_PACKED        LEN:26 | EE 18 16 E0 C3 5E 2B B0 D7 8A 56 B4 02 7C E0 03 1F F8 C0 07 3E F0 81 0F 7C 98
[21:13:37.237] ADDR:0xEE TYPE:RC_CHANNELS_PACKED        LEN:26 | EE 18 16 E0 C3 5E 2B AE D7 8A 56 B4 02 7C E0 03 1F F8 C0 07 3E F0 81 0F 7C 73
[21:13:37.247] ADDR:0xEE TYPE:RC_CHANNELS_PACKED        LEN:26 | EE 18 16 E0 BB 5E 2B B2 D7 8A 56 B4 02 7C E0 03 1F F8 C0 07 3E F0 81 0F 7C 44
[21:13:37.248] ADDR:0xEA TYPE:ELRS_STATUS               LEN:15 | EA 0D 3A EA EE 10 00 03 0D 40 00 00 00 3C B4
[21:13:37.268] ADDR:0xEE TYPE:RC_CHANNELS_PACKED        LEN:26 | EE 18 16 E0 C3 5E 2B B2 D7 8A 56 B4 02 7C E0 03 1F F8 C0 07 3E F0 81 0F 7C E4
[21:13:37.278] ADDR:0xEE TYPE:RC_CHANNELS_PACKED        LEN:26 | EE 18 16 E0 C3 5E 2B B2 D7 8A 56 B4 02 7C E0 03 1F F8 C0 07 3E F0 81 0F 7C E4
[21:13:37.318] ADDR:0xEE TYPE:RC_CHANNELS_PACKED        LEN:26 | EE 18 16 E0 C3 5E 2B B0 D7 8A 56 B4 02 7C E0 03 1F F8 C0 07 3E F0 81 0F 7C 98
[21:13:37.329] ADDR:0xEE TYPE:RC_CHANNELS_PACKED        LEN:26 | EE 18 16 E0 C3 5E 2B B2 D7 8A 56 B4 02 7C E0 03 1F F8 C0 07 3E F0 81 0F 7C E4
[21:13:37.349] ADDR:0xEE TYPE:RC_CHANNELS_PACKED        LEN:26 | EE 18 16 E0 BB 5E 2B B0 D7 8A 56 B4 02 7C E0 03 1F F8 C0 07 3E F0 81 0F 7C 38
[21:13:37.359] ADDR:0xEE TYPE:RC_CHANNELS_PACKED        LEN:26 | EE 18 16 E0 C3 5E 2B B2 D7 8A 56 B4 02 7C E0 03 1F F8 C0 07 3E F0 81 0F 7C E4
[21:13:37.389] ADDR:0xEE TYPE:RC_CHANNELS_PACKED        LEN:26 | EE 18 16 E0 C3 5E 2B B2 D7 8A 56 B4 02 7C E0 03 1F F8 C0 07 3E F0 81 0F 7C E4
[21:13:37.413] ADDR:0xEE TYPE:RC_CHANNELS_PACKED        LEN:26 | EE 18 16 E0 C3 5E 2B B4 D7 8A 56 B4 02 7C E0 03 1F F8 C0 07 3E F0 81 0F 7C 60
[21:13:37.423] ADDR:0xEE TYPE:RC_CHANNELS_PACKED        LEN:26 | EE 18 16 E0 C3 5E 2B B2 D7 8A 56 B4 02 7C E0 03 1F F8 C0 07 3E F0 81 0F 7C E4
[21:13:37.443] ADDR:0xEE TYPE:RC_CHANNELS_PACKED        LEN:26 | EE 18 16 E0 C3 5E 2B B2 D7 8A 56 B4 02 7C E0 03 1F F8 C0 07 3E F0 81 0F 7C E4
[21:13:37.443] ADDR:0xEA TYPE:ELRS_STATUS               LEN:15 | EA 0D 3A EA EE 10 00 03 0D 40 00 00 01 90 23
[21:13:37.474] ADDR:0xEE TYPE:RC_CHANNELS_PACKED        LEN:26 | EE 18 16 E0 C3 5E 2B B2 D7 8A 56 B4 02 7C E0 03 1F F8 C0 07 3E F0 81 0F 7C E4
[21:13:37.494] ADDR:0xEE TYPE:RC_CHANNELS_PACKED        LEN:26 | EE 18 16 E0 C3 5E 2B B0 D7 8A 56 B4 02 7C E0 03 1F F8 C0 07 3E F0 81 0F 7C 98
[21:13:37.504] ADDR:0xEE TYPE:RC_CHANNELS_PACKED        LEN:26 | EE 18 16 E0 C3 5E 2B B2 D7 8A 56 B4 02 7C E0 03 1F F8 C0 07 3E F0 81 0F 7C E4
[21:13:37.525] ADDR:0xEE TYPE:RC_CHANNELS_PACKED        LEN:26 | EE 18 16 DF C3 5E 2B B2 D7 8A 56 B4 02 7C E0 03 1F F8 C0 07 3E F0 81 0F 7C 66
[21:13:37.555] ADDR:0xEE TYPE:RC_CHANNELS_PACKED        LEN:26 | EE 18 16 E0 BB 5E 2B B0 D7 8A 56 B4 02 7C E0 03 1F F8 C0 07 3E F0 81 0F 7C 38
[21:13:37.575] ADDR:0xEE TYPE:RC_CHANNELS_PACKED        LEN:26 | EE 18 16 E0 C3 5E 2B B2 D7 8A 56 B4 02 7C E0 03 1F F8 C0 07 3E F0 81 0F 7C E4
[21:13:37.585] ADDR:0xEE TYPE:RC_CHANNELS_PACKED        LEN:26 | EE 18 16 E0 C3 5E 2B B2 D7 8A 56 B4 02 7C E0 03 1F F8 C0 07 3E F0 81 0F 7C E4
[21:13:37.606] ADDR:0xEE TYPE:RC_CHANNELS_PACKED        LEN:26 | EE 18 16 E0 C3 5E 2B B2 D7 8A 56 B4 02 7C E0 03 1F F8 C0 07 3E F0 81 0F 7C E4
[21:13:37.636] ADDR:0xEE TYPE:RC_CHANNELS_PACKED        LEN:26 | EE 18 16 E0 C3 5E 2B B2 D7 8A 56 B4 02 7C E0 03 1F F8 C0 07 3E F0 81 0F 7C E4
[21:13:37.646] ADDR:0xEE TYPE:RC_CHANNELS_PACKED        LEN:26 | EE 18 16 E0 C3 5E 2B B0 D7 8A 56 B4 02 7C E0 03 1F F8 C0 07 3E F0 81 0F 7C 98
[21:13:37.646] ADDR:0xEA TYPE:ELRS_STATUS               LEN:15 | EA 0D 3A EA EE 10 00 03 0D 40 FF FF FF F6 48
[21:13:37.667] ADDR:0xEE TYPE:RC_CHANNELS_PACKED        LEN:26 | EE 18 16 E0 C3 5E 2B B2 D7 8A 56 B4 02 7C E0 03 1F F8 C0 07 3E F0 81 0F 7C E4
[21:13:37.687] ADDR:0xEE TYPE:RC_CHANNELS_PACKED        LEN:26 | EE 18 16 E0 C3 5E 2B B2 D7 8A 56 B4 02 7C E0 03 1F F8 C0 07 3E F0 81 0F 7C E4
[21:13:37.718] ADDR:0xEE TYPE:RC_CHANNELS_PACKED        LEN:26 | EE 18 16 E0 C3 5E 2B B2 D7 8A 56 B4 02 7C E0 03 1F F8 C0 07 3E F0 81 0F 7C E4
[21:13:37.728] ADDR:0xEE TYPE:RC_CHANNELS_PACKED        LEN:26 | EE 18 16 E0 C3 5E 2B B2 D7 8A 56 B4 02 7C E0 03 1F F8 C0 07 3E F0 81 0F 7C E4
[21:13:37.749] ADDR:0xEE TYPE:RC_CHANNELS_PACKED        LEN:26 | EE 18 16 E0 C3 5E 2B B0 D7 8A 56 B4 02 7C E0 03 1F F8 C0 07 3E F0 81 0F 7C 98
[21:13:37.759] ADDR:0xEE TYPE:RC_CHANNELS_PACKED        LEN:26 | EE 18 16 E0 C3 5E 2B B2 D7 8A 56 B4 02 7C E0 03 1F F8 C0 07 3E F0 81 0F 7C E4
[21:13:37.801] ADDR:0xEE TYPE:RC_CHANNELS_PACKED        LEN:26 | EE 18 16 E0 C3 5E 2B B2 D7 8A 56 B4 02 7C E0 03 1F F8 C0 07 3E F0 81 0F 7C E4
[21:13:37.811] ADDR:0xEE TYPE:RC_CHANNELS_PACKED        LEN:26 | EE 18 16 E0 C3 5E 2B B2 D7 8A 56 B4 02 7C E0 03 1F F8 C0 07 3E F0 81 0F 7C E4
[21:13:37.831] ADDR:0xEE TYPE:RC_CHANNELS_PACKED        LEN:26 | EE 18 16 E0 C3 5E 2B B2 D7 8A 56 B4 02 7C E0 03 1F F8 C0 07 3E F0 81 0F 7C E4
[21:13:37.842] ADDR:0xEE TYPE:RC_CHANNELS_PACKED        LEN:26 | EE 18 16 E0 C3 5E 2B B2 D7 8A 56 B4 02 7C E0 03 1F F8 C0 07 3E F0 81 0F 7C E4
[21:13:37.842] ADDR:0xEA TYPE:ELRS_STATUS               LEN:15 | EA 0D 3A EA EE 10 00 03 0D 40 00 00 01 90 23
[21:13:37.872] ADDR:0xEE TYPE:RC_CHANNELS_PACKED        LEN:26 | EE 18 16 E0 C3 5E 2B B0 D7 8A 56 B4 02 7C E0 03 1F F8 C0 07 3E F0 81 0F 7C 98
[21:13:37.893] ADDR:0xEE TYPE:RC_CHANNELS_PACKED        LEN:26 | EE 18 16 E0 C3 5E 2B B2 D7 8A 56 B4 02 7C E0 03 1F F8 C0 07 3E F0 81 0F 7C E4
[21:13:37.903] ADDR:0xEE TYPE:RC_CHANNELS_PACKED        LEN:26 | EE 18 16 E0 C3 5E 2B B0 D7 8A 56 B4 02 7C E0 03 1F F8 C0 07 3E F0 81 0F 7C 98
[21:13:37.923] ADDR:0xEE TYPE:RC_CHANNELS_PACKED        LEN:26 | EE 18 16 E0 C3 5E 2B B0 D7 8A 56 B4 02 7C E0 03 1F F8 C0 07 3E F0 81 0F 7C 98
[21:13:37.954] ADDR:0xEE TYPE:RC_CHANNELS_PACKED        LEN:26 | EE 18 16 E0 C3 5E 2B B2 D7 8A 56 B4 02 7C E0 03 1F F8 C0 07 3E F0 81 0F 7C E4
[21:13:37.974] ADDR:0xEE TYPE:RC_CHANNELS_PACKED        LEN:26 | EE 18 16 E0 C3 5E 2B B4 D7 8A 56 B4 02 7C E0 03 1F F8 C0 07 3E F0 81 0F 7C 60
[21:13:37.984] ADDR:0xEE TYPE:RC_CHANNELS_PACKED        LEN:26 | EE 18 16 E0 C3 5E 2B B2 D7 8A 56 B4 02 7C E0 03 1F F8 C0 07 3E F0 81 0F 7C E4
[21:13:38.004] ADDR:0xEE TYPE:RC_CHANNELS_PACKED        LEN:26 | EE 18 16 E0 C3 5E 2B B2 D7 8A 56 B4 02 7C E0 03 1F F8 C0 07 3E F0 81 0F 7C E4
[21:13:38.035] ADDR:0xEE TYPE:RC_CHANNELS_PACKED        LEN:26 | EE 18 16 DF C3 5E 2B B2 D7 8A 56 B4 02 7C E0 03 1F F8 C0 07 3E F0 81 0F 7C 66
[21:13:38.055] ADDR:0xEE TYPE:RC_CHANNELS_PACKED        LEN:26 | EE 18 16 E0 BB 5E 2B B0 D7 8A 56 B4 02 7C E0 03 1F F8 C0 07 3E F0 81 0F 7C 38
[21:13:38.055] ADDR:0xEA TYPE:ELRS_STATUS               LEN:15 | EA 0D 3A EA EE 10 00 03 0D 40 FF FF FF 74 D8
[21:13:38.065] ADDR:0xEE TYPE:RC_CHANNELS_PACKED        LEN:26 | EE 18 16 DF C3 5E 2B B2 D7 8A 56 B4 02 7C E0 03 1F F8 C0 07 3E F0 81 0F 7C 66
[21:13:38.086] ADDR:0xEE TYPE:RC_CHANNELS_PACKED        LEN:26 | EE 18 16 E0 BB 5E 2B B2 D7 8A 56 B4 02 7C E0 03 1F F8 C0 07 3E F0 81 0F 7C 44
[21:13:38.116] ADDR:0xEE TYPE:RC_CHANNELS_PACKED        LEN:26 | EE 18 16 E0 C3 5E 2B B2 D7 8A 56 B4 02 7C E0 03 1F F8 C0 07 3E F0 81 0F 7C E4
[21:13:38.126] ADDR:0xEE TYPE:RC_CHANNELS_PACKED        LEN:26 | EE 18 16 E0 C3 5E 2B B2 D7 8A 56 B4 02 7C E0 03 1F F8 C0 07 3E F0 81 0F 7C E4
[21:13:38.147] ADDR:0xEE TYPE:RC_CHANNELS_PACKED        LEN:26 | EE 18 16 E0 C3 5E 2B B2 D7 8A 56 B4 02 7C E0 03 1F F8 C0 07 3E F0 81 0F 7C E4
[21:13:38.167] ADDR:0xEE TYPE:RC_CHANNELS_PACKED        LEN:26 | EE 18 16 E0 C3 5E 2B AE D7 8A 56 B4 02 7C E0 03 1F F8 C0 07 3E F0 81 0F 7C 73
[21:13:38.198] ADDR:0xEE TYPE:RC_CHANNELS_PACKED        LEN:26 | EE 18 16 E0 C3 5E 2B B0 D7 8A 56 B4 02 7C E0 03 1F F8 C0 07 3E F0 81 0F 7C 98
[21:13:38.208] ADDR:0xEE TYPE:RC_CHANNELS_PACKED        LEN:26 | EE 18 16 DF BB 5E 2B B2 D7 8A 56 B4 02 7C E0 03 1F F8 C0 07 3E F0 81 0F 7C C6
[21:13:38.228] ADDR:0xEE TYPE:RC_CHANNELS_PACKED        LEN:26 | EE 18 16 E0 C3 5E 2B B2 D7 8A 56 B4 02 7C E0 03 1F F8 C0 07 3E F0 81 0F 7C E4
[21:13:38.238] ADDR:0xEE TYPE:RC_CHANNELS_PACKED        LEN:26 | EE 18 16 E0 C3 5E 2B B4 D7 8A 56 B4 02 7C E0 03 1F F8 C0 07 3E F0 81 0F 7C 60
[21:13:38.279] ADDR:0xEE TYPE:RC_CHANNELS_PACKED        LEN:26 | EE 18 16 E0 C3 5E 2B B2 D7 8A 56 B4 02 7C E0 03 1F F8 C0 07 3E F0 81 0F 7C E4
[21:13:38.279] ADDR:0xEA TYPE:ELRS_STATUS               LEN:15 | EA 0D 3A EA EE 10 00 03 0D 40 00 00 00 D2 CA
[21:13:38.289] ADDR:0xEE TYPE:RC_CHANNELS_PACKED        LEN:26 | EE 18 16 E0 C3 5E 2B B2 D7 8A 56 B4 02 7C E0 03 1F F8 C0 07 3E F0 81 0F 7C E4
[21:13:38.309] ADDR:0xEE TYPE:RC_CHANNELS_PACKED        LEN:26 | EE 18 16 E0 C3 5E 2B B2 D7 8A 56 B4 02 7C E0 03 1F F8 C0 07 3E F0 81 0F 7C E4
[21:13:38.320] ADDR:0xEE TYPE:RC_CHANNELS_PACKED        LEN:26 | EE 18 16 DF BB 5E 2B B2 D7 8A 56 B4 02 7C E0 03 1F F8 C0 07 3E F0 81 0F 7C C6
[21:13:38.350] ADDR:0xEE TYPE:RC_CHANNELS_PACKED        LEN:26 | EE 18 16 E0 C3 5E 2B B0 D7 8A 56 B4 02 7C E0 03 1F F8 C0 07 3E F0 81 0F 7C 98
[21:13:38.370] ADDR:0xEE TYPE:RC_CHANNELS_PACKED        LEN:26 | EE 18 16 E0 C3 5E 2B B2 D7 8A 56 B4 02 7C E0 03 1F F8 C0 07 3E F0 81 0F 7C E4
[21:13:38.391] ADDR:0xEE TYPE:PARAMETER_READ            LEN:08 | EE 06 2C EE EA 07 00 BC
[21:13:38.421] ADDR:0xEE TYPE:RC_CHANNELS_PACKED        LEN:26 | EE 18 16 E0 C3 5E 2B B0 D7 8A 56 B4 02 7C E0 03 1F F8 C0 07 3E F0 81 0F 7C 98
[21:13:38.421] ADDR:0xEA TYPE:PARAMETER_SETTINGS_ENTRY  LEN:50 | EA 30 2B EA EE 07 00 06 09 4D 61 78 20 50 6F 77 65 72 00 32 35 3B 35 30 3B 31 30 30 3B 32 35 30 3B 35 30 30 3B 31 30 30 30 00 00 00 05 00 6D 57 00 4F
[21:13:38.431] ADDR:0xEE TYPE:RC_CHANNELS_PACKED        LEN:26 | EE 18 16 DF C3 5E 2B B2 D7 8A 56 B4 02 7C E0 03 1F F8 C0 07 3E F0 81 0F 7C 66
[21:13:38.452] ADDR:0xEE TYPE:RC_CHANNELS_PACKED        LEN:26 | EE 18 16 E0 C3 5E 2B B2 D7 8A 56 B4 02 7C E0 03 1F F8 C0 07 3E F0 81 0F 7C E4
[21:13:38.462] ADDR:0xEE TYPE:RC_CHANNELS_PACKED        LEN:26 | EE 18 16 E0 BB 5E 2B B2 D7 8A 56 B4 02 7C E0 03 1F F8 C0 07 3E F0 81 0F 7C 44
[21:13:38.462] ADDR:0xEA TYPE:ELRS_STATUS               LEN:15 | EA 0D 3A EA EE 10 00 03 0D 40 00 00 01 54 AF
[21:13:38.482] ADDR:0xEE TYPE:PARAMETER_READ            LEN:08 | EE 06 2C EE EA 08 00 D5
[21:13:38.522] ADDR:0xEE TYPE:RC_CHANNELS_PACKED        LEN:26 | EE 18 16 E0 C3 5E 2B B2 D7 8A 56 B4 02 7C E0 03 1F F8 C0 07 3E F0 81 0F 7C E4
[21:13:38.523] ADDR:0xEA TYPE:PARAMETER_SETTINGS_ENTRY  LEN:54 | EA 34 2B EA EE 08 00 06 09 44 79 6E 61 6D 69 63 00 4F 66 66 3B 44 79 6E 3B 41 55 58 39 3B 41 55 58 31 30 3B 41 55 58 31 31 3B 41 55 58 31 32 00 01 00 05 00 00 B7
[21:13:38.533] ADDR:0xEE TYPE:RC_CHANNELS_PACKED        LEN:26 | EE 18 16 E0 BB 5E 2B B0 D7 8A 56 B4 02 7C E0 03 1F F8 C0 07 3E F0 81 0F 7C 38
[21:13:38.553] ADDR:0xEE TYPE:RC_CHANNELS_PACKED        LEN:26 | EE 18 16 E0 C3 5E 2B B4 D7 8A 56 B4 02 7C E0 03 1F F8 C0 07 3E F0 81 0F 7C 60
[21:13:38.564] ADDR:0xEE TYPE:RC_CHANNELS_PACKED        LEN:26 | EE 18 16 E0 C3 5E 2B B4 D7 8A 56 B4 02 7C E0 03 1F F8 C0 07 3E F0 81 0F 7C 60
[21:13:38.584] ADDR:0xEE TYPE:PARAMETER_READ            LEN:08 | EE 06 2C EE EA 09 00 DE
[21:13:38.614] ADDR:0xEE TYPE:RC_CHANNELS_PACKED        LEN:26 | EE 18 16 DD BB 5E 2B B2 D7 8A 56 B4 02 7C E0 03 1F F8 C0 07 3E F0 81 0F 7C B0
[21:13:38.614] ADDR:0xEA TYPE:PARAMETER_SETTINGS_ENTRY  LEN:64 | EA 3E 2B EA EE 09 01 06 09 46 61 6E 20 54 68 72 65 73 68 00 31 30 6D 57 3B 32 35 6D 57 3B 35 30 6D 57 3B 31 30 30 6D 57 3B 32 35 30 6D 57 3B 35 30 30 6D 57 3B 31 30 30 30 6D 57 3B 32 30 30 B6
[21:13:38.635] ADDR:0xEE TYPE:RC_CHANNELS_PACKED        LEN:26 | EE 18 16 E0 C3 5E 2B B2 D7 8A 56 B4 02 7C E0 03 1F F8 C0 07 3E F0 81 0F 7C E4
[21:13:38.655] ADDR:0xEE TYPE:RC_CHANNELS_PACKED        LEN:26 | EE 18 16 E0 C3 5E 2B B2 D7 8A 56 B4 02 7C E0 03 1F F8 C0 07 3E F0 81 0F 7C E4
[21:13:38.665] ADDR:0xEE TYPE:RC_CHANNELS_PACKED        LEN:26 | EE 18 16 E0 BB 5E 2B B0 D7 8A 56 B4 02 7C E0 03 1F F8 C0 07 3E F0 81 0F 7C 38
[21:13:38.665] ADDR:0xEA TYPE:ELRS_STATUS               LEN:15 | EA 0D 3A EA EE 10 00 03 0D 40 FF FF FF CE 97
[21:13:38.685] ADDR:0xEE TYPE:PARAMETER_READ            LEN:08 | EE 06 2C EE EA 09 01 0B
[21:13:38.716] ADDR:0xEE TYPE:RC_CHANNELS_PACKED        LEN:26 | EE 18 16 E0 C3 5E 2B B0 D7 8A 56 B4 02 7C E0 03 1F F8 C0 07 3E F0 81 0F 7C 98
[21:13:38.716] ADDR:0xEA TYPE:PARAMETER_SETTINGS_ENTRY  LEN:23 | EA 15 2B EA EE 09 00 30 6D 57 3B 4E 65 76 65 72 00 05 00 08 00 00 B8
[21:13:38.726] ADDR:0xEE TYPE:RC_CHANNELS_PACKED        LEN:26 | EE 18 16 E0 C3 5E 2B B2 D7 8A 56 B4 02 7C E0 03 1F F8 C0 07 3E F0 81 0F 7C E4
[21:13:38.746] ADDR:0xEE TYPE:RC_CHANNELS_PACKED        LEN:26 | EE 18 16 DF BB 5E 2B B2 D7 8A 56 B4 02 7C E0 03 1F F8 C0 07 3E F0 81 0F 7C C6
[21:13:38.767] ADDR:0xEE TYPE:RC_CHANNELS_PACKED        LEN:26 | EE 18 16 E0 C3 5E 2B B0 D7 8A 56 B4 02 7C E0 03 1F F8 C0 07 3E F0 81 0F 7C 98
[21:13:38.797] ADDR:0xEE TYPE:PARAMETER_READ            LEN:08 | EE 06 2C EE EA 0A 00 C3
[21:13:38.807] ADDR:0xEE TYPE:RC_CHANNELS_PACKED        LEN:26 | EE 18 16 E0 C3 5E 2B AE D7 8A 56 B4 02 7C E0 03 1F F8 C0 07 3E F0 81 0F 7C 73
[21:13:38.807] ADDR:0xEA TYPE:PARAMETER_SETTINGS_ENTRY  LEN:34 | EA 20 2B EA EE 0A 00 00 0B 56 54 58 20 41 64 6D 69 6E 69 73 74 72 61 74 6F 72 00 0B 0C 0D 0E 0F FF 62
[21:13:38.828] ADDR:0xEE TYPE:RC_CHANNELS_PACKED        LEN:26 | EE 18 16 E0 C3 5E 2B B2 D7 8A 56 B4 02 7C E0 03 1F F8 C0 07 3E F0 81 0F 7C E4
[21:13:38.838] ADDR:0xEE TYPE:RC_CHANNELS_PACKED        LEN:26 | EE 18 16 E0 C3 5E 2B B0 D7 8A 56 B4 02 7C E0 03 1F F8 C0 07 3E F0 81 0F 7C 98
[21:13:38.871] ADDR:0xEE TYPE:RC_CHANNELS_PACKED        LEN:26 | EE 18 16 E0 C3 5E 2B B2 D7 8A 56 B4 02 7C E0 03 1F F8 C0 07 3E F0 81 0F 7C E4
[21:13:38.871] ADDR:0xEA TYPE:ELRS_STATUS               LEN:15 | EA 0D 3A EA EE 10 00 03 0D 40 00 00 01 54 AF
[21:13:38.891] ADDR:0xEE TYPE:PARAMETER_READ            LEN:08 | EE 06 2C EE EA 0B 00 C8
[21:13:38.922] ADDR:0xEE TYPE:RC_CHANNELS_PACKED        LEN:26 | EE 18 16 E0 C3 5E 2B B2 D7 8A 56 B4 02 7C E0 03 1F F8 C0 07 3E F0 81 0F 7C E4
[21:13:38.922] ADDR:0xEA TYPE:PARAMETER_SETTINGS_ENTRY  LEN:36 | EA 22 2B EA EE 0B 00 0A 09 42 61 6E 64 00 4F 66 66 3B 41 3B 42 3B 45 3B 46 3B 52 3B 4C 00 00 00 06 00 00 4B
[21:13:38.922] ADDR:0xEE TYPE:RC_CHANNELS_PACKED        LEN:26 | EE 18 16 DF C3 5E 2B B2 D7 8A 56 B4 02 7C E0 03 1F F8 C0 07 3E F0 81 0F 7C 66
[21:13:38.952] ADDR:0xEE TYPE:RC_CHANNELS_PACKED        LEN:26 | EE 18 16 E0 BB 5E 2B B2 D7 8A 56 B4 02 7C E0 03 1F F8 C0 07 3E F0 81 0F 7C 44
[21:13:38.973] ADDR:0xEE TYPE:RC_CHANNELS_PACKED        LEN:26 | EE 18 16 E0 C3 5E 2B B2 D7 8A 56 B4 02 7C E0 03 1F F8 C0 07 3E F0 81 0F 7C E4
[21:13:38.983] ADDR:0xEE TYPE:PARAMETER_READ            LEN:08 | EE 06 2C EE EA 0C 00 F9
[21:13:39.003] ADDR:0xEE TYPE:RC_CHANNELS_PACKED        LEN:26 | EE 18 16 E0 C3 5E 2B B2 D7 8A 56 B4 02 7C E0 03 1F F8 C0 07 3E F0 81 0F 7C E4
[21:13:39.003] ADDR:0xEA TYPE:PARAMETER_SETTINGS_ENTRY  LEN:23 | EA 15 2B EA EE 0C 00 0A 00 43 68 61 6E 6E 65 6C 00 01 01 08 00 00 FB
[21:13:39.033] ADDR:0xEE TYPE:RC_CHANNELS_PACKED        LEN:26 | EE 18 16 DF C3 5E 2B B2 D7 8A 56 B4 02 7C E0 03 1F F8 C0 07 3E F0 81 0F 7C 66
[21:13:39.054] ADDR:0xEE TYPE:RC_CHANNELS_PACKED        LEN:26 | EE 18 16 E0 C3 5E 2B B2 D7 8A 56 B4 02 7C E0 03 1F F8 C0 07 3E F0 81 0F 7C E4
[21:13:39.064] ADDR:0xEE TYPE:RC_CHANNELS_PACKED        LEN:26 | EE 18 16 E0 C3 5E 2B AE D7 8A 56 B4 02 7C E0 03 1F F8 C0 07 3E F0 81 0F 7C 73
[21:13:39.064] ADDR:0xEA TYPE:ELRS_STATUS               LEN:15 | EA 0D 3A EA EE 10 00 03 0D 40 00 00 00 A0 DE
[21:13:39.084] ADDR:0xEE TYPE:PARAMETER_READ            LEN:08 | EE 06 2C EE EA 0D 00 F2
[21:13:39.115] ADDR:0xEE TYPE:RC_CHANNELS_PACKED        LEN:26 | EE 18 16 E0 C3 5E 2B B2 D7 8A 56 B4 02 7C E0 03 1F F8 C0 07 3E F0 81 0F 7C E4
[21:13:39.115] ADDR:0xEA TYPE:PARAMETER_SETTINGS_ENTRY  LEN:41 | EA 27 2B EA EE 0D 00 0A 09 50 77 72 20 4C 76 6C 00 2D 3B 31 3B 32 3B 33 3B 34 3B 35 3B 36 3B 37 3B 38 00 00 00 08 00 00 C1
[21:13:39.135] ADDR:0xEE TYPE:RC_CHANNELS_PACKED        LEN:26 | EE 18 16 E0 C3 5E 2B B2 D7 8A 56 B4 02 7C E0 03 1F F8 C0 07 3E F0 81 0F 7C E4
[21:13:39.155] ADDR:0xEE TYPE:RC_CHANNELS_PACKED        LEN:26 | EE 18 16 E0 C3 5E 2B AE D7 8A 56 B4 02 7C E0 03 1F F8 C0 07 3E F0 81 0F 7C 73
[21:13:39.166] ADDR:0xEE TYPE:RC_CHANNELS_PACKED        LEN:26 | EE 18 16 E0 C3 5E 2B B2 D7 8A 56 B4 02 7C E0 03 1F F8 C0 07 3E F0 81 0F 7C E4
[21:13:39.186] ADDR:0xEE TYPE:PARAMETER_READ            LEN:08 | EE 06 2C EE EA 0E 00 EF
[21:13:39.217] ADDR:0xEE TYPE:RC_CHANNELS_PACKED        LEN:26 | EE 18 16 E0 C3 5E 2B B2 D7 8A 56 B4 02 7C E0 03 1F F8 C0 07 3E F0 81 0F 7C E4
[21:13:39.217] ADDR:0xEA TYPE:PARAMETER_SETTINGS_ENTRY  LEN:64 | EA 3E 2B EA EE 0E 02 0A 89 50 69 74 6D 6F 64 65 00 4F 66 66 3B 4F 6E 3B 41 55 58 31 C0 3B 41 55 58 31 C1 3B 41 55 58 32 C0 3B 41 55 58 32 C1 3B 41 55 58 33 C0 3B 41 55 58 33 C1 3B 41 55 58 F1
[21:13:39.237] ADDR:0xEE TYPE:RC_CHANNELS_PACKED        LEN:26 | EE 18 16 E0 C3 5E 2B B0 D7 8A 56 B4 02 7C E0 03 1F F8 C0 07 3E F0 81 0F 7C 98
[21:13:39.248] ADDR:0xEE TYPE:RC_CHANNELS_PACKED        LEN:26 | EE 18 16 DF BB 5E 2B AE D7 8A 56 B4 02 7C E0 03 1F F8 C0 07 3E F0 81 0F 7C 51
[21:13:39.268] ADDR:0xEE TYPE:RC_CHANNELS_PACKED        LEN:26 | EE 18 16 E0 BB 5E 2B B2 D7 8A 56 B4 02 7C E0 03 1F F8 C0 07 3E F0 81 0F 7C 44
[21:13:39.268] ADDR:0xEA TYPE:ELRS_STATUS               LEN:15 | EA 0D 3A EA EE 10 00 03 0D 40 00 00 00 78 D7
[21:13:39.278] ADDR:0xEE TYPE:PARAMETER_READ            LEN:08 | EE 06 2C EE EA 0E 01 3A
[21:13:39.319] ADDR:0xEE TYPE:RC_CHANNELS_PACKED        LEN:26 | EE 18 16 E0 C3 5E 2B B0 D7 8A 56 B4 02 7C E0 03 1F F8 C0 07 3E F0 81 0F 7C 98
[21:13:39.319] ADDR:0xEA TYPE:PARAMETER_SETTINGS_ENTRY  LEN:64 | EA 3E 2B EA EE 0E 01 34 C0 3B 41 55 58 34 C1 3B 41 55 58 35 C0 3B 41 55 58 35 C1 3B 41 55 58 36 C0 3B 41 55 58 36 C1 3B 41 55 58 37 C0 3B 41 55 58 37 C1 3B 41 55 58 38 C0 3B 41 55 58 38 C1 00
[21:13:39.339] ADDR:0xEE TYPE:RC_CHANNELS_PACKED        LEN:26 | EE 18 16 E0 C3 5E 2B B2 D7 8A 56 B4 02 7C E0 03 1F F8 C0 07 3E F0 81 0F 7C E4
[21:13:39.350] ADDR:0xEE TYPE:RC_CHANNELS_PACKED        LEN:26 | EE 18 16 E0 BB 5E 2B B2 D7 8A 56 B4 02 7C E0 03 1F F8 C0 07 3E F0 81 0F 7C 44
[21:13:39.370] ADDR:0xEE TYPE:RC_CHANNELS_PACKED        LEN:26 | EE 18 16 E0 C3 5E 2B B2 D7 8A 56 B4 02 7C E0 03 1F F8 C0 07 3E F0 81 0F 7C E4
[21:13:39.380] ADDR:0xEE TYPE:PARAMETER_READ            LEN:08 | EE 06 2C EE EA 0E 02 90
[21:13:39.420] ADDR:0xEE TYPE:RC_CHANNELS_PACKED        LEN:26 | EE 18 16 E0 C3 5E 2B B2 D7 8A 56 B4 02 7C E0 03 1F F8 C0 07 3E F0 81 0F 7C E4
[21:13:39.421] ADDR:0xEA TYPE:PARAMETER_SETTINGS_ENTRY  LEN:40 | EA 26 2B EA EE 0E 00 3B 41 55 58 39 C0 3B 41 55 58 39 C1 3B 41 55 58 31 30 C0 3B 41 55 58 31 30 C1 00 00 00 15 00 00 97
[21:13:39.431] ADDR:0xEE TYPE:RC_CHANNELS_PACKED        LEN:26 | EE 18 16 E0 C3 5E 2B B2 D7 8A 56 B4 02 7C E0 03 1F F8 C0 07 3E F0 81 0F 7C E4
[21:13:39.451] ADDR:0xEE TYPE:RC_CHANNELS_PACKED        LEN:26 | EE 18 16 E0 C3 5E 2B B2 D7 8A 56 B4 02 7C E0 03 1F F8 C0 07 3E F0 81 0F 7C E4
[21:13:39.471] ADDR:0xEE TYPE:RC_CHANNELS_PACKED        LEN:26 | EE 18 16 E0 C3 5E 2B B2 D7 8A 56 B4 02 7C E0 03 1F F8 C0 07 3E F0 81 0F 7C E4
[21:13:39.471] ADDR:0xEA TYPE:ELRS_STATUS               LEN:15 | EA 0D 3A EA EE 10 00 03 0D 40 00 00 00 14 39
[21:13:39.481] ADDR:0xEE TYPE:PARAMETER_READ            LEN:08 | EE 06 2C EE EA 0F 00 E4
[21:13:39.512] ADDR:0xEE TYPE:RC_CHANNELS_PACKED        LEN:26 | EE 18 16 E0 C3 5E 2B B2 D7 8A 56 B4 02 7C E0 03 1F F8 C0 07 3E F0 81 0F 7C E4
[21:13:39.512] ADDR:0xEA TYPE:PARAMETER_SETTINGS_ENTRY  LEN:22 | EA 14 2B EA EE 0F 00 0A 0D 53 65 6E 64 20 56 54 78 00 00 C8 00 01
[21:13:39.532] ADDR:0xEE TYPE:RC_CHANNELS_PACKED        LEN:26 | EE 18 16 E0 C3 5E 2B B2 D7 8A 56 B4 02 7C E0 03 1F F8 C0 07 3E F0 81 0F 7C E4
[21:13:39.543] ADDR:0xEE TYPE:RC_CHANNELS_PACKED        LEN:26 | EE 18 16 E0 C3 5E 2B B2 D7 8A 56 B4 02 7C E0 03 1F F8 C0 07 3E F0 81 0F 7C E4
[21:13:39.563] ADDR:0xEE TYPE:RC_CHANNELS_PACKED        LEN:26 | EE 18 16 E0 C3 5E 2B B0 D7 8A 56 B4 02 7C E0 03 1F F8 C0 07 3E F0 81 0F 7C 98
[21:13:39.593] ADDR:0xEE TYPE:PARAMETER_READ            LEN:08 | EE 06 2C EE EA 10 00 3D
[21:13:39.613] ADDR:0xEE TYPE:RC_CHANNELS_PACKED        LEN:26 | EE 18 16 DF C3 5E 2B B0 D7 8A 56 B4 02 7C E0 03 1F F8 C0 07 3E F0 81 0F 7C 1A
[21:13:39.614] ADDR:0xEA TYPE:PARAMETER_SETTINGS_ENTRY  LEN:33 | EA 1F 2B EA EE 10 00 00 0B 57 69 46 69 20 43 6F 6E 6E 65 63 74 69 76 69 74 79 00 11 12 13 14 FF 05
[21:13:39.624] ADDR:0xEE TYPE:RC_CHANNELS_PACKED        LEN:26 | EE 18 16 E0 BB 5E 2B B2 D7 8A 56 B4 02 7C E0 03 1F F8 C0 07 3E F0 81 0F 7C 44
[21:13:39.644] ADDR:0xEE TYPE:RC_CHANNELS_PACKED        LEN:26 | EE 18 16 E0 C3 5E 2B AE D7 8A 56 B4 02 7C E0 03 1F F8 C0 07 3E F0 81 0F 7C 73
[21:13:39.674] ADDR:0xEE TYPE:RC_CHANNELS_PACKED        LEN:26 | EE 18 16 E0 C3 5E 2B B2 D7 8A 56 B4 02 7C E0 03 1F F8 C0 07 3E F0 81 0F 7C E4
[21:13:39.674] ADDR:0xEA TYPE:ELRS_STATUS               LEN:15 | EA 0D 3A EA EE 10 00 03 0D 40 00 00 00 50 5A
[21:13:39.695] ADDR:0xEE TYPE:PARAMETER_READ            LEN:08 | EE 06 2C EE EA 11 00 36
[21:13:39.705] ADDR:0xEE TYPE:RC_CHANNELS_PACKED        LEN:26 | EE 18 16 E0 C3 5E 2B B2 D7 8A 56 B4 02 7C E0 03 1F F8 C0 07 3E F0 81 0F 7C E4
[21:13:39.705] ADDR:0xEA TYPE:PARAMETER_SETTINGS_ENTRY  LEN:25 | EA 17 2B EA EE 11 00 10 0D 45 6E 61 62 6C 65 20 57 69 46 69 00 00 C8 00 92
[21:13:39.725] ADDR:0xEE TYPE:RC_CHANNELS_PACKED        LEN:26 | EE 18 16 E0 C3 5E 2B B2 D7 8A 56 B4 02 7C E0 03 1F F8 C0 07 3E F0 81 0F 7C E4
[21:13:39.756] ADDR:0xEE TYPE:RC_CHANNELS_PACKED        LEN:26 | EE 18 16 DF C3 5E 2B B2 D7 8A 56 B4 02 7C E0 03 1F F8 C0 07 3E F0 81 0F 7C 66
[21:13:39.767] ADDR:0xEE TYPE:RC_CHANNELS_PACKED        LEN:26 | EE 18 16 E0 C3 5E 2B B2 D7 8A 56 B4 02 7C E0 03 1F F8 C0 07 3E F0 81 0F 7C E4
[21:13:39.787] ADDR:0xEE TYPE:PARAMETER_READ            LEN:08 | EE 06 2C EE EA 12 00 2B
[21:13:39.798] ADDR:0xEE TYPE:RC_CHANNELS_PACKED        LEN:26 | EE 18 16 E0 C3 5E 2B B2 D7 8A 56 B4 02 7C E0 03 1F F8 C0 07 3E F0 81 0F 7C E4
[21:13:39.798] ADDR:0xEA TYPE:PARAMETER_SETTINGS_ENTRY  LEN:28 | EA 1A 2B EA EE 12 00 10 0D 45 6E 61 62 6C 65 20 52 78 20 57 69 46 69 00 00 C8 00 43
[21:13:39.838] ADDR:0xEE TYPE:RC_CHANNELS_PACKED        LEN:26 | EE 18 16 E0 BB 5E 2B B4 D7 8A 56 B4 02 7C E0 03 1F F8 C0 07 3E F0 81 0F 7C C0
[21:13:39.849] ADDR:0xEE TYPE:RC_CHANNELS_PACKED        LEN:26 | EE 18 16 E0 C3 5E 2B B2 D7 8A 56 B4 02 7C E0 03 1F F8 C0 07 3E F0 81 0F 7C E4
[21:13:39.869] ADDR:0xEE TYPE:RC_CHANNELS_PACKED        LEN:26 | EE 18 16 E0 C3 5E 2B B2 D7 8A 56 B4 02 7C E0 03 1F F8 C0 07 3E F0 81 0F 7C E4
[21:13:39.869] ADDR:0xEA TYPE:ELRS_STATUS               LEN:15 | EA 0D 3A EA EE 10 00 03 0D 40 00 00 01 9A 75
[21:13:39.879] ADDR:0xEE TYPE:PARAMETER_READ            LEN:08 | EE 06 2C EE EA 13 00 20
[21:13:39.910] ADDR:0xEE TYPE:RC_CHANNELS_PACKED        LEN:26 | EE 18 16 DF BB 5E 2B B2 D7 8A 56 B4 02 7C E0 03 1F F8 C0 07 3E F0 81 0F 7C C6
[21:13:39.910] ADDR:0xEA TYPE:PARAMETER_SETTINGS_ENTRY  LEN:34 | EA 20 2B EA EE 13 00 10 0D 45 6E 61 62 6C 65 20 42 61 63 6B 70 61 63 6B 20 57 69 46 69 00 00 C8 00 4B
[21:13:39.930] ADDR:0xEE TYPE:RC_CHANNELS_PACKED        LEN:26 | EE 18 16 E0 C3 5E 2B B4 D7 8A 56 B4 02 7C E0 03 1F F8 C0 07 3E F0 81 0F 7C 60
[21:13:39.950] ADDR:0xEE TYPE:RC_CHANNELS_PACKED        LEN:26 | EE 18 16 E0 C3 5E 2B B2 D7 8A 56 B4 02 7C E0 03 1F F8 C0 07 3E F0 81 0F 7C E4
[21:13:39.960] ADDR:0xEE TYPE:RC_CHANNELS_PACKED        LEN:26 | EE 18 16 E0 C3 5E 2B B4 D7 8A 56 B4 02 7C E0 03 1F F8 C0 07 3E F0 81 0F 7C 60
[21:13:39.991] ADDR:0xEE TYPE:PARAMETER_READ            LEN:08 | EE 06 2C EE EA 14 00 11
[21:13:40.011] ADDR:0xEE TYPE:RC_CHANNELS_PACKED        LEN:26 | EE 18 16 E0 C3 5E 2B B0 D7 8A 56 B4 02 7C E0 03 1F F8 C0 07 3E F0 81 0F 7C 98
[21:13:40.011] ADDR:0xEA TYPE:PARAMETER_SETTINGS_ENTRY  LEN:29 | EA 1B 2B EA EE 14 00 10 0D 45 6E 61 62 6C 65 20 56 52 78 20 57 69 46 69 00 00 C8 00 EC
[21:13:40.031] ADDR:0xEE TYPE:RC_CHANNELS_PACKED        LEN:26 | EE 18 16 DF BB 5E 2B B0 D7 8A 56 B4 02 7C E0 03 1F F8 C0 07 3E F0 81 0F 7C BA
[21:13:40.042] ADDR:0xEE TYPE:RC_CHANNELS_PACKED        LEN:26 | EE 18 16 E0 C3 5E 2B B2 D7 8A 56 B4 02 7C E0 03 1F F8 C0 07 3E F0 81 0F 7C E4
[21:13:40.072] ADDR:0xEE TYPE:RC_CHANNELS_PACKED        LEN:26 | EE 18 16 E0 C3 5E 2B B2 D7 8A 56 B4 02 7C E0 03 1F F8 C0 07 3E F0 81 0F 7C E4
[21:13:40.072] ADDR:0xEA TYPE:ELRS_STATUS               LEN:15 | EA 0D 3A EA EE 10 00 03 0D 40 FF FF FF 6A 22
[21:13:40.092] ADDR:0xEE TYPE:PARAMETER_READ            LEN:08 | EE 06 2C EE EA 15 00 1A
[21:13:40.102] ADDR:0xEE TYPE:RC_CHANNELS_PACKED        LEN:26 | EE 18 16 E0 C3 5E 2B B2 D7 8A 56 B4 02 7C E0 03 1F F8 C0 07 3E F0 81 0F 7C E4
[21:13:40.103] ADDR:0xEA TYPE:PARAMETER_SETTINGS_ENTRY  LEN:27 | EA 19 2B EA EE 15 00 00 0B 42 61 63 6B 70 61 63 6B 00 16 17 18 19 1A 1B 1C FF EE
[21:13:40.123] ADDR:0xEE TYPE:RC_CHANNELS_PACKED        LEN:26 | EE 18 16 E0 C3 5E 2B B2 D7 8A 56 B4 02 7C E0 03 1F F8 C0 07 3E F0 81 0F 7C E4
[21:13:40.153] ADDR:0xEE TYPE:RC_CHANNELS_PACKED        LEN:26 | EE 18 16 E0 C3 5E 2B B2 D7 8A 56 B4 02 7C E0 03 1F F8 C0 07 3E F0 81 0F 7C E4
[21:13:40.174] ADDR:0xEE TYPE:RC_CHANNELS_PACKED        LEN:26 | EE 18 16 E0 C3 5E 2B B2 D7 8A 56 B4 02 7C E0 03 1F F8 C0 07 3E F0 81 0F 7C E4
[21:13:40.184] ADDR:0xEE TYPE:PARAMETER_READ            LEN:08 | EE 06 2C EE EA 16 00 07
[21:13:40.204] ADDR:0xEE TYPE:RC_CHANNELS_PACKED        LEN:26 | EE 18 16 E0 C3 5E 2B B2 D7 8A 56 B4 02 7C E0 03 1F F8 C0 07 3E F0 81 0F 7C E4
[21:13:40.214] ADDR:0xEA TYPE:PARAMETER_SETTINGS_ENTRY  LEN:64 | EA 3E 2B EA EE 16 02 15 09 44 56 52 20 52 65 63 00 4F 66 66 3B 41 55 58 31 C0 3B 41 55 58 31 C1 3B 41 55 58 32 C0 3B 41 55 58 32 C1 3B 41 55 58 33 C0 3B 41 55 58 33 C1 3B 41 55 58 34 C0 3B AD
[21:13:40.235] ADDR:0xEE TYPE:RC_CHANNELS_PACKED        LEN:26 | EE 18 16 E0 C3 5E 2B B2 D7 8A 56 B4 02 7C E0 03 1F F8 C0 07 3E F0 81 0F 7C E4
[21:13:40.255] ADDR:0xEE TYPE:RC_CHANNELS_PACKED        LEN:26 | EE 18 16 E0 C3 5E 2B B2 D7 8A 56 B4 02 7C E0 03 1F F8 C0 07 3E F0 81 0F 7C E4
[21:13:40.265] ADDR:0xEE TYPE:RC_CHANNELS_PACKED        LEN:26 | EE 18 16 E0 C3 5E 2B B2 D7 8A 56 B4 02 7C E0 03 1F F8 C0 07 3E F0 81 0F 7C E4
[21:13:40.265] ADDR:0xEA TYPE:ELRS_STATUS               LEN:15 | EA 0D 3A EA EE 10 00 03 0D 40 00 00 01 EA 1E
[21:13:40.285] ADDR:0xEE TYPE:PARAMETER_READ            LEN:08 | EE 06 2C EE EA 16 01 D2
[21:13:40.319] ADDR:0xEE TYPE:RC_CHANNELS_PACKED        LEN:26 | EE 18 16 E0 BB 5E 2B B2 D7 8A 56 B4 02 7C E0 03 1F F8 C0 07 3E F0 81 0F 7C 44
[21:13:40.319] ADDR:0xEA TYPE:PARAMETER_SETTINGS_ENTRY  LEN:64 | EA 3E 2B EA EE 16 01 41 55 58 34 C1 3B 41 55 58 35 C0 3B 41 55 58 35 C1 3B 41 55 58 36 C0 3B 41 55 58 36 C1 3B 41 55 58 37 C0 3B 41 55 58 37 C1 3B 41 55 58 38 C0 3B 41 55 58 38 C1 3B 41 55 BA
[21:13:40.339] ADDR:0xEE TYPE:RC_CHANNELS_PACKED        LEN:26 | EE 18 16 E0 C3 5E 2B B2 D7 8A 56 B4 02 7C E0 03 1F F8 C0 07 3E F0 81 0F 7C E4
[21:13:40.350] ADDR:0xEE TYPE:RC_CHANNELS_PACKED        LEN:26 | EE 18 16 E0 C3 5E 2B B2 D7 8A 56 B4 02 7C E0 03 1F F8 C0 07 3E F0 81 0F 7C E4
[21:13:40.370] ADDR:0xEE TYPE:RC_CHANNELS_PACKED        LEN:26 | EE 18 16 E0 C3 5E 2B B2 D7 8A 56 B4 02 7C E0 03 1F F8 C0 07 3E F0 81 0F 7C E4
[21:13:40.380] ADDR:0xEE TYPE:PARAMETER_READ            LEN:08 | EE 06 2C EE EA 16 02 78
[21:13:40.431] ADDR:0xEE TYPE:RC_CHANNELS_PACKED        LEN:26 | EE 18 16 E0 C3 5E 2B B4 D7 8A 56 B4 02 7C E0 03 1F F8 C0 07 3E F0 81 0F 7C 60
[21:13:40.431] ADDR:0xEA TYPE:PARAMETER_SETTINGS_ENTRY  LEN:37 | EA 23 2B EA EE 16 00 58 39 C0 3B 41 55 58 39 C1 3B 41 55 58 31 30 C0 3B 41 55 58 31 30 C1 00 00 00 14 00 00 20
[21:13:40.431] ADDR:0xEE TYPE:RC_CHANNELS_PACKED        LEN:26 | EE 18 16 E0 C3 5E 2B B2 D7 8A 56 B4 02 7C E0 03 1F F8 C0 07 3E F0 81 0F 7C E4
[21:13:40.451] ADDR:0xEE TYPE:RC_CHANNELS_PACKED        LEN:26 | EE 18 16 E0 C3 5E 2B B2 D7 8A 56 B4 02 7C E0 03 1F F8 C0 07 3E F0 81 0F 7C E4
[21:13:40.461] ADDR:0xEE TYPE:RC_CHANNELS_PACKED        LEN:26 | EE 18 16 E0 BB 5E 2B B0 D7 8A 56 B4 02 7C E0 03 1F F8 C0 07 3E F0 81 0F 7C 38
[21:13:40.461] ADDR:0xEA TYPE:ELRS_STATUS               LEN:15 | EA 0D 3A EA EE 10 00 03 0D 40 FF FF FF E2 E4
[21:13:40.492] ADDR:0xEE TYPE:PARAMETER_READ            LEN:08 | EE 06 2C EE EA 17 00 0C
[21:13:40.522] ADDR:0xEE TYPE:RC_CHANNELS_PACKED        LEN:26 | EE 18 16 E0 C3 5E 2B B2 D7 8A 56 B4 02 7C E0 03 1F F8 C0 07 3E F0 81 0F 7C E4
[21:13:40.522] ADDR:0xEA TYPE:PARAMETER_SETTINGS_ENTRY  LEN:55 | EA 35 2B EA EE 17 00 15 09 44 56 52 20 53 72 74 20 44 6C 79 00 30 73 3B 35 73 3B 31 35 73 3B 33 30 73 3B 34 35 73 3B 31 6D 69 6E 3B 32 6D 69 6E 00 00 00 06 00 00 A2
[21:13:40.532] ADDR:0xEE TYPE:RC_CHANNELS_PACKED        LEN:26 | EE 18 16 E0 C3 5E 2B B2 D7 8A 56 B4 02 7C E0 03 1F F8 C0 07 3E F0 81 0F 7C E4
[21:13:40.553] ADDR:0xEE TYPE:RC_CHANNELS_PACKED        LEN:26 | EE 18 16 E0 C3 5E 2B AE D7 8A 56 B4 02 7C E0 03 1F F8 C0 07 3E F0 81 0F 7C 73
[21:13:40.563] ADDR:0xEE TYPE:RC_CHANNELS_PACKED        LEN:26 | EE 18 16 E0 BB 5E 2B B2 D7 8A 56 B4 02 7C E0 03 1F F8 C0 07 3E F0 81 0F 7C 44
[21:13:40.583] ADDR:0xEE TYPE:PARAMETER_READ            LEN:08 | EE 06 2C EE EA 18 00 65
[21:13:40.624] ADDR:0xEE TYPE:RC_CHANNELS_PACKED        LEN:26 | EE 18 16 E0 C3 5E 2B B2 D7 8A 56 B4 02 7C E0 03 1F F8 C0 07 3E F0 81 0F 7C E4
[21:13:40.624] ADDR:0xEA TYPE:PARAMETER_SETTINGS_ENTRY  LEN:55 | EA 35 2B EA EE 18 00 15 09 44 56 52 20 53 74 70 20 44 6C 79 00 30 73 3B 35 73 3B 31 35 73 3B 33 30 73 3B 34 35 73 3B 31 6D 69 6E 3B 32 6D 69 6E 00 00 00 06 00 00 D8
[21:13:40.634] ADDR:0xEE TYPE:RC_CHANNELS_PACKED        LEN:26 | EE 18 16 E0 C3 5E 2B B0 D7 8A 56 B4 02 7C E0 03 1F F8 C0 07 3E F0 81 0F 7C 98
[21:13:40.654] ADDR:0xEE TYPE:RC_CHANNELS_PACKED        LEN:26 | EE 18 16 E0 C3 5E 2B B4 D7 8A 56 B4 02 7C E0 03 1F F8 C0 07 3E F0 81 0F 7C 60
[21:13:40.664] ADDR:0xEE TYPE:RC_CHANNELS_PACKED        LEN:26 | EE 18 16 E0 C3 5E 2B B2 D7 8A 56 B4 02 7C E0 03 1F F8 C0 07 3E F0 81 0F 7C E4
[21:13:40.665] ADDR:0xEA TYPE:ELRS_STATUS               LEN:15 | EA 0D 3A EA EE 10 00 03 0D 40 00 00 00 BE 24
[21:13:40.685] ADDR:0xEE TYPE:PARAMETER_READ            LEN:08 | EE 06 2C EE EA 19 00 6E
[21:13:40.715] ADDR:0xEE TYPE:RC_CHANNELS_PACKED        LEN:26 | EE 18 16 E0 C3 5E 2B B2 D7 8A 56 B4 02 7C E0 03 1F F8 C0 07 3E F0 81 0F 7C E4
[21:13:40.716] ADDR:0xEA TYPE:PARAMETER_SETTINGS_ENTRY  LEN:64 | EA 3E 2B EA EE 19 02 15 09 48 54 20 45 6E 61 62 6C 65 00 4F 66 66 3B 4F 6E 3B 41 55 58 31 C0 3B 41 55 58 31 C1 3B 41 55 58 32 C0 3B 41 55 58 32 C1 3B 41 55 58 33 C0 3B 41 55 58 33 C1 3B 41 96
[21:13:40.737] ADDR:0xEE TYPE:RC_CHANNELS_PACKED        LEN:26 | EE 18 16 E0 C3 5E 2B B0 D7 8A 56 B4 02 7C E0 03 1F F8 C0 07 3E F0 81 0F 7C 98
[21:13:40.747] ADDR:0xEE TYPE:RC_CHANNELS_PACKED        LEN:26 | EE 18 16 E0 C3 5E 2B B2 D7 8A 56 B4 02 7C E0 03 1F F8 C0 07 3E F0 81 0F 7C E4
[21:13:40.767] ADDR:0xEE TYPE:RC_CHANNELS_PACKED        LEN:26 | EE 18 16 E0 C3 5E 2B B2 D7 8A 56 B4 02 7C E0 03 1F F8 C0 07 3E F0 81 0F 7C E4
[21:13:40.778] ADDR:0xEE TYPE:PARAMETER_READ            LEN:08 | EE 06 2C EE EA 19 01 BB
[21:13:40.818] ADDR:0xEE TYPE:RC_CHANNELS_PACKED        LEN:26 | EE 18 16 E0 C3 5E 2B B2 D7 8A 56 B4 02 7C E0 03 1F F8 C0 07 3E F0 81 0F 7C E4
[21:13:40.818] ADDR:0xEA TYPE:PARAMETER_SETTINGS_ENTRY  LEN:64 | EA 3E 2B EA EE 19 01 55 58 34 C0 3B 41 55 58 34 C1 3B 41 55 58 35 C0 3B 41 55 58 35 C1 3B 41 55 58 36 C0 3B 41 55 58 36 C1 3B 41 55 58 37 C0 3B 41 55 58 37 C1 3B 41 55 58 38 C0 3B 41 55 58 EA
[21:13:40.839] ADDR:0xEE TYPE:RC_CHANNELS_PACKED        LEN:26 | EE 18 16 E0 C3 5E 2B B2 D7 8A 56 B4 02 7C E0 03 1F F8 C0 07 3E F0 81 0F 7C E4
[21:13:40.849] ADDR:0xEE TYPE:RC_CHANNELS_PACKED        LEN:26 | EE 18 16 E0 BB 5E 2B B0 D7 8A 56 B4 02 7C E0 03 1F F8 C0 07 3E F0 81 0F 7C 38
[21:13:40.869] ADDR:0xEE TYPE:RC_CHANNELS_PACKED        LEN:26 | EE 18 16 E0 C3 5E 2B B0 D7 8A 56 B4 02 7C E0 03 1F F8 C0 07 3E F0 81 0F 7C 98
[21:13:40.869] ADDR:0xEA TYPE:ELRS_STATUS               LEN:15 | EA 0D 3A EA EE 10 00 03 0D 40 00 00 01 2C ED
[21:13:40.880] ADDR:0xEE TYPE:PARAMETER_READ            LEN:08 | EE 06 2C EE EA 19 02 11
[21:13:40.920] ADDR:0xEE TYPE:RC_CHANNELS_PACKED        LEN:26 | EE 18 16 E0 C3 5E 2B B2 D7 8A 56 B4 02 7C E0 03 1F F8 C0 07 3E F0 81 0F 7C E4
[21:13:40.920] ADDR:0xEA TYPE:PARAMETER_SETTINGS_ENTRY  LEN:42 | EA 28 2B EA EE 19 00 38 C1 3B 41 55 58 39 C0 3B 41 55 58 39 C1 3B 41 55 58 31 30 C0 3B 41 55 58 31 30 C1 00 00 00 15 00 00 D6
[21:13:40.930] ADDR:0xEE TYPE:RC_CHANNELS_PACKED        LEN:26 | EE 18 16 E0 C3 5E 2B B2 D7 8A 56 B4 02 7C E0 03 1F F8 C0 07 3E F0 81 0F 7C E4
[21:13:40.950] ADDR:0xEE TYPE:RC_CHANNELS_PACKED        LEN:26 | EE 18 16 E0 BB 5E 2B B2 D7 8A 56 B4 02 7C E0 03 1F F8 C0 07 3E F0 81 0F 7C 44
[21:13:40.971] ADDR:0xEE TYPE:RC_CHANNELS_PACKED        LEN:26 | EE 18 16 E0 C3 5E 2B B2 D7 8A 56 B4 02 7C E0 03 1F F8 C0 07 3E F0 81 0F 7C E4
[21:13:40.981] ADDR:0xEE TYPE:PARAMETER_READ            LEN:08 | EE 06 2C EE EA 1A 00 73
[21:13:41.021] ADDR:0xEE TYPE:RC_CHANNELS_PACKED        LEN:26 | EE 18 16 E0 C3 5E 2B B0 D7 8A 56 B4 02 7C E0 03 1F F8 C0 07 3E F0 81 0F 7C 98
[21:13:41.021] ADDR:0xEA TYPE:PARAMETER_SETTINGS_ENTRY  LEN:64 | EA 3E 2B EA EE 1A 01 15 09 48 54 20 53 74 61 72 74 20 43 68 61 6E 6E 65 6C 00 41 55 58 31 3B 41 55 58 32 3B 41 55 58 33 3B 41 55 58 34 3B 41 55 58 35 3B 41 55 58 36 3B 41 55 58 37 3B 41 55 54
[21:13:41.032] ADDR:0xEE TYPE:RC_CHANNELS_PACKED        LEN:26 | EE 18 16 E0 BB 5E 2B B0 D7 8A 56 B4 02 7C E0 03 1F F8 C0 07 3E F0 81 0F 7C 38
[21:13:41.052] ADDR:0xEE TYPE:RC_CHANNELS_PACKED        LEN:26 | EE 18 16 E0 C3 5E 2B B2 D7 8A 56 B4 02 7C E0 03 1F F8 C0 07 3E F0 81 0F 7C E4
[21:13:41.062] ADDR:0xEE TYPE:RC_CHANNELS_PACKED        LEN:26 | EE 18 16 E0 C3 5E 2B B2 D7 8A 56 B4 02 7C E0 03 1F F8 C0 07 3E F0 81 0F 7C E4
[21:13:41.062] ADDR:0xEA TYPE:ELRS_STATUS               LEN:15 | EA 0D 3A EA EE 10 00 03 0D 40 00 00 00 A0 DE
[21:13:41.082] ADDR:0xEE TYPE:PARAMETER_READ            LEN:08 | EE 06 2C EE EA 1A 01 A6
[21:13:41.113] ADDR:0xEE TYPE:RC_CHANNELS_PACKED        LEN:26 | EE 18 16 E0 BB 5E 2B B0 D7 8A 56 B4 02 7C E0 03 1F F8 C0 07 3E F0 81 0F 7C 38
[21:13:41.113] ADDR:0xEA TYPE:PARAMETER_SETTINGS_ENTRY  LEN:27 | EA 19 2B EA EE 1A 00 58 38 3B 41 55 58 39 3B 41 55 58 31 30 00 00 00 09 00 00 98
[21:13:41.133] ADDR:0xEE TYPE:RC_CHANNELS_PACKED        LEN:26 | EE 18 16 E0 C3 5E 2B B0 D7 8A 56 B4 02 7C E0 03 1F F8 C0 07 3E F0 81 0F 7C 98
[21:13:41.143] ADDR:0xEE TYPE:RC_CHANNELS_PACKED        LEN:26 | EE 18 16 E0 C3 5E 2B B2 D7 8A 56 B4 02 7C E0 03 1F F8 C0 07 3E F0 81 0F 7C E4
[21:13:41.164] ADDR:0xEE TYPE:RC_CHANNELS_PACKED        LEN:26 | EE 18 16 E0 C3 5E 2B B2 D7 8A 56 B4 02 7C E0 03 1F F8 C0 07 3E F0 81 0F 7C E4
[21:13:41.194] ADDR:0xEE TYPE:PARAMETER_READ            LEN:08 | EE 06 2C EE EA 1B 00 78
[21:13:41.214] ADDR:0xEE TYPE:RC_CHANNELS_PACKED        LEN:26 | EE 18 16 E0 C3 5E 2B B2 D7 8A 56 B4 02 7C E0 03 1F F8 C0 07 3E F0 81 0F 7C E4
[21:13:41.214] ADDR:0xEA TYPE:PARAMETER_SETTINGS_ENTRY  LEN:41 | EA 27 2B EA EE 1B 00 15 09 54 65 6C 65 6D 65 74 72 79 00 4F 66 66 3B 45 53 50 4E 4F 57 3B 57 69 46 69 00 00 00 02 00 00 FC
[21:13:41.235] ADDR:0xEE TYPE:RC_CHANNELS_PACKED        LEN:26 | EE 18 16 DF C3 5E 2B B2 D7 8A 56 B4 02 7C E0 03 1F F8 C0 07 3E F0 81 0F 7C 66
[21:13:41.255] ADDR:0xEE TYPE:RC_CHANNELS_PACKED        LEN:26 | EE 18 16 E0 C3 5E 2B B0 D7 8A 56 B4 02 7C E0 03 1F F8 C0 07 3E F0 81 0F 7C 98
[21:13:41.265] ADDR:0xEE TYPE:RC_CHANNELS_PACKED        LEN:26 | EE 18 16 E0 C3 5E 2B B2 D7 8A 56 B4 02 7C E0 03 1F F8 C0 07 3E F0 81 0F 7C E4
[21:13:41.265] ADDR:0xEA TYPE:ELRS_STATUS               LEN:15 | EA 0D 3A EA EE 10 00 03 0D 40 00 00 00 0A C3
[21:13:41.285] ADDR:0xEE TYPE:PARAMETER_READ            LEN:08 | EE 06 2C EE EA 1C 00 49
[21:13:41.316] ADDR:0xEE TYPE:RC_CHANNELS_PACKED        LEN:26 | EE 18 16 E0 C3 5E 2B B2 D7 8A 56 B4 02 7C E0 03 1F F8 C0 07 3E F0 81 0F 7C E4
[21:13:41.316] ADDR:0xEA TYPE:PARAMETER_SETTINGS_ENTRY  LEN:19 | EA 11 2B EA EE 1C 00 15 0C 56 65 72 73 69 6F 6E 00 00 3D
[21:13:41.326] ADDR:0xEE TYPE:RC_CHANNELS_PACKED        LEN:26 | EE 18 16 E0 BB 5E 2B B2 D7 8A 56 B4 02 7C E0 03 1F F8 C0 07 3E F0 81 0F 7C 44
[21:13:41.346] ADDR:0xEE TYPE:RC_CHANNELS_PACKED        LEN:26 | EE 18 16 E0 C3 5E 2B B2 D7 8A 56 B4 02 7C E0 03 1F F8 C0 07 3E F0 81 0F 7C E4
[21:13:41.367] ADDR:0xEE TYPE:RC_CHANNELS_PACKED        LEN:26 | EE 18 16 E0 C3 5E 2B AE D7 8A 56 B4 02 7C E0 03 1F F8 C0 07 3E F0 81 0F 7C 73
[21:13:41.397] ADDR:0xEE TYPE:PARAMETER_READ            LEN:08 | EE 06 2C EE EA 1D 00 42
[21:13:41.407] ADDR:0xEE TYPE:RC_CHANNELS_PACKED        LEN:26 | EE 18 16 E0 C3 5E 2B B0 D7 8A 56 B4 02 7C E0 03 1F F8 C0 07 3E F0 81 0F 7C 98
[21:13:41.407] ADDR:0xEA TYPE:PARAMETER_SETTINGS_ENTRY  LEN:26 | EA 18 2B EA EE 1D 00 00 0D 42 4C 45 20 4A 6F 79 73 74 69 63 6B 00 00 C8 00 50
[21:13:41.428] ADDR:0xEE TYPE:RC_CHANNELS_PACKED        LEN:26 | EE 18 16 E0 C3 5E 2B B2 D7 8A 56 B4 02 7C E0 03 1F F8 C0 07 3E F0 81 0F 7C E4
[21:13:41.438] ADDR:0xEE TYPE:RC_CHANNELS_PACKED        LEN:26 | EE 18 16 E0 C3 5E 2B AE D7 8A 56 B4 02 7C E0 03 1F F8 C0 07 3E F0 81 0F 7C 73
[21:13:41.478] ADDR:0xEE TYPE:RC_CHANNELS_PACKED        LEN:26 | EE 18 16 E0 C3 5E 2B B2 D7 8A 56 B4 02 7C E0 03 1F F8 C0 07 3E F0 81 0F 7C E4
[21:13:41.478] ADDR:0xEA TYPE:ELRS_STATUS               LEN:15 | EA 0D 3A EA EE 10 00 03 0D 40 00 00 00 5A 0C
[21:13:41.488] ADDR:0xEE TYPE:PARAMETER_READ            LEN:08 | EE 06 2C EE EA 1E 00 5F
[21:13:41.509] ADDR:0xEE TYPE:RC_CHANNELS_PACKED        LEN:26 | EE 18 16 E0 BB 5E 2B B0 D7 8A 56 B4 02 7C E0 03 1F F8 C0 07 3E F0 81 0F 7C 38
[21:13:41.509] ADDR:0xEA TYPE:PARAMETER_SETTINGS_ENTRY  LEN:18 | EA 10 2B EA EE 1E 00 00 0D 42 69 6E 64 00 00 C8 00 E5
[21:13:41.519] ADDR:0xEE TYPE:RC_CHANNELS_PACKED        LEN:26 | EE 18 16 E0 C3 5E 2B B2 D7 8A 56 B4 02 7C E0 03 1F F8 C0 07 3E F0 81 0F 7C E4
[21:13:41.559] ADDR:0xEE TYPE:RC_CHANNELS_PACKED        LEN:26 | EE 18 16 E0 C3 5E 2B B2 D7 8A 56 B4 02 7C E0 03 1F F8 C0 07 3E F0 81 0F 7C E4
[21:13:41.570] ADDR:0xEE TYPE:RC_CHANNELS_PACKED        LEN:26 | EE 18 16 E0 C3 5E 2B AE D7 8A 56 B4 02 7C E0 03 1F F8 C0 07 3E F0 81 0F 7C 73
[21:13:41.590] ADDR:0xEE TYPE:PARAMETER_READ            LEN:08 | EE 06 2C EE EA 1F 00 54
[21:13:41.600] ADDR:0xEE TYPE:RC_CHANNELS_PACKED        LEN:26 | EE 18 16 E0 BB 5E 2B B2 D7 8A 56 B4 02 7C E0 03 1F F8 C0 07 3E F0 81 0F 7C 44
[21:13:41.600] ADDR:0xEA TYPE:PARAMETER_SETTINGS_ENTRY  LEN:24 | EA 16 2B EA EE 1F 00 00 0C 42 61 64 2F 47 6F 6F 64 00 30 2F 35 30 00 FB
[21:13:41.631] ADDR:0xEE TYPE:RC_CHANNELS_PACKED        LEN:26 | EE 18 16 E0 C3 5E 2B B2 D7 8A 56 B4 02 7C E0 03 1F F8 C0 07 3E F0 81 0F 7C E4
[21:13:41.651] ADDR:0xEE TYPE:RC_CHANNELS_PACKED        LEN:26 | EE 18 16 E0 C3 5E 2B B2 D7 8A 56 B4 02 7C E0 03 1F F8 C0 07 3E F0 81 0F 7C E4
[21:13:41.671] ADDR:0xEE TYPE:RC_CHANNELS_PACKED        LEN:26 | EE 18 16 E0 BB 5E 2B B0 D7 8A 56 B4 02 7C E0 03 1F F8 C0 07 3E F0 81 0F 7C 38
[21:13:41.671] ADDR:0xEA TYPE:ELRS_STATUS               LEN:15 | EA 0D 3A EA EE 10 00 03 0D 40 00 00 01 54 AF
[21:13:41.681] ADDR:0xEE TYPE:PARAMETER_READ            LEN:08 | EE 06 2C EE EA 20 00 38
[21:13:41.712] ADDR:0xEE TYPE:RC_CHANNELS_PACKED        LEN:26 | EE 18 16 DD C3 5E 2B B2 D7 8A 56 B4 02 7C E0 03 1F F8 C0 07 3E F0 81 0F 7C 10
[21:13:41.712] ADDR:0xEA TYPE:PARAMETER_SETTINGS_ENTRY  LEN:30 | EA 1C 2B EA EE 20 00 00 0C 33 2E 36 2E 32 20 49 53 4D 32 47 34 00 30 62 30 63 63 65 00 BE
[21:13:41.732] ADDR:0xEE TYPE:RC_CHANNELS_PACKED        LEN:26 | EE 18 16 E0 C3 5E 2B B2 D7 8A 56 B4 02 7C E0 03 1F F8 C0 07 3E F0 81 0F 7C E4
[21:13:41.742] ADDR:0xEE TYPE:RC_CHANNELS_PACKED        LEN:26 | EE 18 16 E0 C3 5E 2B B0 D7 8A 56 B4 02 7C E0 03 1F F8 C0 07 3E F0 81 0F 7C 98
[21:13:41.763] ADDR:0xEE TYPE:RC_CHANNELS_PACKED        LEN:26 | EE 18 16 E0 C3 5E 2B B2 D7 8A 56 B4 02 7C E0 03 1F F8 C0 07 3E F0 81 0F 7C E4
[21:13:41.793] ADDR:0xEE TYPE:PARAMETER_READ            LEN:08 | EE 06 2C EE EA 01 00 86
[21:13:41.816] ADDR:0xEE TYPE:RC_CHANNELS_PACKED        LEN:26 | EE 18 16 E0 C3 5E 2B AE D7 8A 56 B4 02 7C E0 03 1F F8 C0 07 3E F0 81 0F 7C 73
[21:13:41.817] ADDR:0xEA TYPE:PARAMETER_SETTINGS_ENTRY  LEN:64 | EA 3E 2B EA EE 01 02 00 09 50 61 63 6B 65 74 20 52 61 74 65 00 35 30 48 7A 28 2D 31 31 35 64 42 6D 29 3B 31 30 30 48 7A 20 46 75 6C 6C 28 2D 31 31 32 64 42 6D 29 3B 31 35 30 48 7A 28 2D 31 FC
[21:13:41.837] ADDR:0xEE TYPE:RC_CHANNELS_PACKED        LEN:26 | EE 18 16 E0 C3 5E 2B B2 D7 8A 56 B4 02 7C E0 03 1F F8 C0 07 3E F0 81 0F 7C E4
[21:13:41.847] ADDR:0xEE TYPE:RC_CHANNELS_PACKED        LEN:26 | EE 18 16 E0 C3 5E 2B B2 D7 8A 56 B4 02 7C E0 03 1F F8 C0 07 3E F0 81 0F 7C E4
[21:13:41.869] ADDR:0xEE TYPE:RC_CHANNELS_PACKED        LEN:26 | EE 18 16 E0 BB 5E 2B B2 D7 8A 56 B4 02 7C E0 03 1F F8 C0 07 3E F0 81 0F 7C 44
[21:13:41.869] ADDR:0xEA TYPE:ELRS_STATUS               LEN:15 | EA 0D 3A EA EE 10 00 03 0D 40 FF FF FF EC 4C
[21:13:41.879] ADDR:0xEE TYPE:PARAMETER_READ            LEN:08 | EE 06 2C EE EA 01 01 53
[21:13:41.919] ADDR:0xEE TYPE:RC_CHANNELS_PACKED        LEN:26 | EE 18 16 E0 C3 5E 2B B2 D7 8A 56 B4 02 7C E0 03 1F F8 C0 07 3E F0 81 0F 7C E4
[21:13:41.920] ADDR:0xEA TYPE:PARAMETER_SETTINGS_ENTRY  LEN:64 | EA 3E 2B EA EE 01 01 31 32 64 42 6D 29 3B 32 35 30 48 7A 28 2D 31 30 38 64 42 6D 29 3B 33 33 33 48 7A 20 46 75 6C 6C 28 2D 31 30 35 64 42 6D 29 3B 35 30 30 48 7A 28 2D 31 30 35 64 42 6D 29 94
[21:13:41.930] ADDR:0xEE TYPE:RC_CHANNELS_PACKED        LEN:26 | EE 18 16 E0 C3 5E 2B B2 D7 8A 56 B4 02 7C E0 03 1F F8 C0 07 3E F0 81 0F 7C E4
[21:13:41.951] ADDR:0xEE TYPE:RC_CHANNELS_PACKED        LEN:26 | EE 18 16 E0 C3 5E 2B B2 D7 8A 56 B4 02 7C E0 03 1F F8 C0 07 3E F0 81 0F 7C E4
[21:13:41.971] ADDR:0xEE TYPE:RC_CHANNELS_PACKED        LEN:26 | EE 18 16 E0 C3 5E 2B B2 D7 8A 56 B4 02 7C E0 03 1F F8 C0 07 3E F0 81 0F 7C E4
[21:13:41.981] ADDR:0xEE TYPE:PARAMETER_READ            LEN:08 | EE 06 2C EE EA 01 02 F9
[21:13:42.021] ADDR:0xEE TYPE:RC_CHANNELS_PACKED        LEN:26 | EE 18 16 E0 C3 5E 2B AE D7 8A 56 B4 02 7C E0 03 1F F8 C0 07 3E F0 81 0F 7C 73
[21:13:42.022] ADDR:0xEA TYPE:PARAMETER_SETTINGS_ENTRY  LEN:56 | EA 36 2B EA EE 01 00 3B 44 32 35 30 28 2D 31 30 34 64 42 6D 29 3B 44 35 30 30 28 2D 31 30 34 64 42 6D 29 3B 46 35 30 30 28 2D 31 30 34 64 42 6D 29 00 00 00 08 00 00 0E
[21:13:42.032] ADDR:0xEE TYPE:RC_CHANNELS_PACKED        LEN:26 | EE 18 16 E0 C3 5E 2B B0 D7 8A 56 B4 02 7C E0 03 1F F8 C0 07 3E F0 81 0F 7C 98
[21:13:42.052] ADDR:0xEE TYPE:RC_CHANNELS_PACKED        LEN:26 | EE 18 16 E0 C3 5E 2B B2 D7 8A 56 B4 02 7C E0 03 1F F8 C0 07 3E F0 81 0F 7C E4
[21:13:42.062] ADDR:0xEE TYPE:RC_CHANNELS_PACKED        LEN:26 | EE 18 16 E0 C3 5E 2B B2 D7 8A 56 B4 02 7C E0 03 1F F8 C0 07 3E F0 81 0F 7C E4
[21:13:42.062] ADDR:0xEA TYPE:ELRS_STATUS               LEN:15 | EA 0D 3A EA EE 10 00 03 0D 40 00 00 00 78 D7
[21:13:42.083] ADDR:0xEE TYPE:PARAMETER_READ            LEN:08 | EE 06 2C EE EA 02 00 9B
[21:13:42.123] ADDR:0xEE TYPE:RC_CHANNELS_PACKED        LEN:26 | EE 18 16 E0 C3 5E 2B B2 D7 8A 56 B4 02 7C E0 03 1F F8 C0 07 3E F0 81 0F 7C E4
[21:13:42.123] ADDR:0xEA TYPE:PARAMETER_SETTINGS_ENTRY  LEN:64 | EA 3E 2B EA EE 02 01 00 09 54 65 6C 65 6D 20 52 61 74 69 6F 00 53 74 64 3B 4F 66 66 3B 31 3A 31 32 38 3B 31 3A 36 34 3B 31 3A 33 32 3B 31 3A 31 36 3B 31 3A 38 3B 31 3A 34 3B 31 3A 32 3B 52 B8
[21:13:42.133] ADDR:0xEE TYPE:RC_CHANNELS_PACKED        LEN:26 | EE 18 16 E0 C3 5E 2B AE D7 8A 56 B4 02 7C E0 03 1F F8 C0 07 3E F0 81 0F 7C 73
[21:13:42.154] ADDR:0xEE TYPE:RC_CHANNELS_PACKED        LEN:26 | EE 18 16 E0 C3 5E 2B B2 D7 8A 56 B4 02 7C E0 03 1F F8 C0 07 3E F0 81 0F 7C E4
[21:13:42.164] ADDR:0xEE TYPE:RC_CHANNELS_PACKED        LEN:26 | EE 18 16 E0 C3 5E 2B B2 D7 8A 56 B4 02 7C E0 03 1F F8 C0 07 3E F0 81 0F 7C E4
[21:13:42.184] ADDR:0xEE TYPE:PARAMETER_READ            LEN:08 | EE 06 2C EE EA 02 01 4E
[21:13:42.217] ADDR:0xEE TYPE:RC_CHANNELS_PACKED        LEN:26 | EE 18 16 E0 C3 5E 2B B0 D7 8A 56 B4 02 7C E0 03 1F F8 C0 07 3E F0 81 0F 7C 98
[21:13:42.217] ADDR:0xEA TYPE:PARAMETER_SETTINGS_ENTRY  LEN:24 | EA 16 2B EA EE 02 00 61 63 65 00 02 00 09 00 20 28 37 62 70 73 29 00 65
[21:13:42.228] ADDR:0xEE TYPE:RC_CHANNELS_PACKED        LEN:26 | EE 18 16 E0 C3 5E 2B B2 D7 8A 56 B4 02 7C E0 03 1F F8 C0 07 3E F0 81 0F 7C E4
[21:13:42.249] ADDR:0xEE TYPE:RC_CHANNELS_PACKED        LEN:26 | EE 18 16 E0 C3 5E 2B B2 D7 8A 56 B4 02 7C E0 03 1F F8 C0 07 3E F0 81 0F 7C E4
[21:13:42.259] ADDR:0xEE TYPE:RC_CHANNELS_PACKED        LEN:26 | EE 18 16 E0 C3 5E 2B B2 D7 8A 56 B4 02 7C E0 03 1F F8 C0 07 3E F0 81 0F 7C E4
[21:13:42.259] ADDR:0xEA TYPE:ELRS_STATUS               LEN:15 | EA 0D 3A EA EE 10 00 03 0D 40 00 00 00 96 A9
[21:13:42.299] ADDR:0xEE TYPE:PARAMETER_READ            LEN:08 | EE 06 2C EE EA 03 00 90
[21:13:42.319] ADDR:0xEE TYPE:RC_CHANNELS_PACKED        LEN:26 | EE 18 16 E0 C3 5E 2B B2 D7 8A 56 B4 02 7C E0 03 1F F8 C0 07 3E F0 81 0F 7C E4
[21:13:42.320] ADDR:0xEA TYPE:PARAMETER_SETTINGS_ENTRY  LEN:39 | EA 25 2B EA EE 03 00 00 09 53 77 69 74 63 68 20 4D 6F 64 65 00 57 69 64 65 3B 48 79 62 72 69 64 00 01 00 01 00 00 35
[21:13:42.330] ADDR:0xEE TYPE:RC_CHANNELS_PACKED        LEN:26 | EE 18 16 E0 C3 5E 2B B2 D7 8A 56 B4 02 7C E0 03 1F F8 C0 07 3E F0 81 0F 7C E4
[21:13:42.350] ADDR:0xEE TYPE:RC_CHANNELS_PACKED        LEN:26 | EE 18 16 E0 BB 5E 2B B0 D7 8A 56 B4 02 7C E0 03 1F F8 C0 07 3E F0 81 0F 7C 38
[21:13:42.370] ADDR:0xEE TYPE:RC_CHANNELS_PACKED        LEN:26 | EE 18 16 E0 BB 5E 2B B0 D7 8A 56 B4 02 7C E0 03 1F F8 C0 07 3E F0 81 0F 7C 38
[21:13:42.381] ADDR:0xEE TYPE:PARAMETER_READ            LEN:08 | EE 06 2C EE EA 04 00 A1
[21:13:42.421] ADDR:0xEE TYPE:RC_CHANNELS_PACKED        LEN:26 | EE 18 16 E0 C3 5E 2B B2 D7 8A 56 B4 02 7C E0 03 1F F8 C0 07 3E F0 81 0F 7C E4
[21:13:42.421] ADDR:0xEA TYPE:PARAMETER_SETTINGS_ENTRY  LEN:40 | EA 26 2B EA EE 04 00 00 09 4C 69 6E 6B 20 4D 6F 64 65 00 4E 6F 72 6D 61 6C 3B 4D 41 56 4C 69 6E 6B 00 00 00 01 00 00 06
[21:13:42.431] ADDR:0xEE TYPE:RC_CHANNELS_PACKED        LEN:26 | EE 18 16 E0 C3 5E 2B B2 D7 8A 56 B4 02 7C E0 03 1F F8 C0 07 3E F0 81 0F 7C E4
[21:13:42.452] ADDR:0xEE TYPE:RC_CHANNELS_PACKED        LEN:26 | EE 18 16 E0 C3 5E 2B B0 D7 8A 56 B4 02 7C E0 03 1F F8 C0 07 3E F0 81 0F 7C 98
[21:13:42.462] ADDR:0xEE TYPE:RC_CHANNELS_PACKED        LEN:26 | EE 18 16 E0 BB 5E 2B B0 D7 8A 56 B4 02 7C E0 03 1F F8 C0 07 3E F0 81 0F 7C 38
[21:13:42.462] ADDR:0xEA TYPE:ELRS_STATUS               LEN:15 | EA 0D 3A EA EE 10 00 03 0D 40 00 00 01 18 E5
[21:13:42.483] ADDR:0xEE TYPE:PARAMETER_READ            LEN:08 | EE 06 2C EE EA 05 00 AA
[21:13:42.523] ADDR:0xEE TYPE:RC_CHANNELS_PACKED        LEN:26 | EE 18 16 E0 BB 5E 2B B2 D7 8A 56 B4 02 7C E0 03 1F F8 C0 07 3E F0 81 0F 7C 44
[21:13:42.524] ADDR:0xEA TYPE:PARAMETER_SETTINGS_ENTRY  LEN:42 | EA 28 2B EA EE 05 00 00 09 4D 6F 64 65 6C 20 4D 61 74 63 68 00 4F 66 66 3B 4F 6E 00 00 00 01 00 20 28 49 44 3A 20 30 29 00 D2
[21:13:42.534] ADDR:0xEE TYPE:RC_CHANNELS_PACKED        LEN:26 | EE 18 16 E0 C3 5E 2B B2 D7 8A 56 B4 02 7C E0 03 1F F8 C0 07 3E F0 81 0F 7C E4
[21:13:42.554] ADDR:0xEE TYPE:RC_CHANNELS_PACKED        LEN:26 | EE 18 16 E0 C3 5E 2B B0 D7 8A 56 B4 02 7C E0 03 1F F8 C0 07 3E F0 81 0F 7C 98
[21:13:42.564] ADDR:0xEE TYPE:RC_CHANNELS_PACKED        LEN:26 | EE 18 16 E0 C3 5E 2B B2 D7 8A 56 B4 02 7C E0 03 1F F8 C0 07 3E F0 81 0F 7C E4
[21:13:42.584] ADDR:0xEE TYPE:PARAMETER_READ            LEN:08 | EE 06 2C EE EA 06 00 B7
[21:13:42.615] ADDR:0xEE TYPE:RC_CHANNELS_PACKED        LEN:26 | EE 18 16 E0 C3 5E 2B B2 D7 8A 56 B4 02 7C E0 03 1F F8 C0 07 3E F0 81 0F 7C E4
[21:13:42.615] ADDR:0xEA TYPE:PARAMETER_SETTINGS_ENTRY  LEN:34 | EA 20 2B EA EE 06 00 00 0B 54 58 20 50 6F 77 65 72 20 28 32 35 6D 57 20 44 79 6E 29 00 07 08 09 FF 62
[21:13:42.635] ADDR:0xEE TYPE:RC_CHANNELS_PACKED        LEN:26 | EE 18 16 E0 C3 5E 2B B0 D7 8A 56 B4 02 7C E0 03 1F F8 C0 07 3E F0 81 0F 7C 98
[21:13:42.645] ADDR:0xEE TYPE:RC_CHANNELS_PACKED        LEN:26 | EE 18 16 E0 C3 5E 2B B2 D7 8A 56 B4 02 7C E0 03 1F F8 C0 07 3E F0 81 0F 7C E4
[21:13:42.666] ADDR:0xEE TYPE:RC_CHANNELS_PACKED        LEN:26 | EE 18 16 E0 C3 5E 2B B2 D7 8A 56 B4 02 7C E0 03 1F F8 C0 07 3E F0 81 0F 7C E4
[21:13:42.666] ADDR:0xEA TYPE:ELRS_STATUS               LEN:15 | EA 0D 3A EA EE 10 00 03 0D 40 00 00 01 2C ED
[21:13:42.696] ADDR:0xEE TYPE:PARAMETER_READ            LEN:08 | EE 06 2C EE EA 07 00 BC
[21:13:42.716] ADDR:0xEE TYPE:RC_CHANNELS_PACKED        LEN:26 | EE 18 16 E0 BB 5E 2B AE D7 8A 56 B4 02 7C E0 03 1F F8 C0 07 3E F0 81 0F 7C D3
[21:13:42.716] ADDR:0xEA TYPE:PARAMETER_SETTINGS_ENTRY  LEN:50 | EA 30 2B EA EE 07 00 06 09 4D 61 78 20 50 6F 77 65 72 00 32 35 3B 35 30 3B 31 30 30 3B 32 35 30 3B 35 30 30 3B 31 30 30 30 00 00 00 05 00 6D 57 00 4F
[21:13:42.737] ADDR:0xEE TYPE:RC_CHANNELS_PACKED        LEN:26 | EE 18 16 E0 BB 5E 2B B2 D7 8A 56 B4 02 7C E0 03 1F F8 C0 07 3E F0 81 0F 7C 44
[21:13:42.747] ADDR:0xEE TYPE:RC_CHANNELS_PACKED        LEN:26 | EE 18 16 E0 C3 5E 2B B2 D7 8A 56 B4 02 7C E0 03 1F F8 C0 07 3E F0 81 0F 7C E4
[21:13:42.767] ADDR:0xEE TYPE:RC_CHANNELS_PACKED        LEN:26 | EE 18 16 E0 BB 5E 2B B2 D7 8A 56 B4 02 7C E0 03 1F F8 C0 07 3E F0 81 0F 7C 44
[21:13:42.778] ADDR:0xEE TYPE:PARAMETER_READ            LEN:08 | EE 06 2C EE EA 08 00 D5
[21:13:42.819] ADDR:0xEE TYPE:RC_CHANNELS_PACKED        LEN:26 | EE 18 16 E0 C3 5E 2B B0 D7 8A 56 B4 02 7C E0 03 1F F8 C0 07 3E F0 81 0F 7C 98
[21:13:42.819] ADDR:0xEA TYPE:PARAMETER_SETTINGS_ENTRY  LEN:54 | EA 34 2B EA EE 08 00 06 09 44 79 6E 61 6D 69 63 00 4F 66 66 3B 44 79 6E 3B 41 55 58 39 3B 41 55 58 31 30 3B 41 55 58 31 31 3B 41 55 58 31 32 00 01 00 05 00 00 B7
[21:13:42.839] ADDR:0xEE TYPE:RC_CHANNELS_PACKED        LEN:26 | EE 18 16 E0 C3 5E 2B B0 D7 8A 56 B4 02 7C E0 03 1F F8 C0 07 3E F0 81 0F 7C 98
[21:13:42.850] ADDR:0xEE TYPE:RC_CHANNELS_PACKED        LEN:26 | EE 18 16 E0 C3 5E 2B B2 D7 8A 56 B4 02 7C E0 03 1F F8 C0 07 3E F0 81 0F 7C E4
[21:13:42.870] ADDR:0xEE TYPE:RC_CHANNELS_PACKED        LEN:26 | EE 18 16 E0 BB 5E 2B B2 D7 8A 56 B4 02 7C E0 03 1F F8 C0 07 3E F0 81 0F 7C 44
[21:13:42.870] ADDR:0xEA TYPE:ELRS_STATUS               LEN:15 | EA 0D 3A EA EE 10 00 03 0D 40 00 00 00 50 5A
[21:13:42.880] ADDR:0xEE TYPE:PARAMETER_READ            LEN:08 | EE 06 2C EE EA 09 00 DE
[21:13:42.921] ADDR:0xEE TYPE:RC_CHANNELS_PACKED        LEN:26 | EE 18 16 E0 BB 5E 2B AE D7 8A 56 B4 02 7C E0 03 1F F8 C0 07 3E F0 81 0F 7C D3
[21:13:42.921] ADDR:0xEA TYPE:PARAMETER_SETTINGS_ENTRY  LEN:64 | EA 3E 2B EA EE 09 01 06 09 46 61 6E 20 54 68 72 65 73 68 00 31 30 6D 57 3B 32 35 6D 57 3B 35 30 6D 57 3B 31 30 30 6D 57 3B 32 35 30 6D 57 3B 35 30 30 6D 57 3B 31 30 30 30 6D 57 3B 32 30 30 B6
[21:13:42.931] ADDR:0xEE TYPE:RC_CHANNELS_PACKED        LEN:26 | EE 18 16 E0 BB 5E 2B B2 D7 8A 56 B4 02 7C E0 03 1F F8 C0 07 3E F0 81 0F 7C 44
[21:13:42.951] ADDR:0xEE TYPE:RC_CHANNELS_PACKED        LEN:26 | EE 18 16 E0 C3 5E 2B B2 D7 8A 56 B4 02 7C E0 03 1F F8 C0 07 3E F0 81 0F 7C E4
[21:13:42.972] ADDR:0xEE TYPE:RC_CHANNELS_PACKED        LEN:26 | EE 18 16 E0 C3 5E 2B B0 D7 8A 56 B4 02 7C E0 03 1F F8 C0 07 3E F0 81 0F 7C 98
[21:13:42.982] ADDR:0xEE TYPE:PARAMETER_READ            LEN:08 | EE 06 2C EE EA 09 01 0B
[21:13:43.012] ADDR:0xEE TYPE:RC_CHANNELS_PACKED        LEN:26 | EE 18 16 E0 C3 5E 2B B2 D7 8A 56 B4 02 7C E0 03 1F F8 C0 07 3E F0 81 0F 7C E4
[21:13:43.012] ADDR:0xEA TYPE:PARAMETER_SETTINGS_ENTRY  LEN:23 | EA 15 2B EA EE 09 00 30 6D 57 3B 4E 65 76 65 72 00 05 00 08 00 00 B8
[21:13:43.035] ADDR:0xEE TYPE:RC_CHANNELS_PACKED        LEN:26 | EE 18 16 E0 C3 5E 2B B2 D7 8A 56 B4 02 7C E0 03 1F F8 C0 07 3E F0 81 0F 7C E4
[21:13:43.045] ADDR:0xEE TYPE:RC_CHANNELS_PACKED        LEN:26 | EE 18 16 DF C3 5E 2B AE D7 8A 56 B4 02 7C E0 03 1F F8 C0 07 3E F0 81 0F 7C F1
[21:13:43.065] ADDR:0xEE TYPE:RC_CHANNELS_PACKED        LEN:26 | EE 18 16 E0 C3 5E 2B B2 D7 8A 56 B4 02 7C E0 03 1F F8 C0 07 3E F0 81 0F 7C E4
[21:13:43.065] ADDR:0xEA TYPE:ELRS_STATUS               LEN:15 | EA 0D 3A EA EE 10 00 03 0D 40 00 00 00 50 5A
[21:13:43.095] ADDR:0xEE TYPE:PARAMETER_READ            LEN:08 | EE 06 2C EE EA 0A 00 C3
[21:13:43.116] ADDR:0xEE TYPE:RC_CHANNELS_PACKED        LEN:26 | EE 18 16 E0 C3 5E 2B B0 D7 8A 56 B4 02 7C E0 03 1F F8 C0 07 3E F0 81 0F 7C 98
[21:13:43.116] ADDR:0xEA TYPE:PARAMETER_SETTINGS_ENTRY  LEN:34 | EA 20 2B EA EE 0A 00 00 0B 56 54 58 20 41 64 6D 69 6E 69 73 74 72 61 74 6F 72 00 0B 0C 0D 0E 0F FF 62
[21:13:43.126] ADDR:0xEE TYPE:RC_CHANNELS_PACKED        LEN:26 | EE 18 16 E0 C3 5E 2B B2 D7 8A 56 B4 02 7C E0 03 1F F8 C0 07 3E F0 81 0F 7C E4
[21:13:43.146] ADDR:0xEE TYPE:RC_CHANNELS_PACKED        LEN:26 | EE 18 16 E0 C3 5E 2B B2 D7 8A 56 B4 02 7C E0 03 1F F8 C0 07 3E F0 81 0F 7C E4
[21:13:43.179] ADDR:0xEE TYPE:RC_CHANNELS_PACKED        LEN:26 | EE 18 16 E0 C3 5E 2B B2 D7 8A 56 B4 02 7C E0 03 1F F8 C0 07 3E F0 81 0F 7C E4
[21:13:43.189] ADDR:0xEE TYPE:PARAMETER_READ            LEN:08 | EE 06 2C EE EA 0B 00 C8
[21:13:43.220] ADDR:0xEE TYPE:RC_CHANNELS_PACKED        LEN:26 | EE 18 16 E0 C3 5E 2B B4 D7 8A 56 B4 02 7C E0 03 1F F8 C0 07 3E F0 81 0F 7C 60
[21:13:43.220] ADDR:0xEA TYPE:PARAMETER_SETTINGS_ENTRY  LEN:36 | EA 22 2B EA EE 0B 00 0A 09 42 61 6E 64 00 4F 66 66 3B 41 3B 42 3B 45 3B 46 3B 52 3B 4C 00 00 00 06 00 00 4B
[21:13:43.220] ADDR:0xEE TYPE:RC_CHANNELS_PACKED        LEN:26 | EE 18 16 E0 C3 5E 2B B0 D7 8A 56 B4 02 7C E0 03 1F F8 C0 07 3E F0 81 0F 7C 98
[21:13:43.250] ADDR:0xEE TYPE:RC_CHANNELS_PACKED        LEN:26 | EE 18 16 E0 C3 5E 2B B2 D7 8A 56 B4 02 7C E0 03 1F F8 C0 07 3E F0 81 0F 7C E4
[21:13:43.270] ADDR:0xEE TYPE:RC_CHANNELS_PACKED        LEN:26 | EE 18 16 E0 C3 5E 2B B2 D7 8A 56 B4 02 7C E0 03 1F F8 C0 07 3E F0 81 0F 7C E4
[21:13:43.271] ADDR:0xEA TYPE:ELRS_STATUS               LEN:15 | EA 0D 3A EA EE 10 00 03 0D 40 00 00 01 54 AF
[21:13:43.291] ADDR:0xEE TYPE:PARAMETER_READ            LEN:08 | EE 06 2C EE EA 0C 00 F9
[21:13:43.301] ADDR:0xEE TYPE:RC_CHANNELS_PACKED        LEN:26 | EE 18 16 E0 C3 5E 2B B2 D7 8A 56 B4 02 7C E0 03 1F F8 C0 07 3E F0 81 0F 7C E4
[21:13:43.301] ADDR:0xEA TYPE:PARAMETER_SETTINGS_ENTRY  LEN:23 | EA 15 2B EA EE 0C 00 0A 00 43 68 61 6E 6E 65 6C 00 01 01 08 00 00 FB
[21:13:43.331] ADDR:0xEE TYPE:RC_CHANNELS_PACKED        LEN:26 | EE 18 16 DF C3 5E 2B B2 D7 8A 56 B4 02 7C E0 03 1F F8 C0 07 3E F0 81 0F 7C 66
[21:13:43.352] ADDR:0xEE TYPE:RC_CHANNELS_PACKED        LEN:26 | EE 18 16 E0 C3 5E 2B B2 D7 8A 56 B4 02 7C E0 03 1F F8 C0 07 3E F0 81 0F 7C E4
[21:13:43.362] ADDR:0xEE TYPE:RC_CHANNELS_PACKED        LEN:26 | EE 18 16 E0 C3 5E 2B B0 D7 8A 56 B4 02 7C E0 03 1F F8 C0 07 3E F0 81 0F 7C 98
[21:13:43.382] ADDR:0xEE TYPE:PARAMETER_READ            LEN:08 | EE 06 2C EE EA 0D 00 F2
[21:13:43.422] ADDR:0xEE TYPE:RC_CHANNELS_PACKED        LEN:26 | EE 18 16 E0 C3 5E 2B B2 D7 8A 56 B4 02 7C E0 03 1F F8 C0 07 3E F0 81 0F 7C E4
[21:13:43.423] ADDR:0xEA TYPE:PARAMETER_SETTINGS_ENTRY  LEN:41 | EA 27 2B EA EE 0D 00 0A 09 50 77 72 20 4C 76 6C 00 2D 3B 31 3B 32 3B 33 3B 34 3B 35 3B 36 3B 37 3B 38 00 00 00 08 00 00 C1
[21:13:43.433] ADDR:0xEE TYPE:RC_CHANNELS_PACKED        LEN:26 | EE 18 16 E0 C3 5E 2B B2 D7 8A 56 B4 02 7C E0 03 1F F8 C0 07 3E F0 81 0F 7C E4
[21:13:43.453] ADDR:0xEE TYPE:RC_CHANNELS_PACKED        LEN:26 | EE 18 16 E0 C3 5E 2B B2 D7 8A 56 B4 02 7C E0 03 1F F8 C0 07 3E F0 81 0F 7C E4
[21:13:43.463] ADDR:0xEE TYPE:RC_CHANNELS_PACKED        LEN:26 | EE 18 16 E0 C3 5E 2B B2 D7 8A 56 B4 02 7C E0 03 1F F8 C0 07 3E F0 81 0F 7C E4
[21:13:43.463] ADDR:0xEA TYPE:ELRS_STATUS               LEN:15 | EA 0D 3A EA EE 10 00 03 0D 40 00 00 00 78 D7
[21:13:43.484] ADDR:0xEE TYPE:PARAMETER_READ            LEN:08 | EE 06 2C EE EA 0E 00 EF
[21:13:43.514] ADDR:0xEE TYPE:RC_CHANNELS_PACKED        LEN:26 | EE 18 16 E0 C3 5E 2B B2 D7 8A 56 B4 02 7C E0 03 1F F8 C0 07 3E F0 81 0F 7C E4
[21:13:43.514] ADDR:0xEA TYPE:PARAMETER_SETTINGS_ENTRY  LEN:64 | EA 3E 2B EA EE 0E 02 0A 89 50 69 74 6D 6F 64 65 00 4F 66 66 3B 4F 6E 3B 41 55 58 31 C0 3B 41 55 58 31 C1 3B 41 55 58 32 C0 3B 41 55 58 32 C1 3B 41 55 58 33 C0 3B 41 55 58 33 C1 3B 41 55 58 F1
[21:13:43.534] ADDR:0xEE TYPE:RC_CHANNELS_PACKED        LEN:26 | EE 18 16 E0 C3 5E 2B B2 D7 8A 56 B4 02 7C E0 03 1F F8 C0 07 3E F0 81 0F 7C E4
[21:13:43.555] ADDR:0xEE TYPE:RC_CHANNELS_PACKED        LEN:26 | EE 18 16 E0 C3 5E 2B B2 D7 8A 56 B4 02 7C E0 03 1F F8 C0 07 3E F0 81 0F 7C E4
[21:13:43.565] ADDR:0xEE TYPE:RC_CHANNELS_PACKED        LEN:26 | EE 18 16 E0 C3 5E 2B B2 D7 8A 56 B4 02 7C E0 03 1F F8 C0 07 3E F0 81 0F 7C E4
[21:13:43.585] ADDR:0xEE TYPE:PARAMETER_READ            LEN:08 | EE 06 2C EE EA 0E 01 3A
[21:13:43.616] ADDR:0xEE TYPE:RC_CHANNELS_PACKED        LEN:26 | EE 18 16 E0 C3 5E 2B B0 D7 8A 56 B4 02 7C E0 03 1F F8 C0 07 3E F0 81 0F 7C 98
[21:13:43.616] ADDR:0xEA TYPE:PARAMETER_SETTINGS_ENTRY  LEN:64 | EA 3E 2B EA EE 0E 01 34 C0 3B 41 55 58 34 C1 3B 41 55 58 35 C0 3B 41 55 58 35 C1 3B 41 55 58 36 C0 3B 41 55 58 36 C1 3B 41 55 58 37 C0 3B 41 55 58 37 C1 3B 41 55 58 38 C0 3B 41 55 58 38 C1 00
[21:13:43.636] ADDR:0xEE TYPE:RC_CHANNELS_PACKED        LEN:26 | EE 18 16 E0 C3 5E 2B B2 D7 8A 56 B4 02 7C E0 03 1F F8 C0 07 3E F0 81 0F 7C E4
[21:13:43.646] ADDR:0xEE TYPE:RC_CHANNELS_PACKED        LEN:26 | EE 18 16 E0 C3 5E 2B B2 D7 8A 56 B4 02 7C E0 03 1F F8 C0 07 3E F0 81 0F 7C E4
[21:13:43.666] ADDR:0xEE TYPE:RC_CHANNELS_PACKED        LEN:26 | EE 18 16 E0 C3 5E 2B B2 D7 8A 56 B4 02 7C E0 03 1F F8 C0 07 3E F0 81 0F 7C E4
[21:13:43.666] ADDR:0xEA TYPE:ELRS_STATUS               LEN:15 | EA 0D 3A EA EE 10 00 03 0D 40 FF FF FF CE 97
[21:13:43.687] ADDR:0xEE TYPE:PARAMETER_READ            LEN:08 | EE 06 2C EE EA 0E 02 90
[21:13:43.717] ADDR:0xEE TYPE:RC_CHANNELS_PACKED        LEN:26 | EE 18 16 E0 C3 5E 2B B2 D7 8A 56 B4 02 7C E0 03 1F F8 C0 07 3E F0 81 0F 7C E4
[21:13:43.717] ADDR:0xEA TYPE:PARAMETER_SETTINGS_ENTRY  LEN:40 | EA 26 2B EA EE 0E 00 3B 41 55 58 39 C0 3B 41 55 58 39 C1 3B 41 55 58 31 30 C0 3B 41 55 58 31 30 C1 00 00 00 15 00 00 97
[21:13:43.737] ADDR:0xEE TYPE:RC_CHANNELS_PACKED        LEN:26 | EE 18 16 E0 C3 5E 2B B2 D7 8A 56 B4 02 7C E0 03 1F F8 C0 07 3E F0 81 0F 7C E4
[21:13:43.748] ADDR:0xEE TYPE:RC_CHANNELS_PACKED        LEN:26 | EE 18 16 E0 C3 5E 2B B2 D7 8A 56 B4 02 7C E0 03 1F F8 C0 07 3E F0 81 0F 7C E4
[21:13:43.769] ADDR:0xEE TYPE:RC_CHANNELS_PACKED        LEN:26 | EE 18 16 E0 C3 5E 2B B2 D7 8A 56 B4 02 7C E0 03 1F F8 C0 07 3E F0 81 0F 7C E4
[21:13:43.779] ADDR:0xEE TYPE:PARAMETER_READ            LEN:08 | EE 06 2C EE EA 0F 00 E4
[21:13:43.820] ADDR:0xEE TYPE:RC_CHANNELS_PACKED        LEN:26 | EE 18 16 E0 C3 5E 2B B2 D7 8A 56 B4 02 7C E0 03 1F F8 C0 07 3E F0 81 0F 7C E4
[21:13:43.820] ADDR:0xEA TYPE:PARAMETER_SETTINGS_ENTRY  LEN:22 | EA 14 2B EA EE 0F 00 0A 0D 53 65 6E 64 20 56 54 78 00 00 C8 00 01
[21:13:43.830] ADDR:0xEE TYPE:RC_CHANNELS_PACKED        LEN:26 | EE 18 16 E0 C3 5E 2B B0 D7 8A 56 B4 02 7C E0 03 1F F8 C0 07 3E F0 81 0F 7C 98
[21:13:43.850] ADDR:0xEE TYPE:RC_CHANNELS_PACKED        LEN:26 | EE 18 16 E0 C3 5E 2B B2 D7 8A 56 B4 02 7C E0 03 1F F8 C0 07 3E F0 81 0F 7C E4
[21:13:43.860] ADDR:0xEE TYPE:RC_CHANNELS_PACKED        LEN:26 | EE 18 16 DF C3 5E 2B B2 D7 8A 56 B4 02 7C E0 03 1F F8 C0 07 3E F0 81 0F 7C 66
[21:13:43.860] ADDR:0xEA TYPE:ELRS_STATUS               LEN:15 | EA 0D 3A EA EE 10 00 03 0D 40 00 00 00 B4 72
[21:13:43.891] ADDR:0xEE TYPE:PARAMETER_READ            LEN:08 | EE 06 2C EE EA 10 00 3D
[21:13:43.911] ADDR:0xEE TYPE:RC_CHANNELS_PACKED        LEN:26 | EE 18 16 E0 BB 5E 2B B2 D7 8A 56 B4 02 7C E0 03 1F F8 C0 07 3E F0 81 0F 7C 44
[21:13:43.911] ADDR:0xEA TYPE:PARAMETER_SETTINGS_ENTRY  LEN:33 | EA 1F 2B EA EE 10 00 00 0B 57 69 46 69 20 43 6F 6E 6E 65 63 74 69 76 69 74 79 00 11 12 13 14 FF 05
[21:13:43.931] ADDR:0xEE TYPE:RC_CHANNELS_PACKED        LEN:26 | EE 18 16 E0 C3 5E 2B B2 D7 8A 56 B4 02 7C E0 03 1F F8 C0 07 3E F0 81 0F 7C E4
[21:13:43.941] ADDR:0xEE TYPE:RC_CHANNELS_PACKED        LEN:26 | EE 18 16 E0 C3 5E 2B B2 D7 8A 56 B4 02 7C E0 03 1F F8 C0 07 3E F0 81 0F 7C E4
[21:13:43.972] ADDR:0xEE TYPE:RC_CHANNELS_PACKED        LEN:26 | EE 18 16 E0 BB 5E 2B B2 D7 8A 56 B4 02 7C E0 03 1F F8 C0 07 3E F0 81 0F 7C 44
[21:13:43.992] ADDR:0xEE TYPE:PARAMETER_READ            LEN:08 | EE 06 2C EE EA 11 00 36
[21:13:44.002] ADDR:0xEE TYPE:RC_CHANNELS_PACKED        LEN:26 | EE 18 16 E0 C3 5E 2B B2 D7 8A 56 B4 02 7C E0 03 1F F8 C0 07 3E F0 81 0F 7C E4
[21:13:44.002] ADDR:0xEA TYPE:PARAMETER_SETTINGS_ENTRY  LEN:25 | EA 17 2B EA EE 11 00 10 0D 45 6E 61 62 6C 65 20 57 69 46 69 00 00 C8 00 92
[21:13:44.022] ADDR:0xEE TYPE:RC_CHANNELS_PACKED        LEN:26 | EE 18 16 E0 C3 5E 2B B2 D7 8A 56 B4 02 7C E0 03 1F F8 C0 07 3E F0 81 0F 7C E4
[21:13:44.053] ADDR:0xEE TYPE:RC_CHANNELS_PACKED        LEN:26 | EE 18 16 E0 BB 5E 2B B2 D7 8A 56 B4 02 7C E0 03 1F F8 C0 07 3E F0 81 0F 7C 44
[21:13:44.073] ADDR:0xEE TYPE:RC_CHANNELS_PACKED        LEN:26 | EE 18 16 E0 C3 5E 2B B2 D7 8A 56 B4 02 7C E0 03 1F F8 C0 07 3E F0 81 0F 7C E4
[21:13:44.073] ADDR:0xEA TYPE:ELRS_STATUS               LEN:15 | EA 0D 3A EA EE 10 00 03 0D 40 00 00 01 54 AF
[21:13:44.083] ADDR:0xEE TYPE:PARAMETER_READ            LEN:08 | EE 06 2C EE EA 12 00 2B
[21:13:44.103] ADDR:0xEE TYPE:RC_CHANNELS_PACKED        LEN:26 | EE 18 16 E0 C3 5E 2B B2 D7 8A 56 B4 02 7C E0 03 1F F8 C0 07 3E F0 81 0F 7C E4
[21:13:44.104] ADDR:0xEA TYPE:PARAMETER_SETTINGS_ENTRY  LEN:28 | EA 1A 2B EA EE 12 00 10 0D 45 6E 61 62 6C 65 20 52 78 20 57 69 46 69 00 00 C8 00 43
[21:13:44.134] ADDR:0xEE TYPE:RC_CHANNELS_PACKED        LEN:26 | EE 18 16 E0 C3 5E 2B B2 D7 8A 56 B4 02 7C E0 03 1F F8 C0 07 3E F0 81 0F 7C E4
[21:13:44.155] ADDR:0xEE TYPE:RC_CHANNELS_PACKED        LEN:26 | EE 18 16 E0 C3 5E 2B B4 D7 8A 56 B4 02 7C E0 03 1F F8 C0 07 3E F0 81 0F 7C 60
[21:13:44.165] ADDR:0xEE TYPE:RC_CHANNELS_PACKED        LEN:26 | EE 18 16 E0 C3 5E 2B B0 D7 8A 56 B4 02 7C E0 03 1F F8 C0 07 3E F0 81 0F 7C 98
[21:13:44.185] ADDR:0xEE TYPE:PARAMETER_READ            LEN:08 | EE 06 2C EE EA 13 00 20
[21:13:44.216] ADDR:0xEE TYPE:RC_CHANNELS_PACKED        LEN:26 | EE 18 16 E0 C3 5E 2B B2 D7 8A 56 B4 02 7C E0 03 1F F8 C0 07 3E F0 81 0F 7C E4
[21:13:44.216] ADDR:0xEA TYPE:PARAMETER_SETTINGS_ENTRY  LEN:34 | EA 20 2B EA EE 13 00 10 0D 45 6E 61 62 6C 65 20 42 61 63 6B 70 61 63 6B 20 57 69 46 69 00 00 C8 00 4B
[21:13:44.226] ADDR:0xEE TYPE:RC_CHANNELS_PACKED        LEN:26 | EE 18 16 E0 C3 5E 2B B2 D7 8A 56 B4 02 7C E0 03 1F F8 C0 07 3E F0 81 0F 7C E4
[21:13:44.246] ADDR:0xEE TYPE:RC_CHANNELS_PACKED        LEN:26 | EE 18 16 E0 C3 5E 2B B4 D7 8A 56 B4 02 7C E0 03 1F F8 C0 07 3E F0 81 0F 7C 60
[21:13:44.266] ADDR:0xEE TYPE:RC_CHANNELS_PACKED        LEN:26 | EE 18 16 E0 C3 5E 2B B2 D7 8A 56 B4 02 7C E0 03 1F F8 C0 07 3E F0 81 0F 7C E4
[21:13:44.266] ADDR:0xEA TYPE:ELRS_STATUS               LEN:15 | EA 0D 3A EA EE 10 00 03 0D 40 FF FF FF C4 C1
[21:13:44.297] ADDR:0xEE TYPE:PARAMETER_READ            LEN:08 | EE 06 2C EE EA 14 00 11
[21:13:44.307] ADDR:0xEE TYPE:RC_CHANNELS_PACKED        LEN:26 | EE 18 16 E0 C3 5E 2B B2 D7 8A 56 B4 02 7C E0 03 1F F8 C0 07 3E F0 81 0F 7C E4
[21:13:44.307] ADDR:0xEA TYPE:PARAMETER_SETTINGS_ENTRY  LEN:29 | EA 1B 2B EA EE 14 00 10 0D 45 6E 61 62 6C 65 20 56 52 78 20 57 69 46 69 00 00 C8 00 EC
[21:13:44.327] ADDR:0xEE TYPE:RC_CHANNELS_PACKED        LEN:26 | EE 18 16 E0 C3 5E 2B B2 D7 8A 56 B4 02 7C E0 03 1F F8 C0 07 3E F0 81 0F 7C E4
[21:13:44.347] ADDR:0xEE TYPE:RC_CHANNELS_PACKED        LEN:26 | EE 18 16 E0 C3 5E 2B B2 D7 8A 56 B4 02 7C E0 03 1F F8 C0 07 3E F0 81 0F 7C E4
[21:13:44.378] ADDR:0xEE TYPE:RC_CHANNELS_PACKED        LEN:26 | EE 18 16 E0 C3 5E 2B B2 D7 8A 56 B4 02 7C E0 03 1F F8 C0 07 3E F0 81 0F 7C E4
[21:13:44.388] ADDR:0xEE TYPE:PARAMETER_READ            LEN:08 | EE 06 2C EE EA 15 00 1A
[21:13:44.408] ADDR:0xEE TYPE:RC_CHANNELS_PACKED        LEN:26 | EE 18 16 E0 C3 5E 2B B2 D7 8A 56 B4 02 7C E0 03 1F F8 C0 07 3E F0 81 0F 7C E4
[21:13:44.409] ADDR:0xEA TYPE:PARAMETER_SETTINGS_ENTRY  LEN:27 | EA 19 2B EA EE 15 00 00 0B 42 61 63 6B 70 61 63 6B 00 16 17 18 19 1A 1B 1C FF EE
[21:13:44.419] ADDR:0xEE TYPE:RC_CHANNELS_PACKED        LEN:26 | EE 18 16 E0 C3 5E 2B B2 D7 8A 56 B4 02 7C E0 03 1F F8 C0 07 3E F0 81 0F 7C E4
[21:13:44.450] ADDR:0xEE TYPE:RC_CHANNELS_PACKED        LEN:26 | EE 18 16 E0 C3 5E 2B B2 D7 8A 56 B4 02 7C E0 03 1F F8 C0 07 3E F0 81 0F 7C E4
[21:13:44.470] ADDR:0xEE TYPE:RC_CHANNELS_PACKED        LEN:26 | EE 18 16 E0 C3 5E 2B B2 D7 8A 56 B4 02 7C E0 03 1F F8 C0 07 3E F0 81 0F 7C E4
[21:13:44.470] ADDR:0xEA TYPE:ELRS_STATUS               LEN:15 | EA 0D 3A EA EE 10 00 03 0D 40 00 00 01 54 AF
[21:13:44.491] ADDR:0xEE TYPE:PARAMETER_READ            LEN:08 | EE 06 2C EE EA 16 00 07
[21:13:44.501] ADDR:0xEE TYPE:RC_CHANNELS_PACKED        LEN:26 | EE 18 16 E0 C3 5E 2B B2 D7 8A 56 B4 02 7C E0 03 1F F8 C0 07 3E F0 81 0F 7C E4
[21:13:44.521] ADDR:0xEA TYPE:PARAMETER_SETTINGS_ENTRY  LEN:64 | EA 3E 2B EA EE 16 02 15 09 44 56 52 20 52 65 63 00 4F 66 66 3B 41 55 58 31 C0 3B 41 55 58 31 C1 3B 41 55 58 32 C0 3B 41 55 58 32 C1 3B 41 55 58 33 C0 3B 41 55 58 33 C1 3B 41 55 58 34 C0 3B AD
[21:13:44.531] ADDR:0xEE TYPE:RC_CHANNELS_PACKED        LEN:26 | EE 18 16 E0 BB 5E 2B B2 D7 8A 56 B4 02 7C E0 03 1F F8 C0 07 3E F0 81 0F 7C 44
[21:13:44.552] ADDR:0xEE TYPE:RC_CHANNELS_PACKED        LEN:26 | EE 18 16 E0 C3 5E 2B B2 D7 8A 56 B4 02 7C E0 03 1F F8 C0 07 3E F0 81 0F 7C E4
[21:13:44.572] ADDR:0xEE TYPE:RC_CHANNELS_PACKED        LEN:26 | EE 18 16 E0 C3 5E 2B B2 D7 8A 56 B4 02 7C E0 03 1F F8 C0 07 3E F0 81 0F 7C E4
[21:13:44.582] ADDR:0xEE TYPE:PARAMETER_READ            LEN:08 | EE 06 2C EE EA 16 01 D2
[21:13:44.622] ADDR:0xEE TYPE:RC_CHANNELS_PACKED        LEN:26 | EE 18 16 E0 BB 5E 2B B2 D7 8A 56 B4 02 7C E0 03 1F F8 C0 07 3E F0 81 0F 7C 44
[21:13:44.623] ADDR:0xEA TYPE:PARAMETER_SETTINGS_ENTRY  LEN:64 | EA 3E 2B EA EE 16 01 41 55 58 34 C1 3B 41 55 58 35 C0 3B 41 55 58 35 C1 3B 41 55 58 36 C0 3B 41 55 58 36 C1 3B 41 55 58 37 C0 3B 41 55 58 37 C1 3B 41 55 58 38 C0 3B 41 55 58 38 C1 3B 41 55 BA
[21:13:44.633] ADDR:0xEE TYPE:RC_CHANNELS_PACKED        LEN:26 | EE 18 16 E0 C3 5E 2B B2 D7 8A 56 B4 02 7C E0 03 1F F8 C0 07 3E F0 81 0F 7C E4
[21:13:44.656] ADDR:0xEE TYPE:RC_CHANNELS_PACKED        LEN:26 | EE 18 16 E0 C3 5E 2B B2 D7 8A 56 B4 02 7C E0 03 1F F8 C0 07 3E F0 81 0F 7C E4
[21:13:44.666] ADDR:0xEE TYPE:RC_CHANNELS_PACKED        LEN:26 | EE 18 16 DF BB 5E 2B B2 D7 8A 56 B4 02 7C E0 03 1F F8 C0 07 3E F0 81 0F 7C C6
[21:13:44.666] ADDR:0xEA TYPE:ELRS_STATUS               LEN:15 | EA 0D 3A EA EE 10 00 03 0D 40 00 00 00 50 5A
[21:13:44.687] ADDR:0xEE TYPE:PARAMETER_READ            LEN:08 | EE 06 2C EE EA 16 02 78
[21:13:44.727] ADDR:0xEE TYPE:RC_CHANNELS_PACKED        LEN:26 | EE 18 16 E0 BB 5E 2B B2 D7 8A 56 B4 02 7C E0 03 1F F8 C0 07 3E F0 81 0F 7C 44
[21:13:44.727] ADDR:0xEA TYPE:PARAMETER_SETTINGS_ENTRY  LEN:37 | EA 23 2B EA EE 16 00 58 39 C0 3B 41 55 58 39 C1 3B 41 55 58 31 30 C0 3B 41 55 58 31 30 C1 00 00 00 14 00 00 20
[21:13:44.727] ADDR:0xEE TYPE:RC_CHANNELS_PACKED        LEN:26 | EE 18 16 E0 C3 5E 2B B2 D7 8A 56 B4 02 7C E0 03 1F F8 C0 07 3E F0 81 0F 7C E4
[21:13:44.747] ADDR:0xEE TYPE:RC_CHANNELS_PACKED        LEN:26 | EE 18 16 E0 BB 5E 2B B2 D7 8A 56 B4 02 7C E0 03 1F F8 C0 07 3E F0 81 0F 7C 44
[21:13:44.768] ADDR:0xEE TYPE:RC_CHANNELS_PACKED        LEN:26 | EE 18 16 E0 C3 5E 2B B2 D7 8A 56 B4 02 7C E0 03 1F F8 C0 07 3E F0 81 0F 7C E4
[21:13:44.798] ADDR:0xEE TYPE:PARAMETER_READ            LEN:08 | EE 06 2C EE EA 17 00 0C
[21:13:44.819] ADDR:0xEE TYPE:RC_CHANNELS_PACKED        LEN:26 | EE 18 16 E0 C3 5E 2B B2 D7 8A 56 B4 02 7C E0 03 1F F8 C0 07 3E F0 81 0F 7C E4
[21:13:44.819] ADDR:0xEA TYPE:PARAMETER_SETTINGS_ENTRY  LEN:55 | EA 35 2B EA EE 17 00 15 09 44 56 52 20 53 72 74 20 44 6C 79 00 30 73 3B 35 73 3B 31 35 73 3B 33 30 73 3B 34 35 73 3B 31 6D 69 6E 3B 32 6D 69 6E 00 00 00 06 00 00 A2
[21:13:44.839] ADDR:0xEE TYPE:RC_CHANNELS_PACKED        LEN:26 | EE 18 16 E0 C3 5E 2B B0 D7 8A 56 B4 02 7C E0 03 1F F8 C0 07 3E F0 81 0F 7C 98
[21:13:44.849] ADDR:0xEE TYPE:RC_CHANNELS_PACKED        LEN:26 | EE 18 16 E0 C3 5E 2B B0 D7 8A 56 B4 02 7C E0 03 1F F8 C0 07 3E F0 81 0F 7C 98
[21:13:44.869] ADDR:0xEE TYPE:RC_CHANNELS_PACKED        LEN:26 | EE 18 16 E0 BB 5E 2B B0 D7 8A 56 B4 02 7C E0 03 1F F8 C0 07 3E F0 81 0F 7C 38
[21:13:44.870] ADDR:0xEA TYPE:ELRS_STATUS               LEN:15 | EA 0D 3A EA EE 10 00 03 0D 40 00 00 00 64 52
[21:13:44.880] ADDR:0xEE TYPE:PARAMETER_READ            LEN:08 | EE 06 2C EE EA 18 00 65
[21:13:44.920] ADDR:0xEE TYPE:RC_CHANNELS_PACKED        LEN:26 | EE 18 16 E0 BB 5E 2B B2 D7 8A 56 B4 02 7C E0 03 1F F8 C0 07 3E F0 81 0F 7C 44
[21:13:44.920] ADDR:0xEA TYPE:PARAMETER_SETTINGS_ENTRY  LEN:55 | EA 35 2B EA EE 18 00 15 09 44 56 52 20 53 74 70 20 44 6C 79 00 30 73 3B 35 73 3B 31 35 73 3B 33 30 73 3B 34 35 73 3B 31 6D 69 6E 3B 32 6D 69 6E 00 00 00 06 00 00 D8
[21:13:44.930] ADDR:0xEE TYPE:RC_CHANNELS_PACKED        LEN:26 | EE 18 16 E0 BB 5E 2B B2 D7 8A 56 B4 02 7C E0 03 1F F8 C0 07 3E F0 81 0F 7C 44
[21:13:44.951] ADDR:0xEE TYPE:RC_CHANNELS_PACKED        LEN:26 | EE 18 16 E0 C3 5E 2B B2 D7 8A 56 B4 02 7C E0 03 1F F8 C0 07 3E F0 81 0F 7C E4
[21:13:44.971] ADDR:0xEE TYPE:RC_CHANNELS_PACKED        LEN:26 | EE 18 16 E0 C3 5E 2B B2 D7 8A 56 B4 02 7C E0 03 1F F8 C0 07 3E F0 81 0F 7C E4
[21:13:44.981] ADDR:0xEE TYPE:PARAMETER_READ            LEN:08 | EE 06 2C EE EA 19 00 6E
[21:13:45.021] ADDR:0xEE TYPE:RC_CHANNELS_PACKED        LEN:26 | EE 18 16 E0 C3 5E 2B B2 D7 8A 56 B4 02 7C E0 03 1F F8 C0 07 3E F0 81 0F 7C E4
[21:13:45.022] ADDR:0xEA TYPE:PARAMETER_SETTINGS_ENTRY  LEN:64 | EA 3E 2B EA EE 19 02 15 09 48 54 20 45 6E 61 62 6C 65 00 4F 66 66 3B 4F 6E 3B 41 55 58 31 C0 3B 41 55 58 31 C1 3B 41 55 58 32 C0 3B 41 55 58 32 C1 3B 41 55 58 33 C0 3B 41 55 58 33 C1 3B 41 96
[21:13:45.032] ADDR:0xEE TYPE:RC_CHANNELS_PACKED        LEN:26 | EE 18 16 E0 C3 5E 2B B0 D7 8A 56 B4 02 7C E0 03 1F F8 C0 07 3E F0 81 0F 7C 98
[21:13:45.052] ADDR:0xEE TYPE:RC_CHANNELS_PACKED        LEN:26 | EE 18 16 E0 C3 5E 2B B2 D7 8A 56 B4 02 7C E0 03 1F F8 C0 07 3E F0 81 0F 7C E4
[21:13:45.062] ADDR:0xEE TYPE:RC_CHANNELS_PACKED        LEN:26 | EE 18 16 E0 C3 5E 2B B2 D7 8A 56 B4 02 7C E0 03 1F F8 C0 07 3E F0 81 0F 7C E4
[21:13:45.063] ADDR:0xEA TYPE:ELRS_STATUS               LEN:15 | EA 0D 3A EA EE 10 00 03 0D 40 00 00 00 B4 72
[21:13:45.083] ADDR:0xEE TYPE:PARAMETER_READ            LEN:08 | EE 06 2C EE EA 19 01 BB
[21:13:45.123] ADDR:0xEE TYPE:RC_CHANNELS_PACKED        LEN:26 | EE 18 16 E0 C3 5E 2B B2 D7 8A 56 B4 02 7C E0 03 1F F8 C0 07 3E F0 81 0F 7C E4
[21:13:45.123] ADDR:0xEA TYPE:PARAMETER_SETTINGS_ENTRY  LEN:64 | EA 3E 2B EA EE 19 01 55 58 34 C0 3B 41 55 58 34 C1 3B 41 55 58 35 C0 3B 41 55 58 35 C1 3B 41 55 58 36 C0 3B 41 55 58 36 C1 3B 41 55 58 37 C0 3B 41 55 58 37 C1 3B 41 55 58 38 C0 3B 41 55 58 EA
[21:13:45.134] ADDR:0xEE TYPE:RC_CHANNELS_PACKED        LEN:26 | EE 18 16 E0 C3 5E 2B B2 D7 8A 56 B4 02 7C E0 03 1F F8 C0 07 3E F0 81 0F 7C E4
[21:13:45.154] ADDR:0xEE TYPE:RC_CHANNELS_PACKED        LEN:26 | EE 18 16 E0 C3 5E 2B B2 D7 8A 56 B4 02 7C E0 03 1F F8 C0 07 3E F0 81 0F 7C E4
[21:13:45.164] ADDR:0xEE TYPE:RC_CHANNELS_PACKED        LEN:26 | EE 18 16 E0 C3 5E 2B B2 D7 8A 56 B4 02 7C E0 03 1F F8 C0 07 3E F0 81 0F 7C E4
[21:13:45.185] ADDR:0xEE TYPE:PARAMETER_READ            LEN:08 | EE 06 2C EE EA 19 02 11
[21:13:45.217] ADDR:0xEE TYPE:RC_CHANNELS_PACKED        LEN:26 | EE 18 16 E0 BB 5E 2B B0 D7 8A 56 B4 02 7C E0 03 1F F8 C0 07 3E F0 81 0F 7C 38
[21:13:45.217] ADDR:0xEA TYPE:PARAMETER_SETTINGS_ENTRY  LEN:42 | EA 28 2B EA EE 19 00 38 C1 3B 41 55 58 39 C0 3B 41 55 58 39 C1 3B 41 55 58 31 30 C0 3B 41 55 58 31 30 C1 00 00 00 15 00 00 D6
[21:13:45.237] ADDR:0xEE TYPE:RC_CHANNELS_PACKED        LEN:26 | EE 18 16 E0 C3 5E 2B B2 D7 8A 56 B4 02 7C E0 03 1F F8 C0 07 3E F0 81 0F 7C E4
[21:13:45.248] ADDR:0xEE TYPE:RC_CHANNELS_PACKED        LEN:26 | EE 18 16 E0 BB 5E 2B AE D7 8A 56 B4 02 7C E0 03 1F F8 C0 07 3E F0 81 0F 7C D3
[21:13:45.268] ADDR:0xEE TYPE:RC_CHANNELS_PACKED        LEN:26 | EE 18 16 E0 C3 5E 2B B2 D7 8A 56 B4 02 7C E0 03 1F F8 C0 07 3E F0 81 0F 7C E4
[21:13:45.268] ADDR:0xEA TYPE:ELRS_STATUS               LEN:15 | EA 0D 3A EA EE 10 00 03 0D 40 00 00 01 54 AF
[21:13:45.278] ADDR:0xEE TYPE:PARAMETER_READ            LEN:08 | EE 06 2C EE EA 1A 00 73
[21:13:45.319] ADDR:0xEE TYPE:RC_CHANNELS_PACKED        LEN:26 | EE 18 16 E0 C3 5E 2B B2 D7 8A 56 B4 02 7C E0 03 1F F8 C0 07 3E F0 81 0F 7C E4
[21:13:45.319] ADDR:0xEA TYPE:PARAMETER_SETTINGS_ENTRY  LEN:64 | EA 3E 2B EA EE 1A 01 15 09 48 54 20 53 74 61 72 74 20 43 68 61 6E 6E 65 6C 00 41 55 58 31 3B 41 55 58 32 3B 41 55 58 33 3B 41 55 58 34 3B 41 55 58 35 3B 41 55 58 36 3B 41 55 58 37 3B 41 55 54
[21:13:45.339] ADDR:0xEE TYPE:RC_CHANNELS_PACKED        LEN:26 | EE 18 16 E0 BB 5E 2B B2 D7 8A 56 B4 02 7C E0 03 1F F8 C0 07 3E F0 81 0F 7C 44
[21:13:45.350] ADDR:0xEE TYPE:RC_CHANNELS_PACKED        LEN:26 | EE 18 16 E0 C3 5E 2B B2 D7 8A 56 B4 02 7C E0 03 1F F8 C0 07 3E F0 81 0F 7C E4
[21:13:45.370] ADDR:0xEE TYPE:RC_CHANNELS_PACKED        LEN:26 | EE 18 16 E0 C3 5E 2B B2 D7 8A 56 B4 02 7C E0 03 1F F8 C0 07 3E F0 81 0F 7C E4
[21:13:45.380] ADDR:0xEE TYPE:PARAMETER_READ            LEN:08 | EE 06 2C EE EA 1A 01 A6
[21:13:45.410] ADDR:0xEE TYPE:RC_CHANNELS_PACKED        LEN:26 | EE 18 16 E0 C3 5E 2B B2 D7 8A 56 B4 02 7C E0 03 1F F8 C0 07 3E F0 81 0F 7C E4
[21:13:45.411] ADDR:0xEA TYPE:PARAMETER_SETTINGS_ENTRY  LEN:27 | EA 19 2B EA EE 1A 00 58 38 3B 41 55 58 39 3B 41 55 58 31 30 00 00 00 09 00 00 98
[21:13:45.431] ADDR:0xEE TYPE:RC_CHANNELS_PACKED        LEN:26 | EE 18 16 E0 C3 5E 2B B0 D7 8A 56 B4 02 7C E0 03 1F F8 C0 07 3E F0 81 0F 7C 98
[21:13:45.451] ADDR:0xEE TYPE:RC_CHANNELS_PACKED        LEN:26 | EE 18 16 E0 BB 5E 2B AE D7 8A 56 B4 02 7C E0 03 1F F8 C0 07 3E F0 81 0F 7C D3
[21:13:45.461] ADDR:0xEE TYPE:RC_CHANNELS_PACKED        LEN:26 | EE 18 16 E0 C3 5E 2B B2 D7 8A 56 B4 02 7C E0 03 1F F8 C0 07 3E F0 81 0F 7C E4
[21:13:45.462] ADDR:0xEA TYPE:ELRS_STATUS               LEN:15 | EA 0D 3A EA EE 10 00 03 0D 40 00 00 00 1E 6F
[21:13:45.492] ADDR:0xEE TYPE:PARAMETER_READ            LEN:08 | EE 06 2C EE EA 1B 00 78
[21:13:45.522] ADDR:0xEE TYPE:RC_CHANNELS_PACKED        LEN:26 | EE 18 16 E0 C3 5E 2B B0 D7 8A 56 B4 02 7C E0 03 1F F8 C0 07 3E F0 81 0F 7C 98
[21:13:45.522] ADDR:0xEA TYPE:PARAMETER_SETTINGS_ENTRY  LEN:41 | EA 27 2B EA EE 1B 00 15 09 54 65 6C 65 6D 65 74 72 79 00 4F 66 66 3B 45 53 50 4E 4F 57 3B 57 69 46 69 00 00 00 02 00 00 FC
[21:13:45.532] ADDR:0xEE TYPE:RC_CHANNELS_PACKED        LEN:26 | EE 18 16 E0 C3 5E 2B AA D7 8A 56 B4 02 7C E0 03 1F F8 C0 07 3E F0 81 0F 7C 8B
[21:13:45.553] ADDR:0xEE TYPE:RC_CHANNELS_PACKED        LEN:26 | EE 18 16 E0 BB 5E 2B B2 D7 8A 56 B4 02 7C E0 03 1F F8 C0 07 3E F0 81 0F 7C 44
[21:13:45.563] ADDR:0xEE TYPE:RC_CHANNELS_PACKED        LEN:26 | EE 18 16 E0 C3 5E 2B AE D7 8A 56 B4 02 7C E0 03 1F F8 C0 07 3E F0 81 0F 7C 73
[21:13:45.583] ADDR:0xEE TYPE:PARAMETER_READ            LEN:08 | EE 06 2C EE EA 1C 00 49
[21:13:45.614] ADDR:0xEE TYPE:RC_CHANNELS_PACKED        LEN:26 | EE 18 16 E0 C3 5E 2B B0 D7 8A 56 B4 02 7C E0 03 1F F8 C0 07 3E F0 81 0F 7C 98
[21:13:45.614] ADDR:0xEA TYPE:PARAMETER_SETTINGS_ENTRY  LEN:19 | EA 11 2B EA EE 1C 00 15 0C 56 65 72 73 69 6F 6E 00 00 3D
[21:13:45.634] ADDR:0xEE TYPE:RC_CHANNELS_PACKED        LEN:26 | EE 18 16 E0 C3 5E 2B B2 D7 8A 56 B4 02 7C E0 03 1F F8 C0 07 3E F0 81 0F 7C E4
[21:13:45.644] ADDR:0xEE TYPE:RC_CHANNELS_PACKED        LEN:26 | EE 18 16 E0 C3 5E 2B B0 D7 8A 56 B4 02 7C E0 03 1F F8 C0 07 3E F0 81 0F 7C 98
[21:13:45.664] ADDR:0xEE TYPE:RC_CHANNELS_PACKED        LEN:26 | EE 18 16 E0 C3 5E 2B B0 D7 8A 56 B4 02 7C E0 03 1F F8 C0 07 3E F0 81 0F 7C 98
[21:13:45.664] ADDR:0xEA TYPE:ELRS_STATUS               LEN:15 | EA 0D 3A EA EE 10 00 03 0D 40 00 00 00 DC 62
[21:13:45.695] ADDR:0xEE TYPE:PARAMETER_READ            LEN:08 | EE 06 2C EE EA 1D 00 42
[21:13:45.706] ADDR:0xEE TYPE:RC_CHANNELS_PACKED        LEN:26 | EE 18 16 E0 C3 5E 2B B2 D7 8A 56 B4 02 7C E0 03 1F F8 C0 07 3E F0 81 0F 7C E4
[21:13:45.706] ADDR:0xEA TYPE:PARAMETER_SETTINGS_ENTRY  LEN:26 | EA 18 2B EA EE 1D 00 00 0D 42 4C 45 20 4A 6F 79 73 74 69 63 6B 00 00 C8 00 50
[21:13:45.726] ADDR:0xEE TYPE:RC_CHANNELS_PACKED        LEN:26 | EE 18 16 E0 BB 5E 2B B2 D7 8A 56 B4 02 7C E0 03 1F F8 C0 07 3E F0 81 0F 7C 44
[21:13:45.747] ADDR:0xEE TYPE:RC_CHANNELS_PACKED        LEN:26 | EE 18 16 E0 C3 5E 2B B2 D7 8A 56 B4 02 7C E0 03 1F F8 C0 07 3E F0 81 0F 7C E4
[21:13:45.777] ADDR:0xEE TYPE:RC_CHANNELS_PACKED        LEN:26 | EE 18 16 E0 C3 5E 2B B0 D7 8A 56 B4 02 7C E0 03 1F F8 C0 07 3E F0 81 0F 7C 98
[21:13:45.788] ADDR:0xEE TYPE:PARAMETER_READ            LEN:08 | EE 06 2C EE EA 1E 00 5F
[21:13:45.808] ADDR:0xEE TYPE:RC_CHANNELS_PACKED        LEN:26 | EE 18 16 E0 C3 5E 2B B2 D7 8A 56 B4 02 7C E0 03 1F F8 C0 07 3E F0 81 0F 7C E4
[21:13:45.808] ADDR:0xEA TYPE:PARAMETER_SETTINGS_ENTRY  LEN:18 | EA 10 2B EA EE 1E 00 00 0D 42 69 6E 64 00 00 C8 00 E5
[21:13:45.818] ADDR:0xEE TYPE:RC_CHANNELS_PACKED        LEN:26 | EE 18 16 E0 C3 5E 2B B2 D7 8A 56 B4 02 7C E0 03 1F F8 C0 07 3E F0 81 0F 7C E4
[21:13:45.858] ADDR:0xEE TYPE:RC_CHANNELS_PACKED        LEN:26 | EE 18 16 E0 C3 5E 2B B2 D7 8A 56 B4 02 7C E0 03 1F F8 C0 07 3E F0 81 0F 7C E4
[21:13:45.869] ADDR:0xEE TYPE:RC_CHANNELS_PACKED        LEN:26 | EE 18 16 E0 C3 5E 2B B0 D7 8A 56 B4 02 7C E0 03 1F F8 C0 07 3E F0 81 0F 7C 98
[21:13:45.869] ADDR:0xEA TYPE:ELRS_STATUS               LEN:15 | EA 0D 3A EA EE 10 00 03 0D 40 00 00 01 54 AF
[21:13:45.889] ADDR:0xEE TYPE:PARAMETER_READ            LEN:08 | EE 06 2C EE EA 1F 00 54
[21:13:45.899] ADDR:0xEE TYPE:RC_CHANNELS_PACKED        LEN:26 | EE 18 16 E0 C3 5E 2B B2 D7 8A 56 B4 02 7C E0 03 1F F8 C0 07 3E F0 81 0F 7C E4
[21:13:45.899] ADDR:0xEA TYPE:PARAMETER_SETTINGS_ENTRY  LEN:24 | EA 16 2B EA EE 1F 00 00 0C 42 61 64 2F 47 6F 6F 64 00 30 2F 35 30 00 FB
[21:13:45.939] ADDR:0xEE TYPE:RC_CHANNELS_PACKED        LEN:26 | EE 18 16 E0 C3 5E 2B B2 D7 8A 56 B4 02 7C E0 03 1F F8 C0 07 3E F0 81 0F 7C E4
[21:13:45.949] ADDR:0xEE TYPE:RC_CHANNELS_PACKED        LEN:26 | EE 18 16 E0 C3 5E 2B B2 D7 8A 56 B4 02 7C E0 03 1F F8 C0 07 3E F0 81 0F 7C E4
[21:13:45.970] ADDR:0xEE TYPE:RC_CHANNELS_PACKED        LEN:26 | EE 18 16 E0 C3 5E 2B B2 D7 8A 56 B4 02 7C E0 03 1F F8 C0 07 3E F0 81 0F 7C E4
[21:13:45.980] ADDR:0xEE TYPE:PARAMETER_READ            LEN:08 | EE 06 2C EE EA 20 00 38
[21:13:46.010] ADDR:0xEE TYPE:RC_CHANNELS_PACKED        LEN:26 | EE 18 16 E0 C3 5E 2B B2 D7 8A 56 B4 02 7C E0 03 1F F8 C0 07 3E F0 81 0F 7C E4
[21:13:46.010] ADDR:0xEA TYPE:PARAMETER_SETTINGS_ENTRY  LEN:30 | EA 1C 2B EA EE 20 00 00 0C 33 2E 36 2E 32 20 49 53 4D 32 47 34 00 30 62 30 63 63 65 00 BE
[21:13:46.030] ADDR:0xEE TYPE:RC_CHANNELS_PACKED        LEN:26 | EE 18 16 E0 C3 5E 2B B2 D7 8A 56 B4 02 7C E0 03 1F F8 C0 07 3E F0 81 0F 7C E4
[21:13:46.051] ADDR:0xEE TYPE:RC_CHANNELS_PACKED        LEN:26 | EE 18 16 E0 C3 5E 2B B2 D7 8A 56 B4 02 7C E0 03 1F F8 C0 07 3E F0 81 0F 7C E4
[21:13:46.061] ADDR:0xEE TYPE:RC_CHANNELS_PACKED        LEN:26 | EE 18 16 E0 C3 5E 2B AA D7 8A 56 B4 02 7C E0 03 1F F8 C0 07 3E F0 81 0F 7C 8B
[21:13:46.061] ADDR:0xEA TYPE:ELRS_STATUS               LEN:15 | EA 0D 3A EA EE 10 00 03 0D 40 00 00 00 14 39
[21:13:46.091] ADDR:0xEE TYPE:PARAMETER_READ            LEN:08 | EE 06 2C EE EA 01 00 86
[21:13:46.122] ADDR:0xEE TYPE:RC_CHANNELS_PACKED        LEN:26 | EE 18 16 E0 BB 5E 2B B2 D7 8A 56 B4 02 7C E0 03 1F F8 C0 07 3E F0 81 0F 7C 44
[21:13:46.122] ADDR:0xEA TYPE:PARAMETER_SETTINGS_ENTRY  LEN:64 | EA 3E 2B EA EE 01 02 00 09 50 61 63 6B 65 74 20 52 61 74 65 00 35 30 48 7A 28 2D 31 31 35 64 42 6D 29 3B 31 30 30 48 7A 20 46 75 6C 6C 28 2D 31 31 32 64 42 6D 29 3B 31 35 30 48 7A 28 2D 31 FC
[21:13:46.132] ADDR:0xEE TYPE:RC_CHANNELS_PACKED        LEN:26 | EE 18 16 E0 C3 5E 2B B2 D7 8A 56 B4 02 7C E0 03 1F F8 C0 07 3E F0 81 0F 7C E4
[21:13:46.153] ADDR:0xEE TYPE:RC_CHANNELS_PACKED        LEN:26 | EE 18 16 E0 C3 5E 2B B2 D7 8A 56 B4 02 7C E0 03 1F F8 C0 07 3E F0 81 0F 7C E4
[21:13:46.163] ADDR:0xEE TYPE:RC_CHANNELS_PACKED        LEN:26 | EE 18 16 E0 C3 5E 2B B2 D7 8A 56 B4 02 7C E0 03 1F F8 C0 07 3E F0 81 0F 7C E4
[21:13:46.183] ADDR:0xEE TYPE:PARAMETER_READ            LEN:08 | EE 06 2C EE EA 01 01 53
[21:13:46.223] ADDR:0xEE TYPE:RC_CHANNELS_PACKED        LEN:26 | EE 18 16 E0 C3 5E 2B B2 D7 8A 56 B4 02 7C E0 03 1F F8 C0 07 3E F0 81 0F 7C E4
[21:13:46.224] ADDR:0xEA TYPE:PARAMETER_SETTINGS_ENTRY  LEN:64 | EA 3E 2B EA EE 01 01 31 32 64 42 6D 29 3B 32 35 30 48 7A 28 2D 31 30 38 64 42 6D 29 3B 33 33 33 48 7A 20 46 75 6C 6C 28 2D 31 30 35 64 42 6D 29 3B 35 30 30 48 7A 28 2D 31 30 35 64 42 6D 29 94
[21:13:46.234] ADDR:0xEE TYPE:RC_CHANNELS_PACKED        LEN:26 | EE 18 16 E0 C3 5E 2B B2 D7 8A 56 B4 02 7C E0 03 1F F8 C0 07 3E F0 81 0F 7C E4
[21:13:46.254] ADDR:0xEE TYPE:RC_CHANNELS_PACKED        LEN:26 | EE 18 16 E0 C3 5E 2B B0 D7 8A 56 B4 02 7C E0 03 1F F8 C0 07 3E F0 81 0F 7C 98
[21:13:46.264] ADDR:0xEE TYPE:RC_CHANNELS_PACKED        LEN:26 | EE 18 16 E0 C3 5E 2B B0 D7 8A 56 B4 02 7C E0 03 1F F8 C0 07 3E F0 81 0F 7C 98
[21:13:46.265] ADDR:0xEA TYPE:ELRS_STATUS               LEN:15 | EA 0D 3A EA EE 10 00 03 0D 40 FF FF FF BA 02
[21:13:46.285] ADDR:0xEE TYPE:PARAMETER_READ            LEN:08 | EE 06 2C EE EA 01 02 F9
[21:13:46.315] ADDR:0xEE TYPE:RC_CHANNELS_PACKED        LEN:26 | EE 18 16 E0 C3 5E 2B B2 D7 8A 56 B4 02 7C E0 03 1F F8 C0 07 3E F0 81 0F 7C E4
[21:13:46.315] ADDR:0xEA TYPE:PARAMETER_SETTINGS_ENTRY  LEN:56 | EA 36 2B EA EE 01 00 3B 44 32 35 30 28 2D 31 30 34 64 42 6D 29 3B 44 35 30 30 28 2D 31 30 34 64 42 6D 29 3B 46 35 30 30 28 2D 31 30 34 64 42 6D 29 00 00 00 08 00 00 0E
[21:13:46.336] ADDR:0xEE TYPE:RC_CHANNELS_PACKED        LEN:26 | EE 18 16 E0 C3 5E 2B B2 D7 8A 56 B4 02 7C E0 03 1F F8 C0 07 3E F0 81 0F 7C E4
[21:13:46.356] ADDR:0xEE TYPE:RC_CHANNELS_PACKED        LEN:26 | EE 18 16 E0 C3 5E 2B B2 D7 8A 56 B4 02 7C E0 03 1F F8 C0 07 3E F0 81 0F 7C E4
[21:13:46.366] ADDR:0xEE TYPE:RC_CHANNELS_PACKED        LEN:26 | EE 18 16 E0 C3 5E 2B B2 D7 8A 56 B4 02 7C E0 03 1F F8 C0 07 3E F0 81 0F 7C E4
[21:13:46.386] ADDR:0xEE TYPE:PARAMETER_READ            LEN:08 | EE 06 2C EE EA 02 00 9B
[21:13:46.417] ADDR:0xEE TYPE:RC_CHANNELS_PACKED        LEN:26 | EE 18 16 E0 C3 5E 2B B0 D7 8A 56 B4 02 7C E0 03 1F F8 C0 07 3E F0 81 0F 7C 98
[21:13:46.417] ADDR:0xEA TYPE:PARAMETER_SETTINGS_ENTRY  LEN:64 | EA 3E 2B EA EE 02 01 00 09 54 65 6C 65 6D 20 52 61 74 69 6F 00 53 74 64 3B 4F 66 66 3B 31 3A 31 32 38 3B 31 3A 36 34 3B 31 3A 33 32 3B 31 3A 31 36 3B 31 3A 38 3B 31 3A 34 3B 31 3A 32 3B 52 B8
[21:13:46.439] ADDR:0xEE TYPE:RC_CHANNELS_PACKED        LEN:26 | EE 18 16 E0 C3 5E 2B B2 D7 8A 56 B4 02 7C E0 03 1F F8 C0 07 3E F0 81 0F 7C E4
[21:13:46.449] ADDR:0xEE TYPE:RC_CHANNELS_PACKED        LEN:26 | EE 18 16 E0 BB 5E 2B B2 D7 8A 56 B4 02 7C E0 03 1F F8 C0 07 3E F0 81 0F 7C 44
[21:13:46.469] ADDR:0xEE TYPE:RC_CHANNELS_PACKED        LEN:26 | EE 18 16 E0 C3 5E 2B B0 D7 8A 56 B4 02 7C E0 03 1F F8 C0 07 3E F0 81 0F 7C 98
[21:13:46.470] ADDR:0xEA TYPE:ELRS_STATUS               LEN:15 | EA 0D 3A EA EE 10 00 03 0D 40 00 00 01 18 E5
[21:13:46.480] ADDR:0xEE TYPE:PARAMETER_READ            LEN:08 | EE 06 2C EE EA 02 01 4E
[21:13:46.520] ADDR:0xEE TYPE:RC_CHANNELS_PACKED        LEN:26 | EE 18 16 E0 C3 5E 2B B2 D7 8A 56 B4 02 7C E0 03 1F F8 C0 07 3E F0 81 0F 7C E4
[21:13:46.520] ADDR:0xEA TYPE:PARAMETER_SETTINGS_ENTRY  LEN:24 | EA 16 2B EA EE 02 00 61 63 65 00 02 00 09 00 20 28 37 62 70 73 29 00 65
[21:13:46.530] ADDR:0xEE TYPE:RC_CHANNELS_PACKED        LEN:26 | EE 18 16 E0 C3 5E 2B B0 D7 8A 56 B4 02 7C E0 03 1F F8 C0 07 3E F0 81 0F 7C 98
[21:13:46.550] ADDR:0xEE TYPE:RC_CHANNELS_PACKED        LEN:26 | EE 18 16 E0 C3 5E 2B B2 D7 8A 56 B4 02 7C E0 03 1F F8 C0 07 3E F0 81 0F 7C E4
[21:13:46.561] ADDR:0xEE TYPE:RC_CHANNELS_PACKED        LEN:26 | EE 18 16 E0 C3 5E 2B B2 D7 8A 56 B4 02 7C E0 03 1F F8 C0 07 3E F0 81 0F 7C E4
[21:13:46.591] ADDR:0xEE TYPE:PARAMETER_READ            LEN:08 | EE 06 2C EE EA 03 00 90
[21:13:46.621] ADDR:0xEE TYPE:RC_CHANNELS_PACKED        LEN:26 | EE 18 16 E0 C3 5E 2B B2 D7 8A 56 B4 02 7C E0 03 1F F8 C0 07 3E F0 81 0F 7C E4
[21:13:46.621] ADDR:0xEA TYPE:PARAMETER_SETTINGS_ENTRY  LEN:39 | EA 25 2B EA EE 03 00 00 09 53 77 69 74 63 68 20 4D 6F 64 65 00 57 69 64 65 3B 48 79 62 72 69 64 00 01 00 01 00 00 35
[21:13:46.632] ADDR:0xEE TYPE:RC_CHANNELS_PACKED        LEN:26 | EE 18 16 E0 BB 5E 2B B4 D7 8A 56 B4 02 7C E0 03 1F F8 C0 07 3E F0 81 0F 7C C0
[21:13:46.652] ADDR:0xEE TYPE:RC_CHANNELS_PACKED        LEN:26 | EE 18 16 E0 C3 5E 2B B2 D7 8A 56 B4 02 7C E0 03 1F F8 C0 07 3E F0 81 0F 7C E4
[21:13:46.672] ADDR:0xEE TYPE:RC_CHANNELS_PACKED        LEN:26 | EE 18 16 E0 C3 5E 2B B2 D7 8A 56 B4 02 7C E0 03 1F F8 C0 07 3E F0 81 0F 7C E4
[21:13:46.672] ADDR:0xEA TYPE:ELRS_STATUS               LEN:15 | EA 0D 3A EA EE 10 00 03 0D 40 00 00 00 FA 47
[21:13:46.682] ADDR:0xEE TYPE:PARAMETER_READ            LEN:08 | EE 06 2C EE EA 04 00 A1
[21:13:46.722] ADDR:0xEE TYPE:RC_CHANNELS_PACKED        LEN:26 | EE 18 16 E0 C3 5E 2B B2 D7 8A 56 B4 02 7C E0 03 1F F8 C0 07 3E F0 81 0F 7C E4
[21:13:46.723] ADDR:0xEA TYPE:PARAMETER_SETTINGS_ENTRY  LEN:40 | EA 26 2B EA EE 04 00 00 09 4C 69 6E 6B 20 4D 6F 64 65 00 4E 6F 72 6D 61 6C 3B 4D 41 56 4C 69 6E 6B 00 00 00 01 00 00 06
[21:13:46.733] ADDR:0xEE TYPE:RC_CHANNELS_PACKED        LEN:26 | EE 18 16 E0 C3 5E 2B B2 D7 8A 56 B4 02 7C E0 03 1F F8 C0 07 3E F0 81 0F 7C E4
[21:13:46.753] ADDR:0xEE TYPE:RC_CHANNELS_PACKED        LEN:26 | EE 18 16 E0 BB 5E 2B B2 D7 8A 56 B4 02 7C E0 03 1F F8 C0 07 3E F0 81 0F 7C 44
[21:13:46.763] ADDR:0xEE TYPE:RC_CHANNELS_PACKED        LEN:26 | EE 18 16 E0 C3 5E 2B B2 D7 8A 56 B4 02 7C E0 03 1F F8 C0 07 3E F0 81 0F 7C E4
[21:13:46.784] ADDR:0xEE TYPE:PARAMETER_READ            LEN:08 | EE 06 2C EE EA 05 00 AA
[21:13:46.814] ADDR:0xEE TYPE:RC_CHANNELS_PACKED        LEN:26 | EE 18 16 E0 C3 5E 2B B2 D7 8A 56 B4 02 7C E0 03 1F F8 C0 07 3E F0 81 0F 7C E4
[21:13:46.814] ADDR:0xEA TYPE:PARAMETER_SETTINGS_ENTRY  LEN:42 | EA 28 2B EA EE 05 00 00 09 4D 6F 64 65 6C 20 4D 61 74 63 68 00 4F 66 66 3B 4F 6E 00 00 00 01 00 20 28 49 44 3A 20 30 29 00 D2
[21:13:46.835] ADDR:0xEE TYPE:RC_CHANNELS_PACKED        LEN:26 | EE 18 16 E0 C3 5E 2B B2 D7 8A 56 B4 02 7C E0 03 1F F8 C0 07 3E F0 81 0F 7C E4
[21:13:46.855] ADDR:0xEE TYPE:RC_CHANNELS_PACKED        LEN:26 | EE 18 16 E0 BB 5E 2B B2 D7 8A 56 B4 02 7C E0 03 1F F8 C0 07 3E F0 81 0F 7C 44
[21:13:46.865] ADDR:0xEE TYPE:RC_CHANNELS_PACKED        LEN:26 | EE 18 16 E0 C3 5E 2B AE D7 8A 56 B4 02 7C E0 03 1F F8 C0 07 3E F0 81 0F 7C 73
[21:13:46.865] ADDR:0xEA TYPE:ELRS_STATUS               LEN:15 | EA 0D 3A EA EE 10 00 03 0D 40 00 00 00 14 39
[21:13:46.885] ADDR:0xEE TYPE:PARAMETER_READ            LEN:08 | EE 06 2C EE EA 06 00 B7
[21:13:46.916] ADDR:0xEE TYPE:RC_CHANNELS_PACKED        LEN:26 | EE 18 16 E0 C3 5E 2B B2 D7 8A 56 B4 02 7C E0 03 1F F8 C0 07 3E F0 81 0F 7C E4
[21:13:46.916] ADDR:0xEA TYPE:PARAMETER_SETTINGS_ENTRY  LEN:34 | EA 20 2B EA EE 06 00 00 0B 54 58 20 50 6F 77 65 72 20 28 32 35 6D 57 20 44 79 6E 29 00 07 08 09 FF 62
[21:13:46.936] ADDR:0xEE TYPE:RC_CHANNELS_PACKED        LEN:26 | EE 18 16 E0 C3 5E 2B B2 D7 8A 56 B4 02 7C E0 03 1F F8 C0 07 3E F0 81 0F 7C E4
[21:13:46.946] ADDR:0xEE TYPE:RC_CHANNELS_PACKED        LEN:26 | EE 18 16 E0 C3 5E 2B B2 D7 8A 56 B4 02 7C E0 03 1F F8 C0 07 3E F0 81 0F 7C E4
[21:13:46.967] ADDR:0xEE TYPE:RC_CHANNELS_PACKED        LEN:26 | EE 18 16 E0 C3 5E 2B B2 D7 8A 56 B4 02 7C E0 03 1F F8 C0 07 3E F0 81 0F 7C E4
[21:13:46.997] ADDR:0xEE TYPE:PARAMETER_READ            LEN:08 | EE 06 2C EE EA 07 00 BC
[21:13:47.017] ADDR:0xEE TYPE:RC_CHANNELS_PACKED        LEN:26 | EE 18 16 E0 C3 5E 2B B2 D7 8A 56 B4 02 7C E0 03 1F F8 C0 07 3E F0 81 0F 7C E4
[21:13:47.017] ADDR:0xEA TYPE:PARAMETER_SETTINGS_ENTRY  LEN:50 | EA 30 2B EA EE 07 00 06 09 4D 61 78 20 50 6F 77 65 72 00 32 35 3B 35 30 3B 31 30 30 3B 32 35 30 3B 35 30 30 3B 31 30 30 30 00 00 00 05 00 6D 57 00 4F
[21:13:47.038] ADDR:0xEE TYPE:RC_CHANNELS_PACKED        LEN:26 | EE 18 16 E0 C3 5E 2B B2 D7 8A 56 B4 02 7C E0 03 1F F8 C0 07 3E F0 81 0F 7C E4
[21:13:47.048] ADDR:0xEE TYPE:RC_CHANNELS_PACKED        LEN:26 | EE 18 16 DF C3 5E 2B B2 D7 8A 56 B4 02 7C E0 03 1F F8 C0 07 3E F0 81 0F 7C 66
[21:13:47.068] ADDR:0xEE TYPE:RC_CHANNELS_PACKED        LEN:26 | EE 18 16 E0 C3 5E 2B B2 D7 8A 56 B4 02 7C E0 03 1F F8 C0 07 3E F0 81 0F 7C E4
[21:13:47.068] ADDR:0xEA TYPE:ELRS_STATUS               LEN:15 | EA 0D 3A EA EE 10 00 03 0D 40 00 00 00 E6 C2
[21:13:47.078] ADDR:0xEE TYPE:PARAMETER_READ            LEN:08 | EE 06 2C EE EA 08 00 D5
[21:13:47.119] ADDR:0xEE TYPE:RC_CHANNELS_PACKED        LEN:26 | EE 18 16 E0 C3 5E 2B B2 D7 8A 56 B4 02 7C E0 03 1F F8 C0 07 3E F0 81 0F 7C E4
[21:13:47.119] ADDR:0xEA TYPE:PARAMETER_SETTINGS_ENTRY  LEN:54 | EA 34 2B EA EE 08 00 06 09 44 79 6E 61 6D 69 63 00 4F 66 66 3B 44 79 6E 3B 41 55 58 39 3B 41 55 58 31 30 3B 41 55 58 31 31 3B 41 55 58 31 32 00 01 00 05 00 00 B7
[21:13:47.139] ADDR:0xEE TYPE:RC_CHANNELS_PACKED        LEN:26 | EE 18 16 E0 C3 5E 2B B2 D7 8A 56 B4 02 7C E0 03 1F F8 C0 07 3E F0 81 0F 7C E4
[21:13:47.149] ADDR:0xEE TYPE:RC_CHANNELS_PACKED        LEN:26 | EE 18 16 E0 C3 5E 2B B0 D7 8A 56 B4 02 7C E0 03 1F F8 C0 07 3E F0 81 0F 7C 98
[21:13:47.170] ADDR:0xEE TYPE:RC_CHANNELS_PACKED        LEN:26 | EE 18 16 E0 C3 5E 2B B2 D7 8A 56 B4 02 7C E0 03 1F F8 C0 07 3E F0 81 0F 7C E4
[21:13:47.180] ADDR:0xEE TYPE:PARAMETER_READ            LEN:08 | EE 06 2C EE EA 09 00 DE
[21:13:47.220] ADDR:0xEE TYPE:RC_CHANNELS_PACKED        LEN:26 | EE 18 16 E0 C3 5E 2B B2 D7 8A 56 B4 02 7C E0 03 1F F8 C0 07 3E F0 81 0F 7C E4
[21:13:47.220] ADDR:0xEA TYPE:PARAMETER_SETTINGS_ENTRY  LEN:64 | EA 3E 2B EA EE 09 01 06 09 46 61 6E 20 54 68 72 65 73 68 00 31 30 6D 57 3B 32 35 6D 57 3B 35 30 6D 57 3B 31 30 30 6D 57 3B 32 35 30 6D 57 3B 35 30 30 6D 57 3B 31 30 30 30 6D 57 3B 32 30 30 B6
[21:13:47.230] ADDR:0xEE TYPE:RC_CHANNELS_PACKED        LEN:26 | EE 18 16 E0 C3 5E 2B B2 D7 8A 56 B4 02 7C E0 03 1F F8 C0 07 3E F0 81 0F 7C E4
[21:13:47.251] ADDR:0xEE TYPE:RC_CHANNELS_PACKED        LEN:26 | EE 18 16 E0 C3 5E 2B B2 D7 8A 56 B4 02 7C E0 03 1F F8 C0 07 3E F0 81 0F 7C E4
[21:13:47.271] ADDR:0xEE TYPE:RC_CHANNELS_PACKED        LEN:26 | EE 18 16 E0 C3 5E 2B B0 D7 8A 56 B4 02 7C E0 03 1F F8 C0 07 3E F0 81 0F 7C 98
[21:13:47.271] ADDR:0xEA TYPE:ELRS_STATUS               LEN:15 | EA 0D 3A EA EE 10 00 03 0D 40 00 00 00 82 05
[21:13:47.281] ADDR:0xEE TYPE:PARAMETER_READ            LEN:08 | EE 06 2C EE EA 09 01 0B
[21:13:47.311] ADDR:0xEE TYPE:RC_CHANNELS_PACKED        LEN:26 | EE 18 16 E0 C3 5E 2B B2 D7 8A 56 B4 02 7C E0 03 1F F8 C0 07 3E F0 81 0F 7C E4
[21:13:47.311] ADDR:0xEA TYPE:PARAMETER_SETTINGS_ENTRY  LEN:23 | EA 15 2B EA EE 09 00 30 6D 57 3B 4E 65 76 65 72 00 05 00 08 00 00 B8
[21:13:47.332] ADDR:0xEE TYPE:RC_CHANNELS_PACKED        LEN:26 | EE 18 16 E0 C3 5E 2B B2 D7 8A 56 B4 02 7C E0 03 1F F8 C0 07 3E F0 81 0F 7C E4
[21:13:47.343] ADDR:0xEE TYPE:RC_CHANNELS_PACKED        LEN:26 | EE 18 16 E0 C3 5E 2B B2 D7 8A 56 B4 02 7C E0 03 1F F8 C0 07 3E F0 81 0F 7C E4
[21:13:47.366] ADDR:0xEE TYPE:RC_CHANNELS_PACKED        LEN:26 | EE 18 16 E0 C3 5E 2B B4 D7 8A 56 B4 02 7C E0 03 1F F8 C0 07 3E F0 81 0F 7C 60
[21:13:47.396] ADDR:0xEE TYPE:PARAMETER_READ            LEN:08 | EE 06 2C EE EA 0A 00 C3
[21:13:47.406] ADDR:0xEE TYPE:RC_CHANNELS_PACKED        LEN:26 | EE 18 16 E0 BB 5E 2B B2 D7 8A 56 B4 02 7C E0 03 1F F8 C0 07 3E F0 81 0F 7C 44
[21:13:47.406] ADDR:0xEA TYPE:PARAMETER_SETTINGS_ENTRY  LEN:34 | EA 20 2B EA EE 0A 00 00 0B 56 54 58 20 41 64 6D 69 6E 69 73 74 72 61 74 6F 72 00 0B 0C 0D 0E 0F FF 62
[21:13:47.427] ADDR:0xEE TYPE:RC_CHANNELS_PACKED        LEN:26 | EE 18 16 E0 C3 5E 2B B0 D7 8A 56 B4 02 7C E0 03 1F F8 C0 07 3E F0 81 0F 7C 98
[21:13:47.447] ADDR:0xEE TYPE:RC_CHANNELS_PACKED        LEN:26 | EE 18 16 E0 C3 5E 2B B2 D7 8A 56 B4 02 7C E0 03 1F F8 C0 07 3E F0 81 0F 7C E4
[21:13:47.477] ADDR:0xEE TYPE:RC_CHANNELS_PACKED        LEN:26 | EE 18 16 E0 C3 5E 2B B2 D7 8A 56 B4 02 7C E0 03 1F F8 C0 07 3E F0 81 0F 7C E4
[21:13:47.477] ADDR:0xEA TYPE:ELRS_STATUS               LEN:15 | EA 0D 3A EA EE 10 00 03 0D 40 00 00 00 BE 24
[21:13:47.488] ADDR:0xEE TYPE:PARAMETER_READ            LEN:08 | EE 06 2C EE EA 0B 00 C8
[21:13:47.528] ADDR:0xEE TYPE:RC_CHANNELS_PACKED        LEN:26 | EE 18 16 E0 C3 5E 2B B0 D7 8A 56 B4 02 7C E0 03 1F F8 C0 07 3E F0 81 0F 7C 98
[21:13:47.528] ADDR:0xEA TYPE:PARAMETER_SETTINGS_ENTRY  LEN:36 | EA 22 2B EA EE 0B 00 0A 09 42 61 6E 64 00 4F 66 66 3B 41 3B 42 3B 45 3B 46 3B 52 3B 4C 00 00 00 06 00 00 4B
[21:13:47.528] ADDR:0xEE TYPE:RC_CHANNELS_PACKED        LEN:26 | EE 18 16 E0 C3 5E 2B B2 D7 8A 56 B4 02 7C E0 03 1F F8 C0 07 3E F0 81 0F 7C E4
[21:13:47.558] ADDR:0xEE TYPE:RC_CHANNELS_PACKED        LEN:26 | EE 18 16 E0 C3 5E 2B B2 D7 8A 56 B4 02 7C E0 03 1F F8 C0 07 3E F0 81 0F 7C E4
[21:13:47.569] ADDR:0xEE TYPE:RC_CHANNELS_PACKED        LEN:26 | EE 18 16 DF C3 5E 2B B0 D7 8A 56 B4 02 7C E0 03 1F F8 C0 07 3E F0 81 0F 7C 1A
[21:13:47.589] ADDR:0xEE TYPE:PARAMETER_READ            LEN:08 | EE 06 2C EE EA 0C 00 F9
[21:13:47.599] ADDR:0xEE TYPE:RC_CHANNELS_PACKED        LEN:26 | EE 18 16 E0 C3 5E 2B B2 D7 8A 56 B4 02 7C E0 03 1F F8 C0 07 3E F0 81 0F 7C E4
[21:13:47.599] ADDR:0xEA TYPE:PARAMETER_SETTINGS_ENTRY  LEN:23 | EA 15 2B EA EE 0C 00 0A 00 43 68 61 6E 6E 65 6C 00 01 01 08 00 00 FB
[21:13:47.639] ADDR:0xEE TYPE:RC_CHANNELS_PACKED        LEN:26 | EE 18 16 E0 C3 5E 2B B2 D7 8A 56 B4 02 7C E0 03 1F F8 C0 07 3E F0 81 0F 7C E4
[21:13:47.650] ADDR:0xEE TYPE:RC_CHANNELS_PACKED        LEN:26 | EE 18 16 E0 C3 5E 2B B0 D7 8A 56 B4 02 7C E0 03 1F F8 C0 07 3E F0 81 0F 7C 98
[21:13:47.670] ADDR:0xEE TYPE:RC_CHANNELS_PACKED        LEN:26 | EE 18 16 E0 C3 5E 2B B2 D7 8A 56 B4 02 7C E0 03 1F F8 C0 07 3E F0 81 0F 7C E4
[21:13:47.670] ADDR:0xEA TYPE:ELRS_STATUS               LEN:15 | EA 0D 3A EA EE 10 00 03 0D 40 00 00 00 C8 CE
[21:13:47.680] ADDR:0xEE TYPE:PARAMETER_READ            LEN:08 | EE 06 2C EE EA 0D 00 F2
[21:13:47.720] ADDR:0xEE TYPE:RC_CHANNELS_PACKED        LEN:26 | EE 18 16 E0 C3 5E 2B B2 D7 8A 56 B4 02 7C E0 03 1F F8 C0 07 3E F0 81 0F 7C E4
[21:13:47.720] ADDR:0xEA TYPE:PARAMETER_SETTINGS_ENTRY  LEN:41 | EA 27 2B EA EE 0D 00 0A 09 50 77 72 20 4C 76 6C 00 2D 3B 31 3B 32 3B 33 3B 34 3B 35 3B 36 3B 37 3B 38 00 00 00 08 00 00 C1
[21:13:47.731] ADDR:0xEE TYPE:RC_CHANNELS_PACKED        LEN:26 | EE 18 16 E0 C3 5E 2B B0 D7 8A 56 B4 02 7C E0 03 1F F8 C0 07 3E F0 81 0F 7C 98
[21:13:47.751] ADDR:0xEE TYPE:RC_CHANNELS_PACKED        LEN:26 | EE 18 16 E0 C3 5E 2B B0 D7 8A 56 B4 02 7C E0 03 1F F8 C0 07 3E F0 81 0F 7C 98
[21:13:47.761] ADDR:0xEE TYPE:RC_CHANNELS_PACKED        LEN:26 | EE 18 16 E0 C3 5E 2B B2 D7 8A 56 B4 02 7C E0 03 1F F8 C0 07 3E F0 81 0F 7C E4
[21:13:47.782] ADDR:0xEE TYPE:PARAMETER_READ            LEN:08 | EE 06 2C EE EA 0E 00 EF
[21:13:47.822] ADDR:0xEE TYPE:RC_CHANNELS_PACKED        LEN:26 | EE 18 16 E0 C3 5E 2B B2 D7 8A 56 B4 02 7C E0 03 1F F8 C0 07 3E F0 81 0F 7C E4
[21:13:47.822] ADDR:0xEA TYPE:PARAMETER_SETTINGS_ENTRY  LEN:64 | EA 3E 2B EA EE 0E 02 0A 89 50 69 74 6D 6F 64 65 00 4F 66 66 3B 4F 6E 3B 41 55 58 31 C0 3B 41 55 58 31 C1 3B 41 55 58 32 C0 3B 41 55 58 32 C1 3B 41 55 58 33 C0 3B 41 55 58 33 C1 3B 41 55 58 F1
[21:13:47.832] ADDR:0xEE TYPE:RC_CHANNELS_PACKED        LEN:26 | EE 18 16 E0 C3 5E 2B B2 D7 8A 56 B4 02 7C E0 03 1F F8 C0 07 3E F0 81 0F 7C E4
[21:13:47.853] ADDR:0xEE TYPE:RC_CHANNELS_PACKED        LEN:26 | EE 18 16 E0 C3 5E 2B B2 D7 8A 56 B4 02 7C E0 03 1F F8 C0 07 3E F0 81 0F 7C E4
[21:13:47.863] ADDR:0xEE TYPE:RC_CHANNELS_PACKED        LEN:26 | EE 18 16 E0 C3 5E 2B B2 D7 8A 56 B4 02 7C E0 03 1F F8 C0 07 3E F0 81 0F 7C E4
[21:13:47.863] ADDR:0xEA TYPE:ELRS_STATUS               LEN:15 | EA 0D 3A EA EE 10 00 03 0D 40 00 00 01 40 03
[21:13:47.883] ADDR:0xEE TYPE:PARAMETER_READ            LEN:08 | EE 06 2C EE EA 0E 01 3A
[21:13:47.914] ADDR:0xEE TYPE:RC_CHANNELS_PACKED        LEN:26 | EE 18 16 E0 C3 5E 2B B2 D7 8A 56 B4 02 7C E0 03 1F F8 C0 07 3E F0 81 0F 7C E4
[21:13:47.915] ADDR:0xEA TYPE:PARAMETER_SETTINGS_ENTRY  LEN:64 | EA 3E 2B EA EE 0E 01 34 C0 3B 41 55 58 34 C1 3B 41 55 58 35 C0 3B 41 55 58 35 C1 3B 41 55 58 36 C0 3B 41 55 58 36 C1 3B 41 55 58 37 C0 3B 41 55 58 37 C1 3B 41 55 58 38 C0 3B 41 55 58 38 C1 00
[21:13:47.935] ADDR:0xEE TYPE:RC_CHANNELS_PACKED        LEN:26 | EE 18 16 E0 C3 5E 2B B2 D7 8A 56 B4 02 7C E0 03 1F F8 C0 07 3E F0 81 0F 7C E4
[21:13:47.955] ADDR:0xEE TYPE:RC_CHANNELS_PACKED        LEN:26 | EE 18 16 E0 C3 5E 2B B2 D7 8A 56 B4 02 7C E0 03 1F F8 C0 07 3E F0 81 0F 7C E4
[21:13:47.965] ADDR:0xEE TYPE:RC_CHANNELS_PACKED        LEN:26 | EE 18 16 E0 C3 5E 2B B0 D7 8A 56 B4 02 7C E0 03 1F F8 C0 07 3E F0 81 0F 7C 98
[21:13:47.985] ADDR:0xEE TYPE:PARAMETER_READ            LEN:08 | EE 06 2C EE EA 0E 02 90
[21:13:48.016] ADDR:0xEE TYPE:RC_CHANNELS_PACKED        LEN:26 | EE 18 16 DF BB 5E 2B B2 D7 8A 56 B4 02 7C E0 03 1F F8 C0 07 3E F0 81 0F 7C C6
[21:13:48.016] ADDR:0xEA TYPE:PARAMETER_SETTINGS_ENTRY  LEN:40 | EA 26 2B EA EE 0E 00 3B 41 55 58 39 C0 3B 41 55 58 39 C1 3B 41 55 58 31 30 C0 3B 41 55 58 31 30 C1 00 00 00 15 00 00 97
[21:13:48.036] ADDR:0xEE TYPE:RC_CHANNELS_PACKED        LEN:26 | EE 18 16 E0 C3 5E 2B B2 D7 8A 56 B4 02 7C E0 03 1F F8 C0 07 3E F0 81 0F 7C E4
[21:13:48.046] ADDR:0xEE TYPE:RC_CHANNELS_PACKED        LEN:26 | EE 18 16 E0 BB 5E 2B B2 D7 8A 56 B4 02 7C E0 03 1F F8 C0 07 3E F0 81 0F 7C 44
[21:13:48.066] ADDR:0xEE TYPE:RC_CHANNELS_PACKED        LEN:26 | EE 18 16 DF C3 5E 2B B0 D7 8A 56 B4 02 7C E0 03 1F F8 C0 07 3E F0 81 0F 7C 1A
[21:13:48.067] ADDR:0xEA TYPE:ELRS_STATUS               LEN:15 | EA 0D 3A EA EE 10 00 03 0D 40 FF FF FE F2 BD
[21:13:48.087] ADDR:0xEE TYPE:PARAMETER_READ            LEN:08 | EE 06 2C EE EA 0F 00 E4
[21:13:48.117] ADDR:0xEE TYPE:RC_CHANNELS_PACKED        LEN:26 | EE 18 16 E0 C3 5E 2B B2 D7 8A 56 B4 02 7C E0 03 1F F8 C0 07 3E F0 81 0F 7C E4
[21:13:48.117] ADDR:0xEA TYPE:PARAMETER_SETTINGS_ENTRY  LEN:22 | EA 14 2B EA EE 0F 00 0A 0D 53 65 6E 64 20 56 54 78 00 00 C8 00 01
[21:13:48.128] ADDR:0xEE TYPE:RC_CHANNELS_PACKED        LEN:26 | EE 18 16 E0 C3 5E 2B B4 D7 8A 56 B4 02 7C E0 03 1F F8 C0 07 3E F0 81 0F 7C 60
[21:13:48.148] ADDR:0xEE TYPE:RC_CHANNELS_PACKED        LEN:26 | EE 18 16 E0 C3 5E 2B B2 D7 8A 56 B4 02 7C E0 03 1F F8 C0 07 3E F0 81 0F 7C E4
[21:13:48.168] ADDR:0xEE TYPE:RC_CHANNELS_PACKED        LEN:26 | EE 18 16 E0 C3 5E 2B B2 D7 8A 56 B4 02 7C E0 03 1F F8 C0 07 3E F0 81 0F 7C E4
[21:13:48.198] ADDR:0xEE TYPE:PARAMETER_READ            LEN:08 | EE 06 2C EE EA 10 00 3D
[21:13:48.208] ADDR:0xEE TYPE:RC_CHANNELS_PACKED        LEN:26 | EE 18 16 E0 C3 5E 2B B2 D7 8A 56 B4 02 7C E0 03 1F F8 C0 07 3E F0 81 0F 7C E4
[21:13:48.208] ADDR:0xEA TYPE:PARAMETER_SETTINGS_ENTRY  LEN:33 | EA 1F 2B EA EE 10 00 00 0B 57 69 46 69 20 43 6F 6E 6E 65 63 74 69 76 69 74 79 00 11 12 13 14 FF 05
[21:13:48.229] ADDR:0xEE TYPE:RC_CHANNELS_PACKED        LEN:26 | EE 18 16 E0 C3 5E 2B B2 D7 8A 56 B4 02 7C E0 03 1F F8 C0 07 3E F0 81 0F 7C E4
[21:13:48.239] ADDR:0xEE TYPE:RC_CHANNELS_PACKED        LEN:26 | EE 18 16 E0 C3 5E 2B B2 D7 8A 56 B4 02 7C E0 03 1F F8 C0 07 3E F0 81 0F 7C E4
[21:13:48.279] ADDR:0xEE TYPE:RC_CHANNELS_PACKED        LEN:26 | EE 18 16 E0 C3 5E 2B B0 D7 8A 56 B4 02 7C E0 03 1F F8 C0 07 3E F0 81 0F 7C 98
[21:13:48.289] ADDR:0xEE TYPE:PARAMETER_READ            LEN:08 | EE 06 2C EE EA 11 00 36
[21:13:48.289] ADDR:0xEA TYPE:ELRS_STATUS               LEN:15 | EA 0D 3A EA EE 10 00 03 0D 40 00 00 02 80 6C
[21:13:48.310] ADDR:0xEE TYPE:RC_CHANNELS_PACKED        LEN:26 | EE 18 16 E0 C3 5E 2B B2 D7 8A 56 B4 02 7C E0 03 1F F8 C0 07 3E F0 81 0F 7C E4
[21:13:48.310] ADDR:0xEA TYPE:PARAMETER_SETTINGS_ENTRY  LEN:25 | EA 17 2B EA EE 11 00 10 0D 45 6E 61 62 6C 65 20 57 69 46 69 00 00 C8 00 92
[21:13:48.320] ADDR:0xEE TYPE:RC_CHANNELS_PACKED        LEN:26 | EE 18 16 E0 C3 5E 2B B2 D7 8A 56 B4 02 7C E0 03 1F F8 C0 07 3E F0 81 0F 7C E4
[21:13:48.350] ADDR:0xEE TYPE:RC_CHANNELS_PACKED        LEN:26 | EE 18 16 E0 C3 5E 2B B2 D7 8A 56 B4 02 7C E0 03 1F F8 C0 07 3E F0 81 0F 7C E4
[21:13:48.371] ADDR:0xEE TYPE:RC_CHANNELS_PACKED        LEN:26 | EE 18 16 E0 C3 5E 2B B2 D7 8A 56 B4 02 7C E0 03 1F F8 C0 07 3E F0 81 0F 7C E4
[21:13:48.391] ADDR:0xEE TYPE:PARAMETER_READ            LEN:08 | EE 06 2C EE EA 12 00 2B
[21:13:48.401] ADDR:0xEE TYPE:RC_CHANNELS_PACKED        LEN:26 | EE 18 16 E0 C3 5E 2B B2 D7 8A 56 B4 02 7C E0 03 1F F8 C0 07 3E F0 81 0F 7C E4
[21:13:48.401] ADDR:0xEA TYPE:PARAMETER_SETTINGS_ENTRY  LEN:28 | EA 1A 2B EA EE 12 00 10 0D 45 6E 61 62 6C 65 20 52 78 20 57 69 46 69 00 00 C8 00 43
[21:13:48.432] ADDR:0xEE TYPE:RC_CHANNELS_PACKED        LEN:26 | EE 18 16 E0 BB 5E 2B B2 D7 8A 56 B4 02 7C E0 03 1F F8 C0 07 3E F0 81 0F 7C 44
[21:13:48.452] ADDR:0xEE TYPE:RC_CHANNELS_PACKED        LEN:26 | EE 18 16 E0 C3 5E 2B B2 D7 8A 56 B4 02 7C E0 03 1F F8 C0 07 3E F0 81 0F 7C E4
[21:13:48.462] ADDR:0xEE TYPE:RC_CHANNELS_PACKED        LEN:26 | EE 18 16 E0 C3 5E 2B B2 D7 8A 56 B4 02 7C E0 03 1F F8 C0 07 3E F0 81 0F 7C E4
[21:13:48.482] ADDR:0xEE TYPE:PARAMETER_READ            LEN:08 | EE 06 2C EE EA 13 00 20
[21:13:48.483] ADDR:0xEA TYPE:ELRS_STATUS               LEN:15 | EA 0D 3A EA EE 10 00 03 0D 40 FF FF FF 2E 41
[21:13:48.513] ADDR:0xEE TYPE:RC_CHANNELS_PACKED        LEN:26 | EE 18 16 E0 C3 5E 2B B4 D7 8A 56 B4 02 7C E0 03 1F F8 C0 07 3E F0 81 0F 7C 60
[21:13:48.513] ADDR:0xEA TYPE:PARAMETER_SETTINGS_ENTRY  LEN:34 | EA 20 2B EA EE 13 00 10 0D 45 6E 61 62 6C 65 20 42 61 63 6B 70 61 63 6B 20 57 69 46 69 00 00 C8 00 4B
[21:13:48.533] ADDR:0xEE TYPE:RC_CHANNELS_PACKED        LEN:26 | EE 18 16 E0 BB 5E 2B B2 D7 8A 56 B4 02 7C E0 03 1F F8 C0 07 3E F0 81 0F 7C 44
[21:13:48.543] ADDR:0xEE TYPE:RC_CHANNELS_PACKED        LEN:26 | EE 18 16 E0 C3 5E 2B B2 D7 8A 56 B4 02 7C E0 03 1F F8 C0 07 3E F0 81 0F 7C E4
[21:13:48.564] ADDR:0xEE TYPE:RC_CHANNELS_PACKED        LEN:26 | EE 18 16 E0 C3 5E 2B B2 D7 8A 56 B4 02 7C E0 03 1F F8 C0 07 3E F0 81 0F 7C E4
[21:13:48.594] ADDR:0xEE TYPE:PARAMETER_READ            LEN:08 | EE 06 2C EE EA 14 00 11
[21:13:48.614] ADDR:0xEE TYPE:RC_CHANNELS_PACKED        LEN:26 | EE 18 16 E0 C3 5E 2B B2 D7 8A 56 B4 02 7C E0 03 1F F8 C0 07 3E F0 81 0F 7C E4
[21:13:48.614] ADDR:0xEA TYPE:PARAMETER_SETTINGS_ENTRY  LEN:29 | EA 1B 2B EA EE 14 00 10 0D 45 6E 61 62 6C 65 20 56 52 78 20 57 69 46 69 00 00 C8 00 EC
[21:13:48.624] ADDR:0xEE TYPE:RC_CHANNELS_PACKED        LEN:26 | EE 18 16 E0 C3 5E 2B B4 D7 8A 56 B4 02 7C E0 03 1F F8 C0 07 3E F0 81 0F 7C 60
[21:13:48.645] ADDR:0xEE TYPE:RC_CHANNELS_PACKED        LEN:26 | EE 18 16 E0 C3 5E 2B B2 D7 8A 56 B4 02 7C E0 03 1F F8 C0 07 3E F0 81 0F 7C E4
[21:13:48.675] ADDR:0xEE TYPE:RC_CHANNELS_PACKED        LEN:26 | EE 18 16 E0 C3 5E 2B B2 D7 8A 56 B4 02 7C E0 03 1F F8 C0 07 3E F0 81 0F 7C E4
[21:13:48.695] ADDR:0xEE TYPE:PARAMETER_READ            LEN:08 | EE 06 2C EE EA 15 00 1A
[21:13:48.695] ADDR:0xEA TYPE:ELRS_STATUS               LEN:15 | EA 0D 3A EA EE 10 00 03 0D 40 00 00 00 F0 11
[21:13:48.705] ADDR:0xEE TYPE:RC_CHANNELS_PACKED        LEN:26 | EE 18 16 E0 C3 5E 2B B2 D7 8A 56 B4 02 7C E0 03 1F F8 C0 07 3E F0 81 0F 7C E4
[21:13:48.705] ADDR:0xEA TYPE:PARAMETER_SETTINGS_ENTRY  LEN:27 | EA 19 2B EA EE 15 00 00 0B 42 61 63 6B 70 61 63 6B 00 16 17 18 19 1A 1B 1C FF EE
[21:13:48.726] ADDR:0xEE TYPE:RC_CHANNELS_PACKED        LEN:26 | EE 18 16 E0 C3 5E 2B B2 D7 8A 56 B4 02 7C E0 03 1F F8 C0 07 3E F0 81 0F 7C E4
[21:13:48.756] ADDR:0xEE TYPE:RC_CHANNELS_PACKED        LEN:26 | EE 18 16 E0 C3 5E 2B B2 D7 8A 56 B4 02 7C E0 03 1F F8 C0 07 3E F0 81 0F 7C E4
[21:13:48.767] ADDR:0xEE TYPE:RC_CHANNELS_PACKED        LEN:26 | EE 18 16 E0 BB 5E 2B B2 D7 8A 56 B4 02 7C E0 03 1F F8 C0 07 3E F0 81 0F 7C 44
[21:13:48.787] ADDR:0xEE TYPE:PARAMETER_READ            LEN:08 | EE 06 2C EE EA 16 00 07
[21:13:48.807] ADDR:0xEE TYPE:RC_CHANNELS_PACKED        LEN:26 | EE 18 16 E0 C3 5E 2B B2 D7 8A 56 B4 02 7C E0 03 1F F8 C0 07 3E F0 81 0F 7C E4
[21:13:48.818] ADDR:0xEA TYPE:PARAMETER_SETTINGS_ENTRY  LEN:64 | EA 3E 2B EA EE 16 02 15 09 44 56 52 20 52 65 63 00 4F 66 66 3B 41 55 58 31 C0 3B 41 55 58 31 C1 3B 41 55 58 32 C0 3B 41 55 58 32 C1 3B 41 55 58 33 C0 3B 41 55 58 33 C1 3B 41 55 58 34 C0 3B AD
[21:13:48.838] ADDR:0xEE TYPE:RC_CHANNELS_PACKED        LEN:26 | EE 18 16 E0 C3 5E 2B B2 D7 8A 56 B4 02 7C E0 03 1F F8 C0 07 3E F0 81 0F 7C E4
[21:13:48.848] ADDR:0xEE TYPE:RC_CHANNELS_PACKED        LEN:26 | EE 18 16 E0 C3 5E 2B B2 D7 8A 56 B4 02 7C E0 03 1F F8 C0 07 3E F0 81 0F 7C E4
[21:13:48.868] ADDR:0xEE TYPE:RC_CHANNELS_PACKED        LEN:26 | EE 18 16 E0 C3 5E 2B B2 D7 8A 56 B4 02 7C E0 03 1F F8 C0 07 3E F0 81 0F 7C E4
[21:13:48.878] ADDR:0xEE TYPE:PARAMETER_READ            LEN:08 | EE 06 2C EE EA 16 01 D2
[21:13:48.878] ADDR:0xEA TYPE:ELRS_STATUS               LEN:15 | EA 0D 3A EA EE 10 00 03 0D 40 00 00 00 F0 11
[21:13:48.919] ADDR:0xEE TYPE:RC_CHANNELS_PACKED        LEN:26 | EE 18 16 E0 BB 5E 2B B2 D7 8A 56 B4 02 7C E0 03 1F F8 C0 07 3E F0 81 0F 7C 44
[21:13:48.919] ADDR:0xEA TYPE:PARAMETER_SETTINGS_ENTRY  LEN:64 | EA 3E 2B EA EE 16 01 41 55 58 34 C1 3B 41 55 58 35 C0 3B 41 55 58 35 C1 3B 41 55 58 36 C0 3B 41 55 58 36 C1 3B 41 55 58 37 C0 3B 41 55 58 37 C1 3B 41 55 58 38 C0 3B 41 55 58 38 C1 3B 41 55 BA
[21:13:48.939] ADDR:0xEE TYPE:RC_CHANNELS_PACKED        LEN:26 | EE 18 16 E0 C3 5E 2B B0 D7 8A 56 B4 02 7C E0 03 1F F8 C0 07 3E F0 81 0F 7C 98
[21:13:48.949] ADDR:0xEE TYPE:RC_CHANNELS_PACKED        LEN:26 | EE 18 16 DF C3 5E 2B B2 D7 8A 56 B4 02 7C E0 03 1F F8 C0 07 3E F0 81 0F 7C 66
[21:13:48.970] ADDR:0xEE TYPE:RC_CHANNELS_PACKED        LEN:26 | EE 18 16 E0 C3 5E 2B B2 D7 8A 56 B4 02 7C E0 03 1F F8 C0 07 3E F0 81 0F 7C E4
[21:13:48.980] ADDR:0xEE TYPE:PARAMETER_READ            LEN:08 | EE 06 2C EE EA 16 02 78
[21:13:49.031] ADDR:0xEE TYPE:RC_CHANNELS_PACKED        LEN:26 | EE 18 16 E0 BB 5E 2B B2 D7 8A 56 B4 02 7C E0 03 1F F8 C0 07 3E F0 81 0F 7C 44
[21:13:49.031] ADDR:0xEA TYPE:PARAMETER_SETTINGS_ENTRY  LEN:37 | EA 23 2B EA EE 16 00 58 39 C0 3B 41 55 58 39 C1 3B 41 55 58 31 30 C0 3B 41 55 58 31 30 C1 00 00 00 14 00 00 20
[21:13:49.031] ADDR:0xEE TYPE:RC_CHANNELS_PACKED        LEN:26 | EE 18 16 E0 C3 5E 2B B2 D7 8A 56 B4 02 7C E0 03 1F F8 C0 07 3E F0 81 0F 7C E4
[21:13:49.051] ADDR:0xEE TYPE:RC_CHANNELS_PACKED        LEN:26 | EE 18 16 E0 C3 5E 2B B0 D7 8A 56 B4 02 7C E0 03 1F F8 C0 07 3E F0 81 0F 7C 98
[21:13:49.061] ADDR:0xEE TYPE:RC_CHANNELS_PACKED        LEN:26 | EE 18 16 E0 C3 5E 2B B2 D7 8A 56 B4 02 7C E0 03 1F F8 C0 07 3E F0 81 0F 7C E4
[21:13:49.092] ADDR:0xEE TYPE:PARAMETER_READ            LEN:08 | EE 06 2C EE EA 17 00 0C
[21:13:49.092] ADDR:0xEA TYPE:ELRS_STATUS               LEN:15 | EA 0D 3A EA EE 10 00 03 0D 40 FF FF FF BA 02
[21:13:49.122] ADDR:0xEE TYPE:RC_CHANNELS_PACKED        LEN:26 | EE 18 16 E0 C3 5E 2B B2 D7 8A 56 B4 02 7C E0 03 1F F8 C0 07 3E F0 81 0F 7C E4
[21:13:49.122] ADDR:0xEA TYPE:PARAMETER_SETTINGS_ENTRY  LEN:55 | EA 35 2B EA EE 17 00 15 09 44 56 52 20 53 72 74 20 44 6C 79 00 30 73 3B 35 73 3B 31 35 73 3B 33 30 73 3B 34 35 73 3B 31 6D 69 6E 3B 32 6D 69 6E 00 00 00 06 00 00 A2
[21:13:49.132] ADDR:0xEE TYPE:RC_CHANNELS_PACKED        LEN:26 | EE 18 16 E0 C3 5E 2B B2 D7 8A 56 B4 02 7C E0 03 1F F8 C0 07 3E F0 81 0F 7C E4
[21:13:49.153] ADDR:0xEE TYPE:RC_CHANNELS_PACKED        LEN:26 | EE 18 16 E0 C3 5E 2B B0 D7 8A 56 B4 02 7C E0 03 1F F8 C0 07 3E F0 81 0F 7C 98
[21:13:49.163] ADDR:0xEE TYPE:RC_CHANNELS_PACKED        LEN:26 | EE 18 16 E0 C3 5E 2B B2 D7 8A 56 B4 02 7C E0 03 1F F8 C0 07 3E F0 81 0F 7C E4
[21:13:49.183] ADDR:0xEE TYPE:PARAMETER_READ            LEN:08 | EE 06 2C EE EA 18 00 65
[21:13:49.223] ADDR:0xEE TYPE:RC_CHANNELS_PACKED        LEN:26 | EE 18 16 E0 C3 5E 2B B2 D7 8A 56 B4 02 7C E0 03 1F F8 C0 07 3E F0 81 0F 7C E4
[21:13:49.224] ADDR:0xEA TYPE:PARAMETER_SETTINGS_ENTRY  LEN:55 | EA 35 2B EA EE 18 00 15 09 44 56 52 20 53 74 70 20 44 6C 79 00 30 73 3B 35 73 3B 31 35 73 3B 33 30 73 3B 34 35 73 3B 31 6D 69 6E 3B 32 6D 69 6E 00 00 00 06 00 00 D8
[21:13:49.234] ADDR:0xEE TYPE:RC_CHANNELS_PACKED        LEN:26 | EE 18 16 E0 C3 5E 2B B2 D7 8A 56 B4 02 7C E0 03 1F F8 C0 07 3E F0 81 0F 7C E4
[21:13:49.254] ADDR:0xEE TYPE:RC_CHANNELS_PACKED        LEN:26 | EE 18 16 E0 C3 5E 2B B2 D7 8A 56 B4 02 7C E0 03 1F F8 C0 07 3E F0 81 0F 7C E4
[21:13:49.264] ADDR:0xEE TYPE:RC_CHANNELS_PACKED        LEN:26 | EE 18 16 E0 C3 5E 2B B2 D7 8A 56 B4 02 7C E0 03 1F F8 C0 07 3E F0 81 0F 7C E4
[21:13:49.284] ADDR:0xEE TYPE:PARAMETER_READ            LEN:08 | EE 06 2C EE EA 19 00 6E
[21:13:49.284] ADDR:0xEA TYPE:ELRS_STATUS               LEN:15 | EA 0D 3A EA EE 10 00 03 0D 40 00 00 01 CC 3B
[21:13:49.315] ADDR:0xEE TYPE:RC_CHANNELS_PACKED        LEN:26 | EE 18 16 E0 C3 5E 2B B0 D7 8A 56 B4 02 7C E0 03 1F F8 C0 07 3E F0 81 0F 7C 98
[21:13:49.315] ADDR:0xEA TYPE:PARAMETER_SETTINGS_ENTRY  LEN:64 | EA 3E 2B EA EE 19 02 15 09 48 54 20 45 6E 61 62 6C 65 00 4F 66 66 3B 4F 6E 3B 41 55 58 31 C0 3B 41 55 58 31 C1 3B 41 55 58 32 C0 3B 41 55 58 32 C1 3B 41 55 58 33 C0 3B 41 55 58 33 C1 3B 41 96
[21:13:49.335] ADDR:0xEE TYPE:RC_CHANNELS_PACKED        LEN:26 | EE 18 16 E0 C3 5E 2B B2 D7 8A 56 B4 02 7C E0 03 1F F8 C0 07 3E F0 81 0F 7C E4
[21:13:49.355] ADDR:0xEE TYPE:RC_CHANNELS_PACKED        LEN:26 | EE 18 16 E0 C3 5E 2B B2 D7 8A 56 B4 02 7C E0 03 1F F8 C0 07 3E F0 81 0F 7C E4
[21:13:49.365] ADDR:0xEE TYPE:RC_CHANNELS_PACKED        LEN:26 | EE 18 16 E0 C3 5E 2B B4 D7 8A 56 B4 02 7C E0 03 1F F8 C0 07 3E F0 81 0F 7C 60
[21:13:49.386] ADDR:0xEE TYPE:PARAMETER_READ            LEN:08 | EE 06 2C EE EA 19 01 BB
[21:13:49.416] ADDR:0xEE TYPE:RC_CHANNELS_PACKED        LEN:26 | EE 18 16 E0 D3 5E 2B AE D7 8A 56 B4 02 7C E0 03 1F F8 C0 07 3E F0 81 0F 7C 22
[21:13:49.416] ADDR:0xEA TYPE:PARAMETER_SETTINGS_ENTRY  LEN:64 | EA 3E 2B EA EE 19 01 55 58 34 C0 3B 41 55 58 34 C1 3B 41 55 58 35 C0 3B 41 55 58 35 C1 3B 41 55 58 36 C0 3B 41 55 58 36 C1 3B 41 55 58 37 C0 3B 41 55 58 37 C1 3B 41 55 58 38 C0 3B 41 55 58 EA
[21:13:49.437] ADDR:0xEE TYPE:RC_CHANNELS_PACKED        LEN:26 | EE 18 16 DF C3 5E 2B B2 D7 8A 56 B4 02 7C E0 03 1F F8 C0 07 3E F0 81 0F 7C 66
[21:13:49.447] ADDR:0xEE TYPE:RC_CHANNELS_PACKED        LEN:26 | EE 18 16 E0 C3 5E 2B B2 D7 8A 56 B4 02 7C E0 03 1F F8 C0 07 3E F0 81 0F 7C E4
[21:13:49.467] ADDR:0xEE TYPE:RC_CHANNELS_PACKED        LEN:26 | EE 18 16 E0 C3 5E 2B B2 D7 8A 56 B4 02 7C E0 03 1F F8 C0 07 3E F0 81 0F 7C E4
[21:13:49.487] ADDR:0xEE TYPE:PARAMETER_READ            LEN:08 | EE 06 2C EE EA 19 02 11
[21:13:49.487] ADDR:0xEA TYPE:ELRS_STATUS               LEN:15 | EA 0D 3A EA EE 10 00 03 0D 40 FF FF FF F6 48
[21:13:49.518] ADDR:0xEE TYPE:RC_CHANNELS_PACKED        LEN:26 | EE 18 16 E0 BB 5E 2B B2 D7 8A 56 B4 02 7C E0 03 1F F8 C0 07 3E F0 81 0F 7C 44
[21:13:49.518] ADDR:0xEA TYPE:PARAMETER_SETTINGS_ENTRY  LEN:42 | EA 28 2B EA EE 19 00 38 C1 3B 41 55 58 39 C0 3B 41 55 58 39 C1 3B 41 55 58 31 30 C0 3B 41 55 58 31 30 C1 00 00 00 15 00 00 D6
[21:13:49.538] ADDR:0xEE TYPE:RC_CHANNELS_PACKED        LEN:26 | EE 18 16 E0 C3 5E 2B B2 D7 8A 56 B4 02 7C E0 03 1F F8 C0 07 3E F0 81 0F 7C E4
[21:13:49.548] ADDR:0xEE TYPE:RC_CHANNELS_PACKED        LEN:26 | EE 18 16 E0 C3 5E 2B B4 D7 8A 56 B4 02 7C E0 03 1F F8 C0 07 3E F0 81 0F 7C 60
[21:13:49.568] ADDR:0xEE TYPE:RC_CHANNELS_PACKED        LEN:26 | EE 18 16 E0 C3 5E 2B AE D7 8A 56 B4 02 7C E0 03 1F F8 C0 07 3E F0 81 0F 7C 73
[21:13:49.579] ADDR:0xEE TYPE:PARAMETER_READ            LEN:08 | EE 06 2C EE EA 1A 00 73
[21:13:49.619] ADDR:0xEE TYPE:RC_CHANNELS_PACKED        LEN:26 | EE 18 16 E0 C3 5E 2B AE D7 8A 56 B4 02 7C E0 03 1F F8 C0 07 3E F0 81 0F 7C 73
[21:13:49.619] ADDR:0xEA TYPE:PARAMETER_SETTINGS_ENTRY  LEN:64 | EA 3E 2B EA EE 1A 01 15 09 48 54 20 53 74 61 72 74 20 43 68 61 6E 6E 65 6C 00 41 55 58 31 3B 41 55 58 32 3B 41 55 58 33 3B 41 55 58 34 3B 41 55 58 35 3B 41 55 58 36 3B 41 55 58 37 3B 41 55 54
[21:13:49.639] ADDR:0xEE TYPE:RC_CHANNELS_PACKED        LEN:26 | EE 18 16 E0 C3 5E 2B B2 D7 8A 56 B4 02 7C E0 03 1F F8 C0 07 3E F0 81 0F 7C E4
[21:13:49.650] ADDR:0xEE TYPE:RC_CHANNELS_PACKED        LEN:26 | EE 18 16 E0 BB 5E 2B B0 D7 8A 56 B4 02 7C E0 03 1F F8 C0 07 3E F0 81 0F 7C 38
[21:13:49.670] ADDR:0xEE TYPE:RC_CHANNELS_PACKED        LEN:26 | EE 18 16 E0 C3 5E 2B B0 D7 8A 56 B4 02 7C E0 03 1F F8 C0 07 3E F0 81 0F 7C 98
[21:13:49.681] ADDR:0xEE TYPE:PARAMETER_READ            LEN:08 | EE 06 2C EE EA 1A 01 A6
[21:13:49.681] ADDR:0xEA TYPE:ELRS_STATUS               LEN:15 | EA 0D 3A EA EE 10 00 03 0D 40 00 00 01 04 60
[21:13:49.711] ADDR:0xEE TYPE:RC_CHANNELS_PACKED        LEN:26 | EE 18 16 E0 C3 5E 2B B2 D7 8A 56 B4 02 7C E0 03 1F F8 C0 07 3E F0 81 0F 7C E4
[21:13:49.712] ADDR:0xEA TYPE:PARAMETER_SETTINGS_ENTRY  LEN:27 | EA 19 2B EA EE 1A 00 58 38 3B 41 55 58 39 3B 41 55 58 31 30 00 00 00 09 00 00 98
[21:13:49.732] ADDR:0xEE TYPE:RC_CHANNELS_PACKED        LEN:26 | EE 18 16 E0 C3 5E 2B B0 D7 8A 56 B4 02 7C E0 03 1F F8 C0 07 3E F0 81 0F 7C 98
[21:13:49.752] ADDR:0xEE TYPE:RC_CHANNELS_PACKED        LEN:26 | EE 18 16 E0 C3 5E 2B B0 D7 8A 56 B4 02 7C E0 03 1F F8 C0 07 3E F0 81 0F 7C 98
[21:13:49.762] ADDR:0xEE TYPE:RC_CHANNELS_PACKED        LEN:26 | EE 18 16 E0 C3 5E 2B B0 D7 8A 56 B4 02 7C E0 03 1F F8 C0 07 3E F0 81 0F 7C 98
[21:13:49.793] ADDR:0xEE TYPE:PARAMETER_READ            LEN:08 | EE 06 2C EE EA 1B 00 78
[21:13:49.813] ADDR:0xEE TYPE:RC_CHANNELS_PACKED        LEN:26 | EE 18 16 E0 C3 5E 2B B2 D7 8A 56 B4 02 7C E0 03 1F F8 C0 07 3E F0 81 0F 7C E4
[21:13:49.813] ADDR:0xEA TYPE:PARAMETER_SETTINGS_ENTRY  LEN:41 | EA 27 2B EA EE 1B 00 15 09 54 65 6C 65 6D 65 74 72 79 00 4F 66 66 3B 45 53 50 4E 4F 57 3B 57 69 46 69 00 00 00 02 00 00 FC
[21:13:49.834] ADDR:0xEE TYPE:RC_CHANNELS_PACKED        LEN:26 | EE 18 16 E0 BB 5E 2B B2 D7 8A 56 B4 02 7C E0 03 1F F8 C0 07 3E F0 81 0F 7C 44
[21:13:49.854] ADDR:0xEE TYPE:RC_CHANNELS_PACKED        LEN:26 | EE 18 16 E0 BB 5E 2B AE D7 8A 56 B4 02 7C E0 03 1F F8 C0 07 3E F0 81 0F 7C D3
[21:13:49.864] ADDR:0xEE TYPE:RC_CHANNELS_PACKED        LEN:26 | EE 18 16 E0 BB 5E 2B B2 D7 8A 56 B4 02 7C E0 03 1F F8 C0 07 3E F0 81 0F 7C 44
[21:13:49.884] ADDR:0xEE TYPE:PARAMETER_READ            LEN:08 | EE 06 2C EE EA 1C 00 49
[21:13:49.884] ADDR:0xEA TYPE:ELRS_STATUS               LEN:15 | EA 0D 3A EA EE 10 00 03 0D 40 00 00 00 1E 6F
[21:13:49.914] ADDR:0xEE TYPE:RC_CHANNELS_PACKED        LEN:26 | EE 18 16 E0 C3 5E 2B B2 D7 8A 56 B4 02 7C E0 03 1F F8 C0 07 3E F0 81 0F 7C E4
[21:13:49.914] ADDR:0xEA TYPE:PARAMETER_SETTINGS_ENTRY  LEN:19 | EA 11 2B EA EE 1C 00 15 0C 56 65 72 73 69 6F 6E 00 00 3D
[21:13:49.935] ADDR:0xEE TYPE:RC_CHANNELS_PACKED        LEN:26 | EE 18 16 E0 C3 5E 2B B2 D7 8A 56 B4 02 7C E0 03 1F F8 C0 07 3E F0 81 0F 7C E4
[21:13:49.945] ADDR:0xEE TYPE:RC_CHANNELS_PACKED        LEN:26 | EE 18 16 E0 C3 5E 2B B2 D7 8A 56 B4 02 7C E0 03 1F F8 C0 07 3E F0 81 0F 7C E4
[21:13:49.965] ADDR:0xEE TYPE:RC_CHANNELS_PACKED        LEN:26 | EE 18 16 E0 C3 5E 2B B2 D7 8A 56 B4 02 7C E0 03 1F F8 C0 07 3E F0 81 0F 7C E4
[21:13:49.995] ADDR:0xEE TYPE:PARAMETER_READ            LEN:08 | EE 06 2C EE EA 1D 00 42
[21:13:50.005] ADDR:0xEE TYPE:RC_CHANNELS_PACKED        LEN:26 | EE 18 16 E0 C3 5E 2B B2 D7 8A 56 B4 02 7C E0 03 1F F8 C0 07 3E F0 81 0F 7C E4
[21:13:50.006] ADDR:0xEA TYPE:PARAMETER_SETTINGS_ENTRY  LEN:26 | EA 18 2B EA EE 1D 00 00 0D 42 4C 45 20 4A 6F 79 73 74 69 63 6B 00 00 C8 00 50
[21:13:50.029] ADDR:0xEE TYPE:RC_CHANNELS_PACKED        LEN:26 | EE 18 16 E0 C3 5E 2B B2 D7 8A 56 B4 02 7C E0 03 1F F8 C0 07 3E F0 81 0F 7C E4
[21:13:50.039] ADDR:0xEE TYPE:RC_CHANNELS_PACKED        LEN:26 | EE 18 16 E0 C3 5E 2B B2 D7 8A 56 B4 02 7C E0 03 1F F8 C0 07 3E F0 81 0F 7C E4
[21:13:50.071] ADDR:0xEE TYPE:RC_CHANNELS_PACKED        LEN:26 | EE 18 16 E0 C3 5E 2B B2 D7 8A 56 B4 02 7C E0 03 1F F8 C0 07 3E F0 81 0F 7C E4
[21:13:50.091] ADDR:0xEE TYPE:PARAMETER_READ            LEN:08 | EE 06 2C EE EA 1E 00 5F
[21:13:50.091] ADDR:0xEA TYPE:ELRS_STATUS               LEN:15 | EA 0D 3A EA EE 10 00 03 0D 40 00 00 01 B8 AE
[21:13:50.101] ADDR:0xEE TYPE:RC_CHANNELS_PACKED        LEN:26 | EE 18 16 DF C3 5E 2B B2 D7 8A 56 B4 02 7C E0 03 1F F8 C0 07 3E F0 81 0F 7C 66
[21:13:50.101] ADDR:0xEA TYPE:PARAMETER_SETTINGS_ENTRY  LEN:18 | EA 10 2B EA EE 1E 00 00 0D 42 69 6E 64 00 00 C8 00 E5
[21:13:50.122] ADDR:0xEE TYPE:RC_CHANNELS_PACKED        LEN:26 | EE 18 16 E0 C3 5E 2B B2 D7 8A 56 B4 02 7C E0 03 1F F8 C0 07 3E F0 81 0F 7C E4
[21:13:50.152] ADDR:0xEE TYPE:RC_CHANNELS_PACKED        LEN:26 | EE 18 16 E0 C3 5E 2B B2 D7 8A 56 B4 02 7C E0 03 1F F8 C0 07 3E F0 81 0F 7C E4
[21:13:50.172] ADDR:0xEE TYPE:RC_CHANNELS_PACKED        LEN:26 | EE 18 16 E0 C3 5E 2B B0 D7 8A 56 B4 02 7C E0 03 1F F8 C0 07 3E F0 81 0F 7C 98
[21:13:50.182] ADDR:0xEE TYPE:PARAMETER_READ            LEN:08 | EE 06 2C EE EA 1F 00 54
[21:13:50.203] ADDR:0xEE TYPE:RC_CHANNELS_PACKED        LEN:26 | EE 18 16 E0 BB 5E 2B B2 D7 8A 56 B4 02 7C E0 03 1F F8 C0 07 3E F0 81 0F 7C 44
[21:13:50.223] ADDR:0xEA TYPE:PARAMETER_SETTINGS_ENTRY  LEN:24 | EA 16 2B EA EE 1F 00 00 0C 42 61 64 2F 47 6F 6F 64 00 30 2F 35 30 00 FB
[21:13:50.233] ADDR:0xEE TYPE:RC_CHANNELS_PACKED        LEN:26 | EE 18 16 E0 C3 5E 2B B2 D7 8A 56 B4 02 7C E0 03 1F F8 C0 07 3E F0 81 0F 7C E4
[21:13:50.253] ADDR:0xEE TYPE:RC_CHANNELS_PACKED        LEN:26 | EE 18 16 E0 C3 5E 2B B2 D7 8A 56 B4 02 7C E0 03 1F F8 C0 07 3E F0 81 0F 7C E4
[21:13:50.263] ADDR:0xEE TYPE:RC_CHANNELS_PACKED        LEN:26 | EE 18 16 E0 C3 5E 2B B0 D7 8A 56 B4 02 7C E0 03 1F F8 C0 07 3E F0 81 0F 7C 98
[21:13:50.284] ADDR:0xEE TYPE:PARAMETER_READ            LEN:08 | EE 06 2C EE EA 20 00 38
[21:13:50.284] ADDR:0xEA TYPE:ELRS_STATUS               LEN:15 | EA 0D 3A EA EE 10 00 03 0D 40 00 00 00 46 89
[21:13:50.316] ADDR:0xEE TYPE:RC_CHANNELS_PACKED        LEN:26 | EE 18 16 E0 C3 5E 2B B0 D7 8A 56 B4 02 7C E0 03 1F F8 C0 07 3E F0 81 0F 7C 98
[21:13:50.316] ADDR:0xEA TYPE:PARAMETER_SETTINGS_ENTRY  LEN:30 | EA 1C 2B EA EE 20 00 00 0C 33 2E 36 2E 32 20 49 53 4D 32 47 34 00 30 62 30 63 63 65 00 BE
[21:13:50.326] ADDR:0xEE TYPE:RC_CHANNELS_PACKED        LEN:26 | EE 18 16 E0 C3 5E 2B B2 D7 8A 56 B4 02 7C E0 03 1F F8 C0 07 3E F0 81 0F 7C E4
[21:13:50.346] ADDR:0xEE TYPE:RC_CHANNELS_PACKED        LEN:26 | EE 18 16 E0 BB 5E 2B AE D7 8A 56 B4 02 7C E0 03 1F F8 C0 07 3E F0 81 0F 7C D3
[21:13:50.367] ADDR:0xEE TYPE:RC_CHANNELS_PACKED        LEN:26 | EE 18 16 E0 C3 5E 2B B2 D7 8A 56 B4 02 7C E0 03 1F F8 C0 07 3E F0 81 0F 7C E4
[21:13:50.397] ADDR:0xEE TYPE:PARAMETER_READ            LEN:08 | EE 06 2C EE EA 01 00 86
[21:13:50.417] ADDR:0xEE TYPE:RC_CHANNELS_PACKED        LEN:26 | EE 18 16 E0 C3 5E 2B B2 D7 8A 56 B4 02 7C E0 03 1F F8 C0 07 3E F0 81 0F 7C E4
[21:13:50.417] ADDR:0xEA TYPE:PARAMETER_SETTINGS_ENTRY  LEN:64 | EA 3E 2B EA EE 01 02 00 09 50 61 63 6B 65 74 20 52 61 74 65 00 35 30 48 7A 28 2D 31 31 35 64 42 6D 29 3B 31 30 30 48 7A 20 46 75 6C 6C 28 2D 31 31 32 64 42 6D 29 3B 31 35 30 48 7A 28 2D 31 FC
[21:13:50.438] ADDR:0xEE TYPE:RC_CHANNELS_PACKED        LEN:26 | EE 18 16 DF C3 5E 2B B0 D7 8A 56 B4 02 7C E0 03 1F F8 C0 07 3E F0 81 0F 7C 1A
[21:13:50.448] ADDR:0xEE TYPE:RC_CHANNELS_PACKED        LEN:26 | EE 18 16 E0 C3 5E 2B B2 D7 8A 56 B4 02 7C E0 03 1F F8 C0 07 3E F0 81 0F 7C E4
[21:13:50.468] ADDR:0xEE TYPE:RC_CHANNELS_PACKED        LEN:26 | EE 18 16 E0 C3 5E 2B B0 D7 8A 56 B4 02 7C E0 03 1F F8 C0 07 3E F0 81 0F 7C 98
[21:13:50.478] ADDR:0xEE TYPE:PARAMETER_READ            LEN:08 | EE 06 2C EE EA 01 01 53
[21:13:50.478] ADDR:0xEA TYPE:ELRS_STATUS               LEN:15 | EA 0D 3A EA EE 10 00 03 0D 40 00 00 00 F0 11
[21:13:50.519] ADDR:0xEE TYPE:RC_CHANNELS_PACKED        LEN:26 | EE 18 16 E0 C3 5E 2B B2 D7 8A 56 B4 02 7C E0 03 1F F8 C0 07 3E F0 81 0F 7C E4
[21:13:50.519] ADDR:0xEA TYPE:PARAMETER_SETTINGS_ENTRY  LEN:64 | EA 3E 2B EA EE 01 01 31 32 64 42 6D 29 3B 32 35 30 48 7A 28 2D 31 30 38 64 42 6D 29 3B 33 33 33 48 7A 20 46 75 6C 6C 28 2D 31 30 35 64 42 6D 29 3B 35 30 30 48 7A 28 2D 31 30 35 64 42 6D 29 94
[21:13:50.539] ADDR:0xEE TYPE:RC_CHANNELS_PACKED        LEN:26 | EE 18 16 E0 C3 5E 2B B2 D7 8A 56 B4 02 7C E0 03 1F F8 C0 07 3E F0 81 0F 7C E4
[21:13:50.549] ADDR:0xEE TYPE:RC_CHANNELS_PACKED        LEN:26 | EE 18 16 DF C3 5E 2B B2 D7 8A 56 B4 02 7C E0 03 1F F8 C0 07 3E F0 81 0F 7C 66
[21:13:50.570] ADDR:0xEE TYPE:RC_CHANNELS_PACKED        LEN:26 | EE 18 16 E0 C3 5E 2B B2 D7 8A 56 B4 02 7C E0 03 1F F8 C0 07 3E F0 81 0F 7C E4
[21:13:50.581] ADDR:0xEE TYPE:PARAMETER_READ            LEN:08 | EE 06 2C EE EA 01 02 F9
[21:13:50.621] ADDR:0xEE TYPE:RC_CHANNELS_PACKED        LEN:26 | EE 18 16 E0 C3 5E 2B B2 D7 8A 56 B4 02 7C E0 03 1F F8 C0 07 3E F0 81 0F 7C E4
[21:13:50.621] ADDR:0xEA TYPE:PARAMETER_SETTINGS_ENTRY  LEN:56 | EA 36 2B EA EE 01 00 3B 44 32 35 30 28 2D 31 30 34 64 42 6D 29 3B 44 35 30 30 28 2D 31 30 34 64 42 6D 29 3B 46 35 30 30 28 2D 31 30 34 64 42 6D 29 00 00 00 08 00 00 0E
[21:13:50.632] ADDR:0xEE TYPE:RC_CHANNELS_PACKED        LEN:26 | EE 18 16 E0 BB 5E 2B B0 D7 8A 56 B4 02 7C E0 03 1F F8 C0 07 3E F0 81 0F 7C 38
[21:13:50.652] ADDR:0xEE TYPE:RC_CHANNELS_PACKED        LEN:26 | EE 18 16 E0 C3 5E 2B B0 D7 8A 56 B4 02 7C E0 03 1F F8 C0 07 3E F0 81 0F 7C 98
[21:13:50.662] ADDR:0xEE TYPE:RC_CHANNELS_PACKED        LEN:26 | EE 18 16 E0 BB 5E 2B B0 D7 8A 56 B4 02 7C E0 03 1F F8 C0 07 3E F0 81 0F 7C 38
[21:13:50.682] ADDR:0xEE TYPE:PARAMETER_READ            LEN:08 | EE 06 2C EE EA 02 00 9B
[21:13:50.682] ADDR:0xEA TYPE:ELRS_STATUS               LEN:15 | EA 0D 3A EA EE 10 00 03 0D 40 00 00 00 46 89
[21:13:50.723] ADDR:0xEE TYPE:RC_CHANNELS_PACKED        LEN:26 | EE 18 16 E0 C3 5E 2B B0 D7 8A 56 B4 02 7C E0 03 1F F8 C0 07 3E F0 81 0F 7C 98
[21:13:50.723] ADDR:0xEA TYPE:PARAMETER_SETTINGS_ENTRY  LEN:64 | EA 3E 2B EA EE 02 01 00 09 54 65 6C 65 6D 20 52 61 74 69 6F 00 53 74 64 3B 4F 66 66 3B 31 3A 31 32 38 3B 31 3A 36 34 3B 31 3A 33 32 3B 31 3A 31 36 3B 31 3A 38 3B 31 3A 34 3B 31 3A 32 3B 52 B8
[21:13:50.734] ADDR:0xEE TYPE:RC_CHANNELS_PACKED        LEN:26 | EE 18 16 E0 D3 5E 2B B2 D7 8A 56 B4 02 7C E0 03 1F F8 C0 07 3E F0 81 0F 7C B5
[21:13:50.754] ADDR:0xEE TYPE:RC_CHANNELS_PACKED        LEN:26 | EE 18 16 E0 BB 5E 2B B2 D7 8A 56 B4 02 7C E0 03 1F F8 C0 07 3E F0 81 0F 7C 44
[21:13:50.764] ADDR:0xEE TYPE:RC_CHANNELS_PACKED        LEN:26 | EE 18 16 E0 C3 5E 2B B2 D7 8A 56 B4 02 7C E0 03 1F F8 C0 07 3E F0 81 0F 7C E4
[21:13:50.784] ADDR:0xEE TYPE:PARAMETER_READ            LEN:08 | EE 06 2C EE EA 02 01 4E
[21:13:50.815] ADDR:0xEE TYPE:RC_CHANNELS_PACKED        LEN:26 | EE 18 16 E0 C3 5E 2B B2 D7 8A 56 B4 02 7C E0 03 1F F8 C0 07 3E F0 81 0F 7C E4
[21:13:50.815] ADDR:0xEA TYPE:PARAMETER_SETTINGS_ENTRY  LEN:24 | EA 16 2B EA EE 02 00 61 63 65 00 02 00 09 00 20 28 37 62 70 73 29 00 65
[21:13:50.835] ADDR:0xEE TYPE:RC_CHANNELS_PACKED        LEN:26 | EE 18 16 E0 C3 5E 2B B2 D7 8A 56 B4 02 7C E0 03 1F F8 C0 07 3E F0 81 0F 7C E4
[21:13:50.845] ADDR:0xEE TYPE:RC_CHANNELS_PACKED        LEN:26 | EE 18 16 E0 C3 5E 2B B0 D7 8A 56 B4 02 7C E0 03 1F F8 C0 07 3E F0 81 0F 7C 98
[21:13:50.865] ADDR:0xEE TYPE:RC_CHANNELS_PACKED        LEN:26 | EE 18 16 E0 BB 5E 2B B2 D7 8A 56 B4 02 7C E0 03 1F F8 C0 07 3E F0 81 0F 7C 44
[21:13:50.896] ADDR:0xEE TYPE:PARAMETER_READ            LEN:08 | EE 06 2C EE EA 03 00 90
[21:13:50.896] ADDR:0xEA TYPE:ELRS_STATUS               LEN:15 | EA 0D 3A EA EE 10 00 03 0D 40 00 00 00 0A C3
[21:13:50.916] ADDR:0xEE TYPE:RC_CHANNELS_PACKED        LEN:26 | EE 18 16 E0 C3 5E 2B B0 D7 8A 56 B4 02 7C E0 03 1F F8 C0 07 3E F0 81 0F 7C 98
[21:13:50.916] ADDR:0xEA TYPE:PARAMETER_SETTINGS_ENTRY  LEN:39 | EA 25 2B EA EE 03 00 00 09 53 77 69 74 63 68 20 4D 6F 64 65 00 57 69 64 65 3B 48 79 62 72 69 64 00 01 00 01 00 00 35
[21:13:50.936] ADDR:0xEE TYPE:RC_CHANNELS_PACKED        LEN:26 | EE 18 16 E0 C3 5E 2B B0 D7 8A 56 B4 02 7C E0 03 1F F8 C0 07 3E F0 81 0F 7C 98
[21:13:50.947] ADDR:0xEE TYPE:RC_CHANNELS_PACKED        LEN:26 | EE 18 16 E0 C3 5E 2B B2 D7 8A 56 B4 02 7C E0 03 1F F8 C0 07 3E F0 81 0F 7C E4
[21:13:50.967] ADDR:0xEE TYPE:RC_CHANNELS_PACKED        LEN:26 | EE 18 16 E0 C3 5E 2B B2 D7 8A 56 B4 02 7C E0 03 1F F8 C0 07 3E F0 81 0F 7C E4
[21:13:50.987] ADDR:0xEE TYPE:PARAMETER_READ            LEN:08 | EE 06 2C EE EA 04 00 A1
[21:13:51.017] ADDR:0xEE TYPE:RC_CHANNELS_PACKED        LEN:26 | EE 18 16 E0 C3 5E 2B B2 D7 8A 56 B4 02 7C E0 03 1F F8 C0 07 3E F0 81 0F 7C E4
[21:13:51.018] ADDR:0xEA TYPE:PARAMETER_SETTINGS_ENTRY  LEN:40 | EA 26 2B EA EE 04 00 00 09 4C 69 6E 6B 20 4D 6F 64 65 00 4E 6F 72 6D 61 6C 3B 4D 41 56 4C 69 6E 6B 00 00 00 01 00 00 06
[21:13:51.038] ADDR:0xEE TYPE:RC_CHANNELS_PACKED        LEN:26 | EE 18 16 E0 C3 5E 2B B2 D7 8A 56 B4 02 7C E0 03 1F F8 C0 07 3E F0 81 0F 7C E4
[21:13:51.048] ADDR:0xEE TYPE:RC_CHANNELS_PACKED        LEN:26 | EE 18 16 E0 C3 5E 2B B2 D7 8A 56 B4 02 7C E0 03 1F F8 C0 07 3E F0 81 0F 7C E4
[21:13:51.069] ADDR:0xEE TYPE:RC_CHANNELS_PACKED        LEN:26 | EE 18 16 E0 C3 5E 2B B2 D7 8A 56 B4 02 7C E0 03 1F F8 C0 07 3E F0 81 0F 7C E4
[21:13:51.079] ADDR:0xEE TYPE:PARAMETER_READ            LEN:08 | EE 06 2C EE EA 05 00 AA
[21:13:51.079] ADDR:0xEA TYPE:ELRS_STATUS               LEN:15 | EA 0D 3A EA EE 10 00 03 0D 40 00 00 00 F0 11
[21:13:51.119] ADDR:0xEE TYPE:RC_CHANNELS_PACKED        LEN:26 | EE 18 16 E0 C3 5E 2B B0 D7 8A 56 B4 02 7C E0 03 1F F8 C0 07 3E F0 81 0F 7C 98
[21:13:51.119] ADDR:0xEA TYPE:PARAMETER_SETTINGS_ENTRY  LEN:42 | EA 28 2B EA EE 05 00 00 09 4D 6F 64 65 6C 20 4D 61 74 63 68 00 4F 66 66 3B 4F 6E 00 00 00 01 00 20 28 49 44 3A 20 30 29 00 D2
[21:13:51.130] ADDR:0xEE TYPE:RC_CHANNELS_PACKED        LEN:26 | EE 18 16 E0 C3 5E 2B B2 D7 8A 56 B4 02 7C E0 03 1F F8 C0 07 3E F0 81 0F 7C E4
[21:13:51.150] ADDR:0xEE TYPE:RC_CHANNELS_PACKED        LEN:26 | EE 18 16 E0 C3 5E 2B B2 D7 8A 56 B4 02 7C E0 03 1F F8 C0 07 3E F0 81 0F 7C E4
[21:13:51.170] ADDR:0xEE TYPE:RC_CHANNELS_PACKED        LEN:26 | EE 18 16 E0 C3 5E 2B B2 D7 8A 56 B4 02 7C E0 03 1F F8 C0 07 3E F0 81 0F 7C E4
[21:13:51.180] ADDR:0xEE TYPE:PARAMETER_READ            LEN:08 | EE 06 2C EE EA 06 00 B7
[21:13:51.211] ADDR:0xEE TYPE:RC_CHANNELS_PACKED        LEN:26 | EE 18 16 E0 C3 5E 2B B2 D7 8A 56 B4 02 7C E0 03 1F F8 C0 07 3E F0 81 0F 7C E4
[21:13:51.211] ADDR:0xEA TYPE:PARAMETER_SETTINGS_ENTRY  LEN:34 | EA 20 2B EA EE 06 00 00 0B 54 58 20 50 6F 77 65 72 20 28 32 35 6D 57 20 44 79 6E 29 00 07 08 09 FF 62
[21:13:51.231] ADDR:0xEE TYPE:RC_CHANNELS_PACKED        LEN:26 | EE 18 16 E0 C3 5E 2B B2 D7 8A 56 B4 02 7C E0 03 1F F8 C0 07 3E F0 81 0F 7C E4
[21:13:51.251] ADDR:0xEE TYPE:RC_CHANNELS_PACKED        LEN:26 | EE 18 16 E0 C3 5E 2B AE D7 8A 56 B4 02 7C E0 03 1F F8 C0 07 3E F0 81 0F 7C 73
[21:13:51.261] ADDR:0xEE TYPE:RC_CHANNELS_PACKED        LEN:26 | EE 18 16 E0 C3 5E 2B B2 D7 8A 56 B4 02 7C E0 03 1F F8 C0 07 3E F0 81 0F 7C E4
[21:13:51.292] ADDR:0xEE TYPE:PARAMETER_READ            LEN:08 | EE 06 2C EE EA 07 00 BC
[21:13:51.292] ADDR:0xEA TYPE:ELRS_STATUS               LEN:15 | EA 0D 3A EA EE 10 00 03 0D 40 00 00 01 5E F9
[21:13:51.322] ADDR:0xEE TYPE:RC_CHANNELS_PACKED        LEN:26 | EE 18 16 E0 C3 5E 2B B2 D7 8A 56 B4 02 7C E0 03 1F F8 C0 07 3E F0 81 0F 7C E4
[21:13:51.322] ADDR:0xEA TYPE:PARAMETER_SETTINGS_ENTRY  LEN:50 | EA 30 2B EA EE 07 00 06 09 4D 61 78 20 50 6F 77 65 72 00 32 35 3B 35 30 3B 31 30 30 3B 32 35 30 3B 35 30 30 3B 31 30 30 30 00 00 00 05 00 6D 57 00 4F
[21:13:51.332] ADDR:0xEE TYPE:RC_CHANNELS_PACKED        LEN:26 | EE 18 16 E0 C3 5E 2B AE D7 8A 56 B4 02 7C E0 03 1F F8 C0 07 3E F0 81 0F 7C 73
[21:13:51.353] ADDR:0xEE TYPE:RC_CHANNELS_PACKED        LEN:26 | EE 18 16 E0 C3 5E 2B B2 D7 8A 56 B4 02 7C E0 03 1F F8 C0 07 3E F0 81 0F 7C E4
[21:13:51.363] ADDR:0xEE TYPE:PARAMETER_READ            LEN:08 | EE 06 2C EE EA 08 00 D5
[21:13:51.384] ADDR:0xEE TYPE:RC_CHANNELS_PACKED        LEN:26 | EE 18 16 DF C3 5E 2B B4 D7 8A 56 B4 02 7C E0 03 1F F8 C0 07 3E F0 81 0F 7C E2
[21:13:51.404] ADDR:0xEA TYPE:PARAMETER_SETTINGS_ENTRY  LEN:54 | EA 34 2B EA EE 08 00 06 09 44 79 6E 61 6D 69 63 00 4F 66 66 3B 44 79 6E 3B 41 55 58 39 3B 41 55 58 31 30 3B 41 55 58 31 31 3B 41 55 58 31 32 00 01 00 05 00 00 B7
[21:13:51.414] ADDR:0xEE TYPE:RC_CHANNELS_PACKED        LEN:26 | EE 18 16 DF C3 5E 2B B2 D7 8A 56 B4 02 7C E0 03 1F F8 C0 07 3E F0 81 0F 7C 66
[21:13:51.435] ADDR:0xEE TYPE:RC_CHANNELS_PACKED        LEN:26 | EE 18 16 E0 C3 5E 2B B2 D7 8A 56 B4 02 7C E0 03 1F F8 C0 07 3E F0 81 0F 7C E4
[21:13:51.445] ADDR:0xEE TYPE:RC_CHANNELS_PACKED        LEN:26 | EE 18 16 DF C3 5E 2B B4 D7 8A 56 B4 02 7C E0 03 1F F8 C0 07 3E F0 81 0F 7C E2
[21:13:51.465] ADDR:0xEE TYPE:PARAMETER_READ            LEN:08 | EE 06 2C EE EA 09 00 DE
[21:13:51.495] ADDR:0xEE TYPE:RC_CHANNELS_PACKED        LEN:26 | EE 18 16 E0 C3 5E 2B B4 D7 8A 56 B4 02 7C E0 03 1F F8 C0 07 3E F0 81 0F 7C 60
[21:13:51.496] ADDR:0xEA TYPE:PARAMETER_SETTINGS_ENTRY  LEN:64 | EA 3E 2B EA EE 09 01 06 09 46 61 6E 20 54 68 72 65 73 68 00 31 30 6D 57 3B 32 35 6D 57 3B 35 30 6D 57 3B 31 30 30 6D 57 3B 32 35 30 6D 57 3B 35 30 30 6D 57 3B 31 30 30 30 6D 57 3B 32 30 30 B6
[21:13:51.516] ADDR:0xEE TYPE:RC_CHANNELS_PACKED        LEN:26 | EE 18 16 E0 C3 5E 2B B2 D7 8A 56 B4 02 7C E0 03 1F F8 C0 07 3E F0 81 0F 7C E4
[21:13:51.516] ADDR:0xEA TYPE:ELRS_STATUS               LEN:15 | EA 0D 3A EA EE 10 00 03 0D 40 FF FF FE 84 57
[21:13:51.526] ADDR:0xEE TYPE:RC_CHANNELS_PACKED        LEN:26 | EE 18 16 E0 C3 5E 2B B2 D7 8A 56 B4 02 7C E0 03 1F F8 C0 07 3E F0 81 0F 7C E4
[21:13:51.546] ADDR:0xEE TYPE:RC_CHANNELS_PACKED        LEN:26 | EE 18 16 DF BB 5E 2B B2 D7 8A 56 B4 02 7C E0 03 1F F8 C0 07 3E F0 81 0F 7C C6
[21:13:51.567] ADDR:0xEE TYPE:RC_CHANNELS_PACKED        LEN:26 | EE 18 16 E0 C3 5E 2B B2 D7 8A 56 B4 02 7C E0 03 1F F8 C0 07 3E F0 81 0F 7C E4
[21:13:51.597] ADDR:0xEE TYPE:PARAMETER_READ            LEN:08 | EE 06 2C EE EA 09 01 0B
[21:13:51.607] ADDR:0xEE TYPE:RC_CHANNELS_PACKED        LEN:26 | EE 18 16 E0 C3 5E 2B B2 D7 8A 56 B4 02 7C E0 03 1F F8 C0 07 3E F0 81 0F 7C E4
[21:13:51.607] ADDR:0xEA TYPE:PARAMETER_SETTINGS_ENTRY  LEN:23 | EA 15 2B EA EE 09 00 30 6D 57 3B 4E 65 76 65 72 00 05 00 08 00 00 B8
[21:13:51.627] ADDR:0xEE TYPE:RC_CHANNELS_PACKED        LEN:26 | EE 18 16 E0 C3 5E 2B B2 D7 8A 56 B4 02 7C E0 03 1F F8 C0 07 3E F0 81 0F 7C E4
[21:13:51.638] ADDR:0xEE TYPE:RC_CHANNELS_PACKED        LEN:26 | EE 18 16 E0 C3 5E 2B B2 D7 8A 56 B4 02 7C E0 03 1F F8 C0 07 3E F0 81 0F 7C E4
[21:13:51.678] ADDR:0xEE TYPE:RC_CHANNELS_PACKED        LEN:26 | EE 18 16 E0 C3 5E 2B B2 D7 8A 56 B4 02 7C E0 03 1F F8 C0 07 3E F0 81 0F 7C E4
[21:13:51.689] ADDR:0xEE TYPE:PARAMETER_READ            LEN:08 | EE 06 2C EE EA 0A 00 C3
[21:13:51.709] ADDR:0xEE TYPE:RC_CHANNELS_PACKED        LEN:26 | EE 18 16 E0 C3 5E 2B B2 D7 8A 56 B4 02 7C E0 03 1F F8 C0 07 3E F0 81 0F 7C E4
[21:13:51.709] ADDR:0xEA TYPE:PARAMETER_SETTINGS_ENTRY  LEN:34 | EA 20 2B EA EE 0A 00 00 0B 56 54 58 20 41 64 6D 69 6E 69 73 74 72 61 74 6F 72 00 0B 0C 0D 0E 0F FF 62
[21:13:51.719] ADDR:0xEE TYPE:RC_CHANNELS_PACKED        LEN:26 | EE 18 16 E0 C3 5E 2B B2 D7 8A 56 B4 02 7C E0 03 1F F8 C0 07 3E F0 81 0F 7C E4
[21:13:51.740] ADDR:0xEA TYPE:ELRS_STATUS               LEN:15 | EA 0D 3A EA EE 10 00 03 0D 40 00 00 03 0C 5F
[21:13:51.750] ADDR:0xEE TYPE:RC_CHANNELS_PACKED        LEN:26 | EE 18 16 E0 C3 5E 2B B4 D7 8A 56 B4 02 7C E0 03 1F F8 C0 07 3E F0 81 0F 7C 60
[21:13:51.770] ADDR:0xEE TYPE:RC_CHANNELS_PACKED        LEN:26 | EE 18 16 E0 C3 5E 2B B0 D7 8A 56 B4 02 7C E0 03 1F F8 C0 07 3E F0 81 0F 7C 98
[21:13:51.790] ADDR:0xEE TYPE:PARAMETER_READ            LEN:08 | EE 06 2C EE EA 0B 00 C8
[21:13:51.801] ADDR:0xEE TYPE:RC_CHANNELS_PACKED        LEN:26 | EE 18 16 E0 C3 5E 2B B2 D7 8A 56 B4 02 7C E0 03 1F F8 C0 07 3E F0 81 0F 7C E4
[21:13:51.821] ADDR:0xEA TYPE:PARAMETER_SETTINGS_ENTRY  LEN:36 | EA 22 2B EA EE 0B 00 0A 09 42 61 6E 64 00 4F 66 66 3B 41 3B 42 3B 45 3B 46 3B 52 3B 4C 00 00 00 06 00 00 4B
[21:13:51.831] ADDR:0xEE TYPE:RC_CHANNELS_PACKED        LEN:26 | EE 18 16 E0 C3 5E 2B AE D7 8A 56 B4 02 7C E0 03 1F F8 C0 07 3E F0 81 0F 7C 73
[21:13:51.851] ADDR:0xEE TYPE:RC_CHANNELS_PACKED        LEN:26 | EE 18 16 E0 C3 5E 2B B2 D7 8A 56 B4 02 7C E0 03 1F F8 C0 07 3E F0 81 0F 7C E4
[21:13:51.861] ADDR:0xEE TYPE:PARAMETER_READ            LEN:08 | EE 06 2C EE EA 0C 00 F9
[21:13:51.882] ADDR:0xEE TYPE:RC_CHANNELS_PACKED        LEN:26 | EE 18 16 E0 C3 5E 2B B2 D7 8A 56 B4 02 7C E0 03 1F F8 C0 07 3E F0 81 0F 7C E4
[21:13:51.902] ADDR:0xEA TYPE:PARAMETER_SETTINGS_ENTRY  LEN:23 | EA 15 2B EA EE 0C 00 0A 00 43 68 61 6E 6E 65 6C 00 01 01 08 00 00 FB
[21:13:51.912] ADDR:0xEE TYPE:RC_CHANNELS_PACKED        LEN:26 | EE 18 16 E0 C3 5E 2B B2 D7 8A 56 B4 02 7C E0 03 1F F8 C0 07 3E F0 81 0F 7C E4
[21:13:51.932] ADDR:0xEE TYPE:RC_CHANNELS_PACKED        LEN:26 | EE 18 16 E0 C3 5E 2B B2 D7 8A 56 B4 02 7C E0 03 1F F8 C0 07 3E F0 81 0F 7C E4
[21:13:51.932] ADDR:0xEA TYPE:ELRS_STATUS               LEN:15 | EA 0D 3A EA EE 10 00 03 0D 40 FF FF FE 5C 5E
[21:13:51.943] ADDR:0xEE TYPE:RC_CHANNELS_PACKED        LEN:26 | EE 18 16 E0 BB 5E 2B B2 D7 8A 56 B4 02 7C E0 03 1F F8 C0 07 3E F0 81 0F 7C 44
[21:13:51.963] ADDR:0xEE TYPE:PARAMETER_READ            LEN:08 | EE 06 2C EE EA 0D 00 F2
[21:13:52.003] ADDR:0xEE TYPE:RC_CHANNELS_PACKED        LEN:26 | EE 18 16 E0 C3 5E 2B B2 D7 8A 56 B4 02 7C E0 03 1F F8 C0 07 3E F0 81 0F 7C E4
[21:13:52.003] ADDR:0xEA TYPE:PARAMETER_SETTINGS_ENTRY  LEN:41 | EA 27 2B EA EE 0D 00 0A 09 50 77 72 20 4C 76 6C 00 2D 3B 31 3B 32 3B 33 3B 34 3B 35 3B 36 3B 37 3B 38 00 00 00 08 00 00 C1
[21:13:52.014] ADDR:0xEE TYPE:RC_CHANNELS_PACKED        LEN:26 | EE 18 16 E0 BB 5E 2B B2 D7 8A 56 B4 02 7C E0 03 1F F8 C0 07 3E F0 81 0F 7C 44
[21:13:52.034] ADDR:0xEE TYPE:RC_CHANNELS_PACKED        LEN:26 | EE 18 16 E0 C3 5E 2B B2 D7 8A 56 B4 02 7C E0 03 1F F8 C0 07 3E F0 81 0F 7C E4
[21:13:52.044] ADDR:0xEE TYPE:RC_CHANNELS_PACKED        LEN:26 | EE 18 16 E0 C3 5E 2B B2 D7 8A 56 B4 02 7C E0 03 1F F8 C0 07 3E F0 81 0F 7C E4
[21:13:52.065] ADDR:0xEE TYPE:RC_CHANNELS_PACKED        LEN:26 | EE 18 16 DF C3 5E 2B B4 D7 8A 56 B4 02 7C E0 03 1F F8 C0 07 3E F0 81 0F 7C E2
[21:13:52.095] ADDR:0xEE TYPE:PARAMETER_READ            LEN:08 | EE 06 2C EE EA 0E 00 EF
[21:13:52.115] ADDR:0xEE TYPE:RC_CHANNELS_PACKED        LEN:26 | EE 18 16 E0 C3 5E 2B B2 D7 8A 56 B4 02 7C E0 03 1F F8 C0 07 3E F0 81 0F 7C E4
[21:13:52.115] ADDR:0xEA TYPE:PARAMETER_SETTINGS_ENTRY  LEN:64 | EA 3E 2B EA EE 0E 02 0A 89 50 69 74 6D 6F 64 65 00 4F 66 66 3B 4F 6E 3B 41 55 58 31 C0 3B 41 55 58 31 C1 3B 41 55 58 32 C0 3B 41 55 58 32 C1 3B 41 55 58 33 C0 3B 41 55 58 33 C1 3B 41 55 58 F1
[21:13:52.136] ADDR:0xEE TYPE:RC_CHANNELS_PACKED        LEN:26 | EE 18 16 E0 C3 5E 2B AE D7 8A 56 B4 02 7C E0 03 1F F8 C0 07 3E F0 81 0F 7C 73
[21:13:52.136] ADDR:0xEA TYPE:ELRS_STATUS               LEN:15 | EA 0D 3A EA EE 10 00 03 0D 40 00 00 02 08 AA
[21:13:52.146] ADDR:0xEE TYPE:RC_CHANNELS_PACKED        LEN:26 | EE 18 16 E0 C3 5E 2B B2 D7 8A 56 B4 02 7C E0 03 1F F8 C0 07 3E F0 81 0F 7C E4
[21:13:52.166] ADDR:0xEE TYPE:RC_CHANNELS_PACKED        LEN:26 | EE 18 16 DD C3 5E 2B B2 D7 8A 56 B4 02 7C E0 03 1F F8 C0 07 3E F0 81 0F 7C 10
[21:13:52.186] ADDR:0xEE TYPE:PARAMETER_READ            LEN:08 | EE 06 2C EE EA 0E 01 3A
[21:13:52.218] ADDR:0xEE TYPE:RC_CHANNELS_PACKED        LEN:26 | EE 18 16 E0 C3 5E 2B B2 D7 8A 56 B4 02 7C E0 03 1F F8 C0 07 3E F0 81 0F 7C E4
[21:13:52.218] ADDR:0xEA TYPE:PARAMETER_SETTINGS_ENTRY  LEN:64 | EA 3E 2B EA EE 0E 01 34 C0 3B 41 55 58 34 C1 3B 41 55 58 35 C0 3B 41 55 58 35 C1 3B 41 55 58 36 C0 3B 41 55 58 36 C1 3B 41 55 58 37 C0 3B 41 55 58 37 C1 3B 41 55 58 38 C0 3B 41 55 58 38 C1 00
[21:13:52.238] ADDR:0xEE TYPE:RC_CHANNELS_PACKED        LEN:26 | EE 18 16 E0 C3 5E 2B B2 D7 8A 56 B4 02 7C E0 03 1F F8 C0 07 3E F0 81 0F 7C E4
[21:13:52.249] ADDR:0xEE TYPE:RC_CHANNELS_PACKED        LEN:26 | EE 18 16 E0 C3 5E 2B B2 D7 8A 56 B4 02 7C E0 03 1F F8 C0 07 3E F0 81 0F 7C E4
[21:13:52.269] ADDR:0xEE TYPE:PARAMETER_READ            LEN:08 | EE 06 2C EE EA 0E 02 90
[21:13:52.279] ADDR:0xEE TYPE:RC_CHANNELS_PACKED        LEN:26 | EE 18 16 E0 C3 5E 2B B2 D7 8A 56 B4 02 7C E0 03 1F F8 C0 07 3E F0 81 0F 7C E4
[21:13:52.299] ADDR:0xEA TYPE:PARAMETER_SETTINGS_ENTRY  LEN:40 | EA 26 2B EA EE 0E 00 3B 41 55 58 39 C0 3B 41 55 58 39 C1 3B 41 55 58 31 30 C0 3B 41 55 58 31 30 C1 00 00 00 15 00 00 97
[21:13:52.309] ADDR:0xEE TYPE:RC_CHANNELS_PACKED        LEN:26 | EE 18 16 E0 C3 5E 2B B2 D7 8A 56 B4 02 7C E0 03 1F F8 C0 07 3E F0 81 0F 7C E4
[21:13:52.329] ADDR:0xEE TYPE:RC_CHANNELS_PACKED        LEN:26 | EE 18 16 E0 C3 5E 2B B2 D7 8A 56 B4 02 7C E0 03 1F F8 C0 07 3E F0 81 0F 7C E4
[21:13:52.330] ADDR:0xEA TYPE:ELRS_STATUS               LEN:15 | EA 0D 3A EA EE 10 00 03 0D 40 FF FF FE DE CE
[21:13:52.350] ADDR:0xEE TYPE:RC_CHANNELS_PACKED        LEN:26 | EE 18 16 E0 BB 5E 2B B2 D7 8A 56 B4 02 7C E0 03 1F F8 C0 07 3E F0 81 0F 7C 44
[21:13:52.360] ADDR:0xEE TYPE:PARAMETER_READ            LEN:08 | EE 06 2C EE EA 0F 00 E4
[21:13:52.391] ADDR:0xEE TYPE:RC_CHANNELS_PACKED        LEN:26 | EE 18 16 E0 BB 5E 2B B2 D7 8A 56 B4 02 7C E0 03 1F F8 C0 07 3E F0 81 0F 7C 44
[21:13:52.391] ADDR:0xEA TYPE:PARAMETER_SETTINGS_ENTRY  LEN:22 | EA 14 2B EA EE 0F 00 0A 0D 53 65 6E 64 20 56 54 78 00 00 C8 00 01
[21:13:52.411] ADDR:0xEE TYPE:RC_CHANNELS_PACKED        LEN:26 | EE 18 16 E0 C3 5E 2B B2 D7 8A 56 B4 02 7C E0 03 1F F8 C0 07 3E F0 81 0F 7C E4
[21:13:52.431] ADDR:0xEE TYPE:RC_CHANNELS_PACKED        LEN:26 | EE 18 16 E0 C3 5E 2B B2 D7 8A 56 B4 02 7C E0 03 1F F8 C0 07 3E F0 81 0F 7C E4
[21:13:52.441] ADDR:0xEE TYPE:RC_CHANNELS_PACKED        LEN:26 | EE 18 16 E0 C3 5E 2B B0 D7 8A 56 B4 02 7C E0 03 1F F8 C0 07 3E F0 81 0F 7C 98
[21:13:52.472] ADDR:0xEE TYPE:RC_CHANNELS_PACKED        LEN:26 | EE 18 16 E0 C3 5E 2B B2 D7 8A 56 B4 02 7C E0 03 1F F8 C0 07 3E F0 81 0F 7C E4
[21:13:52.492] ADDR:0xEE TYPE:PARAMETER_READ            LEN:08 | EE 06 2C EE EA 10 00 3D
[21:13:52.502] ADDR:0xEE TYPE:RC_CHANNELS_PACKED        LEN:26 | EE 18 16 E0 C3 5E 2B B2 D7 8A 56 B4 02 7C E0 03 1F F8 C0 07 3E F0 81 0F 7C E4
[21:13:52.502] ADDR:0xEA TYPE:PARAMETER_SETTINGS_ENTRY  LEN:33 | EA 1F 2B EA EE 10 00 00 0B 57 69 46 69 20 43 6F 6E 6E 65 63 74 69 76 69 74 79 00 11 12 13 14 FF 05
[21:13:52.522] ADDR:0xEE TYPE:RC_CHANNELS_PACKED        LEN:26 | EE 18 16 DD C3 5E 2B B2 D7 8A 56 B4 02 7C E0 03 1F F8 C0 07 3E F0 81 0F 7C 10
[21:13:52.543] ADDR:0xEA TYPE:ELRS_STATUS               LEN:15 | EA 0D 3A EA EE 10 00 03 0D 40 00 00 01 E0 48
[21:13:52.553] ADDR:0xEE TYPE:RC_CHANNELS_PACKED        LEN:26 | EE 18 16 E0 C3 5E 2B B2 D7 8A 56 B4 02 7C E0 03 1F F8 C0 07 3E F0 81 0F 7C E4
[21:13:52.573] ADDR:0xEE TYPE:RC_CHANNELS_PACKED        LEN:26 | EE 18 16 E0 C3 5E 2B B0 D7 8A 56 B4 02 7C E0 03 1F F8 C0 07 3E F0 81 0F 7C 98
[21:13:52.583] ADDR:0xEE TYPE:PARAMETER_READ            LEN:08 | EE 06 2C EE EA 11 00 36
[21:13:52.604] ADDR:0xEE TYPE:RC_CHANNELS_PACKED        LEN:26 | EE 18 16 E0 C3 5E 2B B0 D7 8A 56 B4 02 7C E0 03 1F F8 C0 07 3E F0 81 0F 7C 98
[21:13:52.614] ADDR:0xEA TYPE:PARAMETER_SETTINGS_ENTRY  LEN:25 | EA 17 2B EA EE 11 00 10 0D 45 6E 61 62 6C 65 20 57 69 46 69 00 00 C8 00 92
[21:13:52.634] ADDR:0xEE TYPE:RC_CHANNELS_PACKED        LEN:26 | EE 18 16 E0 C3 5E 2B B2 D7 8A 56 B4 02 7C E0 03 1F F8 C0 07 3E F0 81 0F 7C E4
[21:13:52.654] ADDR:0xEE TYPE:RC_CHANNELS_PACKED        LEN:26 | EE 18 16 E0 C3 5E 2B AA D7 8A 56 B4 02 7C E0 03 1F F8 C0 07 3E F0 81 0F 7C 8B
[21:13:52.664] ADDR:0xEE TYPE:PARAMETER_READ            LEN:08 | EE 06 2C EE EA 12 00 2B
[21:13:52.685] ADDR:0xEE TYPE:RC_CHANNELS_PACKED        LEN:26 | EE 18 16 E0 C3 5E 2B B2 D7 8A 56 B4 02 7C E0 03 1F F8 C0 07 3E F0 81 0F 7C E4
[21:13:52.695] ADDR:0xEA TYPE:PARAMETER_SETTINGS_ENTRY  LEN:28 | EA 1A 2B EA EE 12 00 10 0D 45 6E 61 62 6C 65 20 52 78 20 57 69 46 69 00 00 C8 00 43
[21:13:52.715] ADDR:0xEE TYPE:RC_CHANNELS_PACKED        LEN:26 | EE 18 16 E0 BB 5E 2B B2 D7 8A 56 B4 02 7C E0 03 1F F8 C0 07 3E F0 81 0F 7C 44
[21:13:52.725] ADDR:0xEE TYPE:RC_CHANNELS_PACKED        LEN:26 | EE 18 16 E0 C3 5E 2B B0 D7 8A 56 B4 02 7C E0 03 1F F8 C0 07 3E F0 81 0F 7C 98
[21:13:52.725] ADDR:0xEA TYPE:ELRS_STATUS               LEN:15 | EA 0D 3A EA EE 10 00 03 0D 40 FF FF FE DE CE
[21:13:52.746] ADDR:0xEE TYPE:RC_CHANNELS_PACKED        LEN:26 | EE 18 16 E0 C3 5E 2B B0 D7 8A 56 B4 02 7C E0 03 1F F8 C0 07 3E F0 81 0F 7C 98
[21:13:52.766] ADDR:0xEE TYPE:PARAMETER_READ            LEN:08 | EE 06 2C EE EA 13 00 20
[21:13:52.796] ADDR:0xEE TYPE:RC_CHANNELS_PACKED        LEN:26 | EE 18 16 E0 C3 5E 2B B2 D7 8A 56 B4 02 7C E0 03 1F F8 C0 07 3E F0 81 0F 7C E4
[21:13:52.797] ADDR:0xEA TYPE:PARAMETER_SETTINGS_ENTRY  LEN:34 | EA 20 2B EA EE 13 00 10 0D 45 6E 61 62 6C 65 20 42 61 63 6B 70 61 63 6B 20 57 69 46 69 00 00 C8 00 4B
[21:13:52.807] ADDR:0xEE TYPE:RC_CHANNELS_PACKED        LEN:26 | EE 18 16 E0 C3 5E 2B B2 D7 8A 56 B4 02 7C E0 03 1F F8 C0 07 3E F0 81 0F 7C E4
[21:13:52.827] ADDR:0xEE TYPE:RC_CHANNELS_PACKED        LEN:26 | EE 18 16 E0 BB 5E 2B B2 D7 8A 56 B4 02 7C E0 03 1F F8 C0 07 3E F0 81 0F 7C 44
[21:13:52.837] ADDR:0xEE TYPE:RC_CHANNELS_PACKED        LEN:26 | EE 18 16 E0 C3 5E 2B B2 D7 8A 56 B4 02 7C E0 03 1F F8 C0 07 3E F0 81 0F 7C E4
[21:13:52.878] ADDR:0xEE TYPE:RC_CHANNELS_PACKED        LEN:26 | EE 18 16 E0 C3 5E 2B B2 D7 8A 56 B4 02 7C E0 03 1F F8 C0 07 3E F0 81 0F 7C E4
[21:13:52.888] ADDR:0xEE TYPE:PARAMETER_READ            LEN:08 | EE 06 2C EE EA 14 00 11
[21:13:52.908] ADDR:0xEE TYPE:RC_CHANNELS_PACKED        LEN:26 | EE 18 16 E0 C3 5E 2B B2 D7 8A 56 B4 02 7C E0 03 1F F8 C0 07 3E F0 81 0F 7C E4
[21:13:52.908] ADDR:0xEA TYPE:PARAMETER_SETTINGS_ENTRY  LEN:29 | EA 1B 2B EA EE 14 00 10 0D 45 6E 61 62 6C 65 20 56 52 78 20 57 69 46 69 00 00 C8 00 EC
[21:13:52.918] ADDR:0xEE TYPE:RC_CHANNELS_PACKED        LEN:26 | EE 18 16 E0 C3 5E 2B B2 D7 8A 56 B4 02 7C E0 03 1F F8 C0 07 3E F0 81 0F 7C E4
[21:13:52.939] ADDR:0xEA TYPE:ELRS_STATUS               LEN:15 | EA 0D 3A EA EE 10 00 03 0D 40 00 00 02 9E 96
[21:13:52.959] ADDR:0xEE TYPE:RC_CHANNELS_PACKED        LEN:26 | EE 18 16 E0 C3 5E 2B B2 D7 8A 56 B4 02 7C E0 03 1F F8 C0 07 3E F0 81 0F 7C E4
[21:13:52.969] ADDR:0xEE TYPE:PARAMETER_READ            LEN:08 | EE 06 2C EE EA 15 00 1A
[21:13:52.989] ADDR:0xEE TYPE:RC_CHANNELS_PACKED        LEN:26 | EE 18 16 E0 C3 5E 2B B2 D7 8A 56 B4 02 7C E0 03 1F F8 C0 07 3E F0 81 0F 7C E4
[21:13:52.989] ADDR:0xEA TYPE:PARAMETER_SETTINGS_ENTRY  LEN:27 | EA 19 2B EA EE 15 00 00 0B 42 61 63 6B 70 61 63 6B 00 16 17 18 19 1A 1B 1C FF EE
[21:13:53.002] ADDR:0xEE TYPE:RC_CHANNELS_PACKED        LEN:26 | EE 18 16 E0 C3 5E 2B B2 D7 8A 56 B4 02 7C E0 03 1F F8 C0 07 3E F0 81 0F 7C E4
[21:13:53.033] ADDR:0xEE TYPE:RC_CHANNELS_PACKED        LEN:26 | EE 18 16 E0 C3 5E 2B B2 D7 8A 56 B4 02 7C E0 03 1F F8 C0 07 3E F0 81 0F 7C E4
[21:13:53.053] ADDR:0xEE TYPE:RC_CHANNELS_PACKED        LEN:26 | EE 18 16 E0 C3 5E 2B AE D7 8A 56 B4 02 7C E0 03 1F F8 C0 07 3E F0 81 0F 7C 73
[21:13:53.063] ADDR:0xEE TYPE:PARAMETER_READ            LEN:08 | EE 06 2C EE EA 16 00 07
[21:13:53.083] ADDR:0xEE TYPE:RC_CHANNELS_PACKED        LEN:26 | EE 18 16 E0 C3 5E 2B B0 D7 8A 56 B4 02 7C E0 03 1F F8 C0 07 3E F0 81 0F 7C 98
[21:13:53.093] ADDR:0xEA TYPE:PARAMETER_SETTINGS_ENTRY  LEN:64 | EA 3E 2B EA EE 16 02 15 09 44 56 52 20 52 65 63 00 4F 66 66 3B 41 55 58 31 C0 3B 41 55 58 31 C1 3B 41 55 58 32 C0 3B 41 55 58 32 C1 3B 41 55 58 33 C0 3B 41 55 58 33 C1 3B 41 55 58 34 C0 3B AD
[21:13:53.114] ADDR:0xEE TYPE:RC_CHANNELS_PACKED        LEN:26 | EE 18 16 E0 BB 5E 2B B0 D7 8A 56 B4 02 7C E0 03 1F F8 C0 07 3E F0 81 0F 7C 38
[21:13:53.134] ADDR:0xEE TYPE:RC_CHANNELS_PACKED        LEN:26 | EE 18 16 E0 C3 5E 2B B0 D7 8A 56 B4 02 7C E0 03 1F F8 C0 07 3E F0 81 0F 7C 98
[21:13:53.134] ADDR:0xEA TYPE:ELRS_STATUS               LEN:15 | EA 0D 3A EA EE 10 00 03 0D 40 FF FF FF E2 E4
[21:13:53.144] ADDR:0xEE TYPE:RC_CHANNELS_PACKED        LEN:26 | EE 18 16 E0 C3 5E 2B B2 D7 8A 56 B4 02 7C E0 03 1F F8 C0 07 3E F0 81 0F 7C E4
[21:13:53.164] ADDR:0xEE TYPE:PARAMETER_READ            LEN:08 | EE 06 2C EE EA 16 01 D2
[21:13:53.195] ADDR:0xEE TYPE:RC_CHANNELS_PACKED        LEN:26 | EE 18 16 E0 C3 5E 2B B2 D7 8A 56 B4 02 7C E0 03 1F F8 C0 07 3E F0 81 0F 7C E4
[21:13:53.195] ADDR:0xEA TYPE:PARAMETER_SETTINGS_ENTRY  LEN:64 | EA 3E 2B EA EE 16 01 41 55 58 34 C1 3B 41 55 58 35 C0 3B 41 55 58 35 C1 3B 41 55 58 36 C0 3B 41 55 58 36 C1 3B 41 55 58 37 C0 3B 41 55 58 37 C1 3B 41 55 58 38 C0 3B 41 55 58 38 C1 3B 41 55 BA
[21:13:53.215] ADDR:0xEE TYPE:RC_CHANNELS_PACKED        LEN:26 | EE 18 16 E0 C3 5E 2B B2 D7 8A 56 B4 02 7C E0 03 1F F8 C0 07 3E F0 81 0F 7C E4
[21:13:53.225] ADDR:0xEE TYPE:RC_CHANNELS_PACKED        LEN:26 | EE 18 16 E0 C3 5E 2B B2 D7 8A 56 B4 02 7C E0 03 1F F8 C0 07 3E F0 81 0F 7C E4
[21:13:53.246] ADDR:0xEE TYPE:RC_CHANNELS_PACKED        LEN:26 | EE 18 16 E0 BB 5E 2B B0 D7 8A 56 B4 02 7C E0 03 1F F8 C0 07 3E F0 81 0F 7C 38
[21:13:53.266] ADDR:0xEE TYPE:PARAMETER_READ            LEN:08 | EE 06 2C EE EA 16 02 78
[21:13:53.306] ADDR:0xEE TYPE:RC_CHANNELS_PACKED        LEN:26 | EE 18 16 E0 C3 5E 2B B2 D7 8A 56 B4 02 7C E0 03 1F F8 C0 07 3E F0 81 0F 7C E4
[21:13:53.307] ADDR:0xEA TYPE:PARAMETER_SETTINGS_ENTRY  LEN:37 | EA 23 2B EA EE 16 00 58 39 C0 3B 41 55 58 39 C1 3B 41 55 58 31 30 C0 3B 41 55 58 31 30 C1 00 00 00 14 00 00 20
[21:13:53.307] ADDR:0xEE TYPE:RC_CHANNELS_PACKED        LEN:26 | EE 18 16 E0 C3 5E 2B B4 D7 8A 56 B4 02 7C E0 03 1F F8 C0 07 3E F0 81 0F 7C 60
[21:13:53.327] ADDR:0xEE TYPE:RC_CHANNELS_PACKED        LEN:26 | EE 18 16 E0 C3 5E 2B B2 D7 8A 56 B4 02 7C E0 03 1F F8 C0 07 3E F0 81 0F 7C E4
[21:13:53.327] ADDR:0xEA TYPE:ELRS_STATUS               LEN:15 | EA 0D 3A EA EE 10 00 03 0D 40 FF FF FF 2E 41
[21:13:53.349] ADDR:0xEE TYPE:RC_CHANNELS_PACKED        LEN:26 | EE 18 16 DF C3 5E 2B B4 D7 8A 56 B4 02 7C E0 03 1F F8 C0 07 3E F0 81 0F 7C E2
[21:13:53.379] ADDR:0xEE TYPE:PARAMETER_READ            LEN:08 | EE 06 2C EE EA 17 00 0C
[21:13:53.399] ADDR:0xEE TYPE:RC_CHANNELS_PACKED        LEN:26 | EE 18 16 DF BB 5E 2B B0 D7 8A 56 B4 02 7C E0 03 1F F8 C0 07 3E F0 81 0F 7C BA
[21:13:53.400] ADDR:0xEA TYPE:PARAMETER_SETTINGS_ENTRY  LEN:55 | EA 35 2B EA EE 17 00 15 09 44 56 52 20 53 72 74 20 44 6C 79 00 30 73 3B 35 73 3B 31 35 73 3B 33 30 73 3B 34 35 73 3B 31 6D 69 6E 3B 32 6D 69 6E 00 00 00 06 00 00 A2
[21:13:53.410] ADDR:0xEE TYPE:RC_CHANNELS_PACKED        LEN:26 | EE 18 16 E0 C3 5E 2B B0 D7 8A 56 B4 02 7C E0 03 1F F8 C0 07 3E F0 81 0F 7C 98
[21:13:53.430] ADDR:0xEE TYPE:RC_CHANNELS_PACKED        LEN:26 | EE 18 16 E0 C3 5E 2B B2 D7 8A 56 B4 02 7C E0 03 1F F8 C0 07 3E F0 81 0F 7C E4
[21:13:53.450] ADDR:0xEE TYPE:RC_CHANNELS_PACKED        LEN:26 | EE 18 16 E0 BB 5E 2B B2 D7 8A 56 B4 02 7C E0 03 1F F8 C0 07 3E F0 81 0F 7C 44
[21:13:53.460] ADDR:0xEE TYPE:PARAMETER_READ            LEN:08 | EE 06 2C EE EA 18 00 65
[21:13:53.501] ADDR:0xEE TYPE:RC_CHANNELS_PACKED        LEN:26 | EE 18 16 E0 C3 5E 2B B0 D7 8A 56 B4 02 7C E0 03 1F F8 C0 07 3E F0 81 0F 7C 98
[21:13:53.501] ADDR:0xEA TYPE:PARAMETER_SETTINGS_ENTRY  LEN:55 | EA 35 2B EA EE 18 00 15 09 44 56 52 20 53 74 70 20 44 6C 79 00 30 73 3B 35 73 3B 31 35 73 3B 33 30 73 3B 34 35 73 3B 31 6D 69 6E 3B 32 6D 69 6E 00 00 00 06 00 00 D8
[21:13:53.511] ADDR:0xEE TYPE:RC_CHANNELS_PACKED        LEN:26 | EE 18 16 E0 C3 5E 2B B2 D7 8A 56 B4 02 7C E0 03 1F F8 C0 07 3E F0 81 0F 7C E4
[21:13:53.531] ADDR:0xEE TYPE:RC_CHANNELS_PACKED        LEN:26 | EE 18 16 E0 C3 5E 2B B2 D7 8A 56 B4 02 7C E0 03 1F F8 C0 07 3E F0 81 0F 7C E4
[21:13:53.531] ADDR:0xEA TYPE:ELRS_STATUS               LEN:15 | EA 0D 3A EA EE 10 00 03 0D 40 00 00 01 7C 22
[21:13:53.542] ADDR:0xEE TYPE:RC_CHANNELS_PACKED        LEN:26 | EE 18 16 E0 C3 5E 2B B2 D7 8A 56 B4 02 7C E0 03 1F F8 C0 07 3E F0 81 0F 7C E4
[21:13:53.562] ADDR:0xEE TYPE:PARAMETER_READ            LEN:08 | EE 06 2C EE EA 19 00 6E
[21:13:53.602] ADDR:0xEE TYPE:RC_CHANNELS_PACKED        LEN:26 | EE 18 16 E0 C3 5E 2B B2 D7 8A 56 B4 02 7C E0 03 1F F8 C0 07 3E F0 81 0F 7C E4
[21:13:53.602] ADDR:0xEA TYPE:PARAMETER_SETTINGS_ENTRY  LEN:64 | EA 3E 2B EA EE 19 02 15 09 48 54 20 45 6E 61 62 6C 65 00 4F 66 66 3B 4F 6E 3B 41 55 58 31 C0 3B 41 55 58 31 C1 3B 41 55 58 32 C0 3B 41 55 58 32 C1 3B 41 55 58 33 C0 3B 41 55 58 33 C1 3B 41 96
[21:13:53.613] ADDR:0xEE TYPE:RC_CHANNELS_PACKED        LEN:26 | EE 18 16 E0 C3 5E 2B B0 D7 8A 56 B4 02 7C E0 03 1F F8 C0 07 3E F0 81 0F 7C 98
[21:13:53.633] ADDR:0xEE TYPE:RC_CHANNELS_PACKED        LEN:26 | EE 18 16 E0 BB 5E 2B B2 D7 8A 56 B4 02 7C E0 03 1F F8 C0 07 3E F0 81 0F 7C 44
[21:13:53.643] ADDR:0xEE TYPE:RC_CHANNELS_PACKED        LEN:26 | EE 18 16 E0 BB 5E 2B B2 D7 8A 56 B4 02 7C E0 03 1F F8 C0 07 3E F0 81 0F 7C 44
[21:13:53.665] ADDR:0xEE TYPE:PARAMETER_READ            LEN:08 | EE 06 2C EE EA 19 01 BB
[21:13:53.695] ADDR:0xEE TYPE:RC_CHANNELS_PACKED        LEN:26 | EE 18 16 E0 C3 5E 2B B2 D7 8A 56 B4 02 7C E0 03 1F F8 C0 07 3E F0 81 0F 7C E4
[21:13:53.695] ADDR:0xEA TYPE:PARAMETER_SETTINGS_ENTRY  LEN:64 | EA 3E 2B EA EE 19 01 55 58 34 C0 3B 41 55 58 34 C1 3B 41 55 58 35 C0 3B 41 55 58 35 C1 3B 41 55 58 36 C0 3B 41 55 58 36 C1 3B 41 55 58 37 C0 3B 41 55 58 37 C1 3B 41 55 58 38 C0 3B 41 55 58 EA
[21:13:53.716] ADDR:0xEE TYPE:RC_CHANNELS_PACKED        LEN:26 | EE 18 16 E0 C3 5E 2B B2 D7 8A 56 B4 02 7C E0 03 1F F8 C0 07 3E F0 81 0F 7C E4
[21:13:53.726] ADDR:0xEE TYPE:RC_CHANNELS_PACKED        LEN:26 | EE 18 16 E0 C3 5E 2B B2 D7 8A 56 B4 02 7C E0 03 1F F8 C0 07 3E F0 81 0F 7C E4
[21:13:53.726] ADDR:0xEA TYPE:ELRS_STATUS               LEN:15 | EA 0D 3A EA EE 10 00 03 0D 40 00 00 01 86 F0
[21:13:53.746] ADDR:0xEE TYPE:RC_CHANNELS_PACKED        LEN:26 | EE 18 16 E0 C3 5E 2B B2 D7 8A 56 B4 02 7C E0 03 1F F8 C0 07 3E F0 81 0F 7C E4
[21:13:53.766] ADDR:0xEE TYPE:PARAMETER_READ            LEN:08 | EE 06 2C EE EA 19 02 11
[21:13:53.797] ADDR:0xEE TYPE:RC_CHANNELS_PACKED        LEN:26 | EE 18 16 E0 C3 5E 2B B2 D7 8A 56 B4 02 7C E0 03 1F F8 C0 07 3E F0 81 0F 7C E4
[21:13:53.797] ADDR:0xEA TYPE:PARAMETER_SETTINGS_ENTRY  LEN:42 | EA 28 2B EA EE 19 00 38 C1 3B 41 55 58 39 C0 3B 41 55 58 39 C1 3B 41 55 58 31 30 C0 3B 41 55 58 31 30 C1 00 00 00 15 00 00 D6
[21:13:53.817] ADDR:0xEE TYPE:RC_CHANNELS_PACKED        LEN:26 | EE 18 16 E0 C3 5E 2B B2 D7 8A 56 B4 02 7C E0 03 1F F8 C0 07 3E F0 81 0F 7C E4
[21:13:53.828] ADDR:0xEE TYPE:RC_CHANNELS_PACKED        LEN:26 | EE 18 16 E0 C3 5E 2B B2 D7 8A 56 B4 02 7C E0 03 1F F8 C0 07 3E F0 81 0F 7C E4
[21:13:53.848] ADDR:0xEE TYPE:RC_CHANNELS_PACKED        LEN:26 | EE 18 16 E0 BB 5E 2B B2 D7 8A 56 B4 02 7C E0 03 1F F8 C0 07 3E F0 81 0F 7C 44
[21:13:53.858] ADDR:0xEE TYPE:PARAMETER_READ            LEN:08 | EE 06 2C EE EA 1A 00 73
[21:13:53.899] ADDR:0xEE TYPE:RC_CHANNELS_PACKED        LEN:26 | EE 18 16 E0 C3 5E 2B B2 D7 8A 56 B4 02 7C E0 03 1F F8 C0 07 3E F0 81 0F 7C E4
[21:13:53.899] ADDR:0xEA TYPE:PARAMETER_SETTINGS_ENTRY  LEN:64 | EA 3E 2B EA EE 1A 01 15 09 48 54 20 53 74 61 72 74 20 43 68 61 6E 6E 65 6C 00 41 55 58 31 3B 41 55 58 32 3B 41 55 58 33 3B 41 55 58 34 3B 41 55 58 35 3B 41 55 58 36 3B 41 55 58 37 3B 41 55 54
[21:13:53.919] ADDR:0xEE TYPE:RC_CHANNELS_PACKED        LEN:26 | EE 18 16 E0 C3 5E 2B B2 D7 8A 56 B4 02 7C E0 03 1F F8 C0 07 3E F0 81 0F 7C E4
[21:13:53.929] ADDR:0xEE TYPE:RC_CHANNELS_PACKED        LEN:26 | EE 18 16 E0 C3 5E 2B B2 D7 8A 56 B4 02 7C E0 03 1F F8 C0 07 3E F0 81 0F 7C E4
[21:13:53.929] ADDR:0xEA TYPE:ELRS_STATUS               LEN:15 | EA 0D 3A EA EE 10 00 03 0D 40 FF FF FF E2 E4
[21:13:53.949] ADDR:0xEE TYPE:RC_CHANNELS_PACKED        LEN:26 | EE 18 16 E0 BB 5E 2B B2 D7 8A 56 B4 02 7C E0 03 1F F8 C0 07 3E F0 81 0F 7C 44
[21:13:53.960] ADDR:0xEE TYPE:PARAMETER_READ            LEN:08 | EE 06 2C EE EA 1A 01 A6
[21:13:53.990] ADDR:0xEE TYPE:RC_CHANNELS_PACKED        LEN:26 | EE 18 16 E0 C3 5E 2B B0 D7 8A 56 B4 02 7C E0 03 1F F8 C0 07 3E F0 81 0F 7C 98
[21:13:53.990] ADDR:0xEA TYPE:PARAMETER_SETTINGS_ENTRY  LEN:27 | EA 19 2B EA EE 1A 00 58 38 3B 41 55 58 39 3B 41 55 58 31 30 00 00 00 09 00 00 98
[21:13:54.010] ADDR:0xEE TYPE:RC_CHANNELS_PACKED        LEN:26 | EE 18 16 E0 C3 5E 2B B2 D7 8A 56 B4 02 7C E0 03 1F F8 C0 07 3E F0 81 0F 7C E4
[21:13:54.031] ADDR:0xEE TYPE:RC_CHANNELS_PACKED        LEN:26 | EE 18 16 E0 BB 5E 2B B2 D7 8A 56 B4 02 7C E0 03 1F F8 C0 07 3E F0 81 0F 7C 44
[21:13:54.041] ADDR:0xEE TYPE:RC_CHANNELS_PACKED        LEN:26 | EE 18 16 E0 C3 5E 2B B2 D7 8A 56 B4 02 7C E0 03 1F F8 C0 07 3E F0 81 0F 7C E4
[21:13:54.073] ADDR:0xEE TYPE:PARAMETER_READ            LEN:08 | EE 06 2C EE EA 1B 00 78
[21:13:54.103] ADDR:0xEE TYPE:RC_CHANNELS_PACKED        LEN:26 | EE 18 16 E0 C3 5E 2B B2 D7 8A 56 B4 02 7C E0 03 1F F8 C0 07 3E F0 81 0F 7C E4
[21:13:54.103] ADDR:0xEA TYPE:PARAMETER_SETTINGS_ENTRY  LEN:41 | EA 27 2B EA EE 1B 00 15 09 54 65 6C 65 6D 65 74 72 79 00 4F 66 66 3B 45 53 50 4E 4F 57 3B 57 69 46 69 00 00 00 02 00 00 FC
[21:13:54.113] ADDR:0xEE TYPE:RC_CHANNELS_PACKED        LEN:26 | EE 18 16 E0 C3 5E 2B B2 D7 8A 56 B4 02 7C E0 03 1F F8 C0 07 3E F0 81 0F 7C E4
[21:13:54.134] ADDR:0xEE TYPE:RC_CHANNELS_PACKED        LEN:26 | EE 18 16 E0 C3 5E 2B B2 D7 8A 56 B4 02 7C E0 03 1F F8 C0 07 3E F0 81 0F 7C E4
[21:13:54.134] ADDR:0xEA TYPE:ELRS_STATUS               LEN:15 | EA 0D 3A EA EE 10 00 03 0D 40 00 00 00 50 5A
[21:13:54.144] ADDR:0xEE TYPE:RC_CHANNELS_PACKED        LEN:26 | EE 18 16 DF C3 5E 2B B2 D7 8A 56 B4 02 7C E0 03 1F F8 C0 07 3E F0 81 0F 7C 66
[21:13:54.164] ADDR:0xEE TYPE:PARAMETER_READ            LEN:08 | EE 06 2C EE EA 1C 00 49
[21:13:54.195] ADDR:0xEE TYPE:RC_CHANNELS_PACKED        LEN:26 | EE 18 16 E0 C3 5E 2B B2 D7 8A 56 B4 02 7C E0 03 1F F8 C0 07 3E F0 81 0F 7C E4
[21:13:54.195] ADDR:0xEA TYPE:PARAMETER_SETTINGS_ENTRY  LEN:19 | EA 11 2B EA EE 1C 00 15 0C 56 65 72 73 69 6F 6E 00 00 3D
[21:13:54.215] ADDR:0xEE TYPE:RC_CHANNELS_PACKED        LEN:26 | EE 18 16 DF C3 5E 2B B2 D7 8A 56 B4 02 7C E0 03 1F F8 C0 07 3E F0 81 0F 7C 66
[21:13:54.225] ADDR:0xEE TYPE:RC_CHANNELS_PACKED        LEN:26 | EE 18 16 E0 BB 5E 2B B2 D7 8A 56 B4 02 7C E0 03 1F F8 C0 07 3E F0 81 0F 7C 44
[21:13:54.245] ADDR:0xEE TYPE:RC_CHANNELS_PACKED        LEN:26 | EE 18 16 E0 C3 5E 2B B2 D7 8A 56 B4 02 7C E0 03 1F F8 C0 07 3E F0 81 0F 7C E4
[21:13:54.276] ADDR:0xEE TYPE:PARAMETER_READ            LEN:08 | EE 06 2C EE EA 1D 00 42
[21:13:54.286] ADDR:0xEE TYPE:RC_CHANNELS_PACKED        LEN:26 | EE 18 16 DF C3 5E 2B B2 D7 8A 56 B4 02 7C E0 03 1F F8 C0 07 3E F0 81 0F 7C 66
[21:13:54.286] ADDR:0xEA TYPE:PARAMETER_SETTINGS_ENTRY  LEN:26 | EA 18 2B EA EE 1D 00 00 0D 42 4C 45 20 4A 6F 79 73 74 69 63 6B 00 00 C8 00 50
[21:13:54.306] ADDR:0xEE TYPE:RC_CHANNELS_PACKED        LEN:26 | EE 18 16 E0 C3 5E 2B B2 D7 8A 56 B4 02 7C E0 03 1F F8 C0 07 3E F0 81 0F 7C E4
[21:13:54.326] ADDR:0xEE TYPE:RC_CHANNELS_PACKED        LEN:26 | EE 18 16 E0 C3 5E 2B B2 D7 8A 56 B4 02 7C E0 03 1F F8 C0 07 3E F0 81 0F 7C E4
[21:13:54.337] ADDR:0xEA TYPE:ELRS_STATUS               LEN:15 | EA 0D 3A EA EE 10 00 03 0D 40 00 00 00 FA 47
[21:13:54.357] ADDR:0xEE TYPE:RC_CHANNELS_PACKED        LEN:26 | EE 18 16 E0 C3 5E 2B B2 D7 8A 56 B4 02 7C E0 03 1F F8 C0 07 3E F0 81 0F 7C E4
[21:13:54.367] ADDR:0xEE TYPE:PARAMETER_READ            LEN:08 | EE 06 2C EE EA 1E 00 5F
[21:13:54.388] ADDR:0xEE TYPE:RC_CHANNELS_PACKED        LEN:26 | EE 18 16 E0 C3 5E 2B B0 D7 8A 56 B4 02 7C E0 03 1F F8 C0 07 3E F0 81 0F 7C 98
[21:13:54.388] ADDR:0xEA TYPE:PARAMETER_SETTINGS_ENTRY  LEN:18 | EA 10 2B EA EE 1E 00 00 0D 42 69 6E 64 00 00 C8 00 E5
[21:13:54.398] ADDR:0xEE TYPE:RC_CHANNELS_PACKED        LEN:26 | EE 18 16 E0 C3 5E 2B B0 D7 8A 56 B4 02 7C E0 03 1F F8 C0 07 3E F0 81 0F 7C 98
[21:13:54.438] ADDR:0xEE TYPE:RC_CHANNELS_PACKED        LEN:26 | EE 18 16 E0 C3 5E 2B B2 D7 8A 56 B4 02 7C E0 03 1F F8 C0 07 3E F0 81 0F 7C E4
[21:13:54.449] ADDR:0xEE TYPE:RC_CHANNELS_PACKED        LEN:26 | EE 18 16 E0 C3 5E 2B B2 D7 8A 56 B4 02 7C E0 03 1F F8 C0 07 3E F0 81 0F 7C E4
[21:13:54.469] ADDR:0xEE TYPE:PARAMETER_READ            LEN:08 | EE 06 2C EE EA 1F 00 54
[21:13:54.480] ADDR:0xEE TYPE:RC_CHANNELS_PACKED        LEN:26 | EE 18 16 E0 C3 5E 2B B2 D7 8A 56 B4 02 7C E0 03 1F F8 C0 07 3E F0 81 0F 7C E4
[21:13:54.500] ADDR:0xEA TYPE:PARAMETER_SETTINGS_ENTRY  LEN:24 | EA 16 2B EA EE 1F 00 00 0C 42 61 64 2F 47 6F 6F 64 00 30 2F 35 30 00 FB
[21:13:54.510] ADDR:0xEE TYPE:RC_CHANNELS_PACKED        LEN:26 | EE 18 16 E0 C3 5E 2B B0 D7 8A 56 B4 02 7C E0 03 1F F8 C0 07 3E F0 81 0F 7C 98
[21:13:54.530] ADDR:0xEE TYPE:RC_CHANNELS_PACKED        LEN:26 | EE 18 16 DF C3 5E 2B B2 D7 8A 56 B4 02 7C E0 03 1F F8 C0 07 3E F0 81 0F 7C 66
[21:13:54.530] ADDR:0xEA TYPE:ELRS_STATUS               LEN:15 | EA 0D 3A EA EE 10 00 03 0D 40 00 00 00 E6 C2
[21:13:54.551] ADDR:0xEE TYPE:RC_CHANNELS_PACKED        LEN:26 | EE 18 16 E0 C3 5E 2B B2 D7 8A 56 B4 02 7C E0 03 1F F8 C0 07 3E F0 81 0F 7C E4
[21:13:54.561] ADDR:0xEE TYPE:PARAMETER_READ            LEN:08 | EE 06 2C EE EA 20 00 38
[21:13:54.591] ADDR:0xEE TYPE:RC_CHANNELS_PACKED        LEN:26 | EE 18 16 E0 BB 5E 2B B2 D7 8A 56 B4 02 7C E0 03 1F F8 C0 07 3E F0 81 0F 7C 44
[21:13:54.591] ADDR:0xEA TYPE:PARAMETER_SETTINGS_ENTRY  LEN:30 | EA 1C 2B EA EE 20 00 00 0C 33 2E 36 2E 32 20 49 53 4D 32 47 34 00 30 62 30 63 63 65 00 BE
[21:13:54.611] ADDR:0xEE TYPE:RC_CHANNELS_PACKED        LEN:26 | EE 18 16 E0 C3 5E 2B B2 D7 8A 56 B4 02 7C E0 03 1F F8 C0 07 3E F0 81 0F 7C E4
[21:13:54.622] ADDR:0xEE TYPE:RC_CHANNELS_PACKED        LEN:26 | EE 18 16 E0 BB 5E 2B B2 D7 8A 56 B4 02 7C E0 03 1F F8 C0 07 3E F0 81 0F 7C 44
[21:13:54.642] ADDR:0xEE TYPE:RC_CHANNELS_PACKED        LEN:26 | EE 18 16 E0 C3 5E 2B B2 D7 8A 56 B4 02 7C E0 03 1F F8 C0 07 3E F0 81 0F 7C E4
[21:13:54.672] ADDR:0xEE TYPE:RC_CHANNELS_PACKED        LEN:26 | EE 18 16 E0 C3 5E 2B B2 D7 8A 56 B4 02 7C E0 03 1F F8 C0 07 3E F0 81 0F 7C E4
[21:13:54.693] ADDR:0xEE TYPE:RC_CHANNELS_PACKED        LEN:26 | EE 18 16 E0 C3 5E 2B B0 D7 8A 56 B4 02 7C E0 03 1F F8 C0 07 3E F0 81 0F 7C 98
[21:13:54.703] ADDR:0xEE TYPE:RC_CHANNELS_PACKED        LEN:26 | EE 18 16 E0 C3 5E 2B B2 D7 8A 56 B4 02 7C E0 03 1F F8 C0 07 3E F0 81 0F 7C E4
[21:13:54.723] ADDR:0xEE TYPE:RC_CHANNELS_PACKED        LEN:26 | EE 18 16 E0 C3 5E 2B B2 D7 8A 56 B4 02 7C E0 03 1F F8 C0 07 3E F0 81 0F 7C E4
[21:13:54.733] ADDR:0xEA TYPE:ELRS_STATUS               LEN:15 | EA 0D 3A EA EE 10 00 03 0D 40 00 00 01 C2 93
[21:13:54.754] ADDR:0xEE TYPE:RC_CHANNELS_PACKED        LEN:26 | EE 18 16 E0 C3 5E 2B B2 D7 8A 56 B4 02 7C E0 03 1F F8 C0 07 3E F0 81 0F 7C E4
[21:13:54.774] ADDR:0xEE TYPE:RC_CHANNELS_PACKED        LEN:26 | EE 18 16 E0 BB 5E 2B B2 D7 8A 56 B4 02 7C E0 03 1F F8 C0 07 3E F0 81 0F 7C 44
[21:13:54.784] ADDR:0xEE TYPE:RC_CHANNELS_PACKED        LEN:26 | EE 18 16 E0 C3 5E 2B B2 D7 8A 56 B4 02 7C E0 03 1F F8 C0 07 3E F0 81 0F 7C E4
[21:13:54.804] ADDR:0xEE TYPE:RC_CHANNELS_PACKED        LEN:26 | EE 18 16 E0 C3 5E 2B B2 D7 8A 56 B4 02 7C E0 03 1F F8 C0 07 3E F0 81 0F 7C E4
[21:13:54.835] ADDR:0xEE TYPE:RC_CHANNELS_PACKED        LEN:26 | EE 18 16 E0 C3 5E 2B B2 D7 8A 56 B4 02 7C E0 03 1F F8 C0 07 3E F0 81 0F 7C E4
[21:13:54.855] ADDR:0xEE TYPE:RC_CHANNELS_PACKED        LEN:26 | EE 18 16 E0 C3 5E 2B B0 D7 8A 56 B4 02 7C E0 03 1F F8 C0 07 3E F0 81 0F 7C 98
[21:13:54.865] ADDR:0xEE TYPE:RC_CHANNELS_PACKED        LEN:26 | EE 18 16 E0 C3 5E 2B B2 D7 8A 56 B4 02 7C E0 03 1F F8 C0 07 3E F0 81 0F 7C E4
[21:13:54.885] ADDR:0xEE TYPE:RC_CHANNELS_PACKED        LEN:26 | EE 18 16 E0 C3 5E 2B B2 D7 8A 56 B4 02 7C E0 03 1F F8 C0 07 3E F0 81 0F 7C E4
[21:13:54.916] ADDR:0xEE TYPE:RC_CHANNELS_PACKED        LEN:26 | EE 18 16 E0 C3 5E 2B B2 D7 8A 56 B4 02 7C E0 03 1F F8 C0 07 3E F0 81 0F 7C E4
[21:13:54.926] ADDR:0xEE TYPE:RC_CHANNELS_PACKED        LEN:26 | EE 18 16 E0 C3 5E 2B B0 D7 8A 56 B4 02 7C E0 03 1F F8 C0 07 3E F0 81 0F 7C 98
[21:13:54.926] ADDR:0xEA TYPE:ELRS_STATUS               LEN:15 | EA 0D 3A EA EE 10 00 03 0D 40 00 00 00 A0 DE
[21:13:54.946] ADDR:0xEE TYPE:RC_CHANNELS_PACKED        LEN:26 | EE 18 16 E0 C3 5E 2B B2 D7 8A 56 B4 02 7C E0 03 1F F8 C0 07 3E F0 81 0F 7C E4
[21:13:54.967] ADDR:0xEE TYPE:RC_CHANNELS_PACKED        LEN:26 | EE 18 16 DF BB 5E 2B B2 D7 8A 56 B4 02 7C E0 03 1F F8 C0 07 3E F0 81 0F 7C C6
[21:13:54.997] ADDR:0xEE TYPE:RC_CHANNELS_PACKED        LEN:26 | EE 18 16 E0 C3 5E 2B B2 D7 8A 56 B4 02 7C E0 03 1F F8 C0 07 3E F0 81 0F 7C E4
[21:13:55.008] ADDR:0xEE TYPE:RC_CHANNELS_PACKED        LEN:26 | EE 18 16 E0 C3 5E 2B B2 D7 8A 56 B4 02 7C E0 03 1F F8 C0 07 3E F0 81 0F 7C E4
[21:13:55.028] ADDR:0xEE TYPE:RC_CHANNELS_PACKED        LEN:26 | EE 18 16 E0 C3 5E 2B B2 D7 8A 56 B4 02 7C E0 03 1F F8 C0 07 3E F0 81 0F 7C E4
[21:13:55.038] ADDR:0xEE TYPE:RC_CHANNELS_PACKED        LEN:26 | EE 18 16 DF C3 5E 2B B2 D7 8A 56 B4 02 7C E0 03 1F F8 C0 07 3E F0 81 0F 7C 66
[21:13:55.078] ADDR:0xEE TYPE:RC_CHANNELS_PACKED        LEN:26 | EE 18 16 E0 C3 5E 2B B2 D7 8A 56 B4 02 7C E0 03 1F F8 C0 07 3E F0 81 0F 7C E4
[21:13:55.089] ADDR:0xEE TYPE:RC_CHANNELS_PACKED        LEN:26 | EE 18 16 E0 BB 5E 2B B2 D7 8A 56 B4 02 7C E0 03 1F F8 C0 07 3E F0 81 0F 7C 44
[21:13:55.109] ADDR:0xEE TYPE:RC_CHANNELS_PACKED        LEN:26 | EE 18 16 E0 C3 5E 2B B2 D7 8A 56 B4 02 7C E0 03 1F F8 C0 07 3E F0 81 0F 7C E4
[21:13:55.119] ADDR:0xEE TYPE:RC_CHANNELS_PACKED        LEN:26 | EE 18 16 E0 BB 5E 2B B2 D7 8A 56 B4 02 7C E0 03 1F F8 C0 07 3E F0 81 0F 7C 44
[21:13:55.139] ADDR:0xEA TYPE:ELRS_STATUS               LEN:15 | EA 0D 3A EA EE 10 00 03 0D 40 00 00 01 7C 22
[21:13:55.149] ADDR:0xEE TYPE:RC_CHANNELS_PACKED        LEN:26 | EE 18 16 E0 BB 5E 2B B2 D7 8A 56 B4 02 7C E0 03 1F F8 C0 07 3E F0 81 0F 7C 44
[21:13:55.170] ADDR:0xEE TYPE:RC_CHANNELS_PACKED        LEN:26 | EE 18 16 E0 C3 5E 2B B2 D7 8A 56 B4 02 7C E0 03 1F F8 C0 07 3E F0 81 0F 7C E4
[21:13:55.190] ADDR:0xEE TYPE:RC_CHANNELS_PACKED        LEN:26 | EE 18 16 E0 BB 5E 2B B2 D7 8A 56 B4 02 7C E0 03 1F F8 C0 07 3E F0 81 0F 7C 44
[21:13:55.200] ADDR:0xEE TYPE:RC_CHANNELS_PACKED        LEN:26 | EE 18 16 E0 C3 5E 2B B2 D7 8A 56 B4 02 7C E0 03 1F F8 C0 07 3E F0 81 0F 7C E4
[21:13:55.230] ADDR:0xEE TYPE:RC_CHANNELS_PACKED        LEN:26 | EE 18 16 E0 C3 5E 2B B2 D7 8A 56 B4 02 7C E0 03 1F F8 C0 07 3E F0 81 0F 7C E4
[21:13:55.251] ADDR:0xEE TYPE:RC_CHANNELS_PACKED        LEN:26 | EE 18 16 E0 BB 5E 2B B0 D7 8A 56 B4 02 7C E0 03 1F F8 C0 07 3E F0 81 0F 7C 38
[21:13:55.271] ADDR:0xEE TYPE:RC_CHANNELS_PACKED        LEN:26 | EE 18 16 E0 C3 5E 2B B0 D7 8A 56 B4 02 7C E0 03 1F F8 C0 07 3E F0 81 0F 7C 98
[21:13:55.281] ADDR:0xEE TYPE:RC_CHANNELS_PACKED        LEN:26 | EE 18 16 E0 C3 5E 2B B0 D7 8A 56 B4 02 7C E0 03 1F F8 C0 07 3E F0 81 0F 7C 98
[21:13:55.312] ADDR:0xEE TYPE:RC_CHANNELS_PACKED        LEN:26 | EE 18 16 E0 BB 5E 2B B2 D7 8A 56 B4 02 7C E0 03 1F F8 C0 07 3E F0 81 0F 7C 44
[21:13:55.332] ADDR:0xEE TYPE:RC_CHANNELS_PACKED        LEN:26 | EE 18 16 E0 BB 5E 2B B2 D7 8A 56 B4 02 7C E0 03 1F F8 C0 07 3E F0 81 0F 7C 44
[21:13:55.332] ADDR:0xEA TYPE:ELRS_STATUS               LEN:15 | EA 0D 3A EA EE 10 00 03 0D 40 00 00 00 50 5A
[21:13:55.342] ADDR:0xEE TYPE:RC_CHANNELS_PACKED        LEN:26 | EE 18 16 E0 C3 5E 2B B2 D7 8A 56 B4 02 7C E0 03 1F F8 C0 07 3E F0 81 0F 7C E4
[21:13:55.362] ADDR:0xEE TYPE:RC_CHANNELS_PACKED        LEN:26 | EE 18 16 E0 C3 5E 2B B2 D7 8A 56 B4 02 7C E0 03 1F F8 C0 07 3E F0 81 0F 7C E4
[21:13:55.393] ADDR:0xEE TYPE:RC_CHANNELS_PACKED        LEN:26 | EE 18 16 E0 C3 5E 2B B2 D7 8A 56 B4 02 7C E0 03 1F F8 C0 07 3E F0 81 0F 7C E4
[21:13:55.413] ADDR:0xEE TYPE:RC_CHANNELS_PACKED        LEN:26 | EE 18 16 E0 C3 5E 2B B2 D7 8A 56 B4 02 7C E0 03 1F F8 C0 07 3E F0 81 0F 7C E4
[21:13:55.423] ADDR:0xEE TYPE:RC_CHANNELS_PACKED        LEN:26 | EE 18 16 E0 C3 5E 2B B2 D7 8A 56 B4 02 7C E0 03 1F F8 C0 07 3E F0 81 0F 7C E4
[21:13:55.445] ADDR:0xEE TYPE:RC_CHANNELS_PACKED        LEN:26 | EE 18 16 E0 C3 5E 2B B2 D7 8A 56 B4 02 7C E0 03 1F F8 C0 07 3E F0 81 0F 7C E4
[21:13:55.475] ADDR:0xEE TYPE:RC_CHANNELS_PACKED        LEN:26 | EE 18 16 E0 BB 5E 2B B0 D7 8A 56 B4 02 7C E0 03 1F F8 C0 07 3E F0 81 0F 7C 38
[21:13:55.485] ADDR:0xEE TYPE:RC_CHANNELS_PACKED        LEN:26 | EE 18 16 E0 C3 5E 2B B2 D7 8A 56 B4 02 7C E0 03 1F F8 C0 07 3E F0 81 0F 7C E4
[21:13:55.506] ADDR:0xEE TYPE:RC_CHANNELS_PACKED        LEN:26 | EE 18 16 E0 C3 5E 2B B2 D7 8A 56 B4 02 7C E0 03 1F F8 C0 07 3E F0 81 0F 7C E4
[21:13:55.526] ADDR:0xEE TYPE:RC_CHANNELS_PACKED        LEN:26 | EE 18 16 E0 C3 5E 2B B2 D7 8A 56 B4 02 7C E0 03 1F F8 C0 07 3E F0 81 0F 7C E4
[21:13:55.536] ADDR:0xEA TYPE:ELRS_STATUS               LEN:15 | EA 0D 3A EA EE 10 00 03 0D 40 00 00 00 50 5A
[21:13:55.556] ADDR:0xEE TYPE:RC_CHANNELS_PACKED        LEN:26 | EE 18 16 E0 C3 5E 2B B2 D7 8A 56 B4 02 7C E0 03 1F F8 C0 07 3E F0 81 0F 7C E4
[21:13:55.567] ADDR:0xEE TYPE:RC_CHANNELS_PACKED        LEN:26 | EE 18 16 DF C3 5E 2B B2 D7 8A 56 B4 02 7C E0 03 1F F8 C0 07 3E F0 81 0F 7C 66
[21:13:55.587] ADDR:0xEE TYPE:RC_CHANNELS_PACKED        LEN:26 | EE 18 16 E0 C3 5E 2B B2 D7 8A 56 B4 02 7C E0 03 1F F8 C0 07 3E F0 81 0F 7C E4
[21:13:55.607] ADDR:0xEE TYPE:RC_CHANNELS_PACKED        LEN:26 | EE 18 16 E0 C3 5E 2B B2 D7 8A 56 B4 02 7C E0 03 1F F8 C0 07 3E F0 81 0F 7C E4
[21:13:55.637] ADDR:0xEE TYPE:RC_CHANNELS_PACKED        LEN:26 | EE 18 16 E0 C3 5E 2B B2 D7 8A 56 B4 02 7C E0 03 1F F8 C0 07 3E F0 81 0F 7C E4
[21:13:55.648] ADDR:0xEE TYPE:RC_CHANNELS_PACKED        LEN:26 | EE 18 16 E0 C3 5E 2B B4 D7 8A 56 B4 02 7C E0 03 1F F8 C0 07 3E F0 81 0F 7C 60
[21:13:55.668] ADDR:0xEE TYPE:RC_CHANNELS_PACKED        LEN:26 | EE 18 16 E0 BB 5E 2B B2 D7 8A 56 B4 02 7C E0 03 1F F8 C0 07 3E F0 81 0F 7C 44
[21:13:55.678] ADDR:0xEE TYPE:RC_CHANNELS_PACKED        LEN:26 | EE 18 16 E0 C3 5E 2B B2 D7 8A 56 B4 02 7C E0 03 1F F8 C0 07 3E F0 81 0F 7C E4
[21:13:55.719] ADDR:0xEE TYPE:RC_CHANNELS_PACKED        LEN:26 | EE 18 16 E0 C3 5E 2B B0 D7 8A 56 B4 02 7C E0 03 1F F8 C0 07 3E F0 81 0F 7C 98
[21:13:55.729] ADDR:0xEE TYPE:RC_CHANNELS_PACKED        LEN:26 | EE 18 16 E0 BB 5E 2B B2 D7 8A 56 B4 02 7C E0 03 1F F8 C0 07 3E F0 81 0F 7C 44
[21:13:55.729] ADDR:0xEA TYPE:ELRS_STATUS               LEN:15 | EA 0D 3A EA EE 10 00 03 0D 40 00 00 00 A0 DE
[21:13:55.749] ADDR:0xEE TYPE:RC_CHANNELS_PACKED        LEN:26 | EE 18 16 E0 C3 5E 2B B2 D7 8A 56 B4 02 7C E0 03 1F F8 C0 07 3E F0 81 0F 7C E4
[21:13:55.760] ADDR:0xEE TYPE:RC_CHANNELS_PACKED        LEN:26 | EE 18 16 E0 C3 5E 2B B0 D7 8A 56 B4 02 7C E0 03 1F F8 C0 07 3E F0 81 0F 7C 98
[21:13:55.790] ADDR:0xEE TYPE:RC_CHANNELS_PACKED        LEN:26 | EE 18 16 E0 C3 5E 2B B0 D7 8A 56 B4 02 7C E0 03 1F F8 C0 07 3E F0 81 0F 7C 98
[21:13:55.810] ADDR:0xEE TYPE:RC_CHANNELS_PACKED        LEN:26 | EE 18 16 E0 BB 5E 2B B2 D7 8A 56 B4 02 7C E0 03 1F F8 C0 07 3E F0 81 0F 7C 44
[21:13:55.830] ADDR:0xEE TYPE:RC_CHANNELS_PACKED        LEN:26 | EE 18 16 E0 BB 5E 2B B2 D7 8A 56 B4 02 7C E0 03 1F F8 C0 07 3E F0 81 0F 7C 44
[21:13:55.841] ADDR:0xEE TYPE:RC_CHANNELS_PACKED        LEN:26 | EE 18 16 E0 C3 5E 2B B0 D7 8A 56 B4 02 7C E0 03 1F F8 C0 07 3E F0 81 0F 7C 98
[21:13:55.871] ADDR:0xEE TYPE:RC_CHANNELS_PACKED        LEN:26 | EE 18 16 DF C3 5E 2B B4 D7 8A 56 B4 02 7C E0 03 1F F8 C0 07 3E F0 81 0F 7C E2
[21:13:55.891] ADDR:0xEE TYPE:RC_CHANNELS_PACKED        LEN:26 | EE 18 16 DF C3 5E 2B B2 D7 8A 56 B4 02 7C E0 03 1F F8 C0 07 3E F0 81 0F 7C 66
[21:13:55.902] ADDR:0xEE TYPE:RC_CHANNELS_PACKED        LEN:26 | EE 18 16 E0 C3 5E 2B B2 D7 8A 56 B4 02 7C E0 03 1F F8 C0 07 3E F0 81 0F 7C E4
[21:13:55.922] ADDR:0xEE TYPE:RC_CHANNELS_PACKED        LEN:26 | EE 18 16 E0 C3 5E 2B B2 D7 8A 56 B4 02 7C E0 03 1F F8 C0 07 3E F0 81 0F 7C E4
[21:13:55.942] ADDR:0xEA TYPE:ELRS_STATUS               LEN:15 | EA 0D 3A EA EE 10 00 03 0D 40 00 00 00 78 D7
[21:13:55.952] ADDR:0xEE TYPE:RC_CHANNELS_PACKED        LEN:26 | EE 18 16 E0 C3 5E 2B B2 D7 8A 56 B4 02 7C E0 03 1F F8 C0 07 3E F0 81 0F 7C E4
[21:13:55.973] ADDR:0xEE TYPE:RC_CHANNELS_PACKED        LEN:26 | EE 18 16 E0 BB 5E 2B B2 D7 8A 56 B4 02 7C E0 03 1F F8 C0 07 3E F0 81 0F 7C 44
[21:13:55.983] ADDR:0xEE TYPE:RC_CHANNELS_PACKED        LEN:26 | EE 18 16 E0 C3 5E 2B B4 D7 8A 56 B4 02 7C E0 03 1F F8 C0 07 3E F0 81 0F 7C 60
[21:13:56.005] ADDR:0xEE TYPE:RC_CHANNELS_PACKED        LEN:26 | EE 18 16 E0 C3 5E 2B B2 D7 8A 56 B4 02 7C E0 03 1F F8 C0 07 3E F0 81 0F 7C E4
[21:13:56.035] ADDR:0xEE TYPE:RC_CHANNELS_PACKED        LEN:26 | EE 18 16 E0 C3 5E 2B B2 D7 8A 56 B4 02 7C E0 03 1F F8 C0 07 3E F0 81 0F 7C E4
[21:13:56.045] ADDR:0xEE TYPE:RC_CHANNELS_PACKED        LEN:26 | EE 18 16 E0 C3 5E 2B B2 D7 8A 56 B4 02 7C E0 03 1F F8 C0 07 3E F0 81 0F 7C E4
[21:13:56.066] ADDR:0xEE TYPE:RC_CHANNELS_PACKED        LEN:26 | EE 18 16 E0 C3 5E 2B B0 D7 8A 56 B4 02 7C E0 03 1F F8 C0 07 3E F0 81 0F 7C 98
[21:13:56.086] ADDR:0xEE TYPE:RC_CHANNELS_PACKED        LEN:26 | EE 18 16 E0 C3 5E 2B B2 D7 8A 56 B4 02 7C E0 03 1F F8 C0 07 3E F0 81 0F 7C E4
[21:13:56.116] ADDR:0xEE TYPE:RC_CHANNELS_PACKED        LEN:26 | EE 18 16 E0 C3 5E 2B B2 D7 8A 56 B4 02 7C E0 03 1F F8 C0 07 3E F0 81 0F 7C E4
[21:13:56.126] ADDR:0xEE TYPE:RC_CHANNELS_PACKED        LEN:26 | EE 18 16 E0 C3 5E 2B B2 D7 8A 56 B4 02 7C E0 03 1F F8 C0 07 3E F0 81 0F 7C E4
[21:13:56.126] ADDR:0xEA TYPE:ELRS_STATUS               LEN:15 | EA 0D 3A EA EE 10 00 03 0D 40 FF FF FF CE 97
[21:13:56.147] ADDR:0xEE TYPE:RC_CHANNELS_PACKED        LEN:26 | EE 18 16 E0 C3 5E 2B B0 D7 8A 56 B4 02 7C E0 03 1F F8 C0 07 3E F0 81 0F 7C 98
[21:13:56.167] ADDR:0xEE TYPE:RC_CHANNELS_PACKED        LEN:26 | EE 18 16 E0 C3 5E 2B B2 D7 8A 56 B4 02 7C E0 03 1F F8 C0 07 3E F0 81 0F 7C E4
[21:13:56.197] ADDR:0xEE TYPE:RC_CHANNELS_PACKED        LEN:26 | EE 18 16 E0 C3 5E 2B B2 D7 8A 56 B4 02 7C E0 03 1F F8 C0 07 3E F0 81 0F 7C E4
[21:13:56.207] ADDR:0xEE TYPE:RC_CHANNELS_PACKED        LEN:26 | EE 18 16 E0 C3 5E 2B B2 D7 8A 56 B4 02 7C E0 03 1F F8 C0 07 3E F0 81 0F 7C E4
[21:13:56.228] ADDR:0xEE TYPE:RC_CHANNELS_PACKED        LEN:26 | EE 18 16 E0 C3 5E 2B B0 D7 8A 56 B4 02 7C E0 03 1F F8 C0 07 3E F0 81 0F 7C 98
[21:13:56.238] ADDR:0xEE TYPE:RC_CHANNELS_PACKED        LEN:26 | EE 18 16 E0 C3 5E 2B B2 D7 8A 56 B4 02 7C E0 03 1F F8 C0 07 3E F0 81 0F 7C E4
[21:13:56.278] ADDR:0xEE TYPE:RC_CHANNELS_PACKED        LEN:26 | EE 18 16 E0 C3 5E 2B B2 D7 8A 56 B4 02 7C E0 03 1F F8 C0 07 3E F0 81 0F 7C E4
[21:13:56.288] ADDR:0xEE TYPE:RC_CHANNELS_PACKED        LEN:26 | EE 18 16 E0 C3 5E 2B B2 D7 8A 56 B4 02 7C E0 03 1F F8 C0 07 3E F0 81 0F 7C E4
[21:13:56.309] ADDR:0xEE TYPE:RC_CHANNELS_PACKED        LEN:26 | EE 18 16 DF C3 5E 2B B2 D7 8A 56 B4 02 7C E0 03 1F F8 C0 07 3E F0 81 0F 7C 66
[21:13:56.319] ADDR:0xEE TYPE:RC_CHANNELS_PACKED        LEN:26 | EE 18 16 E0 C3 5E 2B B2 D7 8A 56 B4 02 7C E0 03 1F F8 C0 07 3E F0 81 0F 7C E4
[21:13:56.339] ADDR:0xEA TYPE:ELRS_STATUS               LEN:15 | EA 0D 3A EA EE 10 00 03 0D 40 00 00 01 36 E9
[21:13:56.359] ADDR:0xEE TYPE:RC_CHANNELS_PACKED        LEN:26 | EE 18 16 E0 C3 5E 2B B2 D7 8A 56 B4 02 7C E0 03 1F F8 C0 07 3E F0 81 0F 7C E4
[21:13:56.370] ADDR:0xEE TYPE:RC_CHANNELS_PACKED        LEN:26 | EE 18 16 E0 C3 5E 2B AE D7 8A 56 B4 02 7C E0 03 1F F8 C0 07 3E F0 81 0F 7C 73
[21:13:56.390] ADDR:0xEE TYPE:RC_CHANNELS_PACKED        LEN:26 | EE 18 16 E0 C3 5E 2B B2 D7 8A 56 B4 02 7C E0 03 1F F8 C0 07 3E F0 81 0F 7C E4
[21:13:56.400] ADDR:0xEE TYPE:RC_CHANNELS_PACKED        LEN:26 | EE 18 16 E0 C3 5E 2B B0 D7 8A 56 B4 02 7C E0 03 1F F8 C0 07 3E F0 81 0F 7C 98
[21:13:56.430] ADDR:0xEE TYPE:RC_CHANNELS_PACKED        LEN:26 | EE 18 16 E0 C3 5E 2B B0 D7 8A 56 B4 02 7C E0 03 1F F8 C0 07 3E F0 81 0F 7C 98
[21:13:56.451] ADDR:0xEE TYPE:RC_CHANNELS_PACKED        LEN:26 | EE 18 16 E0 C3 5E 2B B2 D7 8A 56 B4 02 7C E0 03 1F F8 C0 07 3E F0 81 0F 7C E4
[21:13:56.471] ADDR:0xEE TYPE:RC_CHANNELS_PACKED        LEN:26 | EE 18 16 E0 C3 5E 2B B0 D7 8A 56 B4 02 7C E0 03 1F F8 C0 07 3E F0 81 0F 7C 98
[21:13:56.481] ADDR:0xEE TYPE:RC_CHANNELS_PACKED        LEN:26 | EE 18 16 DF C3 5E 2B B2 D7 8A 56 B4 02 7C E0 03 1F F8 C0 07 3E F0 81 0F 7C 66
[21:13:56.511] ADDR:0xEE TYPE:RC_CHANNELS_PACKED        LEN:26 | EE 18 16 E0 C3 5E 2B B0 D7 8A 56 B4 02 7C E0 03 1F F8 C0 07 3E F0 81 0F 7C 98
[21:13:56.532] ADDR:0xEE TYPE:RC_CHANNELS_PACKED        LEN:26 | EE 18 16 E0 C3 5E 2B B2 D7 8A 56 B4 02 7C E0 03 1F F8 C0 07 3E F0 81 0F 7C E4
[21:13:56.532] ADDR:0xEA TYPE:ELRS_STATUS               LEN:15 | EA 0D 3A EA EE 10 00 03 0D 40 00 00 00 14 39
[21:13:56.542] ADDR:0xEE TYPE:RC_CHANNELS_PACKED        LEN:26 | EE 18 16 E0 C3 5E 2B B2 D7 8A 56 B4 02 7C E0 03 1F F8 C0 07 3E F0 81 0F 7C E4
[21:13:56.562] ADDR:0xEE TYPE:RC_CHANNELS_PACKED        LEN:26 | EE 18 16 E0 C3 5E 2B B2 D7 8A 56 B4 02 7C E0 03 1F F8 C0 07 3E F0 81 0F 7C E4
[21:13:56.593] ADDR:0xEE TYPE:RC_CHANNELS_PACKED        LEN:26 | EE 18 16 E0 C3 5E 2B B2 D7 8A 56 B4 02 7C E0 03 1F F8 C0 07 3E F0 81 0F 7C E4
[21:13:56.613] ADDR:0xEE TYPE:RC_CHANNELS_PACKED        LEN:26 | EE 18 16 E0 BB 5E 2B B0 D7 8A 56 B4 02 7C E0 03 1F F8 C0 07 3E F0 81 0F 7C 38
[21:13:56.623] ADDR:0xEE TYPE:RC_CHANNELS_PACKED        LEN:26 | EE 18 16 E0 C3 5E 2B B0 D7 8A 56 B4 02 7C E0 03 1F F8 C0 07 3E F0 81 0F 7C 98
[21:13:56.646] ADDR:0xEE TYPE:RC_CHANNELS_PACKED        LEN:26 | EE 18 16 E0 C3 5E 2B B0 D7 8A 56 B4 02 7C E0 03 1F F8 C0 07 3E F0 81 0F 7C 98
[21:13:56.677] ADDR:0xEE TYPE:RC_CHANNELS_PACKED        LEN:26 | EE 18 16 E0 C3 5E 2B B2 D7 8A 56 B4 02 7C E0 03 1F F8 C0 07 3E F0 81 0F 7C E4
[21:13:56.687] ADDR:0xEE TYPE:RC_CHANNELS_PACKED        LEN:26 | EE 18 16 E0 C3 5E 2B B0 D7 8A 56 B4 02 7C E0 03 1F F8 C0 07 3E F0 81 0F 7C 98
[21:13:56.707] ADDR:0xEE TYPE:RC_CHANNELS_PACKED        LEN:26 | EE 18 16 E0 C3 5E 2B B2 D7 8A 56 B4 02 7C E0 03 1F F8 C0 07 3E F0 81 0F 7C E4
[21:13:56.727] ADDR:0xEE TYPE:RC_CHANNELS_PACKED        LEN:26 | EE 18 16 E0 C3 5E 2B B2 D7 8A 56 B4 02 7C E0 03 1F F8 C0 07 3E F0 81 0F 7C E4
[21:13:56.737] ADDR:0xEA TYPE:ELRS_STATUS               LEN:15 | EA 0D 3A EA EE 10 00 03 0D 40 00 00 00 F0 11
[21:13:56.758] ADDR:0xEE TYPE:RC_CHANNELS_PACKED        LEN:26 | EE 18 16 E0 C3 5E 2B B4 D7 8A 56 B4 02 7C E0 03 1F F8 C0 07 3E F0 81 0F 7C 60
[21:13:56.768] ADDR:0xEE TYPE:RC_CHANNELS_PACKED        LEN:26 | EE 18 16 E0 C3 5E 2B B0 D7 8A 56 B4 02 7C E0 03 1F F8 C0 07 3E F0 81 0F 7C 98
[21:13:56.788] ADDR:0xEE TYPE:RC_CHANNELS_PACKED        LEN:26 | EE 18 16 E0 C3 5E 2B B2 D7 8A 56 B4 02 7C E0 03 1F F8 C0 07 3E F0 81 0F 7C E4
[21:13:56.798] ADDR:0xEE TYPE:RC_CHANNELS_PACKED        LEN:26 | EE 18 16 E0 C3 5E 2B B2 D7 8A 56 B4 02 7C E0 03 1F F8 C0 07 3E F0 81 0F 7C E4
[21:13:56.839] ADDR:0xEE TYPE:RC_CHANNELS_PACKED        LEN:26 | EE 18 16 E0 BB 5E 2B B4 D7 8A 56 B4 02 7C E0 03 1F F8 C0 07 3E F0 81 0F 7C C0
[21:13:56.849] ADDR:0xEE TYPE:RC_CHANNELS_PACKED        LEN:26 | EE 18 16 E0 C3 5E 2B AE D7 8A 56 B4 02 7C E0 03 1F F8 C0 07 3E F0 81 0F 7C 73
[21:13:56.869] ADDR:0xEE TYPE:RC_CHANNELS_PACKED        LEN:26 | EE 18 16 E0 C3 5E 2B B0 D7 8A 56 B4 02 7C E0 03 1F F8 C0 07 3E F0 81 0F 7C 98
[21:13:56.880] ADDR:0xEE TYPE:RC_CHANNELS_PACKED        LEN:26 | EE 18 16 E0 C3 5E 2B B2 D7 8A 56 B4 02 7C E0 03 1F F8 C0 07 3E F0 81 0F 7C E4
[21:13:56.910] ADDR:0xEE TYPE:RC_CHANNELS_PACKED        LEN:26 | EE 18 16 E0 C3 5E 2B B2 D7 8A 56 B4 02 7C E0 03 1F F8 C0 07 3E F0 81 0F 7C E4
[21:13:56.930] ADDR:0xEE TYPE:RC_CHANNELS_PACKED        LEN:26 | EE 18 16 E0 C3 5E 2B B0 D7 8A 56 B4 02 7C E0 03 1F F8 C0 07 3E F0 81 0F 7C 98
[21:13:56.930] ADDR:0xEA TYPE:ELRS_STATUS               LEN:15 | EA 0D 3A EA EE 10 00 03 0D 40 00 00 00 78 D7
[21:13:56.951] ADDR:0xEE TYPE:RC_CHANNELS_PACKED        LEN:26 | EE 18 16 E0 C3 5E 2B B2 D7 8A 56 B4 02 7C E0 03 1F F8 C0 07 3E F0 81 0F 7C E4
[21:13:56.961] ADDR:0xEE TYPE:RC_CHANNELS_PACKED        LEN:26 | EE 18 16 E0 BB 5E 2B B0 D7 8A 56 B4 02 7C E0 03 1F F8 C0 07 3E F0 81 0F 7C 38
[21:13:56.992] ADDR:0xEE TYPE:RC_CHANNELS_PACKED        LEN:26 | EE 18 16 E0 C3 5E 2B B2 D7 8A 56 B4 02 7C E0 03 1F F8 C0 07 3E F0 81 0F 7C E4
[21:13:57.012] ADDR:0xEE TYPE:RC_CHANNELS_PACKED        LEN:26 | EE 18 16 E0 C3 5E 2B B2 D7 8A 56 B4 02 7C E0 03 1F F8 C0 07 3E F0 81 0F 7C E4
[21:13:57.022] ADDR:0xEE TYPE:RC_CHANNELS_PACKED        LEN:26 | EE 18 16 E0 C3 5E 2B B4 D7 8A 56 B4 02 7C E0 03 1F F8 C0 07 3E F0 81 0F 7C 60
[21:13:57.042] ADDR:0xEE TYPE:RC_CHANNELS_PACKED        LEN:26 | EE 18 16 E0 BB 5E 2B B2 D7 8A 56 B4 02 7C E0 03 1F F8 C0 07 3E F0 81 0F 7C 44
[21:13:57.075] ADDR:0xEE TYPE:RC_CHANNELS_PACKED        LEN:26 | EE 18 16 E0 C3 5E 2B B2 D7 8A 56 B4 02 7C E0 03 1F F8 C0 07 3E F0 81 0F 7C E4
[21:13:57.089] ADDR:0xEE TYPE:RC_CHANNELS_PACKED        LEN:26 | EE 18 16 E0 C3 5E 2B B0 D7 8A 56 B4 02 7C E0 03 1F F8 C0 07 3E F0 81 0F 7C 98
[21:13:57.109] ADDR:0xEE TYPE:RC_CHANNELS_PACKED        LEN:26 | EE 18 16 E0 C3 5E 2B B2 D7 8A 56 B4 02 7C E0 03 1F F8 C0 07 3E F0 81 0F 7C E4
[21:13:57.119] ADDR:0xEE TYPE:RC_CHANNELS_PACKED        LEN:26 | EE 18 16 E0 BB 5E 2B B2 D7 8A 56 B4 02 7C E0 03 1F F8 C0 07 3E F0 81 0F 7C 44
[21:13:57.140] ADDR:0xEA TYPE:ELRS_STATUS               LEN:15 | EA 0D 3A EA EE 10 00 03 0D 40 00 00 00 F0 11
[21:13:57.150] ADDR:0xEE TYPE:RC_CHANNELS_PACKED        LEN:26 | EE 18 16 E0 C3 5E 2B B0 D7 8A 56 B4 02 7C E0 03 1F F8 C0 07 3E F0 81 0F 7C 98
[21:13:57.170] ADDR:0xEE TYPE:RC_CHANNELS_PACKED        LEN:26 | EE 18 16 E0 C3 5E 2B B2 D7 8A 56 B4 02 7C E0 03 1F F8 C0 07 3E F0 81 0F 7C E4
[21:13:57.190] ADDR:0xEE TYPE:RC_CHANNELS_PACKED        LEN:26 | EE 18 16 E0 C3 5E 2B B2 D7 8A 56 B4 02 7C E0 03 1F F8 C0 07 3E F0 81 0F 7C E4
[21:13:57.200] ADDR:0xEE TYPE:RC_CHANNELS_PACKED        LEN:26 | EE 18 16 E0 C3 5E 2B B0 D7 8A 56 B4 02 7C E0 03 1F F8 C0 07 3E F0 81 0F 7C 98
[21:13:57.231] ADDR:0xEE TYPE:RC_CHANNELS_PACKED        LEN:26 | EE 18 16 E0 BB 5E 2B B2 D7 8A 56 B4 02 7C E0 03 1F F8 C0 07 3E F0 81 0F 7C 44
[21:13:57.251] ADDR:0xEE TYPE:RC_CHANNELS_PACKED        LEN:26 | EE 18 16 E0 C3 5E 2B B2 D7 8A 56 B4 02 7C E0 03 1F F8 C0 07 3E F0 81 0F 7C E4
[21:13:57.271] ADDR:0xEE TYPE:RC_CHANNELS_PACKED        LEN:26 | EE 18 16 E0 C3 5E 2B B0 D7 8A 56 B4 02 7C E0 03 1F F8 C0 07 3E F0 81 0F 7C 98
[21:13:57.285] ADDR:0xEE TYPE:RC_CHANNELS_PACKED        LEN:26 | EE 18 16 DF C3 5E 2B B2 D7 8A 56 B4 02 7C E0 03 1F F8 C0 07 3E F0 81 0F 7C 66
[21:13:57.315] ADDR:0xEE TYPE:RC_CHANNELS_PACKED        LEN:26 | EE 18 16 E0 BB 5E 2B AE D7 8A 56 B4 02 7C E0 03 1F F8 C0 07 3E F0 81 0F 7C D3
[21:13:57.335] ADDR:0xEE TYPE:RC_CHANNELS_PACKED        LEN:26 | EE 18 16 E0 C3 5E 2B B2 D7 8A 56 B4 02 7C E0 03 1F F8 C0 07 3E F0 81 0F 7C E4
[21:13:57.335] ADDR:0xEA TYPE:ELRS_STATUS               LEN:15 | EA 0D 3A EA EE 10 00 03 0D 40 00 00 00 DC 62
[21:13:57.345] ADDR:0xEE TYPE:RC_CHANNELS_PACKED        LEN:26 | EE 18 16 E0 C3 5E 2B B2 D7 8A 56 B4 02 7C E0 03 1F F8 C0 07 3E F0 81 0F 7C E4
[21:13:57.366] ADDR:0xEE TYPE:PARAMETER_WRITE           LEN:08 | EE 06 2D EE EA 08 00 63
[21:13:57.396] ADDR:0xEE TYPE:RC_CHANNELS_PACKED        LEN:26 | EE 18 16 E0 C3 5E 2B B2 D7 8A 56 B4 02 7C E0 03 1F F8 C0 07 3E F0 81 0F 7C E4
[21:13:57.406] ADDR:0xEE TYPE:RC_CHANNELS_PACKED        LEN:26 | EE 18 16 E0 C3 5E 2B B2 D7 8A 56 B4 02 7C E0 03 1F F8 C0 07 3E F0 81 0F 7C E4
[21:13:57.426] ADDR:0xEE TYPE:RC_CHANNELS_PACKED        LEN:26 | EE 18 16 E0 C3 5E 2B B2 D7 8A 56 B4 02 7C E0 03 1F F8 C0 07 3E F0 81 0F 7C E4
[21:13:57.447] ADDR:0xEE TYPE:RC_CHANNELS_PACKED        LEN:26 | EE 18 16 E0 C3 5E 2B B2 D7 8A 56 B4 02 7C E0 03 1F F8 C0 07 3E F0 81 0F 7C E4
[21:13:57.477] ADDR:0xEE TYPE:RC_CHANNELS_PACKED        LEN:26 | EE 18 16 E0 C3 5E 2B B2 D7 8A 56 B4 02 7C E0 03 1F F8 C0 07 3E F0 81 0F 7C E4
[21:13:57.487] ADDR:0xEE TYPE:RC_CHANNELS_PACKED        LEN:26 | EE 18 16 E0 C3 5E 2B AE D7 8A 56 B4 02 7C E0 03 1F F8 C0 07 3E F0 81 0F 7C 73
[21:13:57.507] ADDR:0xEE TYPE:RC_CHANNELS_PACKED        LEN:26 | EE 18 16 E0 C3 5E 2B AE D7 8A 56 B4 02 7C E0 03 1F F8 C0 07 3E F0 81 0F 7C 73
[21:13:57.527] ADDR:0xEE TYPE:RC_CHANNELS_PACKED        LEN:26 | EE 18 16 E0 C3 5E 2B B0 D7 8A 56 B4 02 7C E0 03 1F F8 C0 07 3E F0 81 0F 7C 98
[21:13:57.538] ADDR:0xEA TYPE:ELRS_STATUS               LEN:15 | EA 0D 3A EA EE 10 00 03 0D 40 00 00 00 46 89
[21:13:57.558] ADDR:0xEE TYPE:RC_CHANNELS_PACKED        LEN:26 | EE 18 16 E0 C3 5E 2B B2 D7 8A 56 B4 02 7C E0 03 1F F8 C0 07 3E F0 81 0F 7C E4
[21:13:57.568] ADDR:0xEE TYPE:RC_CHANNELS_PACKED        LEN:26 | EE 18 16 DF C3 5E 2B B4 D7 8A 56 B4 02 7C E0 03 1F F8 C0 07 3E F0 81 0F 7C E2
[21:13:57.588] ADDR:0xEE TYPE:RC_CHANNELS_PACKED        LEN:26 | EE 18 16 E0 C3 5E 2B B4 D7 8A 56 B4 02 7C E0 03 1F F8 C0 07 3E F0 81 0F 7C 60
[21:13:57.599] ADDR:0xEE TYPE:RC_CHANNELS_PACKED        LEN:26 | EE 18 16 E0 C3 5E 2B B2 D7 8A 56 B4 02 7C E0 03 1F F8 C0 07 3E F0 81 0F 7C E4
[21:13:57.630] ADDR:0xEE TYPE:RC_CHANNELS_PACKED        LEN:26 | EE 18 16 DF C3 5E 2B B2 D7 8A 56 B4 02 7C E0 03 1F F8 C0 07 3E F0 81 0F 7C 66
[21:13:57.650] ADDR:0xEE TYPE:RC_CHANNELS_PACKED        LEN:26 | EE 18 16 E0 BB 5E 2B B0 D7 8A 56 B4 02 7C E0 03 1F F8 C0 07 3E F0 81 0F 7C 38
[21:13:57.670] ADDR:0xEE TYPE:RC_CHANNELS_PACKED        LEN:26 | EE 18 16 E0 BB 5E 2B B4 D7 8A 56 B4 02 7C E0 03 1F F8 C0 07 3E F0 81 0F 7C C0
[21:13:57.680] ADDR:0xEE TYPE:RC_CHANNELS_PACKED        LEN:26 | EE 18 16 E0 C3 5E 2B B2 D7 8A 56 B4 02 7C E0 03 1F F8 C0 07 3E F0 81 0F 7C E4
[21:13:57.711] ADDR:0xEE TYPE:RC_CHANNELS_PACKED        LEN:26 | EE 18 16 E0 C3 5E 2B B0 D7 8A 56 B4 02 7C E0 03 1F F8 C0 07 3E F0 81 0F 7C 98
[21:13:57.731] ADDR:0xEE TYPE:RC_CHANNELS_PACKED        LEN:26 | EE 18 16 E0 C3 5E 2B B2 D7 8A 56 B4 02 7C E0 03 1F F8 C0 07 3E F0 81 0F 7C E4
[21:13:57.731] ADDR:0xEA TYPE:ELRS_STATUS               LEN:15 | EA 0D 3A EA EE 10 00 03 0D 40 00 00 00 F0 11
[21:13:57.753] ADDR:0xEE TYPE:RC_CHANNELS_PACKED        LEN:26 | EE 18 16 E0 C3 5E 2B B0 D7 8A 56 B4 02 7C E0 03 1F F8 C0 07 3E F0 81 0F 7C 98
[21:13:57.763] ADDR:0xEE TYPE:RC_CHANNELS_PACKED        LEN:26 | EE 18 16 DF C3 5E 2B B2 D7 8A 56 B4 02 7C E0 03 1F F8 C0 07 3E F0 81 0F 7C 66
[21:13:57.793] ADDR:0xEE TYPE:RC_CHANNELS_PACKED        LEN:26 | EE 18 16 E0 C3 5E 2B B2 D7 8A 56 B4 02 7C E0 03 1F F8 C0 07 3E F0 81 0F 7C E4
[21:13:57.814] ADDR:0xEE TYPE:RC_CHANNELS_PACKED        LEN:26 | EE 18 16 E0 C3 5E 2B B2 D7 8A 56 B4 02 7C E0 03 1F F8 C0 07 3E F0 81 0F 7C E4
[21:13:57.824] ADDR:0xEE TYPE:RC_CHANNELS_PACKED        LEN:26 | EE 18 16 E0 C3 5E 2B B2 D7 8A 56 B4 02 7C E0 03 1F F8 C0 07 3E F0 81 0F 7C E4
[21:13:57.844] ADDR:0xEE TYPE:RC_CHANNELS_PACKED        LEN:26 | EE 18 16 E0 C3 5E 2B B2 D7 8A 56 B4 02 7C E0 03 1F F8 C0 07 3E F0 81 0F 7C E4
[21:13:57.875] ADDR:0xEE TYPE:RC_CHANNELS_PACKED        LEN:26 | EE 18 16 DF C3 5E 2B B2 D7 8A 56 B4 02 7C E0 03 1F F8 C0 07 3E F0 81 0F 7C 66
[21:13:57.895] ADDR:0xEE TYPE:RC_CHANNELS_PACKED        LEN:26 | EE 18 16 E0 C3 5E 2B B2 D7 8A 56 B4 02 7C E0 03 1F F8 C0 07 3E F0 81 0F 7C E4
[21:13:57.905] ADDR:0xEE TYPE:RC_CHANNELS_PACKED        LEN:26 | EE 18 16 E0 C3 5E 2B B0 D7 8A 56 B4 02 7C E0 03 1F F8 C0 07 3E F0 81 0F 7C 98
[21:13:57.925] ADDR:0xEE TYPE:RC_CHANNELS_PACKED        LEN:26 | EE 18 16 E0 C3 5E 2B B0 D7 8A 56 B4 02 7C E0 03 1F F8 C0 07 3E F0 81 0F 7C 98
[21:13:57.935] ADDR:0xEA TYPE:ELRS_STATUS               LEN:15 | EA 0D 3A EA EE 10 00 03 0D 40 00 00 00 6E 04
[21:13:57.956] ADDR:0xEE TYPE:RC_CHANNELS_PACKED        LEN:26 | EE 18 16 E0 C3 5E 2B B2 D7 8A 56 B4 02 7C E0 03 1F F8 C0 07 3E F0 81 0F 7C E4
[21:13:57.966] ADDR:0xEE TYPE:RC_CHANNELS_PACKED        LEN:26 | EE 18 16 E0 C3 5E 2B B4 D7 8A 56 B4 02 7C E0 03 1F F8 C0 07 3E F0 81 0F 7C 60
[21:13:57.986] ADDR:0xEE TYPE:RC_CHANNELS_PACKED        LEN:26 | EE 18 16 E0 C3 5E 2B B2 D7 8A 56 B4 02 7C E0 03 1F F8 C0 07 3E F0 81 0F 7C E4
[21:13:58.007] ADDR:0xEE TYPE:RC_CHANNELS_PACKED        LEN:26 | EE 18 16 E0 C3 5E 2B B2 D7 8A 56 B4 02 7C E0 03 1F F8 C0 07 3E F0 81 0F 7C E4
[21:13:58.037] ADDR:0xEE TYPE:RC_CHANNELS_PACKED        LEN:26 | EE 18 16 DF C3 5E 2B B0 D7 8A 56 B4 02 7C E0 03 1F F8 C0 07 3E F0 81 0F 7C 1A
[21:13:58.047] ADDR:0xEE TYPE:RC_CHANNELS_PACKED        LEN:26 | EE 18 16 E0 C3 5E 2B B2 D7 8A 56 B4 02 7C E0 03 1F F8 C0 07 3E F0 81 0F 7C E4
[21:13:58.067] ADDR:0xEE TYPE:RC_CHANNELS_PACKED        LEN:26 | EE 18 16 DF C3 5E 2B AE D7 8A 56 B4 02 7C E0 03 1F F8 C0 07 3E F0 81 0F 7C F1
[21:13:58.088] ADDR:0xEE TYPE:RC_CHANNELS_PACKED        LEN:26 | EE 18 16 E0 C3 5E 2B B2 D7 8A 56 B4 02 7C E0 03 1F F8 C0 07 3E F0 81 0F 7C E4
[21:13:58.118] ADDR:0xEE TYPE:RC_CHANNELS_PACKED        LEN:26 | EE 18 16 E0 C3 5E 2B B2 D7 8A 56 B4 02 7C E0 03 1F F8 C0 07 3E F0 81 0F 7C E4
[21:13:58.128] ADDR:0xEE TYPE:RC_CHANNELS_PACKED        LEN:26 | EE 18 16 E0 C3 5E 2B B0 D7 8A 56 B4 02 7C E0 03 1F F8 C0 07 3E F0 81 0F 7C 98
[21:13:58.128] ADDR:0xEA TYPE:ELRS_STATUS               LEN:15 | EA 0D 3A EA EE 10 00 03 0D 40 00 00 01 A4 2B
[21:13:58.149] ADDR:0xEE TYPE:RC_CHANNELS_PACKED        LEN:26 | EE 18 16 E0 C3 5E 2B B2 D7 8A 56 B4 02 7C E0 03 1F F8 C0 07 3E F0 81 0F 7C E4
[21:13:58.159] ADDR:0xEE TYPE:RC_CHANNELS_PACKED        LEN:26 | EE 18 16 E0 C3 5E 2B B0 D7 8A 56 B4 02 7C E0 03 1F F8 C0 07 3E F0 81 0F 7C 98
[21:13:58.190] ADDR:0xEE TYPE:RC_CHANNELS_PACKED        LEN:26 | EE 18 16 E0 C3 5E 2B B2 D7 8A 56 B4 02 7C E0 03 1F F8 C0 07 3E F0 81 0F 7C E4
[21:13:58.210] ADDR:0xEE TYPE:RC_CHANNELS_PACKED        LEN:26 | EE 18 16 E0 C3 5E 2B B2 D7 8A 56 B4 02 7C E0 03 1F F8 C0 07 3E F0 81 0F 7C E4
[21:13:58.230] ADDR:0xEE TYPE:RC_CHANNELS_PACKED        LEN:26 | EE 18 16 E0 C3 5E 2B B2 D7 8A 56 B4 02 7C E0 03 1F F8 C0 07 3E F0 81 0F 7C E4
[21:13:58.240] ADDR:0xEE TYPE:RC_CHANNELS_PACKED        LEN:26 | EE 18 16 E0 C3 5E 2B B2 D7 8A 56 B4 02 7C E0 03 1F F8 C0 07 3E F0 81 0F 7C E4
[21:13:58.271] ADDR:0xEE TYPE:RC_CHANNELS_PACKED        LEN:26 | EE 18 16 E0 C3 5E 2B B2 D7 8A 56 B4 02 7C E0 03 1F F8 C0 07 3E F0 81 0F 7C E4
[21:13:58.291] ADDR:0xEE TYPE:RC_CHANNELS_PACKED        LEN:26 | EE 18 16 E0 C3 5E 2B B2 D7 8A 56 B4 02 7C E0 03 1F F8 C0 07 3E F0 81 0F 7C E4
[21:13:58.312] ADDR:0xEE TYPE:RC_CHANNELS_PACKED        LEN:26 | EE 18 16 E0 C3 5E 2B B0 D7 8A 56 B4 02 7C E0 03 1F F8 C0 07 3E F0 81 0F 7C 98
[21:13:58.322] ADDR:0xEE TYPE:RC_CHANNELS_PACKED        LEN:26 | EE 18 16 E0 C3 5E 2B B2 D7 8A 56 B4 02 7C E0 03 1F F8 C0 07 3E F0 81 0F 7C E4
[21:13:58.342] ADDR:0xEA TYPE:ELRS_STATUS               LEN:15 | EA 0D 3A EA EE 10 00 03 0D 40 00 00 00 5A 0C
[21:13:58.352] ADDR:0xEE TYPE:RC_CHANNELS_PACKED        LEN:26 | EE 18 16 E0 C3 5E 2B B2 D7 8A 56 B4 02 7C E0 03 1F F8 C0 07 3E F0 81 0F 7C E4
[21:13:58.372] ADDR:0xEE TYPE:RC_CHANNELS_PACKED        LEN:26 | EE 18 16 E0 C3 5E 2B B0 D7 8A 56 B4 02 7C E0 03 1F F8 C0 07 3E F0 81 0F 7C 98
[21:13:58.383] ADDR:0xEE TYPE:RC_CHANNELS_PACKED        LEN:26 | EE 18 16 E0 C3 5E 2B B2 D7 8A 56 B4 02 7C E0 03 1F F8 C0 07 3E F0 81 0F 7C E4
[21:13:58.403] ADDR:0xEE TYPE:RC_CHANNELS_PACKED        LEN:26 | EE 18 16 E0 C3 5E 2B B2 D7 8A 56 B4 02 7C E0 03 1F F8 C0 07 3E F0 81 0F 7C E4
[21:13:58.433] ADDR:0xEE TYPE:RC_CHANNELS_PACKED        LEN:26 | EE 18 16 E0 C3 5E 2B B2 D7 8A 56 B4 02 7C E0 03 1F F8 C0 07 3E F0 81 0F 7C E4
[21:13:58.453] ADDR:0xEE TYPE:RC_CHANNELS_PACKED        LEN:26 | EE 18 16 E0 C3 5E 2B B2 D7 8A 56 B4 02 7C E0 03 1F F8 C0 07 3E F0 81 0F 7C E4
[21:13:58.464] ADDR:0xEE TYPE:RC_CHANNELS_PACKED        LEN:26 | EE 18 16 E0 C3 5E 2B B2 D7 8A 56 B4 02 7C E0 03 1F F8 C0 07 3E F0 81 0F 7C E4
[21:13:58.484] ADDR:0xEE TYPE:RC_CHANNELS_PACKED        LEN:26 | EE 18 16 E0 C3 5E 2B B2 D7 8A 56 B4 02 7C E0 03 1F F8 C0 07 3E F0 81 0F 7C E4
[21:13:58.514] ADDR:0xEE TYPE:RC_CHANNELS_PACKED        LEN:26 | EE 18 16 E0 C3 5E 2B AE D7 8A 56 B4 02 7C E0 03 1F F8 C0 07 3E F0 81 0F 7C 73
[21:13:58.534] ADDR:0xEE TYPE:RC_CHANNELS_PACKED        LEN:26 | EE 18 16 E0 C3 5E 2B B2 D7 8A 56 B4 02 7C E0 03 1F F8 C0 07 3E F0 81 0F 7C E4
[21:13:58.534] ADDR:0xEA TYPE:ELRS_STATUS               LEN:15 | EA 0D 3A EA EE 10 00 03 0D 40 FF FF FF 38 92
[21:13:58.545] ADDR:0xEE TYPE:RC_CHANNELS_PACKED        LEN:26 | EE 18 16 E0 C3 5E 2B B2 D7 8A 56 B4 02 7C E0 03 1F F8 C0 07 3E F0 81 0F 7C E4
[21:13:58.565] ADDR:0xEE TYPE:RC_CHANNELS_PACKED        LEN:26 | EE 18 16 E0 C3 5E 2B AE D7 8A 56 B4 02 7C E0 03 1F F8 C0 07 3E F0 81 0F 7C 73
[21:13:58.595] ADDR:0xEE TYPE:RC_CHANNELS_PACKED        LEN:26 | EE 18 16 E0 C3 5E 2B B2 D7 8A 56 B4 02 7C E0 03 1F F8 C0 07 3E F0 81 0F 7C E4
[21:13:58.616] ADDR:0xEE TYPE:RC_CHANNELS_PACKED        LEN:26 | EE 18 16 E0 C3 5E 2B B2 D7 8A 56 B4 02 7C E0 03 1F F8 C0 07 3E F0 81 0F 7C E4
[21:13:58.626] ADDR:0xEE TYPE:RC_CHANNELS_PACKED        LEN:26 | EE 18 16 E0 C3 5E 2B B2 D7 8A 56 B4 02 7C E0 03 1F F8 C0 07 3E F0 81 0F 7C E4
[21:13:58.646] ADDR:0xEE TYPE:RC_CHANNELS_PACKED        LEN:26 | EE 18 16 E0 C3 5E 2B B2 D7 8A 56 B4 02 7C E0 03 1F F8 C0 07 3E F0 81 0F 7C E4
[21:13:58.677] ADDR:0xEE TYPE:RC_CHANNELS_PACKED        LEN:26 | EE 18 16 E0 D3 5E 2B B2 D7 8A 56 B4 02 7C E0 03 1F F8 C0 07 3E F0 81 0F 7C B5
[21:13:58.687] ADDR:0xEE TYPE:RC_CHANNELS_PACKED        LEN:26 | EE 18 16 E0 C3 5E 2B B2 D7 8A 56 B4 02 7C E0 03 1F F8 C0 07 3E F0 81 0F 7C E4
[21:13:58.707] ADDR:0xEE TYPE:RC_CHANNELS_PACKED        LEN:26 | EE 18 16 E0 C3 5E 2B B2 D7 8A 56 B4 02 7C E0 03 1F F8 C0 07 3E F0 81 0F 7C E4
[21:13:58.727] ADDR:0xEE TYPE:RC_CHANNELS_PACKED        LEN:26 | EE 18 16 E0 C3 5E 2B B0 D7 8A 56 B4 02 7C E0 03 1F F8 C0 07 3E F0 81 0F 7C 98
[21:13:58.738] ADDR:0xEA TYPE:ELRS_STATUS               LEN:15 | EA 0D 3A EA EE 10 00 03 0D 40 00 00 01 F4 E4
[21:13:58.758] ADDR:0xEE TYPE:RC_CHANNELS_PACKED        LEN:26 | EE 18 16 E0 BB 5E 2B B2 D7 8A 56 B4 02 7C E0 03 1F F8 C0 07 3E F0 81 0F 7C 44
[21:13:58.768] ADDR:0xEE TYPE:RC_CHANNELS_PACKED        LEN:26 | EE 18 16 E0 C3 5E 2B B2 D7 8A 56 B4 02 7C E0 03 1F F8 C0 07 3E F0 81 0F 7C E4
[21:13:58.788] ADDR:0xEE TYPE:RC_CHANNELS_PACKED        LEN:26 | EE 18 16 E0 C3 5E 2B B2 D7 8A 56 B4 02 7C E0 03 1F F8 C0 07 3E F0 81 0F 7C E4
[21:13:58.798] ADDR:0xEE TYPE:RC_CHANNELS_PACKED        LEN:26 | EE 18 16 E0 C3 5E 2B B2 D7 8A 56 B4 02 7C E0 03 1F F8 C0 07 3E F0 81 0F 7C E4
[21:13:58.839] ADDR:0xEE TYPE:RC_CHANNELS_PACKED        LEN:26 | EE 18 16 E0 C3 5E 2B B2 D7 8A 56 B4 02 7C E0 03 1F F8 C0 07 3E F0 81 0F 7C E4
[21:13:58.849] ADDR:0xEE TYPE:RC_CHANNELS_PACKED        LEN:26 | EE 18 16 E0 C3 5E 2B B2 D7 8A 56 B4 02 7C E0 03 1F F8 C0 07 3E F0 81 0F 7C E4
[21:13:58.869] ADDR:0xEE TYPE:RC_CHANNELS_PACKED        LEN:26 | EE 18 16 E0 C3 5E 2B B0 D7 8A 56 B4 02 7C E0 03 1F F8 C0 07 3E F0 81 0F 7C 98
[21:13:58.880] ADDR:0xEE TYPE:RC_CHANNELS_PACKED        LEN:26 | EE 18 16 E0 C3 5E 2B B2 D7 8A 56 B4 02 7C E0 03 1F F8 C0 07 3E F0 81 0F 7C E4
[21:13:58.910] ADDR:0xEE TYPE:RC_CHANNELS_PACKED        LEN:26 | EE 18 16 E0 C3 5E 2B B2 D7 8A 56 B4 02 7C E0 03 1F F8 C0 07 3E F0 81 0F 7C E4
[21:13:58.930] ADDR:0xEE TYPE:RC_CHANNELS_PACKED        LEN:26 | EE 18 16 E0 C3 5E 2B B0 D7 8A 56 B4 02 7C E0 03 1F F8 C0 07 3E F0 81 0F 7C 98
[21:13:58.931] ADDR:0xEA TYPE:ELRS_STATUS               LEN:15 | EA 0D 3A EA EE 10 00 03 0D 40 00 00 00 64 52
[21:13:58.951] ADDR:0xEE TYPE:RC_CHANNELS_PACKED        LEN:26 | EE 18 16 E0 BB 5E 2B B2 D7 8A 56 B4 02 7C E0 03 1F F8 C0 07 3E F0 81 0F 7C 44
[21:13:58.961] ADDR:0xEE TYPE:RC_CHANNELS_PACKED        LEN:26 | EE 18 16 E0 C3 5E 2B B4 D7 8A 56 B4 02 7C E0 03 1F F8 C0 07 3E F0 81 0F 7C 60
[21:13:58.993] ADDR:0xEE TYPE:RC_CHANNELS_PACKED        LEN:26 | EE 18 16 E0 BB 5E 2B B2 D7 8A 56 B4 02 7C E0 03 1F F8 C0 07 3E F0 81 0F 7C 44
[21:13:59.013] ADDR:0xEE TYPE:RC_CHANNELS_PACKED        LEN:26 | EE 18 16 E0 C3 5E 2B B0 D7 8A 56 B4 02 7C E0 03 1F F8 C0 07 3E F0 81 0F 7C 98
[21:13:59.023] ADDR:0xEE TYPE:RC_CHANNELS_PACKED        LEN:26 | EE 18 16 E0 C3 5E 2B B2 D7 8A 56 B4 02 7C E0 03 1F F8 C0 07 3E F0 81 0F 7C E4
[21:13:59.044] ADDR:0xEE TYPE:RC_CHANNELS_PACKED        LEN:26 | EE 18 16 E0 C3 5E 2B B2 D7 8A 56 B4 02 7C E0 03 1F F8 C0 07 3E F0 81 0F 7C E4
[21:13:59.074] ADDR:0xEE TYPE:RC_CHANNELS_PACKED        LEN:26 | EE 18 16 E0 C3 5E 2B B2 D7 8A 56 B4 02 7C E0 03 1F F8 C0 07 3E F0 81 0F 7C E4
[21:13:59.095] ADDR:0xEE TYPE:RC_CHANNELS_PACKED        LEN:26 | EE 18 16 E0 C3 5E 2B B2 D7 8A 56 B4 02 7C E0 03 1F F8 C0 07 3E F0 81 0F 7C E4
[21:13:59.105] ADDR:0xEE TYPE:RC_CHANNELS_PACKED        LEN:26 | EE 18 16 E0 C3 5E 2B B0 D7 8A 56 B4 02 7C E0 03 1F F8 C0 07 3E F0 81 0F 7C 98
[21:13:59.125] ADDR:0xEE TYPE:RC_CHANNELS_PACKED        LEN:26 | EE 18 16 E0 C3 5E 2B B2 D7 8A 56 B4 02 7C E0 03 1F F8 C0 07 3E F0 81 0F 7C E4
[21:13:59.136] ADDR:0xEA TYPE:ELRS_STATUS               LEN:15 | EA 0D 3A EA EE 10 00 03 0D 40 00 00 00 96 A9
[21:13:59.156] ADDR:0xEE TYPE:RC_CHANNELS_PACKED        LEN:26 | EE 18 16 E0 C3 5E 2B B2 D7 8A 56 B4 02 7C E0 03 1F F8 C0 07 3E F0 81 0F 7C E4
[21:13:59.166] ADDR:0xEE TYPE:RC_CHANNELS_PACKED        LEN:26 | EE 18 16 E0 C3 5E 2B B0 D7 8A 56 B4 02 7C E0 03 1F F8 C0 07 3E F0 81 0F 7C 98
[21:13:59.186] ADDR:0xEE TYPE:RC_CHANNELS_PACKED        LEN:26 | EE 18 16 E0 C3 5E 2B B2 D7 8A 56 B4 02 7C E0 03 1F F8 C0 07 3E F0 81 0F 7C E4
[21:13:59.206] ADDR:0xEE TYPE:RC_CHANNELS_PACKED        LEN:26 | EE 18 16 E0 C3 5E 2B B2 D7 8A 56 B4 02 7C E0 03 1F F8 C0 07 3E F0 81 0F 7C E4
[21:13:59.237] ADDR:0xEE TYPE:RC_CHANNELS_PACKED        LEN:26 | EE 18 16 E0 C3 5E 2B B2 D7 8A 56 B4 02 7C E0 03 1F F8 C0 07 3E F0 81 0F 7C E4
[21:13:59.247] ADDR:0xEE TYPE:RC_CHANNELS_PACKED        LEN:26 | EE 18 16 E0 C3 5E 2B B2 D7 8A 56 B4 02 7C E0 03 1F F8 C0 07 3E F0 81 0F 7C E4
[21:13:59.267] ADDR:0xEE TYPE:RC_CHANNELS_PACKED        LEN:26 | EE 18 16 E0 C3 5E 2B B0 D7 8A 56 B4 02 7C E0 03 1F F8 C0 07 3E F0 81 0F 7C 98
[21:13:59.281] ADDR:0xEE TYPE:RC_CHANNELS_PACKED        LEN:26 | EE 18 16 E0 C3 5E 2B B2 D7 8A 56 B4 02 7C E0 03 1F F8 C0 07 3E F0 81 0F 7C E4
[21:13:59.311] ADDR:0xEE TYPE:RC_CHANNELS_PACKED        LEN:26 | EE 18 16 E0 C3 5E 2B B2 D7 8A 56 B4 02 7C E0 03 1F F8 C0 07 3E F0 81 0F 7C E4
[21:13:59.332] ADDR:0xEE TYPE:RC_CHANNELS_PACKED        LEN:26 | EE 18 16 E0 C3 5E 2B B2 D7 8A 56 B4 02 7C E0 03 1F F8 C0 07 3E F0 81 0F 7C E4
[21:13:59.332] ADDR:0xEA TYPE:ELRS_STATUS               LEN:15 | EA 0D 3A EA EE 10 00 03 0D 40 00 00 00 6E 04
[21:13:59.342] ADDR:0xEE TYPE:RC_CHANNELS_PACKED        LEN:26 | EE 18 16 E0 BB 5E 2B B2 D7 8A 56 B4 02 7C E0 03 1F F8 C0 07 3E F0 81 0F 7C 44
[21:13:59.362] ADDR:0xEE TYPE:RC_CHANNELS_PACKED        LEN:26 | EE 18 16 E0 C3 5E 2B B2 D7 8A 56 B4 02 7C E0 03 1F F8 C0 07 3E F0 81 0F 7C E4
[21:13:59.392] ADDR:0xEE TYPE:RC_CHANNELS_PACKED        LEN:26 | EE 18 16 E0 C3 5E 2B B2 D7 8A 56 B4 02 7C E0 03 1F F8 C0 07 3E F0 81 0F 7C E4
[21:13:59.412] ADDR:0xEE TYPE:RC_CHANNELS_PACKED        LEN:26 | EE 18 16 E0 C3 5E 2B B0 D7 8A 56 B4 02 7C E0 03 1F F8 C0 07 3E F0 81 0F 7C 98
[21:13:59.423] ADDR:0xEE TYPE:RC_CHANNELS_PACKED        LEN:26 | EE 18 16 E0 BB 5E 2B B2 D7 8A 56 B4 02 7C E0 03 1F F8 C0 07 3E F0 81 0F 7C 44
[21:13:59.443] ADDR:0xEE TYPE:RC_CHANNELS_PACKED        LEN:26 | EE 18 16 E0 C3 5E 2B B2 D7 8A 56 B4 02 7C E0 03 1F F8 C0 07 3E F0 81 0F 7C E4
[21:13:59.473] ADDR:0xEE TYPE:RC_CHANNELS_PACKED        LEN:26 | EE 18 16 E0 C3 5E 2B B2 D7 8A 56 B4 02 7C E0 03 1F F8 C0 07 3E F0 81 0F 7C E4
[21:13:59.493] ADDR:0xEE TYPE:RC_CHANNELS_PACKED        LEN:26 | EE 18 16 E0 C3 5E 2B B2 D7 8A 56 B4 02 7C E0 03 1F F8 C0 07 3E F0 81 0F 7C E4
[21:13:59.504] ADDR:0xEE TYPE:RC_CHANNELS_PACKED        LEN:26 | EE 18 16 E0 D3 5E 2B B0 D7 8A 56 B4 02 7C E0 03 1F F8 C0 07 3E F0 81 0F 7C C9
[21:13:59.524] ADDR:0xEE TYPE:RC_CHANNELS_PACKED        LEN:26 | EE 18 16 E0 C3 5E 2B B2 D7 8A 56 B4 02 7C E0 03 1F F8 C0 07 3E F0 81 0F 7C E4
[21:13:59.534] ADDR:0xEA TYPE:ELRS_STATUS               LEN:15 | EA 0D 3A EA EE 10 00 03 0D 40 00 00 00 5A 0C
[21:13:59.554] ADDR:0xEE TYPE:RC_CHANNELS_PACKED        LEN:26 | EE 18 16 E0 BB 5E 2B B2 D7 8A 56 B4 02 7C E0 03 1F F8 C0 07 3E F0 81 0F 7C 44
[21:13:59.575] ADDR:0xEE TYPE:RC_CHANNELS_PACKED        LEN:26 | EE 18 16 E0 C3 5E 2B B2 D7 8A 56 B4 02 7C E0 03 1F F8 C0 07 3E F0 81 0F 7C E4
[21:13:59.585] ADDR:0xEE TYPE:RC_CHANNELS_PACKED        LEN:26 | EE 18 16 DF C3 5E 2B B2 D7 8A 56 B4 02 7C E0 03 1F F8 C0 07 3E F0 81 0F 7C 66
[21:13:59.606] ADDR:0xEE TYPE:RC_CHANNELS_PACKED        LEN:26 | EE 18 16 E0 C3 5E 2B B2 D7 8A 56 B4 02 7C E0 03 1F F8 C0 07 3E F0 81 0F 7C E4
[21:13:59.636] ADDR:0xEE TYPE:RC_CHANNELS_PACKED        LEN:26 | EE 18 16 E0 C3 5E 2B B2 D7 8A 56 B4 02 7C E0 03 1F F8 C0 07 3E F0 81 0F 7C E4
[21:13:59.646] ADDR:0xEE TYPE:RC_CHANNELS_PACKED        LEN:26 | EE 18 16 E0 C3 5E 2B B4 D7 8A 56 B4 02 7C E0 03 1F F8 C0 07 3E F0 81 0F 7C 60
[21:13:59.666] ADDR:0xEE TYPE:RC_CHANNELS_PACKED        LEN:26 | EE 18 16 E0 C3 5E 2B B0 D7 8A 56 B4 02 7C E0 03 1F F8 C0 07 3E F0 81 0F 7C 98
[21:13:59.687] ADDR:0xEE TYPE:RC_CHANNELS_PACKED        LEN:26 | EE 18 16 E0 C3 5E 2B B0 D7 8A 56 B4 02 7C E0 03 1F F8 C0 07 3E F0 81 0F 7C 98
[21:13:59.717] ADDR:0xEE TYPE:RC_CHANNELS_PACKED        LEN:26 | EE 18 16 E0 C3 5E 2B B2 D7 8A 56 B4 02 7C E0 03 1F F8 C0 07 3E F0 81 0F 7C E4
[21:13:59.727] ADDR:0xEE TYPE:RC_CHANNELS_PACKED        LEN:26 | EE 18 16 E0 C3 5E 2B B2 D7 8A 56 B4 02 7C E0 03 1F F8 C0 07 3E F0 81 0F 7C E4
[21:13:59.727] ADDR:0xEA TYPE:ELRS_STATUS               LEN:15 | EA 0D 3A EA EE 10 00 03 0D 40 00 00 01 E0 48
[21:13:59.747] ADDR:0xEE TYPE:RC_CHANNELS_PACKED        LEN:26 | EE 18 16 E0 C3 5E 2B B2 D7 8A 56 B4 02 7C E0 03 1F F8 C0 07 3E F0 81 0F 7C E4
[21:13:59.758] ADDR:0xEE TYPE:RC_CHANNELS_PACKED        LEN:26 | EE 18 16 E0 C3 5E 2B B2 D7 8A 56 B4 02 7C E0 03 1F F8 C0 07 3E F0 81 0F 7C E4
[21:13:59.798] ADDR:0xEE TYPE:RC_CHANNELS_PACKED        LEN:26 | EE 18 16 E0 BB 5E 2B B2 D7 8A 56 B4 02 7C E0 03 1F F8 C0 07 3E F0 81 0F 7C 44
[21:13:59.808] ADDR:0xEE TYPE:RC_CHANNELS_PACKED        LEN:26 | EE 18 16 E0 BB 5E 2B B2 D7 8A 56 B4 02 7C E0 03 1F F8 C0 07 3E F0 81 0F 7C 44
[21:13:59.829] ADDR:0xEE TYPE:RC_CHANNELS_PACKED        LEN:26 | EE 18 16 E0 C3 5E 2B B4 D7 8A 56 B4 02 7C E0 03 1F F8 C0 07 3E F0 81 0F 7C 60
[21:13:59.839] ADDR:0xEE TYPE:RC_CHANNELS_PACKED        LEN:26 | EE 18 16 E0 BB 5E 2B B2 D7 8A 56 B4 02 7C E0 03 1F F8 C0 07 3E F0 81 0F 7C 44
[21:13:59.879] ADDR:0xEE TYPE:RC_CHANNELS_PACKED        LEN:26 | EE 18 16 E0 C3 5E 2B B0 D7 8A 56 B4 02 7C E0 03 1F F8 C0 07 3E F0 81 0F 7C 98
[21:13:59.889] ADDR:0xEE TYPE:RC_CHANNELS_PACKED        LEN:26 | EE 18 16 E0 C3 5E 2B B2 D7 8A 56 B4 02 7C E0 03 1F F8 C0 07 3E F0 81 0F 7C E4
[21:13:59.910] ADDR:0xEE TYPE:RC_CHANNELS_PACKED        LEN:26 | EE 18 16 E0 C3 5E 2B B0 D7 8A 56 B4 02 7C E0 03 1F F8 C0 07 3E F0 81 0F 7C 98
[21:13:59.920] ADDR:0xEE TYPE:RC_CHANNELS_PACKED        LEN:26 | EE 18 16 E0 C3 5E 2B B2 D7 8A 56 B4 02 7C E0 03 1F F8 C0 07 3E F0 81 0F 7C E4
[21:13:59.940] ADDR:0xEA TYPE:ELRS_STATUS               LEN:15 | EA 0D 3A EA EE 10 00 03 0D 40 FF FF FF 60 74
[21:13:59.950] ADDR:0xEE TYPE:RC_CHANNELS_PACKED        LEN:26 | EE 18 16 E0 C3 5E 2B B2 D7 8A 56 B4 02 7C E0 03 1F F8 C0 07 3E F0 81 0F 7C E4
[21:13:59.971] ADDR:0xEE TYPE:RC_CHANNELS_PACKED        LEN:26 | EE 18 16 E0 C3 5E 2B B2 D7 8A 56 B4 02 7C E0 03 1F F8 C0 07 3E F0 81 0F 7C E4
[21:13:59.991] ADDR:0xEE TYPE:RC_CHANNELS_PACKED        LEN:26 | EE 18 16 E0 BB 5E 2B B2 D7 8A 56 B4 02 7C E0 03 1F F8 C0 07 3E F0 81 0F 7C 44
[21:14:00.001] ADDR:0xEE TYPE:RC_CHANNELS_PACKED        LEN:26 | EE 18 16 E0 C3 5E 2B AE D7 8A 56 B4 02 7C E0 03 1F F8 C0 07 3E F0 81 0F 7C 73
[21:14:00.031] ADDR:0xEE TYPE:RC_CHANNELS_PACKED        LEN:26 | EE 18 16 E0 C3 5E 2B B2 D7 8A 56 B4 02 7C E0 03 1F F8 C0 07 3E F0 81 0F 7C E4
[21:14:00.052] ADDR:0xEE TYPE:RC_CHANNELS_PACKED        LEN:26 | EE 18 16 E0 C3 5E 2B B2 D7 8A 56 B4 02 7C E0 03 1F F8 C0 07 3E F0 81 0F 7C E4
[21:14:00.062] ADDR:0xEE TYPE:RC_CHANNELS_PACKED        LEN:26 | EE 18 16 E0 C3 5E 2B B2 D7 8A 56 B4 02 7C E0 03 1F F8 C0 07 3E F0 81 0F 7C E4
[21:14:00.082] ADDR:0xEE TYPE:RC_CHANNELS_PACKED        LEN:26 | EE 18 16 E0 C3 5E 2B B2 D7 8A 56 B4 02 7C E0 03 1F F8 C0 07 3E F0 81 0F 7C E4
[21:14:00.112] ADDR:0xEE TYPE:RC_CHANNELS_PACKED        LEN:26 | EE 18 16 E0 C3 5E 2B B0 D7 8A 56 B4 02 7C E0 03 1F F8 C0 07 3E F0 81 0F 7C 98
[21:14:00.132] ADDR:0xEE TYPE:RC_CHANNELS_PACKED        LEN:26 | EE 18 16 E0 C3 5E 2B B2 D7 8A 56 B4 02 7C E0 03 1F F8 C0 07 3E F0 81 0F 7C E4
[21:14:00.143] ADDR:0xEE TYPE:RC_CHANNELS_PACKED        LEN:26 | EE 18 16 E0 C3 5E 2B B2 D7 8A 56 B4 02 7C E0 03 1F F8 C0 07 3E F0 81 0F 7C E4
[21:14:00.143] ADDR:0xEA TYPE:ELRS_STATUS               LEN:15 | EA 0D 3A EA EE 10 00 03 0D 40 00 00 00 C8 CE
[21:14:00.163] ADDR:0xEE TYPE:RC_CHANNELS_PACKED        LEN:26 | EE 18 16 E0 BB 5E 2B B2 D7 8A 56 B4 02 7C E0 03 1F F8 C0 07 3E F0 81 0F 7C 44
[21:14:00.193] ADDR:0xEE TYPE:RC_CHANNELS_PACKED        LEN:26 | EE 18 16 E0 C3 5E 2B B2 D7 8A 56 B4 02 7C E0 03 1F F8 C0 07 3E F0 81 0F 7C E4
[21:14:00.214] ADDR:0xEE TYPE:RC_CHANNELS_PACKED        LEN:26 | EE 18 16 E0 C3 5E 2B B2 D7 8A 56 B4 02 7C E0 03 1F F8 C0 07 3E F0 81 0F 7C E4
[21:14:00.224] ADDR:0xEE TYPE:RC_CHANNELS_PACKED        LEN:26 | EE 18 16 E0 C3 5E 2B AE D7 8A 56 B4 02 7C E0 03 1F F8 C0 07 3E F0 81 0F 7C 73
[21:14:00.244] ADDR:0xEE TYPE:RC_CHANNELS_PACKED        LEN:26 | EE 18 16 E0 C3 5E 2B B2 D7 8A 56 B4 02 7C E0 03 1F F8 C0 07 3E F0 81 0F 7C E4
[21:14:00.275] ADDR:0xEE TYPE:RC_CHANNELS_PACKED        LEN:26 | EE 18 16 E0 C3 5E 2B B2 D7 8A 56 B4 02 7C E0 03 1F F8 C0 07 3E F0 81 0F 7C E4
[21:14:00.295] ADDR:0xEE TYPE:RC_CHANNELS_PACKED        LEN:26 | EE 18 16 E0 C3 5E 2B B2 D7 8A 56 B4 02 7C E0 03 1F F8 C0 07 3E F0 81 0F 7C E4
[21:14:00.305] ADDR:0xEE TYPE:RC_CHANNELS_PACKED        LEN:26 | EE 18 16 E0 C3 5E 2B B0 D7 8A 56 B4 02 7C E0 03 1F F8 C0 07 3E F0 81 0F 7C 98
[21:14:00.325] ADDR:0xEE TYPE:RC_CHANNELS_PACKED        LEN:26 | EE 18 16 E0 BB 5E 2B B2 D7 8A 56 B4 02 7C E0 03 1F F8 C0 07 3E F0 81 0F 7C 44
[21:14:00.356] ADDR:0xEE TYPE:RC_CHANNELS_PACKED        LEN:26 | EE 18 16 E0 C3 5E 2B B0 D7 8A 56 B4 02 7C E0 03 1F F8 C0 07 3E F0 81 0F 7C 98
[21:14:00.356] ADDR:0xEA TYPE:ELRS_STATUS               LEN:15 | EA 0D 3A EA EE 10 00 03 0D 40 00 00 00 B4 72
[21:14:00.366] ADDR:0xEE TYPE:RC_CHANNELS_PACKED        LEN:26 | EE 18 16 E0 C3 5E 2B B2 D7 8A 56 B4 02 7C E0 03 1F F8 C0 07 3E F0 81 0F 7C E4
[21:14:00.386] ADDR:0xEE TYPE:RC_CHANNELS_PACKED        LEN:26 | EE 18 16 E0 C3 5E 2B B2 D7 8A 56 B4 02 7C E0 03 1F F8 C0 07 3E F0 81 0F 7C E4
[21:14:00.407] ADDR:0xEE TYPE:RC_CHANNELS_PACKED        LEN:26 | EE 18 16 E0 C3 5E 2B B2 D7 8A 56 B4 02 7C E0 03 1F F8 C0 07 3E F0 81 0F 7C E4
[21:14:00.437] ADDR:0xEE TYPE:RC_CHANNELS_PACKED        LEN:26 | EE 18 16 E0 BB 5E 2B B2 D7 8A 56 B4 02 7C E0 03 1F F8 C0 07 3E F0 81 0F 7C 44
[21:14:00.447] ADDR:0xEE TYPE:RC_CHANNELS_PACKED        LEN:26 | EE 18 16 E0 C3 5E 2B B2 D7 8A 56 B4 02 7C E0 03 1F F8 C0 07 3E F0 81 0F 7C E4
[21:14:00.467] ADDR:0xEE TYPE:RC_CHANNELS_PACKED        LEN:26 | EE 18 16 E0 C3 5E 2B B2 D7 8A 56 B4 02 7C E0 03 1F F8 C0 07 3E F0 81 0F 7C E4
[21:14:00.487] ADDR:0xEE TYPE:RC_CHANNELS_PACKED        LEN:26 | EE 18 16 E0 C3 5E 2B B2 D7 8A 56 B4 02 7C E0 03 1F F8 C0 07 3E F0 81 0F 7C E4
[21:14:00.518] ADDR:0xEE TYPE:RC_CHANNELS_PACKED        LEN:26 | EE 18 16 E0 C3 5E 2B B2 D7 8A 56 B4 02 7C E0 03 1F F8 C0 07 3E F0 81 0F 7C E4
[21:14:00.528] ADDR:0xEE TYPE:RC_CHANNELS_PACKED        LEN:26 | EE 18 16 E0 C3 5E 2B B2 D7 8A 56 B4 02 7C E0 03 1F F8 C0 07 3E F0 81 0F 7C E4
[21:14:00.548] ADDR:0xEE TYPE:RC_CHANNELS_PACKED        LEN:26 | EE 18 16 E0 C3 5E 2B B2 D7 8A 56 B4 02 7C E0 03 1F F8 C0 07 3E F0 81 0F 7C E4
[21:14:00.549] ADDR:0xEA TYPE:ELRS_STATUS               LEN:15 | EA 0D 3A EA EE 10 00 03 0D 40 00 00 01 A4 2B
[21:14:00.559] ADDR:0xEE TYPE:RC_CHANNELS_PACKED        LEN:26 | EE 18 16 E0 C3 5E 2B B2 D7 8A 56 B4 02 7C E0 03 1F F8 C0 07 3E F0 81 0F 7C E4
[21:14:00.599] ADDR:0xEE TYPE:RC_CHANNELS_PACKED        LEN:26 | EE 18 16 E0 C3 5E 2B B2 D7 8A 56 B4 02 7C E0 03 1F F8 C0 07 3E F0 81 0F 7C E4
[21:14:00.609] ADDR:0xEE TYPE:RC_CHANNELS_PACKED        LEN:26 | EE 18 16 E0 C3 5E 2B B2 D7 8A 56 B4 02 7C E0 03 1F F8 C0 07 3E F0 81 0F 7C E4
[21:14:00.630] ADDR:0xEE TYPE:RC_CHANNELS_PACKED        LEN:26 | EE 18 16 E0 C3 5E 2B B2 D7 8A 56 B4 02 7C E0 03 1F F8 C0 07 3E F0 81 0F 7C E4
[21:14:00.640] ADDR:0xEE TYPE:RC_CHANNELS_PACKED        LEN:26 | EE 18 16 E0 C3 5E 2B B2 D7 8A 56 B4 02 7C E0 03 1F F8 C0 07 3E F0 81 0F 7C E4
[21:14:00.670] ADDR:0xEE TYPE:RC_CHANNELS_PACKED        LEN:26 | EE 18 16 E0 C3 5E 2B B2 D7 8A 56 B4 02 7C E0 03 1F F8 C0 07 3E F0 81 0F 7C E4
[21:14:00.690] ADDR:0xEE TYPE:RC_CHANNELS_PACKED        LEN:26 | EE 18 16 E0 C3 5E 2B B2 D7 8A 56 B4 02 7C E0 03 1F F8 C0 07 3E F0 81 0F 7C E4
[21:14:00.710] ADDR:0xEE TYPE:RC_CHANNELS_PACKED        LEN:26 | EE 18 16 E0 C3 5E 2B B2 D7 8A 56 B4 02 7C E0 03 1F F8 C0 07 3E F0 81 0F 7C E4
[21:14:00.721] ADDR:0xEE TYPE:RC_CHANNELS_PACKED        LEN:26 | EE 18 16 E0 BB 5E 2B B2 D7 8A 56 B4 02 7C E0 03 1F F8 C0 07 3E F0 81 0F 7C 44
[21:14:00.751] ADDR:0xEE TYPE:RC_CHANNELS_PACKED        LEN:26 | EE 18 16 E0 C3 5E 2B B2 D7 8A 56 B4 02 7C E0 03 1F F8 C0 07 3E F0 81 0F 7C E4
[21:14:00.751] ADDR:0xEA TYPE:ELRS_STATUS               LEN:15 | EA 0D 3A EA EE 10 00 03 0D 40 FF FF FF 06 CC
[21:14:00.771] ADDR:0xEE TYPE:RC_CHANNELS_PACKED        LEN:26 | EE 18 16 E0 C3 5E 2B B2 D7 8A 56 B4 02 7C E0 03 1F F8 C0 07 3E F0 81 0F 7C E4
[21:14:00.792] ADDR:0xEE TYPE:RC_CHANNELS_PACKED        LEN:26 | EE 18 16 E0 BB 5E 2B B2 D7 8A 56 B4 02 7C E0 03 1F F8 C0 07 3E F0 81 0F 7C 44
[21:14:00.802] ADDR:0xEE TYPE:RC_CHANNELS_PACKED        LEN:26 | EE 18 16 E0 C3 5E 2B B2 D7 8A 56 B4 02 7C E0 03 1F F8 C0 07 3E F0 81 0F 7C E4
[21:14:00.832] ADDR:0xEE TYPE:RC_CHANNELS_PACKED        LEN:26 | EE 18 16 E0 C3 5E 2B B2 D7 8A 56 B4 02 7C E0 03 1F F8 C0 07 3E F0 81 0F 7C E4
[21:14:00.853] ADDR:0xEE TYPE:RC_CHANNELS_PACKED        LEN:26 | EE 18 16 E0 C3 5E 2B B2 D7 8A 56 B4 02 7C E0 03 1F F8 C0 07 3E F0 81 0F 7C E4
[21:14:00.863] ADDR:0xEE TYPE:RC_CHANNELS_PACKED        LEN:26 | EE 18 16 E0 C3 5E 2B B2 D7 8A 56 B4 02 7C E0 03 1F F8 C0 07 3E F0 81 0F 7C E4
[21:14:00.884] ADDR:0xEE TYPE:RC_CHANNELS_PACKED        LEN:26 | EE 18 16 E0 C3 5E 2B AE D7 8A 56 B4 02 7C E0 03 1F F8 C0 07 3E F0 81 0F 7C 73
[21:14:00.914] ADDR:0xEE TYPE:RC_CHANNELS_PACKED        LEN:26 | EE 18 16 E0 C3 5E 2B B2 D7 8A 56 B4 02 7C E0 03 1F F8 C0 07 3E F0 81 0F 7C E4
[21:14:00.935] ADDR:0xEE TYPE:RC_CHANNELS_PACKED        LEN:26 | EE 18 16 E0 C3 5E 2B B2 D7 8A 56 B4 02 7C E0 03 1F F8 C0 07 3E F0 81 0F 7C E4
[21:14:00.945] ADDR:0xEE TYPE:RC_CHANNELS_PACKED        LEN:26 | EE 18 16 E0 BB 5E 2B B2 D7 8A 56 B4 02 7C E0 03 1F F8 C0 07 3E F0 81 0F 7C 44
[21:14:00.945] ADDR:0xEA TYPE:ELRS_STATUS               LEN:15 | EA 0D 3A EA EE 10 00 03 0D 40 00 00 01 22 45
[21:14:00.965] ADDR:0xEE TYPE:RC_CHANNELS_PACKED        LEN:26 | EE 18 16 E0 C3 5E 2B B0 D7 8A 56 B4 02 7C E0 03 1F F8 C0 07 3E F0 81 0F 7C 98
[21:14:00.995] ADDR:0xEE TYPE:RC_CHANNELS_PACKED        LEN:26 | EE 18 16 E0 C3 5E 2B B0 D7 8A 56 B4 02 7C E0 03 1F F8 C0 07 3E F0 81 0F 7C 98
[21:14:01.016] ADDR:0xEE TYPE:RC_CHANNELS_PACKED        LEN:26 | EE 18 16 E0 C3 5E 2B B2 D7 8A 56 B4 02 7C E0 03 1F F8 C0 07 3E F0 81 0F 7C E4
[21:14:01.026] ADDR:0xEE TYPE:RC_CHANNELS_PACKED        LEN:26 | EE 18 16 E0 C3 5E 2B B2 D7 8A 56 B4 02 7C E0 03 1F F8 C0 07 3E F0 81 0F 7C E4
[21:14:01.046] ADDR:0xEE TYPE:RC_CHANNELS_PACKED        LEN:26 | EE 18 16 E0 C3 5E 2B B2 D7 8A 56 B4 02 7C E0 03 1F F8 C0 07 3E F0 81 0F 7C E4
[21:14:01.076] ADDR:0xEE TYPE:RC_CHANNELS_PACKED        LEN:26 | EE 18 16 E0 C3 5E 2B B2 D7 8A 56 B4 02 7C E0 03 1F F8 C0 07 3E F0 81 0F 7C E4
[21:14:01.086] ADDR:0xEE TYPE:RC_CHANNELS_PACKED        LEN:26 | EE 18 16 E0 C3 5E 2B B2 D7 8A 56 B4 02 7C E0 03 1F F8 C0 07 3E F0 81 0F 7C E4
[21:14:01.107] ADDR:0xEE TYPE:RC_CHANNELS_PACKED        LEN:26 | EE 18 16 E0 C3 5E 2B B2 D7 8A 56 B4 02 7C E0 03 1F F8 C0 07 3E F0 81 0F 7C E4
[21:14:01.127] ADDR:0xEE TYPE:RC_CHANNELS_PACKED        LEN:26 | EE 18 16 E0 C3 5E 2B B2 D7 8A 56 B4 02 7C E0 03 1F F8 C0 07 3E F0 81 0F 7C E4
[21:14:01.157] ADDR:0xEE TYPE:RC_CHANNELS_PACKED        LEN:26 | EE 18 16 DF C3 5E 2B B2 D7 8A 56 B4 02 7C E0 03 1F F8 C0 07 3E F0 81 0F 7C 66
[21:14:01.157] ADDR:0xEA TYPE:ELRS_STATUS               LEN:15 | EA 0D 3A EA EE 10 00 03 0D 40 00 00 00 F0 11
[21:14:01.168] ADDR:0xEE TYPE:RC_CHANNELS_PACKED        LEN:26 | EE 18 16 E0 C3 5E 2B B2 D7 8A 56 B4 02 7C E0 03 1F F8 C0 07 3E F0 81 0F 7C E4
[21:14:01.188] ADDR:0xEE TYPE:RC_CHANNELS_PACKED        LEN:26 | EE 18 16 E0 C3 5E 2B B2 D7 8A 56 B4 02 7C E0 03 1F F8 C0 07 3E F0 81 0F 7C E4
[21:14:01.198] ADDR:0xEE TYPE:RC_CHANNELS_PACKED        LEN:26 | EE 18 16 E0 C3 5E 2B B2 D7 8A 56 B4 02 7C E0 03 1F F8 C0 07 3E F0 81 0F 7C E4
[21:14:01.239] ADDR:0xEE TYPE:RC_CHANNELS_PACKED        LEN:26 | EE 18 16 E0 C3 5E 2B B2 D7 8A 56 B4 02 7C E0 03 1F F8 C0 07 3E F0 81 0F 7C E4
[21:14:01.249] ADDR:0xEE TYPE:RC_CHANNELS_PACKED        LEN:26 | EE 18 16 E0 C3 5E 2B B2 D7 8A 56 B4 02 7C E0 03 1F F8 C0 07 3E F0 81 0F 7C E4
[21:14:01.269] ADDR:0xEE TYPE:RC_CHANNELS_PACKED        LEN:26 | EE 18 16 E0 C3 5E 2B B2 D7 8A 56 B4 02 7C E0 03 1F F8 C0 07 3E F0 81 0F 7C E4
[21:14:01.279] ADDR:0xEE TYPE:RC_CHANNELS_PACKED        LEN:26 | EE 18 16 E0 C3 5E 2B B2 D7 8A 56 B4 02 7C E0 03 1F F8 C0 07 3E F0 81 0F 7C E4
[21:14:01.320] ADDR:0xEE TYPE:RC_CHANNELS_PACKED        LEN:26 | EE 18 16 E0 C3 5E 2B B0 D7 8A 56 B4 02 7C E0 03 1F F8 C0 07 3E F0 81 0F 7C 98
[21:14:01.330] ADDR:0xEE TYPE:RC_CHANNELS_PACKED        LEN:26 | EE 18 16 E0 C3 5E 2B B2 D7 8A 56 B4 02 7C E0 03 1F F8 C0 07 3E F0 81 0F 7C E4
[21:14:01.350] ADDR:0xEE TYPE:RC_CHANNELS_PACKED        LEN:26 | EE 18 16 E0 C3 5E 2B B2 D7 8A 56 B4 02 7C E0 03 1F F8 C0 07 3E F0 81 0F 7C E4
[21:14:01.350] ADDR:0xEA TYPE:ELRS_STATUS               LEN:15 | EA 0D 3A EA EE 10 00 03 0D 40 00 00 00 F0 11
[21:14:01.360] ADDR:0xEE TYPE:RC_CHANNELS_PACKED        LEN:26 | EE 18 16 E0 C3 5E 2B B2 D7 8A 56 B4 02 7C E0 03 1F F8 C0 07 3E F0 81 0F 7C E4
[21:14:01.391] ADDR:0xEE TYPE:RC_CHANNELS_PACKED        LEN:26 | EE 18 16 E0 C3 5E 2B AE D7 8A 56 B4 02 7C E0 03 1F F8 C0 07 3E F0 81 0F 7C 73
[21:14:01.411] ADDR:0xEE TYPE:RC_CHANNELS_PACKED        LEN:26 | EE 18 16 E0 C3 5E 2B B2 D7 8A 56 B4 02 7C E0 03 1F F8 C0 07 3E F0 81 0F 7C E4
[21:14:01.431] ADDR:0xEE TYPE:RC_CHANNELS_PACKED        LEN:26 | EE 18 16 E0 BB 5E 2B B0 D7 8A 56 B4 02 7C E0 03 1F F8 C0 07 3E F0 81 0F 7C 38
[21:14:01.442] ADDR:0xEE TYPE:RC_CHANNELS_PACKED        LEN:26 | EE 18 16 E0 C3 5E 2B B2 D7 8A 56 B4 02 7C E0 03 1F F8 C0 07 3E F0 81 0F 7C E4
[21:14:01.472] ADDR:0xEE TYPE:RC_CHANNELS_PACKED        LEN:26 | EE 18 16 E0 C3 5E 2B AE D7 8A 56 B4 02 7C E0 03 1F F8 C0 07 3E F0 81 0F 7C 73
[21:14:01.492] ADDR:0xEE TYPE:RC_CHANNELS_PACKED        LEN:26 | EE 18 16 E0 C3 5E 2B B2 D7 8A 56 B4 02 7C E0 03 1F F8 C0 07 3E F0 81 0F 7C E4
[21:14:01.502] ADDR:0xEE TYPE:RC_CHANNELS_PACKED        LEN:26 | EE 18 16 E0 BB 5E 2B B2 D7 8A 56 B4 02 7C E0 03 1F F8 C0 07 3E F0 81 0F 7C 44
[21:14:01.523] ADDR:0xEE TYPE:RC_CHANNELS_PACKED        LEN:26 | EE 18 16 E0 C3 5E 2B B2 D7 8A 56 B4 02 7C E0 03 1F F8 C0 07 3E F0 81 0F 7C E4
[21:14:01.553] ADDR:0xEE TYPE:RC_CHANNELS_PACKED        LEN:26 | EE 18 16 E0 C3 5E 2B B2 D7 8A 56 B4 02 7C E0 03 1F F8 C0 07 3E F0 81 0F 7C E4
[21:14:01.553] ADDR:0xEA TYPE:ELRS_STATUS               LEN:15 | EA 0D 3A EA EE 10 00 03 0D 40 00 00 00 1E 6F
[21:14:01.573] ADDR:0xEE TYPE:RC_CHANNELS_PACKED        LEN:26 | EE 18 16 E0 C3 5E 2B B2 D7 8A 56 B4 02 7C E0 03 1F F8 C0 07 3E F0 81 0F 7C E4
[21:14:01.584] ADDR:0xEE TYPE:RC_CHANNELS_PACKED        LEN:26 | EE 18 16 E0 C3 5E 2B B2 D7 8A 56 B4 02 7C E0 03 1F F8 C0 07 3E F0 81 0F 7C E4
[21:14:01.604] ADDR:0xEE TYPE:RC_CHANNELS_PACKED        LEN:26 | EE 18 16 E0 C3 5E 2B B0 D7 8A 56 B4 02 7C E0 03 1F F8 C0 07 3E F0 81 0F 7C 98
[21:14:01.634] ADDR:0xEE TYPE:RC_CHANNELS_PACKED        LEN:26 | EE 18 16 E0 C3 5E 2B B4 D7 8A 56 B4 02 7C E0 03 1F F8 C0 07 3E F0 81 0F 7C 60
[21:14:01.654] ADDR:0xEE TYPE:RC_CHANNELS_PACKED        LEN:26 | EE 18 16 DF C3 5E 2B B2 D7 8A 56 B4 02 7C E0 03 1F F8 C0 07 3E F0 81 0F 7C 66
[21:14:01.665] ADDR:0xEE TYPE:RC_CHANNELS_PACKED        LEN:26 | EE 18 16 E0 C3 5E 2B B2 D7 8A 56 B4 02 7C E0 03 1F F8 C0 07 3E F0 81 0F 7C E4
[21:14:01.685] ADDR:0xEE TYPE:RC_CHANNELS_PACKED        LEN:26 | EE 18 16 E0 C3 5E 2B B2 D7 8A 56 B4 02 7C E0 03 1F F8 C0 07 3E F0 81 0F 7C E4
[21:14:01.715] ADDR:0xEE TYPE:RC_CHANNELS_PACKED        LEN:26 | EE 18 16 E0 BB 5E 2B B2 D7 8A 56 B4 02 7C E0 03 1F F8 C0 07 3E F0 81 0F 7C 44
[21:14:01.735] ADDR:0xEE TYPE:RC_CHANNELS_PACKED        LEN:26 | EE 18 16 E0 C3 5E 2B B2 D7 8A 56 B4 02 7C E0 03 1F F8 C0 07 3E F0 81 0F 7C E4
[21:14:01.746] ADDR:0xEE TYPE:RC_CHANNELS_PACKED        LEN:26 | EE 18 16 E0 C3 5E 2B B2 D7 8A 56 B4 02 7C E0 03 1F F8 C0 07 3E F0 81 0F 7C E4
[21:14:01.746] ADDR:0xEA TYPE:ELRS_STATUS               LEN:15 | EA 0D 3A EA EE 10 00 03 0D 40 00 00 00 E6 C2
[21:14:01.766] ADDR:0xEE TYPE:RC_CHANNELS_PACKED        LEN:26 | EE 18 16 E0 C3 5E 2B B2 D7 8A 56 B4 02 7C E0 03 1F F8 C0 07 3E F0 81 0F 7C E4
[21:14:01.796] ADDR:0xEE TYPE:RC_CHANNELS_PACKED        LEN:26 | EE 18 16 E0 C3 5E 2B B2 D7 8A 56 B4 02 7C E0 03 1F F8 C0 07 3E F0 81 0F 7C E4
[21:14:01.806] ADDR:0xEE TYPE:RC_CHANNELS_PACKED        LEN:26 | EE 18 16 E0 C3 5E 2B B2 D7 8A 56 B4 02 7C E0 03 1F F8 C0 07 3E F0 81 0F 7C E4
[21:14:01.827] ADDR:0xEE TYPE:RC_CHANNELS_PACKED        LEN:26 | EE 18 16 E0 C3 5E 2B B2 D7 8A 56 B4 02 7C E0 03 1F F8 C0 07 3E F0 81 0F 7C E4
[21:14:01.847] ADDR:0xEE TYPE:RC_CHANNELS_PACKED        LEN:26 | EE 18 16 E0 C3 5E 2B B2 D7 8A 56 B4 02 7C E0 03 1F F8 C0 07 3E F0 81 0F 7C E4
[21:14:01.877] ADDR:0xEE TYPE:RC_CHANNELS_PACKED        LEN:26 | EE 18 16 E0 C3 5E 2B B2 D7 8A 56 B4 02 7C E0 03 1F F8 C0 07 3E F0 81 0F 7C E4
[21:14:01.888] ADDR:0xEE TYPE:RC_CHANNELS_PACKED        LEN:26 | EE 18 16 E0 C3 5E 2B B4 D7 8A 56 B4 02 7C E0 03 1F F8 C0 07 3E F0 81 0F 7C 60
[21:14:01.908] ADDR:0xEE TYPE:RC_CHANNELS_PACKED        LEN:26 | EE 18 16 E0 C3 5E 2B B0 D7 8A 56 B4 02 7C E0 03 1F F8 C0 07 3E F0 81 0F 7C 98
[21:14:01.918] ADDR:0xEE TYPE:RC_CHANNELS_PACKED        LEN:26 | EE 18 16 E0 C3 5E 2B B2 D7 8A 56 B4 02 7C E0 03 1F F8 C0 07 3E F0 81 0F 7C E4
[21:14:01.959] ADDR:0xEE TYPE:RC_CHANNELS_PACKED        LEN:26 | EE 18 16 E0 C3 5E 2B B2 D7 8A 56 B4 02 7C E0 03 1F F8 C0 07 3E F0 81 0F 7C E4
[21:14:01.959] ADDR:0xEA TYPE:ELRS_STATUS               LEN:15 | EA 0D 3A EA EE 10 00 03 0D 40 00 00 00 0A C3
[21:14:01.969] ADDR:0xEE TYPE:RC_CHANNELS_PACKED        LEN:26 | EE 18 16 E0 C3 5E 2B B0 D7 8A 56 B4 02 7C E0 03 1F F8 C0 07 3E F0 81 0F 7C 98
[21:14:01.989] ADDR:0xEE TYPE:RC_CHANNELS_PACKED        LEN:26 | EE 18 16 E0 C3 5E 2B B0 D7 8A 56 B4 02 7C E0 03 1F F8 C0 07 3E F0 81 0F 7C 98
[21:14:01.999] ADDR:0xEE TYPE:RC_CHANNELS_PACKED        LEN:26 | EE 18 16 E0 C3 5E 2B B2 D7 8A 56 B4 02 7C E0 03 1F F8 C0 07 3E F0 81 0F 7C E4
[21:14:02.040] ADDR:0xEE TYPE:RC_CHANNELS_PACKED        LEN:26 | EE 18 16 E0 C3 5E 2B B0 D7 8A 56 B4 02 7C E0 03 1F F8 C0 07 3E F0 81 0F 7C 98
[21:14:02.050] ADDR:0xEE TYPE:RC_CHANNELS_PACKED        LEN:26 | EE 18 16 E0 C3 5E 2B B2 D7 8A 56 B4 02 7C E0 03 1F F8 C0 07 3E F0 81 0F 7C E4
[21:14:02.070] ADDR:0xEE TYPE:RC_CHANNELS_PACKED        LEN:26 | EE 18 16 E0 C3 5E 2B B2 D7 8A 56 B4 02 7C E0 03 1F F8 C0 07 3E F0 81 0F 7C E4
[21:14:02.080] ADDR:0xEE TYPE:RC_CHANNELS_PACKED        LEN:26 | EE 18 16 E0 C3 5E 2B B2 D7 8A 56 B4 02 7C E0 03 1F F8 C0 07 3E F0 81 0F 7C E4
[21:14:02.111] ADDR:0xEE TYPE:RC_CHANNELS_PACKED        LEN:26 | EE 18 16 E0 BB 5E 2B B2 D7 8A 56 B4 02 7C E0 03 1F F8 C0 07 3E F0 81 0F 7C 44
[21:14:02.131] ADDR:0xEE TYPE:RC_CHANNELS_PACKED        LEN:26 | EE 18 16 E0 C3 5E 2B AE D7 8A 56 B4 02 7C E0 03 1F F8 C0 07 3E F0 81 0F 7C 73
[21:14:02.151] ADDR:0xEE TYPE:RC_CHANNELS_PACKED        LEN:26 | EE 18 16 E0 C3 5E 2B B2 D7 8A 56 B4 02 7C E0 03 1F F8 C0 07 3E F0 81 0F 7C E4
[21:14:02.151] ADDR:0xEA TYPE:ELRS_STATUS               LEN:15 | EA 0D 3A EA EE 10 00 03 0D 40 00 00 00 D2 CA
[21:14:02.161] ADDR:0xEE TYPE:RC_CHANNELS_PACKED        LEN:26 | EE 18 16 E0 C3 5E 2B B2 D7 8A 56 B4 02 7C E0 03 1F F8 C0 07 3E F0 81 0F 7C E4
[21:14:02.192] ADDR:0xEE TYPE:RC_CHANNELS_PACKED        LEN:26 | EE 18 16 E0 C3 5E 2B B2 D7 8A 56 B4 02 7C E0 03 1F F8 C0 07 3E F0 81 0F 7C E4
[21:14:02.212] ADDR:0xEE TYPE:RC_CHANNELS_PACKED        LEN:26 | EE 18 16 E0 C3 5E 2B B2 D7 8A 56 B4 02 7C E0 03 1F F8 C0 07 3E F0 81 0F 7C E4
[21:14:02.222] ADDR:0xEE TYPE:RC_CHANNELS_PACKED        LEN:26 | EE 18 16 E0 BB 5E 2B B2 D7 8A 56 B4 02 7C E0 03 1F F8 C0 07 3E F0 81 0F 7C 44
[21:14:02.242] ADDR:0xEE TYPE:RC_CHANNELS_PACKED        LEN:26 | EE 18 16 E0 C3 5E 2B B2 D7 8A 56 B4 02 7C E0 03 1F F8 C0 07 3E F0 81 0F 7C E4
[21:14:02.273] ADDR:0xEE TYPE:RC_CHANNELS_PACKED        LEN:26 | EE 18 16 E0 BB 5E 2B B4 D7 8A 56 B4 02 7C E0 03 1F F8 C0 07 3E F0 81 0F 7C C0
[21:14:02.293] ADDR:0xEE TYPE:RC_CHANNELS_PACKED        LEN:26 | EE 18 16 E0 C3 5E 2B B2 D7 8A 56 B4 02 7C E0 03 1F F8 C0 07 3E F0 81 0F 7C E4
[21:14:02.303] ADDR:0xEE TYPE:RC_CHANNELS_PACKED        LEN:26 | EE 18 16 E0 C3 5E 2B B2 D7 8A 56 B4 02 7C E0 03 1F F8 C0 07 3E F0 81 0F 7C E4
[21:14:02.323] ADDR:0xEE TYPE:RC_CHANNELS_PACKED        LEN:26 | EE 18 16 E0 C3 5E 2B B2 D7 8A 56 B4 02 7C E0 03 1F F8 C0 07 3E F0 81 0F 7C E4
[21:14:02.354] ADDR:0xEE TYPE:RC_CHANNELS_PACKED        LEN:26 | EE 18 16 E0 C3 5E 2B B0 D7 8A 56 B4 02 7C E0 03 1F F8 C0 07 3E F0 81 0F 7C 98
[21:14:02.354] ADDR:0xEA TYPE:ELRS_STATUS               LEN:15 | EA 0D 3A EA EE 10 00 03 0D 40 00 00 00 1E 6F
[21:14:02.374] ADDR:0xEE TYPE:RC_CHANNELS_PACKED        LEN:26 | EE 18 16 E0 C3 5E 2B B2 D7 8A 56 B4 02 7C E0 03 1F F8 C0 07 3E F0 81 0F 7C E4
[21:14:02.384] ADDR:0xEE TYPE:RC_CHANNELS_PACKED        LEN:26 | EE 18 16 E0 C3 5E 2B B2 D7 8A 56 B4 02 7C E0 03 1F F8 C0 07 3E F0 81 0F 7C E4
[21:14:02.405] ADDR:0xEE TYPE:RC_CHANNELS_PACKED        LEN:26 | EE 18 16 E0 C3 5E 2B B2 D7 8A 56 B4 02 7C E0 03 1F F8 C0 07 3E F0 81 0F 7C E4
[21:14:02.435] ADDR:0xEE TYPE:RC_CHANNELS_PACKED        LEN:26 | EE 18 16 DF C3 5E 2B B2 D7 8A 56 B4 02 7C E0 03 1F F8 C0 07 3E F0 81 0F 7C 66
[21:14:02.455] ADDR:0xEE TYPE:RC_CHANNELS_PACKED        LEN:26 | EE 18 16 E0 C3 5E 2B B2 D7 8A 56 B4 02 7C E0 03 1F F8 C0 07 3E F0 81 0F 7C E4
[21:14:02.465] ADDR:0xEE TYPE:RC_CHANNELS_PACKED        LEN:26 | EE 18 16 E0 C3 5E 2B B2 D7 8A 56 B4 02 7C E0 03 1F F8 C0 07 3E F0 81 0F 7C E4
[21:14:02.486] ADDR:0xEE TYPE:RC_CHANNELS_PACKED        LEN:26 | EE 18 16 E0 C3 5E 2B B2 D7 8A 56 B4 02 7C E0 03 1F F8 C0 07 3E F0 81 0F 7C E4
[21:14:02.516] ADDR:0xEE TYPE:RC_CHANNELS_PACKED        LEN:26 | EE 18 16 E0 C3 5E 2B B2 D7 8A 56 B4 02 7C E0 03 1F F8 C0 07 3E F0 81 0F 7C E4
[21:14:02.526] ADDR:0xEE TYPE:RC_CHANNELS_PACKED        LEN:26 | EE 18 16 E0 C3 5E 2B B2 D7 8A 56 B4 02 7C E0 03 1F F8 C0 07 3E F0 81 0F 7C E4
[21:14:02.547] ADDR:0xEE TYPE:RC_CHANNELS_PACKED        LEN:26 | EE 18 16 E0 C3 5E 2B B2 D7 8A 56 B4 02 7C E0 03 1F F8 C0 07 3E F0 81 0F 7C E4
[21:14:02.547] ADDR:0xEA TYPE:ELRS_STATUS               LEN:15 | EA 0D 3A EA EE 10 00 03 0D 40 00 00 00 96 A9
[21:14:02.567] ADDR:0xEE TYPE:RC_CHANNELS_PACKED        LEN:26 | EE 18 16 E0 C3 5E 2B B2 D7 8A 56 B4 02 7C E0 03 1F F8 C0 07 3E F0 81 0F 7C E4
[21:14:02.597] ADDR:0xEE TYPE:RC_CHANNELS_PACKED        LEN:26 | EE 18 16 E0 C3 5E 2B B2 D7 8A 56 B4 02 7C E0 03 1F F8 C0 07 3E F0 81 0F 7C E4
[21:14:02.608] ADDR:0xEE TYPE:RC_CHANNELS_PACKED        LEN:26 | EE 18 16 E0 C3 5E 2B B0 D7 8A 56 B4 02 7C E0 03 1F F8 C0 07 3E F0 81 0F 7C 98
[21:14:02.628] ADDR:0xEE TYPE:RC_CHANNELS_PACKED        LEN:26 | EE 18 16 E0 C3 5E 2B B2 D7 8A 56 B4 02 7C E0 03 1F F8 C0 07 3E F0 81 0F 7C E4
[21:14:02.638] ADDR:0xEE TYPE:RC_CHANNELS_PACKED        LEN:26 | EE 18 16 E0 BB 5E 2B B2 D7 8A 56 B4 02 7C E0 03 1F F8 C0 07 3E F0 81 0F 7C 44
[21:14:02.678] ADDR:0xEE TYPE:RC_CHANNELS_PACKED        LEN:26 | EE 18 16 E0 C3 5E 2B B0 D7 8A 56 B4 02 7C E0 03 1F F8 C0 07 3E F0 81 0F 7C 98
[21:14:02.688] ADDR:0xEE TYPE:RC_CHANNELS_PACKED        LEN:26 | EE 18 16 E0 C3 5E 2B B0 D7 8A 56 B4 02 7C E0 03 1F F8 C0 07 3E F0 81 0F 7C 98
[21:14:02.709] ADDR:0xEE TYPE:RC_CHANNELS_PACKED        LEN:26 | EE 18 16 E0 C3 5E 2B B0 D7 8A 56 B4 02 7C E0 03 1F F8 C0 07 3E F0 81 0F 7C 98
[21:14:02.719] ADDR:0xEE TYPE:RC_CHANNELS_PACKED        LEN:26 | EE 18 16 E0 C3 5E 2B AE D7 8A 56 B4 02 7C E0 03 1F F8 C0 07 3E F0 81 0F 7C 73
[21:14:02.759] ADDR:0xEE TYPE:RC_CHANNELS_PACKED        LEN:26 | EE 18 16 E0 C3 5E 2B B2 D7 8A 56 B4 02 7C E0 03 1F F8 C0 07 3E F0 81 0F 7C E4
[21:14:02.759] ADDR:0xEA TYPE:ELRS_STATUS               LEN:15 | EA 0D 3A EA EE 10 00 03 0D 40 00 00 00 BE 24
[21:14:02.769] ADDR:0xEE TYPE:RC_CHANNELS_PACKED        LEN:26 | EE 18 16 E0 C3 5E 2B B0 D7 8A 56 B4 02 7C E0 03 1F F8 C0 07 3E F0 81 0F 7C 98
[21:14:02.790] ADDR:0xEE TYPE:RC_CHANNELS_PACKED        LEN:26 | EE 18 16 E0 C3 5E 2B B0 D7 8A 56 B4 02 7C E0 03 1F F8 C0 07 3E F0 81 0F 7C 98
[21:14:02.800] ADDR:0xEE TYPE:RC_CHANNELS_PACKED        LEN:26 | EE 18 16 E0 BB 5E 2B B0 D7 8A 56 B4 02 7C E0 03 1F F8 C0 07 3E F0 81 0F 7C 38
[21:14:02.830] ADDR:0xEE TYPE:RC_CHANNELS_PACKED        LEN:26 | EE 18 16 E0 C3 5E 2B B2 D7 8A 56 B4 02 7C E0 03 1F F8 C0 07 3E F0 81 0F 7C E4
[21:14:02.850] ADDR:0xEE TYPE:RC_CHANNELS_PACKED        LEN:26 | EE 18 16 DF C3 5E 2B B2 D7 8A 56 B4 02 7C E0 03 1F F8 C0 07 3E F0 81 0F 7C 66
[21:14:02.871] ADDR:0xEE TYPE:RC_CHANNELS_PACKED        LEN:26 | EE 18 16 E0 C3 5E 2B B2 D7 8A 56 B4 02 7C E0 03 1F F8 C0 07 3E F0 81 0F 7C E4
[21:14:02.881] ADDR:0xEE TYPE:RC_CHANNELS_PACKED        LEN:26 | EE 18 16 E0 C3 5E 2B B2 D7 8A 56 B4 02 7C E0 03 1F F8 C0 07 3E F0 81 0F 7C E4
[21:14:02.912] ADDR:0xEE TYPE:RC_CHANNELS_PACKED        LEN:26 | EE 18 16 E0 BB 5E 2B B2 D7 8A 56 B4 02 7C E0 03 1F F8 C0 07 3E F0 81 0F 7C 44
[21:14:02.932] ADDR:0xEE TYPE:RC_CHANNELS_PACKED        LEN:26 | EE 18 16 E0 C3 5E 2B B0 D7 8A 56 B4 02 7C E0 03 1F F8 C0 07 3E F0 81 0F 7C 98