================================================================================
CRSF Raw Logger - nasłuchiwanie na /dev/ttyUSB1 @ 420000 baud
Anti false-sync: włączona (loguje tylko ramki z CRC OK)
Naciśnij Ctrl+C aby zakończyć
================================================================================
[21:14:58.182] ADDR:0xEE TYPE:RC_CHANNELS_PACKED        LEN:26 | EE 18 16 E0 C3 5E 2B B2 D7 8A 56 B4 02 7C E0 03 1F F8 C0 07 3E F0 81 0F 7C E4
[21:14:58.183] ADDR:0xEA TYPE:ELRS_STATUS               LEN:15 | EA 0D 3A EA EE 10 00 03 0D 40 FF FF FF E2 E4
[21:14:58.183] ADDR:0xEE TYPE:RC_CHANNELS_PACKED        LEN:26 | EE 18 16 E0 C3 5E 2B B2 D7 8A 56 B4 02 7C E0 03 1F F8 C0 07 3E F0 81 0F 7C E4
[21:14:58.183] ADDR:0xEE TYPE:RC_CHANNELS_PACKED        LEN:26 | EE 18 16 E0 BB 5E 2B B2 D7 8A 56 B4 02 7C E0 03 1F F8 C0 07 3E F0 81 0F 7C 44
[21:14:58.183] ADDR:0xEE TYPE:RC_CHANNELS_PACKED        LEN:26 | EE 18 16 E0 C3 5E 2B B2 D7 8A 56 B4 02 7C E0 03 1F F8 C0 07 3E F0 81 0F 7C E4
[21:14:58.183] ADDR:0xEE TYPE:RC_CHANNELS_PACKED        LEN:26 | EE 18 16 E0 C3 5E 2B B2 D7 8A 56 B4 02 7C E0 03 1F F8 C0 07 3E F0 81 0F 7C E4
[21:14:58.183] ADDR:0xEE TYPE:RC_CHANNELS_PACKED        LEN:26 | EE 18 16 E0 C3 5E 2B B2 D7 8A 56 B4 02 7C E0 03 1F F8 C0 07 3E F0 81 0F 7C E4
[21:14:58.183] ADDR:0xEE TYPE:RC_CHANNELS_PACKED        LEN:26 | EE 18 16 E0 C3 5E 2B B2 D7 8A 56 B4 02 7C E0 03 1F F8 C0 07 3E F0 81 0F 7C E4
[21:14:58.183] ADDR:0xEE TYPE:RC_CHANNELS_PACKED        LEN:26 | EE 18 16 E0 C3 5E 2B B2 D7 8A 56 B4 02 7C E0 03 1F F8 C0 07 3E F0 81 0F 7C E4
[21:14:58.183] ADDR:0xEE TYPE:RC_CHANNELS_PACKED        LEN:26 | EE 18 16 E0 BB 5E 2B B2 D7 8A 56 B4 02 7C E0 03 1F F8 C0 07 3E F0 81 0F 7C 44
[21:14:58.183] ADDR:0xEE TYPE:RC_CHANNELS_PACKED        LEN:26 | EE 18 16 E0 BB 5E 2B B2 D7 8A 56 B4 02 7C E0 03 1F F8 C0 07 3E F0 81 0F 7C 44
[21:14:58.183] ADDR:0xEE TYPE:RC_CHANNELS_PACKED        LEN:26 | EE 18 16 E0 C3 5E 2B B2 D7 8A 56 B4 02 7C E0 03 1F F8 C0 07 3E F0 81 0F 7C E4
[21:14:58.183] ADDR:0xEA TYPE:ELRS_STATUS               LEN:15 | EA 0D 3A EA EE 10 00 03 0D 40 00 00 00 46 89
[21:14:58.183] ADDR:0xEE TYPE:RC_CHANNELS_PACKED        LEN:26 | EE 18 16 DF C3 5E 2B AE D7 8A 56 B4 02 7C E0 03 1F F8 C0 07 3E F0 81 0F 7C F1
[21:14:58.183] ADDR:0xEE TYPE:RC_CHANNELS_PACKED        LEN:26 | EE 18 16 E0 C3 5E 2B B2 D7 8A 56 B4 02 7C E0 03 1F F8 C0 07 3E F0 81 0F 7C E4
[21:14:58.183] ADDR:0xEE TYPE:RC_CHANNELS_PACKED        LEN:26 | EE 18 16 E0 BB 5E 2B AE D7 8A 56 B4 02 7C E0 03 1F F8 C0 07 3E F0 81 0F 7C D3
[21:14:58.183] ADDR:0xEE TYPE:RC_CHANNELS_PACKED        LEN:26 | EE 18 16 E0 BB 5E 2B B4 D7 8A 56 B4 02 7C E0 03 1F F8 C0 07 3E F0 81 0F 7C C0
[21:14:58.183] ADDR:0xEE TYPE:RC_CHANNELS_PACKED        LEN:26 | EE 18 16 E0 C3 5E 2B B0 D7 8A 56 B4 02 7C E0 03 1F F8 C0 07 3E F0 81 0F 7C 98
[21:14:58.183] ADDR:0xEE TYPE:RC_CHANNELS_PACKED        LEN:26 | EE 18 16 E0 C3 5E 2B B0 D7 8A 56 B4 02 7C E0 03 1F F8 C0 07 3E F0 81 0F 7C 98
[21:14:58.183] ADDR:0xEE TYPE:RC_CHANNELS_PACKED        LEN:26 | EE 18 16 E0 C3 5E 2B B2 D7 8A 56 B4 02 7C E0 03 1F F8 C0 07 3E F0 81 0F 7C E4
[21:14:58.183] ADDR:0xEE TYPE:RC_CHANNELS_PACKED        LEN:26 | EE 18 16 E0 C3 5E 2B B2 D7 8A 56 B4 02 7C E0 03 1F F8 C0 07 3E F0 81 0F 7C E4
[21:14:58.204] ADDR:0xEE TYPE:RC_CHANNELS_PACKED        LEN:26 | EE 18 16 E0 C3 5E 2B B2 D7 8A 56 B4 02 7C E0 03 1F F8 C0 07 3E F0 81 0F 7C E4
[21:14:58.204] ADDR:0xEE TYPE:RC_CHANNELS_PACKED        LEN:26 | EE 18 16 E0 C3 5E 2B B2 D7 8A 56 B4 02 7C E0 03 1F F8 C0 07 3E F0 81 0F 7C E4
[21:14:58.204] ADDR:0xEA TYPE:ELRS_STATUS               LEN:15 | EA 0D 3A EA EE 10 00 03 0D 40 00 00 00 FA 47
[21:14:58.204] ADDR:0xEE TYPE:RC_CHANNELS_PACKED        LEN:26 | EE 18 16 E0 C3 5E 2B B2 D7 8A 56 B4 02 7C E0 03 1F F8 C0 07 3E F0 81 0F 7C E4
[21:14:58.204] ADDR:0xEE TYPE:RC_CHANNELS_PACKED        LEN:26 | EE 18 16 E0 BB 5E 2B B0 D7 8A 56 B4 02 7C E0 03 1F F8 C0 07 3E F0 81 0F 7C 38
[21:14:58.214] ADDR:0xEE TYPE:RC_CHANNELS_PACKED        LEN:26 | EE 18 16 E0 C3 5E 2B B2 D7 8A 56 B4 02 7C E0 03 1F F8 C0 07 3E F0 81 0F 7C E4
[21:14:58.234] ADDR:0xEE TYPE:RC_CHANNELS_PACKED        LEN:26 | EE 18 16 E0 C3 5E 2B B0 D7 8A 56 B4 02 7C E0 03 1F F8 C0 07 3E F0 81 0F 7C 98
[21:14:58.244] ADDR:0xEE TYPE:RC_CHANNELS_PACKED        LEN:26 | EE 18 16 E0 BB 5E 2B B2 D7 8A 56 B4 02 7C E0 03 1F F8 C0 07 3E F0 81 0F 7C 44
[21:14:58.284] ADDR:0xEE TYPE:RC_CHANNELS_PACKED        LEN:26 | EE 18 16 E0 C3 5E 2B B4 D7 8A 56 B4 02 7C E0 03 1F F8 C0 07 3E F0 81 0F 7C 60
[21:14:58.295] ADDR:0xEE TYPE:RC_CHANNELS_PACKED        LEN:26 | EE 18 16 E0 C3 5E 2B B2 D7 8A 56 B4 02 7C E0 03 1F F8 C0 07 3E F0 81 0F 7C E4
[21:14:58.315] ADDR:0xEE TYPE:RC_CHANNELS_PACKED        LEN:26 | EE 18 16 E0 C3 5E 2B B4 D7 8A 56 B4 02 7C E0 03 1F F8 C0 07 3E F0 81 0F 7C 60
[21:14:58.315] ADDR:0xEA TYPE:ELRS_STATUS               LEN:15 | EA 0D 3A EA EE 10 00 03 0D 40 00 00 01 18 E5
[21:14:58.325] ADDR:0xEE TYPE:RC_CHANNELS_PACKED        LEN:26 | EE 18 16 E0 C3 5E 2B B0 D7 8A 56 B4 02 7C E0 03 1F F8 C0 07 3E F0 81 0F 7C 98
[21:14:58.355] ADDR:0xEE TYPE:RC_CHANNELS_PACKED        LEN:26 | EE 18 16 E0 C3 5E 2B B0 D7 8A 56 B4 02 7C E0 03 1F F8 C0 07 3E F0 81 0F 7C 98
[21:14:58.375] ADDR:0xEE TYPE:RC_CHANNELS_PACKED        LEN:26 | EE 18 16 DF C3 5E 2B B4 D7 8A 56 B4 02 7C E0 03 1F F8 C0 07 3E F0 81 0F 7C E2
[21:14:58.396] ADDR:0xEE TYPE:RC_CHANNELS_PACKED        LEN:26 | EE 18 16 E0 C3 5E 2B B2 D7 8A 56 B4 02 7C E0 03 1F F8 C0 07 3E F0 81 0F 7C E4
[21:14:58.406] ADDR:0xEE TYPE:RC_CHANNELS_PACKED        LEN:26 | EE 18 16 E0 C3 5E 2B B2 D7 8A 56 B4 02 7C E0 03 1F F8 C0 07 3E F0 81 0F 7C E4
[21:14:58.436] ADDR:0xEE TYPE:RC_CHANNELS_PACKED        LEN:26 | EE 18 16 E0 C3 5E 2B B2 D7 8A 56 B4 02 7C E0 03 1F F8 C0 07 3E F0 81 0F 7C E4
[21:14:58.456] ADDR:0xEE TYPE:RC_CHANNELS_PACKED        LEN:26 | EE 18 16 E0 C3 5E 2B B0 D7 8A 56 B4 02 7C E0 03 1F F8 C0 07 3E F0 81 0F 7C 98
[21:14:58.467] ADDR:0xEE TYPE:RC_CHANNELS_PACKED        LEN:26 | EE 18 16 E0 C3 5E 2B B2 D7 8A 56 B4 02 7C E0 03 1F F8 C0 07 3E F0 81 0F 7C E4
[21:14:58.487] ADDR:0xEE TYPE:RC_CHANNELS_PACKED        LEN:26 | EE 18 16 E0 C3 5E 2B B2 D7 8A 56 B4 02 7C E0 03 1F F8 C0 07 3E F0 81 0F 7C E4
[21:14:58.517] ADDR:0xEE TYPE:RC_CHANNELS_PACKED        LEN:26 | EE 18 16 E0 BB 5E 2B B0 D7 8A 56 B4 02 7C E0 03 1F F8 C0 07 3E F0 81 0F 7C 38
[21:14:58.517] ADDR:0xEA TYPE:ELRS_STATUS               LEN:15 | EA 0D 3A EA EE 10 00 03 0D 40 00 00 00 3C B4
[21:14:58.537] ADDR:0xEE TYPE:RC_CHANNELS_PACKED        LEN:26 | EE 18 16 E0 C3 5E 2B B2 D7 8A 56 B4 02 7C E0 03 1F F8 C0 07 3E F0 81 0F 7C E4
[21:14:58.548] ADDR:0xEE TYPE:RC_CHANNELS_PACKED        LEN:26 | EE 18 16 E0 C3 5E 2B B4 D7 8A 56 B4 02 7C E0 03 1F F8 C0 07 3E F0 81 0F 7C 60
[21:14:58.568] ADDR:0xEE TYPE:RC_CHANNELS_PACKED        LEN:26 | EE 18 16 E0 C3 5E 2B B2 D7 8A 56 B4 02 7C E0 03 1F F8 C0 07 3E F0 81 0F 7C E4
[21:14:58.598] ADDR:0xEE TYPE:RC_CHANNELS_PACKED        LEN:26 | EE 18 16 E0 C3 5E 2B B2 D7 8A 56 B4 02 7C E0 03 1F F8 C0 07 3E F0 81 0F 7C E4
[21:14:58.618] ADDR:0xEE TYPE:RC_CHANNELS_PACKED        LEN:26 | EE 18 16 E0 BB 5E 2B AE D7 8A 56 B4 02 7C E0 03 1F F8 C0 07 3E F0 81 0F 7C D3
[21:14:58.629] ADDR:0xEE TYPE:RC_CHANNELS_PACKED        LEN:26 | EE 18 16 E0 C3 5E 2B B2 D7 8A 56 B4 02 7C E0 03 1F F8 C0 07 3E F0 81 0F 7C E4
[21:14:58.649] ADDR:0xEE TYPE:RC_CHANNELS_PACKED        LEN:26 | EE 18 16 E0 C3 5E 2B B2 D7 8A 56 B4 02 7C E0 03 1F F8 C0 07 3E F0 81 0F 7C E4
[21:14:58.679] ADDR:0xEE TYPE:RC_CHANNELS_PACKED        LEN:26 | EE 18 16 E0 C3 5E 2B B2 D7 8A 56 B4 02 7C E0 03 1F F8 C0 07 3E F0 81 0F 7C E4
[21:14:58.699] ADDR:0xEE TYPE:RC_CHANNELS_PACKED        LEN:26 | EE 18 16 DF C3 5E 2B AE D7 8A 56 B4 02 7C E0 03 1F F8 C0 07 3E F0 81 0F 7C F1
[21:14:58.709] ADDR:0xEE TYPE:RC_CHANNELS_PACKED        LEN:26 | EE 18 16 DF C3 5E 2B AE D7 8A 56 B4 02 7C E0 03 1F F8 C0 07 3E F0 81 0F 7C F1
[21:14:58.709] ADDR:0xEA TYPE:ELRS_STATUS               LEN:15 | EA 0D 3A EA EE 10 00 03 0D 40 00 00 01 18 E5
[21:14:58.730] ADDR:0xEE TYPE:RC_CHANNELS_PACKED        LEN:26 | EE 18 16 E0 C3 5E 2B B2 D7 8A 56 B4 02 7C E0 03 1F F8 C0 07 3E F0 81 0F 7C E4
[21:14:58.760] ADDR:0xEE TYPE:RC_CHANNELS_PACKED        LEN:26 | EE 18 16 E0 C3 5E 2B B2 D7 8A 56 B4 02 7C E0 03 1F F8 C0 07 3E F0 81 0F 7C E4
[21:14:58.780] ADDR:0xEE TYPE:RC_CHANNELS_PACKED        LEN:26 | EE 18 16 E0 AB 5E 2B B2 D7 8A 56 B4 02 7C E0 03 1F F8 C0 07 3E F0 81 0F 7C 15
[21:14:58.790] ADDR:0xEE TYPE:RC_CHANNELS_PACKED        LEN:26 | EE 18 16 E0 C3 5E 2B B2 D7 8A 56 B4 02 7C E0 03 1F F8 C0 07 3E F0 81 0F 7C E4
[21:14:58.811] ADDR:0xEE TYPE:RC_CHANNELS_PACKED        LEN:26 | EE 18 16 E0 C3 5E 2B B2 D7 8A 56 B4 02 7C E0 03 1F F8 C0 07 3E F0 81 0F 7C E4
[21:14:58.841] ADDR:0xEE TYPE:RC_CHANNELS_PACKED        LEN:26 | EE 18 16 E0 C3 5E 2B B2 D7 8A 56 B4 02 7C E0 03 1F F8 C0 07 3E F0 81 0F 7C E4
[21:14:58.851] ADDR:0xEE TYPE:RC_CHANNELS_PACKED        LEN:26 | EE 18 16 E0 C3 5E 2B B2 D7 8A 56 B4 02 7C E0 03 1F F8 C0 07 3E F0 81 0F 7C E4
[21:14:58.871] ADDR:0xEE TYPE:RC_CHANNELS_PACKED        LEN:26 | EE 18 16 E0 C3 5E 2B B2 D7 8A 56 B4 02 7C E0 03 1F F8 C0 07 3E F0 81 0F 7C E4
[21:14:58.892] ADDR:0xEE TYPE:RC_CHANNELS_PACKED        LEN:26 | EE 18 16 E0 C3 5E 2B B2 D7 8A 56 B4 02 7C E0 03 1F F8 C0 07 3E F0 81 0F 7C E4
[21:14:58.922] ADDR:0xEE TYPE:RC_CHANNELS_PACKED        LEN:26 | EE 18 16 E0 C3 5E 2B B0 D7 8A 56 B4 02 7C E0 03 1F F8 C0 07 3E F0 81 0F 7C 98
[21:14:58.922] ADDR:0xEA TYPE:ELRS_STATUS               LEN:15 | EA 0D 3A EA EE 10 00 03 0D 40 FF FF FF 9C 27
[21:14:58.932] ADDR:0xEE TYPE:RC_CHANNELS_PACKED        LEN:26 | EE 18 16 E0 BB 5E 2B B2 D7 8A 56 B4 02 7C E0 03 1F F8 C0 07 3E F0 81 0F 7C 44
[21:14:58.952] ADDR:0xEE TYPE:RC_CHANNELS_PACKED        LEN:26 | EE 18 16 E0 BB 5E 2B B4 D7 8A 56 B4 02 7C E0 03 1F F8 C0 07 3E F0 81 0F 7C C0
[21:14:58.972] ADDR:0xEE TYPE:RC_CHANNELS_PACKED        LEN:26 | EE 18 16 E0 BB 5E 2B B0 D7 8A 56 B4 02 7C E0 03 1F F8 C0 07 3E F0 81 0F 7C 38
[21:14:59.003] ADDR:0xEE TYPE:RC_CHANNELS_PACKED        LEN:26 | EE 18 16 E0 C3 5E 2B B2 D7 8A 56 B4 02 7C E0 03 1F F8 C0 07 3E F0 81 0F 7C E4
[21:14:59.013] ADDR:0xEE TYPE:RC_CHANNELS_PACKED        LEN:26 | EE 18 16 E0 C3 5E 2B B0 D7 8A 56 B4 02 7C E0 03 1F F8 C0 07 3E F0 81 0F 7C 98
[21:14:59.033] ADDR:0xEE TYPE:RC_CHANNELS_PACKED        LEN:26 | EE 18 16 E0 C3 5E 2B B2 D7 8A 56 B4 02 7C E0 03 1F F8 C0 07 3E F0 81 0F 7C E4
[21:14:59.043] ADDR:0xEE TYPE:RC_CHANNELS_PACKED        LEN:26 | EE 18 16 E0 C3 5E 2B AE D7 8A 56 B4 02 7C E0 03 1F F8 C0 07 3E F0 81 0F 7C 73
[21:14:59.083] ADDR:0xEE TYPE:RC_CHANNELS_PACKED        LEN:26 | EE 18 16 E0 C3 5E 2B B0 D7 8A 56 B4 02 7C E0 03 1F F8 C0 07 3E F0 81 0F 7C 98
[21:14:59.093] ADDR:0xEE TYPE:RC_CHANNELS_PACKED        LEN:26 | EE 18 16 E0 C3 5E 2B B0 D7 8A 56 B4 02 7C E0 03 1F F8 C0 07 3E F0 81 0F 7C 98
[21:14:59.114] ADDR:0xEE TYPE:RC_CHANNELS_PACKED        LEN:26 | EE 18 16 E0 C3 5E 2B B4 D7 8A 56 B4 02 7C E0 03 1F F8 C0 07 3E F0 81 0F 7C 60
[21:14:59.124] ADDR:0xEE TYPE:RC_CHANNELS_PACKED        LEN:26 | EE 18 16 E0 C3 5E 2B B2 D7 8A 56 B4 02 7C E0 03 1F F8 C0 07 3E F0 81 0F 7C E4
[21:14:59.124] ADDR:0xEA TYPE:ELRS_STATUS               LEN:15 | EA 0D 3A EA EE 10 00 03 0D 40 00 00 00 3C B4
[21:14:59.164] ADDR:0xEE TYPE:RC_CHANNELS_PACKED        LEN:26 | EE 18 16 E0 C3 5E 2B B2 D7 8A 56 B4 02 7C E0 03 1F F8 C0 07 3E F0 81 0F 7C E4
[21:14:59.175] ADDR:0xEE TYPE:RC_CHANNELS_PACKED        LEN:26 | EE 18 16 E0 C3 5E 2B B2 D7 8A 56 B4 02 7C E0 03 1F F8 C0 07 3E F0 81 0F 7C E4
[21:14:59.195] ADDR:0xEE TYPE:RC_CHANNELS_PACKED        LEN:26 | EE 18 16 E0 C3 5E 2B B2 D7 8A 56 B4 02 7C E0 03 1F F8 C0 07 3E F0 81 0F 7C E4
[21:14:59.205] ADDR:0xEE TYPE:RC_CHANNELS_PACKED        LEN:26 | EE 18 16 E0 C3 5E 2B B2 D7 8A 56 B4 02 7C E0 03 1F F8 C0 07 3E F0 81 0F 7C E4
[21:14:59.235] ADDR:0xEE TYPE:RC_CHANNELS_PACKED        LEN:26 | EE 18 16 E0 C3 5E 2B B2 D7 8A 56 B4 02 7C E0 03 1F F8 C0 07 3E F0 81 0F 7C E4
[21:14:59.255] ADDR:0xEE TYPE:RC_CHANNELS_PACKED        LEN:26 | EE 18 16 E0 BB 5E 2B B0 D7 8A 56 B4 02 7C E0 03 1F F8 C0 07 3E F0 81 0F 7C 38
[21:14:59.276] ADDR:0xEE TYPE:RC_CHANNELS_PACKED        LEN:26 | EE 18 16 E0 C3 5E 2B B2 D7 8A 56 B4 02 7C E0 03 1F F8 C0 07 3E F0 81 0F 7C E4
[21:14:59.286] ADDR:0xEE TYPE:RC_CHANNELS_PACKED        LEN:26 | EE 18 16 E0 C3 5E 2B B0 D7 8A 56 B4 02 7C E0 03 1F F8 C0 07 3E F0 81 0F 7C 98
[21:14:59.316] ADDR:0xEE TYPE:RC_CHANNELS_PACKED        LEN:26 | EE 18 16 E0 C3 5E 2B B2 D7 8A 56 B4 02 7C E0 03 1F F8 C0 07 3E F0 81 0F 7C E4
[21:14:59.336] ADDR:0xEE TYPE:RC_CHANNELS_PACKED        LEN:26 | EE 18 16 DF C3 5E 2B B2 D7 8A 56 B4 02 7C E0 03 1F F8 C0 07 3E F0 81 0F 7C 66
[21:14:59.336] ADDR:0xEA TYPE:ELRS_STATUS               LEN:15 | EA 0D 3A EA EE 10 00 03 0D 40 00 00 01 4A 55
[21:14:59.356] ADDR:0xEE TYPE:RC_CHANNELS_PACKED        LEN:26 | EE 18 16 E0 C3 5E 2B B2 D7 8A 56 B4 02 7C E0 03 1F F8 C0 07 3E F0 81 0F 7C E4
[21:14:59.367] ADDR:0xEE TYPE:RC_CHANNELS_PACKED        LEN:26 | EE 18 16 E0 BB 5E 2B B2 D7 8A 56 B4 02 7C E0 03 1F F8 C0 07 3E F0 81 0F 7C 44
[21:14:59.397] ADDR:0xEE TYPE:RC_CHANNELS_PACKED        LEN:26 | EE 18 16 E0 C3 5E 2B B2 D7 8A 56 B4 02 7C E0 03 1F F8 C0 07 3E F0 81 0F 7C E4
[21:14:59.417] ADDR:0xEE TYPE:RC_CHANNELS_PACKED        LEN:26 | EE 18 16 E0 C3 5E 2B B2 D7 8A 56 B4 02 7C E0 03 1F F8 C0 07 3E F0 81 0F 7C E4
[21:14:59.427] ADDR:0xEE TYPE:RC_CHANNELS_PACKED        LEN:26 | EE 18 16 E0 C3 5E 2B B0 D7 8A 56 B4 02 7C E0 03 1F F8 C0 07 3E F0 81 0F 7C 98
[21:14:59.448] ADDR:0xEE TYPE:RC_CHANNELS_PACKED        LEN:26 | EE 18 16 E0 C3 5E 2B B2 D7 8A 56 B4 02 7C E0 03 1F F8 C0 07 3E F0 81 0F 7C E4
[21:14:59.478] ADDR:0xEE TYPE:RC_CHANNELS_PACKED        LEN:26 | EE 18 16 E0 C3 5E 2B B0 D7 8A 56 B4 02 7C E0 03 1F F8 C0 07 3E F0 81 0F 7C 98
[21:14:59.498] ADDR:0xEE TYPE:RC_CHANNELS_PACKED        LEN:26 | EE 18 16 E0 C3 5E 2B B2 D7 8A 56 B4 02 7C E0 03 1F F8 C0 07 3E F0 81 0F 7C E4
[21:14:59.508] ADDR:0xEE TYPE:RC_CHANNELS_PACKED        LEN:26 | EE 18 16 E0 C3 5E 2B B2 D7 8A 56 B4 02 7C E0 03 1F F8 C0 07 3E F0 81 0F 7C E4
[21:14:59.528] ADDR:0xEE TYPE:RC_CHANNELS_PACKED        LEN:26 | EE 18 16 E0 C3 5E 2B B0 D7 8A 56 B4 02 7C E0 03 1F F8 C0 07 3E F0 81 0F 7C 98
[21:14:59.528] ADDR:0xEA TYPE:ELRS_STATUS               LEN:15 | EA 0D 3A EA EE 10 00 03 0D 40 FF FF FF D8 44
[21:14:59.559] ADDR:0xEE TYPE:RC_CHANNELS_PACKED        LEN:26 | EE 18 16 E0 C3 5E 2B B2 D7 8A 56 B4 02 7C E0 03 1F F8 C0 07 3E F0 81 0F 7C E4
[21:14:59.579] ADDR:0xEE TYPE:RC_CHANNELS_PACKED        LEN:26 | EE 18 16 E0 C3 5E 2B B2 D7 8A 56 B4 02 7C E0 03 1F F8 C0 07 3E F0 81 0F 7C E4
[21:14:59.589] ADDR:0xEE TYPE:RC_CHANNELS_PACKED        LEN:26 | EE 18 16 E0 C3 5E 2B B2 D7 8A 56 B4 02 7C E0 03 1F F8 C0 07 3E F0 81 0F 7C E4
[21:14:59.609] ADDR:0xEE TYPE:RC_CHANNELS_PACKED        LEN:26 | EE 18 16 E0 C3 5E 2B B2 D7 8A 56 B4 02 7C E0 03 1F F8 C0 07 3E F0 81 0F 7C E4
[21:14:59.639] ADDR:0xEE TYPE:RC_CHANNELS_PACKED        LEN:26 | EE 18 16 E0 C3 5E 2B B2 D7 8A 56 B4 02 7C E0 03 1F F8 C0 07 3E F0 81 0F 7C E4
[21:14:59.660] ADDR:0xEE TYPE:RC_CHANNELS_PACKED        LEN:26 | EE 18 16 E0 BB 5E 2B B0 D7 8A 56 B4 02 7C E0 03 1F F8 C0 07 3E F0 81 0F 7C 38
[21:14:59.670] ADDR:0xEE TYPE:RC_CHANNELS_PACKED        LEN:26 | EE 18 16 E0 C3 5E 2B B2 D7 8A 56 B4 02 7C E0 03 1F F8 C0 07 3E F0 81 0F 7C E4
[21:14:59.690] ADDR:0xEE TYPE:RC_CHANNELS_PACKED        LEN:26 | EE 18 16 E0 C3 5E 2B B2 D7 8A 56 B4 02 7C E0 03 1F F8 C0 07 3E F0 81 0F 7C E4
[21:14:59.720] ADDR:0xEE TYPE:RC_CHANNELS_PACKED        LEN:26 | EE 18 16 E0 C3 5E 2B B2 D7 8A 56 B4 02 7C E0 03 1F F8 C0 07 3E F0 81 0F 7C E4
[21:14:59.741] ADDR:0xEE TYPE:RC_CHANNELS_PACKED        LEN:26 | EE 18 16 E0 C3 5E 2B B2 D7 8A 56 B4 02 7C E0 03 1F F8 C0 07 3E F0 81 0F 7C E4
[21:14:59.741] ADDR:0xEA TYPE:ELRS_STATUS               LEN:15 | EA 0D 3A EA EE 10 00 03 0D 40 00 00 00 78 D7
[21:14:59.751] ADDR:0xEE TYPE:RC_CHANNELS_PACKED        LEN:26 | EE 18 16 E0 C3 5E 2B B2 D7 8A 56 B4 02 7C E0 03 1F F8 C0 07 3E F0 81 0F 7C E4
[21:14:59.771] ADDR:0xEE TYPE:RC_CHANNELS_PACKED        LEN:26 | EE 18 16 E0 C3 5E 2B B2 D7 8A 56 B4 02 7C E0 03 1F F8 C0 07 3E F0 81 0F 7C E4
[21:14:59.802] ADDR:0xEE TYPE:RC_CHANNELS_PACKED        LEN:26 | EE 18 16 E0 C3 5E 2B B0 D7 8A 56 B4 02 7C E0 03 1F F8 C0 07 3E F0 81 0F 7C 98
[21:14:59.812] ADDR:0xEE TYPE:RC_CHANNELS_PACKED        LEN:26 | EE 18 16 E0 C3 5E 2B B2 D7 8A 56 B4 02 7C E0 03 1F F8 C0 07 3E F0 81 0F 7C E4
[21:14:59.832] ADDR:0xEE TYPE:RC_CHANNELS_PACKED        LEN:26 | EE 18 16 E0 BB 5E 2B B2 D7 8A 56 B4 02 7C E0 03 1F F8 C0 07 3E F0 81 0F 7C 44
[21:14:59.852] ADDR:0xEE TYPE:RC_CHANNELS_PACKED        LEN:26 | EE 18 16 E0 C3 5E 2B B0 D7 8A 56 B4 02 7C E0 03 1F F8 C0 07 3E F0 81 0F 7C 98
[21:14:59.883] ADDR:0xEE TYPE:RC_CHANNELS_PACKED        LEN:26 | EE 18 16 E0 C3 5E 2B B0 D7 8A 56 B4 02 7C E0 03 1F F8 C0 07 3E F0 81 0F 7C 98
[21:14:59.893] ADDR:0xEE TYPE:RC_CHANNELS_PACKED        LEN:26 | EE 18 16 E0 C3 5E 2B AE D7 8A 56 B4 02 7C E0 03 1F F8 C0 07 3E F0 81 0F 7C 73
[21:14:59.913] ADDR:0xEE TYPE:RC_CHANNELS_PACKED        LEN:26 | EE 18 16 E0 C3 5E 2B B4 D7 8A 56 B4 02 7C E0 03 1F F8 C0 07 3E F0 81 0F 7C 60
[21:14:59.923] ADDR:0xEE TYPE:RC_CHANNELS_PACKED        LEN:26 | EE 18 16 DF C3 5E 2B B2 D7 8A 56 B4 02 7C E0 03 1F F8 C0 07 3E F0 81 0F 7C 66
[21:14:59.923] ADDR:0xEA TYPE:ELRS_STATUS               LEN:15 | EA 0D 3A EA EE 10 00 03 0D 40 00 00 01 36 E9
[21:14:59.963] ADDR:0xEE TYPE:RC_CHANNELS_PACKED        LEN:26 | EE 18 16 E0 C3 5E 2B B0 D7 8A 56 B4 02 7C E0 03 1F F8 C0 07 3E F0 81 0F 7C 98
[21:14:59.973] ADDR:0xEE TYPE:RC_CHANNELS_PACKED        LEN:26 | EE 18 16 E0 C3 5E 2B B2 D7 8A 56 B4 02 7C E0 03 1F F8 C0 07 3E F0 81 0F 7C E4
[21:14:59.994] ADDR:0xEE TYPE:RC_CHANNELS_PACKED        LEN:26 | EE 18 16 E0 C3 5E 2B B4 D7 8A 56 B4 02 7C E0 03 1F F8 C0 07 3E F0 81 0F 7C 60
[21:15:00.004] ADDR:0xEE TYPE:RC_CHANNELS_PACKED        LEN:26 | EE 18 16 E0 C3 5E 2B B2 D7 8A 56 B4 02 7C E0 03 1F F8 C0 07 3E F0 81 0F 7C E4
[21:15:00.044] ADDR:0xEE TYPE:RC_CHANNELS_PACKED        LEN:26 | EE 18 16 E0 C3 5E 2B AE D7 8A 56 B4 02 7C E0 03 1F F8 C0 07 3E F0 81 0F 7C 73
[21:15:00.054] ADDR:0xEE TYPE:RC_CHANNELS_PACKED        LEN:26 | EE 18 16 E0 C3 5E 2B B2 D7 8A 56 B4 02 7C E0 03 1F F8 C0 07 3E F0 81 0F 7C E4
[21:15:00.075] ADDR:0xEE TYPE:RC_CHANNELS_PACKED        LEN:26 | EE 18 16 E0 BB 5E 2B B2 D7 8A 56 B4 02 7C E0 03 1F F8 C0 07 3E F0 81 0F 7C 44
[21:15:00.085] ADDR:0xEE TYPE:RC_CHANNELS_PACKED        LEN:26 | EE 18 16 E0 C3 5E 2B B2 D7 8A 56 B4 02 7C E0 03 1F F8 C0 07 3E F0 81 0F 7C E4
[21:15:00.115] ADDR:0xEE TYPE:RC_CHANNELS_PACKED        LEN:26 | EE 18 16 E0 C3 5E 2B B2 D7 8A 56 B4 02 7C E0 03 1F F8 C0 07 3E F0 81 0F 7C E4
[21:15:00.135] ADDR:0xEE TYPE:RC_CHANNELS_PACKED        LEN:26 | EE 18 16 E0 C3 5E 2B B2 D7 8A 56 B4 02 7C E0 03 1F F8 C0 07 3E F0 81 0F 7C E4
[21:15:00.135] ADDR:0xEA TYPE:ELRS_STATUS               LEN:15 | EA 0D 3A EA EE 10 00 03 0D 40 00 00 00 B4 72
[21:15:00.155] ADDR:0xEE TYPE:RC_CHANNELS_PACKED        LEN:26 | EE 18 16 E0 C3 5E 2B B2 D7 8A 56 B4 02 7C E0 03 1F F8 C0 07 3E F0 81 0F 7C E4
[21:15:00.166] ADDR:0xEE TYPE:RC_CHANNELS_PACKED        LEN:26 | EE 18 16 E0 C3 5E 2B B2 D7 8A 56 B4 02 7C E0 03 1F F8 C0 07 3E F0 81 0F 7C E4
[21:15:00.196] ADDR:0xEE TYPE:RC_CHANNELS_PACKED        LEN:26 | EE 18 16 E0 C3 5E 2B B2 D7 8A 56 B4 02 7C E0 03 1F F8 C0 07 3E F0 81 0F 7C E4
[21:15:00.219] ADDR:0xEE TYPE:RC_CHANNELS_PACKED        LEN:26 | EE 18 16 E0 BB 5E 2B B2 D7 8A 56 B4 02 7C E0 03 1F F8 C0 07 3E F0 81 0F 7C 44
[21:15:00.229] ADDR:0xEE TYPE:RC_CHANNELS_PACKED        LEN:26 | EE 18 16 E0 C3 5E 2B B2 D7 8A 56 B4 02 7C E0 03 1F F8 C0 07 3E F0 81 0F 7C E4
[21:15:00.249] ADDR:0xEE TYPE:RC_CHANNELS_PACKED        LEN:26 | EE 18 16 E0 C3 5E 2B B0 D7 8A 56 B4 02 7C E0 03 1F F8 C0 07 3E F0 81 0F 7C 98
[21:15:00.279] ADDR:0xEE TYPE:RC_CHANNELS_PACKED        LEN:26 | EE 18 16 E0 C3 5E 2B B2 D7 8A 56 B4 02 7C E0 03 1F F8 C0 07 3E F0 81 0F 7C E4
[21:15:00.299] ADDR:0xEE TYPE:RC_CHANNELS_PACKED        LEN:26 | EE 18 16 E0 C3 5E 2B B2 D7 8A 56 B4 02 7C E0 03 1F F8 C0 07 3E F0 81 0F 7C E4
[21:15:00.310] ADDR:0xEE TYPE:RC_CHANNELS_PACKED        LEN:26 | EE 18 16 E0 BB 5E 2B B0 D7 8A 56 B4 02 7C E0 03 1F F8 C0 07 3E F0 81 0F 7C 38
[21:15:00.330] ADDR:0xEE TYPE:RC_CHANNELS_PACKED        LEN:26 | EE 18 16 E0 C3 5E 2B B2 D7 8A 56 B4 02 7C E0 03 1F F8 C0 07 3E F0 81 0F 7C E4
[21:15:00.330] ADDR:0xEA TYPE:ELRS_STATUS               LEN:15 | EA 0D 3A EA EE 10 00 03 0D 40 00 00 00 0A C3
[21:15:00.360] ADDR:0xEE TYPE:RC_CHANNELS_PACKED        LEN:26 | EE 18 16 E0 C3 5E 2B B0 D7 8A 56 B4 02 7C E0 03 1F F8 C0 07 3E F0 81 0F 7C 98
[21:15:00.380] ADDR:0xEE TYPE:RC_CHANNELS_PACKED        LEN:26 | EE 18 16 E0 C3 5E 2B B2 D7 8A 56 B4 02 7C E0 03 1F F8 C0 07 3E F0 81 0F 7C E4
[21:15:00.391] ADDR:0xEE TYPE:RC_CHANNELS_PACKED        LEN:26 | EE 18 16 E0 C3 5E 2B B2 D7 8A 56 B4 02 7C E0 03 1F F8 C0 07 3E F0 81 0F 7C E4
[21:15:00.411] ADDR:0xEE TYPE:RC_CHANNELS_PACKED        LEN:26 | EE 18 16 E0 C3 5E 2B B2 D7 8A 56 B4 02 7C E0 03 1F F8 C0 07 3E F0 81 0F 7C E4
[21:15:00.441] ADDR:0xEE TYPE:RC_CHANNELS_PACKED        LEN:26 | EE 18 16 E0 C3 5E 2B B2 D7 8A 56 B4 02 7C E0 03 1F F8 C0 07 3E F0 81 0F 7C E4
[21:15:00.451] ADDR:0xEE TYPE:RC_CHANNELS_PACKED        LEN:26 | EE 18 16 E0 C3 5E 2B B2 D7 8A 56 B4 02 7C E0 03 1F F8 C0 07 3E F0 81 0F 7C E4
[21:15:00.471] ADDR:0xEE TYPE:RC_CHANNELS_PACKED        LEN:26 | EE 18 16 E0 C3 5E 2B B2 D7 8A 56 B4 02 7C E0 03 1F F8 C0 07 3E F0 81 0F 7C E4
[21:15:00.492] ADDR:0xEE TYPE:RC_CHANNELS_PACKED        LEN:26 | EE 18 16 E0 C3 5E 2B B2 D7 8A 56 B4 02 7C E0 03 1F F8 C0 07 3E F0 81 0F 7C E4
[21:15:00.522] ADDR:0xEE TYPE:RC_CHANNELS_PACKED        LEN:26 | EE 18 16 E0 C3 5E 2B B2 D7 8A 56 B4 02 7C E0 03 1F F8 C0 07 3E F0 81 0F 7C E4
[21:15:00.532] ADDR:0xEE TYPE:RC_CHANNELS_PACKED        LEN:26 | EE 18 16 E0 C3 5E 2B B2 D7 8A 56 B4 02 7C E0 03 1F F8 C0 07 3E F0 81 0F 7C E4
[21:15:00.532] ADDR:0xEA TYPE:ELRS_STATUS               LEN:15 | EA 0D 3A EA EE 10 00 03 0D 40 00 00 01 40 03
[21:15:00.552] ADDR:0xEE TYPE:RC_CHANNELS_PACKED        LEN:26 | EE 18 16 E0 C3 5E 2B B2 D7 8A 56 B4 02 7C E0 03 1F F8 C0 07 3E F0 81 0F 7C E4
[21:15:00.572] ADDR:0xEE TYPE:RC_CHANNELS_PACKED        LEN:26 | EE 18 16 E0 C3 5E 2B B2 D7 8A 56 B4 02 7C E0 03 1F F8 C0 07 3E F0 81 0F 7C E4
[21:15:00.603] ADDR:0xEE TYPE:RC_CHANNELS_PACKED        LEN:26 | EE 18 16 E0 C3 5E 2B B2 D7 8A 56 B4 02 7C E0 03 1F F8 C0 07 3E F0 81 0F 7C E4
[21:15:00.613] ADDR:0xEE TYPE:RC_CHANNELS_PACKED        LEN:26 | EE 18 16 E0 C3 5E 2B B2 D7 8A 56 B4 02 7C E0 03 1F F8 C0 07 3E F0 81 0F 7C E4
[21:15:00.633] ADDR:0xEE TYPE:RC_CHANNELS_PACKED        LEN:26 | EE 18 16 E0 C3 5E 2B B2 D7 8A 56 B4 02 7C E0 03 1F F8 C0 07 3E F0 81 0F 7C E4
[21:15:00.643] ADDR:0xEE TYPE:RC_CHANNELS_PACKED        LEN:26 | EE 18 16 E0 C3 5E 2B B2 D7 8A 56 B4 02 7C E0 03 1F F8 C0 07 3E F0 81 0F 7C E4
[21:15:00.683] ADDR:0xEE TYPE:RC_CHANNELS_PACKED        LEN:26 | EE 18 16 E0 C3 5E 2B B0 D7 8A 56 B4 02 7C E0 03 1F F8 C0 07 3E F0 81 0F 7C 98
[21:15:00.694] ADDR:0xEE TYPE:RC_CHANNELS_PACKED        LEN:26 | EE 18 16 E0 C3 5E 2B B2 D7 8A 56 B4 02 7C E0 03 1F F8 C0 07 3E F0 81 0F 7C E4
[21:15:00.714] ADDR:0xEE TYPE:RC_CHANNELS_PACKED        LEN:26 | EE 18 16 E0 C3 5E 2B B0 D7 8A 56 B4 02 7C E0 03 1F F8 C0 07 3E F0 81 0F 7C 98
[21:15:00.724] ADDR:0xEE TYPE:RC_CHANNELS_PACKED        LEN:26 | EE 18 16 E0 C3 5E 2B B2 D7 8A 56 B4 02 7C E0 03 1F F8 C0 07 3E F0 81 0F 7C E4
[21:15:00.724] ADDR:0xEA TYPE:ELRS_STATUS               LEN:15 | EA 0D 3A EA EE 10 00 03 0D 40 00 00 00 46 89
[21:15:00.765] ADDR:0xEE TYPE:RC_CHANNELS_PACKED        LEN:26 | EE 18 16 E0 C3 5E 2B B2 D7 8A 56 B4 02 7C E0 03 1F F8 C0 07 3E F0 81 0F 7C E4
[21:15:00.775] ADDR:0xEE TYPE:RC_CHANNELS_PACKED        LEN:26 | EE 18 16 E0 C3 5E 2B B2 D7 8A 56 B4 02 7C E0 03 1F F8 C0 07 3E F0 81 0F 7C E4
[21:15:00.795] ADDR:0xEE TYPE:RC_CHANNELS_PACKED        LEN:26 | EE 18 16 E0 C3 5E 2B B2 D7 8A 56 B4 02 7C E0 03 1F F8 C0 07 3E F0 81 0F 7C E4
[21:15:00.805] ADDR:0xEE TYPE:RC_CHANNELS_PACKED        LEN:26 | EE 18 16 E0 C3 5E 2B B2 D7 8A 56 B4 02 7C E0 03 1F F8 C0 07 3E F0 81 0F 7C E4
[21:15:00.835] ADDR:0xEE TYPE:RC_CHANNELS_PACKED        LEN:26 | EE 18 16 E0 C3 5E 2B B2 D7 8A 56 B4 02 7C E0 03 1F F8 C0 07 3E F0 81 0F 7C E4
[21:15:00.856] ADDR:0xEE TYPE:RC_CHANNELS_PACKED        LEN:26 | EE 18 16 E0 C3 5E 2B B0 D7 8A 56 B4 02 7C E0 03 1F F8 C0 07 3E F0 81 0F 7C 98
[21:15:00.876] ADDR:0xEE TYPE:RC_CHANNELS_PACKED        LEN:26 | EE 18 16 E0 C3 5E 2B B0 D7 8A 56 B4 02 7C E0 03 1F F8 C0 07 3E F0 81 0F 7C 98
[21:15:00.886] ADDR:0xEE TYPE:RC_CHANNELS_PACKED        LEN:26 | EE 18 16 E0 C3 5E 2B B2 D7 8A 56 B4 02 7C E0 03 1F F8 C0 07 3E F0 81 0F 7C E4
[21:15:00.916] ADDR:0xEE TYPE:RC_CHANNELS_PACKED        LEN:26 | EE 18 16 E0 C3 5E 2B B2 D7 8A 56 B4 02 7C E0 03 1F F8 C0 07 3E F0 81 0F 7C E4
[21:15:00.936] ADDR:0xEE TYPE:RC_CHANNELS_PACKED        LEN:26 | EE 18 16 E0 BB 5E 2B B2 D7 8A 56 B4 02 7C E0 03 1F F8 C0 07 3E F0 81 0F 7C 44
[21:15:00.936] ADDR:0xEA TYPE:ELRS_STATUS               LEN:15 | EA 0D 3A EA EE 10 00 03 0D 40 00 00 01 AE 7D
[21:15:00.957] ADDR:0xEE TYPE:RC_CHANNELS_PACKED        LEN:26 | EE 18 16 E0 C3 5E 2B B2 D7 8A 56 B4 02 7C E0 03 1F F8 C0 07 3E F0 81 0F 7C E4
[21:15:00.967] ADDR:0xEE TYPE:RC_CHANNELS_PACKED        LEN:26 | EE 18 16 DF C3 5E 2B B2 D7 8A 56 B4 02 7C E0 03 1F F8 C0 07 3E F0 81 0F 7C 66
[21:15:00.997] ADDR:0xEE TYPE:RC_CHANNELS_PACKED        LEN:26 | EE 18 16 E0 C3 5E 2B B2 D7 8A 56 B4 02 7C E0 03 1F F8 C0 07 3E F0 81 0F 7C E4
[21:15:01.017] ADDR:0xEE TYPE:RC_CHANNELS_PACKED        LEN:26 | EE 18 16 E0 C3 5E 2B B2 D7 8A 56 B4 02 7C E0 03 1F F8 C0 07 3E F0 81 0F 7C E4
[21:15:01.027] ADDR:0xEE TYPE:RC_CHANNELS_PACKED        LEN:26 | EE 18 16 E0 C3 5E 2B B2 D7 8A 56 B4 02 7C E0 03 1F F8 C0 07 3E F0 81 0F 7C E4
[21:15:01.048] ADDR:0xEE TYPE:RC_CHANNELS_PACKED        LEN:26 | EE 18 16 E0 C3 5E 2B B0 D7 8A 56 B4 02 7C E0 03 1F F8 C0 07 3E F0 81 0F 7C 98
[21:15:01.078] ADDR:0xEE TYPE:RC_CHANNELS_PACKED        LEN:26 | EE 18 16 E0 C3 5E 2B B0 D7 8A 56 B4 02 7C E0 03 1F F8 C0 07 3E F0 81 0F 7C 98
[21:15:01.098] ADDR:0xEE TYPE:RC_CHANNELS_PACKED        LEN:26 | EE 18 16 E0 C3 5E 2B B2 D7 8A 56 B4 02 7C E0 03 1F F8 C0 07 3E F0 81 0F 7C E4
[21:15:01.108] ADDR:0xEE TYPE:RC_CHANNELS_PACKED        LEN:26 | EE 18 16 E0 C3 5E 2B B2 D7 8A 56 B4 02 7C E0 03 1F F8 C0 07 3E F0 81 0F 7C E4
[21:15:01.128] ADDR:0xEE TYPE:RC_CHANNELS_PACKED        LEN:26 | EE 18 16 E0 C3 5E 2B B2 D7 8A 56 B4 02 7C E0 03 1F F8 C0 07 3E F0 81 0F 7C E4
[21:15:01.129] ADDR:0xEA TYPE:ELRS_STATUS               LEN:15 | EA 0D 3A EA EE 10 00 03 0D 40 00 00 00 6E 04
[21:15:01.159] ADDR:0xEE TYPE:RC_CHANNELS_PACKED        LEN:26 | EE 18 16 E0 C3 5E 2B B2 D7 8A 56 B4 02 7C E0 03 1F F8 C0 07 3E F0 81 0F 7C E4
[21:15:01.179] ADDR:0xEE TYPE:RC_CHANNELS_PACKED        LEN:26 | EE 18 16 E0 C3 5E 2B B2 D7 8A 56 B4 02 7C E0 03 1F F8 C0 07 3E F0 81 0F 7C E4
[21:15:01.189] ADDR:0xEE TYPE:RC_CHANNELS_PACKED        LEN:26 | EE 18 16 E0 C3 5E 2B B4 D7 8A 56 B4 02 7C E0 03 1F F8 C0 07 3E F0 81 0F 7C 60
[21:15:01.209] ADDR:0xEE TYPE:RC_CHANNELS_PACKED        LEN:26 | EE 18 16 E0 C3 5E 2B B2 D7 8A 56 B4 02 7C E0 03 1F F8 C0 07 3E F0 81 0F 7C E4
[21:15:01.239] ADDR:0xEE TYPE:RC_CHANNELS_PACKED        LEN:26 | EE 18 16 E0 C3 5E 2B AE D7 8A 56 B4 02 7C E0 03 1F F8 C0 07 3E F0 81 0F 7C 73
[21:15:01.260] ADDR:0xEE TYPE:RC_CHANNELS_PACKED        LEN:26 | EE 18 16 E0 C3 5E 2B B2 D7 8A 56 B4 02 7C E0 03 1F F8 C0 07 3E F0 81 0F 7C E4
[21:15:01.270] ADDR:0xEE TYPE:RC_CHANNELS_PACKED        LEN:26 | EE 18 16 E0 C3 5E 2B B2 D7 8A 56 B4 02 7C E0 03 1F F8 C0 07 3E F0 81 0F 7C E4
[21:15:01.290] ADDR:0xEE TYPE:RC_CHANNELS_PACKED        LEN:26 | EE 18 16 E0 C3 5E 2B B0 D7 8A 56 B4 02 7C E0 03 1F F8 C0 07 3E F0 81 0F 7C 98
[21:15:01.320] ADDR:0xEE TYPE:RC_CHANNELS_PACKED        LEN:26 | EE 18 16 E0 C3 5E 2B AE D7 8A 56 B4 02 7C E0 03 1F F8 C0 07 3E F0 81 0F 7C 73
[21:15:01.341] ADDR:0xEE TYPE:RC_CHANNELS_PACKED        LEN:26 | EE 18 16 E0 C3 5E 2B B0 D7 8A 56 B4 02 7C E0 03 1F F8 C0 07 3E F0 81 0F 7C 98
[21:15:01.341] ADDR:0xEA TYPE:ELRS_STATUS               LEN:15 | EA 0D 3A EA EE 10 00 03 0D 40 00 00 00 46 89
[21:15:01.353] ADDR:0xEE TYPE:RC_CHANNELS_PACKED        LEN:26 | EE 18 16 E0 BB 5E 2B B2 D7 8A 56 B4 02 7C E0 03 1F F8 C0 07 3E F0 81 0F 7C 44
[21:15:01.363] ADDR:0xEE TYPE:RC_CHANNELS_PACKED        LEN:26 | EE 18 16 E0 BB 5E 2B B2 D7 8A 56 B4 02 7C E0 03 1F F8 C0 07 3E F0 81 0F 7C 44
[21:15:01.403] ADDR:0xEE TYPE:RC_CHANNELS_PACKED        LEN:26 | EE 18 16 E0 C3 5E 2B B2 D7 8A 56 B4 02 7C E0 03 1F F8 C0 07 3E F0 81 0F 7C E4
[21:15:01.414] ADDR:0xEE TYPE:RC_CHANNELS_PACKED        LEN:26 | EE 18 16 E0 BB 5E 2B B0 D7 8A 56 B4 02 7C E0 03 1F F8 C0 07 3E F0 81 0F 7C 38
[21:15:01.434] ADDR:0xEE TYPE:RC_CHANNELS_PACKED        LEN:26 | EE 18 16 E0 C3 5E 2B B4 D7 8A 56 B4 02 7C E0 03 1F F8 C0 07 3E F0 81 0F 7C 60
[21:15:01.444] ADDR:0xEE TYPE:RC_CHANNELS_PACKED        LEN:26 | EE 18 16 E0 C3 5E 2B B2 D7 8A 56 B4 02 7C E0 03 1F F8 C0 07 3E F0 81 0F 7C E4
[21:15:01.484] ADDR:0xEE TYPE:RC_CHANNELS_PACKED        LEN:26 | EE 18 16 E0 BB 5E 2B AE D7 8A 56 B4 02 7C E0 03 1F F8 C0 07 3E F0 81 0F 7C D3
[21:15:01.494] ADDR:0xEE TYPE:RC_CHANNELS_PACKED        LEN:26 | EE 18 16 E0 C3 5E 2B B2 D7 8A 56 B4 02 7C E0 03 1F F8 C0 07 3E F0 81 0F 7C E4
[21:15:01.515] ADDR:0xEE TYPE:RC_CHANNELS_PACKED        LEN:26 | EE 18 16 E0 C3 5E 2B B2 D7 8A 56 B4 02 7C E0 03 1F F8 C0 07 3E F0 81 0F 7C E4
[21:15:01.525] ADDR:0xEE TYPE:RC_CHANNELS_PACKED        LEN:26 | EE 18 16 E0 BB 5E 2B B2 D7 8A 56 B4 02 7C E0 03 1F F8 C0 07 3E F0 81 0F 7C 44
[21:15:01.525] ADDR:0xEA TYPE:ELRS_STATUS               LEN:15 | EA 0D 3A EA EE 10 00 03 0D 40 00 00 00 FA 47
[21:15:01.555] ADDR:0xEE TYPE:RC_CHANNELS_PACKED        LEN:26 | EE 18 16 E0 C3 5E 2B B2 D7 8A 56 B4 02 7C E0 03 1F F8 C0 07 3E F0 81 0F 7C E4
[21:15:01.576] ADDR:0xEE TYPE:RC_CHANNELS_PACKED        LEN:26 | EE 18 16 E0 C3 5E 2B B2 D7 8A 56 B4 02 7C E0 03 1F F8 C0 07 3E F0 81 0F 7C E4
[21:15:01.596] ADDR:0xEE TYPE:RC_CHANNELS_PACKED        LEN:26 | EE 18 16 E0 C3 5E 2B B2 D7 8A 56 B4 02 7C E0 03 1F F8 C0 07 3E F0 81 0F 7C E4
[21:15:01.606] ADDR:0xEE TYPE:RC_CHANNELS_PACKED        LEN:26 | EE 18 16 E0 C3 5E 2B B0 D7 8A 56 B4 02 7C E0 03 1F F8 C0 07 3E F0 81 0F 7C 98
[21:15:01.637] ADDR:0xEE TYPE:RC_CHANNELS_PACKED        LEN:26 | EE 18 16 E0 C3 5E 2B B2 D7 8A 56 B4 02 7C E0 03 1F F8 C0 07 3E F0 81 0F 7C E4
[21:15:01.657] ADDR:0xEE TYPE:RC_CHANNELS_PACKED        LEN:26 | EE 18 16 E0 BB 5E 2B B2 D7 8A 56 B4 02 7C E0 03 1F F8 C0 07 3E F0 81 0F 7C 44
[21:15:01.667] ADDR:0xEE TYPE:RC_CHANNELS_PACKED        LEN:26 | EE 18 16 E0 C3 5E 2B B2 D7 8A 56 B4 02 7C E0 03 1F F8 C0 07 3E F0 81 0F 7C E4
[21:15:01.688] ADDR:0xEE TYPE:RC_CHANNELS_PACKED        LEN:26 | EE 18 16 E0 C3 5E 2B B2 D7 8A 56 B4 02 7C E0 03 1F F8 C0 07 3E F0 81 0F 7C E4
[21:15:01.718] ADDR:0xEE TYPE:RC_CHANNELS_PACKED        LEN:26 | EE 18 16 DF C3 5E 2B B2 D7 8A 56 B4 02 7C E0 03 1F F8 C0 07 3E F0 81 0F 7C 66
[21:15:01.738] ADDR:0xEE TYPE:RC_CHANNELS_PACKED        LEN:26 | EE 18 16 E0 BB 5E 2B B2 D7 8A 56 B4 02 7C E0 03 1F F8 C0 07 3E F0 81 0F 7C 44
[21:15:01.738] ADDR:0xEA TYPE:ELRS_STATUS               LEN:15 | EA 0D 3A EA EE 10 00 03 0D 40 00 00 00 00 95
[21:15:01.748] ADDR:0xEE TYPE:RC_CHANNELS_PACKED        LEN:26 | EE 18 16 E0 C3 5E 2B B2 D7 8A 56 B4 02 7C E0 03 1F F8 C0 07 3E F0 81 0F 7C E4
[21:15:01.768] ADDR:0xEE TYPE:RC_CHANNELS_PACKED        LEN:26 | EE 18 16 E0 C3 5E 2B B2 D7 8A 56 B4 02 7C E0 03 1F F8 C0 07 3E F0 81 0F 7C E4
[21:15:01.799] ADDR:0xEE TYPE:RC_CHANNELS_PACKED        LEN:26 | EE 18 16 E0 C3 5E 2B AE D7 8A 56 B4 02 7C E0 03 1F F8 C0 07 3E F0 81 0F 7C 73
[21:15:01.819] ADDR:0xEE TYPE:RC_CHANNELS_PACKED        LEN:26 | EE 18 16 E0 C3 5E 2B B2 D7 8A 56 B4 02 7C E0 03 1F F8 C0 07 3E F0 81 0F 7C E4
[21:15:01.829] ADDR:0xEE TYPE:RC_CHANNELS_PACKED        LEN:26 | EE 18 16 E0 C3 5E 2B B2 D7 8A 56 B4 02 7C E0 03 1F F8 C0 07 3E F0 81 0F 7C E4
[21:15:01.850] ADDR:0xEE TYPE:RC_CHANNELS_PACKED        LEN:26 | EE 18 16 E0 C3 5E 2B B2 D7 8A 56 B4 02 7C E0 03 1F F8 C0 07 3E F0 81 0F 7C E4
[21:15:01.880] ADDR:0xEE TYPE:RC_CHANNELS_PACKED        LEN:26 | EE 18 16 E0 C3 5E 2B B2 D7 8A 56 B4 02 7C E0 03 1F F8 C0 07 3E F0 81 0F 7C E4
[21:15:01.900] ADDR:0xEE TYPE:RC_CHANNELS_PACKED        LEN:26 | EE 18 16 E0 BB 5E 2B B2 D7 8A 56 B4 02 7C E0 03 1F F8 C0 07 3E F0 81 0F 7C 44
[21:15:01.910] ADDR:0xEE TYPE:RC_CHANNELS_PACKED        LEN:26 | EE 18 16 E0 C3 5E 2B B2 D7 8A 56 B4 02 7C E0 03 1F F8 C0 07 3E F0 81 0F 7C E4
[21:15:01.930] ADDR:0xEE TYPE:RC_CHANNELS_PACKED        LEN:26 | EE 18 16 E0 C3 5E 2B B2 D7 8A 56 B4 02 7C E0 03 1F F8 C0 07 3E F0 81 0F 7C E4
[21:15:01.930] ADDR:0xEA TYPE:ELRS_STATUS               LEN:15 | EA 0D 3A EA EE 10 00 03 0D 40 00 00 00 E6 C2
[21:15:01.961] ADDR:0xEE TYPE:RC_CHANNELS_PACKED        LEN:26 | EE 18 16 E0 BB 5E 2B B2 D7 8A 56 B4 02 7C E0 03 1F F8 C0 07 3E F0 81 0F 7C 44
[21:15:01.971] ADDR:0xEE TYPE:RC_CHANNELS_PACKED        LEN:26 | EE 18 16 E0 C3 5E 2B B2 D7 8A 56 B4 02 7C E0 03 1F F8 C0 07 3E F0 81 0F 7C E4
[21:15:01.991] ADDR:0xEE TYPE:RC_CHANNELS_PACKED        LEN:26 | EE 18 16 E0 C3 5E 2B B0 D7 8A 56 B4 02 7C E0 03 1F F8 C0 07 3E F0 81 0F 7C 98
[21:15:02.011] ADDR:0xEE TYPE:RC_CHANNELS_PACKED        LEN:26 | EE 18 16 E0 C3 5E 2B B2 D7 8A 56 B4 02 7C E0 03 1F F8 C0 07 3E F0 81 0F 7C E4
[21:15:02.042] ADDR:0xEE TYPE:RC_CHANNELS_PACKED        LEN:26 | EE 18 16 E0 C3 5E 2B B2 D7 8A 56 B4 02 7C E0 03 1F F8 C0 07 3E F0 81 0F 7C E4
[21:15:02.052] ADDR:0xEE TYPE:RC_CHANNELS_PACKED        LEN:26 | EE 18 16 E0 C3 5E 2B B2 D7 8A 56 B4 02 7C E0 03 1F F8 C0 07 3E F0 81 0F 7C E4
[21:15:02.072] ADDR:0xEE TYPE:RC_CHANNELS_PACKED        LEN:26 | EE 18 16 E0 BB 5E 2B B2 D7 8A 56 B4 02 7C E0 03 1F F8 C0 07 3E F0 81 0F 7C 44
[21:15:02.092] ADDR:0xEE TYPE:RC_CHANNELS_PACKED        LEN:26 | EE 18 16 E0 C3 5E 2B B2 D7 8A 56 B4 02 7C E0 03 1F F8 C0 07 3E F0 81 0F 7C E4
[21:15:02.122] ADDR:0xEE TYPE:RC_CHANNELS_PACKED        LEN:26 | EE 18 16 E0 C3 5E 2B B2 D7 8A 56 B4 02 7C E0 03 1F F8 C0 07 3E F0 81 0F 7C E4
[21:15:02.132] ADDR:0xEE TYPE:RC_CHANNELS_PACKED        LEN:26 | EE 18 16 E0 C3 5E 2B B2 D7 8A 56 B4 02 7C E0 03 1F F8 C0 07 3E F0 81 0F 7C E4
[21:15:02.132] ADDR:0xEA TYPE:ELRS_STATUS               LEN:15 | EA 0D 3A EA EE 10 00 03 0D 40 00 00 00 FA 47
[21:15:02.153] ADDR:0xEE TYPE:RC_CHANNELS_PACKED        LEN:26 | EE 18 16 E0 C3 5E 2B B2 D7 8A 56 B4 02 7C E0 03 1F F8 C0 07 3E F0 81 0F 7C E4
[21:15:02.163] ADDR:0xEE TYPE:RC_CHANNELS_PACKED        LEN:26 | EE 18 16 E0 C3 5E 2B B2 D7 8A 56 B4 02 7C E0 03 1F F8 C0 07 3E F0 81 0F 7C E4
[21:15:02.203] ADDR:0xEE TYPE:RC_CHANNELS_PACKED        LEN:26 | EE 18 16 E0 AB 5E 2B B2 D7 8A 56 B4 02 7C E0 03 1F F8 C0 07 3E F0 81 0F 7C 15
[21:15:02.213] ADDR:0xEE TYPE:RC_CHANNELS_PACKED        LEN:26 | EE 18 16 E0 BB 5E 2B B2 D7 8A 56 B4 02 7C E0 03 1F F8 C0 07 3E F0 81 0F 7C 44
[21:15:02.233] ADDR:0xEE TYPE:RC_CHANNELS_PACKED        LEN:26 | EE 18 16 E0 BB 5E 2B B2 D7 8A 56 B4 02 7C E0 03 1F F8 C0 07 3E F0 81 0F 7C 44
[21:15:02.243] ADDR:0xEE TYPE:RC_CHANNELS_PACKED        LEN:26 | EE 18 16 E0 C3 5E 2B B2 D7 8A 56 B4 02 7C E0 03 1F F8 C0 07 3E F0 81 0F 7C E4
[21:15:02.284] ADDR:0xEE TYPE:RC_CHANNELS_PACKED        LEN:26 | EE 18 16 E0 BB 5E 2B B2 D7 8A 56 B4 02 7C E0 03 1F F8 C0 07 3E F0 81 0F 7C 44
[21:15:02.294] ADDR:0xEE TYPE:RC_CHANNELS_PACKED        LEN:26 | EE 18 16 E0 C3 5E 2B B0 D7 8A 56 B4 02 7C E0 03 1F F8 C0 07 3E F0 81 0F 7C 98
[21:15:02.314] ADDR:0xEE TYPE:RC_CHANNELS_PACKED        LEN:26 | EE 18 16 E0 C3 5E 2B B0 D7 8A 56 B4 02 7C E0 03 1F F8 C0 07 3E F0 81 0F 7C 98
[21:15:02.325] ADDR:0xEE TYPE:RC_CHANNELS_PACKED        LEN:26 | EE 18 16 E0 C3 5E 2B B2 D7 8A 56 B4 02 7C E0 03 1F F8 C0 07 3E F0 81 0F 7C E4
[21:15:02.325] ADDR:0xEA TYPE:ELRS_STATUS               LEN:15 | EA 0D 3A EA EE 10 00 03 0D 40 FF FF FF BA 02
[21:15:02.355] ADDR:0xEE TYPE:RC_CHANNELS_PACKED        LEN:26 | EE 18 16 E0 C3 5E 2B B0 D7 8A 56 B4 02 7C E0 03 1F F8 C0 07 3E F0 81 0F 7C 98
[21:15:02.375] ADDR:0xEE TYPE:RC_CHANNELS_PACKED        LEN:26 | EE 18 16 DF BB 5E 2B B0 D7 8A 56 B4 02 7C E0 03 1F F8 C0 07 3E F0 81 0F 7C BA
[21:15:02.395] ADDR:0xEE TYPE:RC_CHANNELS_PACKED        LEN:26 | EE 18 16 E0 C3 5E 2B B0 D7 8A 56 B4 02 7C E0 03 1F F8 C0 07 3E F0 81 0F 7C 98
[21:15:02.406] ADDR:0xEE TYPE:RC_CHANNELS_PACKED        LEN:26 | EE 18 16 E0 C3 5E 2B B2 D7 8A 56 B4 02 7C E0 03 1F F8 C0 07 3E F0 81 0F 7C E4
[21:15:02.436] ADDR:0xEE TYPE:RC_CHANNELS_PACKED        LEN:26 | EE 18 16 E0 C3 5E 2B B2 D7 8A 56 B4 02 7C E0 03 1F F8 C0 07 3E F0 81 0F 7C E4
[21:15:02.456] ADDR:0xEE TYPE:RC_CHANNELS_PACKED        LEN:26 | EE 18 16 E0 C3 5E 2B B0 D7 8A 56 B4 02 7C E0 03 1F F8 C0 07 3E F0 81 0F 7C 98
[21:15:02.476] ADDR:0xEE TYPE:RC_CHANNELS_PACKED        LEN:26 | EE 18 16 E0 C3 5E 2B B2 D7 8A 56 B4 02 7C E0 03 1F F8 C0 07 3E F0 81 0F 7C E4
[21:15:02.486] ADDR:0xEE TYPE:RC_CHANNELS_PACKED        LEN:26 | EE 18 16 E0 C3 5E 2B AE D7 8A 56 B4 02 7C E0 03 1F F8 C0 07 3E F0 81 0F 7C 73
[21:15:02.517] ADDR:0xEE TYPE:RC_CHANNELS_PACKED        LEN:26 | EE 18 16 E0 C3 5E 2B B2 D7 8A 56 B4 02 7C E0 03 1F F8 C0 07 3E F0 81 0F 7C E4
[21:15:02.537] ADDR:0xEE TYPE:RC_CHANNELS_PACKED        LEN:26 | EE 18 16 E0 C3 5E 2B B2 D7 8A 56 B4 02 7C E0 03 1F F8 C0 07 3E F0 81 0F 7C E4
[21:15:02.537] ADDR:0xEA TYPE:ELRS_STATUS               LEN:15 | EA 0D 3A EA EE 10 00 03 0D 40 00 00 01 B8 AE
[21:15:02.547] ADDR:0xEE TYPE:RC_CHANNELS_PACKED        LEN:26 | EE 18 16 E0 C3 5E 2B B0 D7 8A 56 B4 02 7C E0 03 1F F8 C0 07 3E F0 81 0F 7C 98
[21:15:02.567] ADDR:0xEE TYPE:RC_CHANNELS_PACKED        LEN:26 | EE 18 16 E0 C3 5E 2B B2 D7 8A 56 B4 02 7C E0 03 1F F8 C0 07 3E F0 81 0F 7C E4
[21:15:02.597] ADDR:0xEE TYPE:RC_CHANNELS_PACKED        LEN:26 | EE 18 16 E0 C3 5E 2B B0 D7 8A 56 B4 02 7C E0 03 1F F8 C0 07 3E F0 81 0F 7C 98
[21:15:02.618] ADDR:0xEE TYPE:RC_CHANNELS_PACKED        LEN:26 | EE 18 16 E0 C3 5E 2B B2 D7 8A 56 B4 02 7C E0 03 1F F8 C0 07 3E F0 81 0F 7C E4
[21:15:02.628] ADDR:0xEE TYPE:RC_CHANNELS_PACKED        LEN:26 | EE 18 16 E0 C3 5E 2B B0 D7 8A 56 B4 02 7C E0 03 1F F8 C0 07 3E F0 81 0F 7C 98
[21:15:02.648] ADDR:0xEE TYPE:RC_CHANNELS_PACKED        LEN:26 | EE 18 16 E0 C3 5E 2B B2 D7 8A 56 B4 02 7C E0 03 1F F8 C0 07 3E F0 81 0F 7C E4
[21:15:02.678] ADDR:0xEE TYPE:RC_CHANNELS_PACKED        LEN:26 | EE 18 16 E0 BB 5E 2B B2 D7 8A 56 B4 02 7C E0 03 1F F8 C0 07 3E F0 81 0F 7C 44
[21:15:02.699] ADDR:0xEE TYPE:RC_CHANNELS_PACKED        LEN:26 | EE 18 16 E0 C3 5E 2B B2 D7 8A 56 B4 02 7C E0 03 1F F8 C0 07 3E F0 81 0F 7C E4
[21:15:02.709] ADDR:0xEE TYPE:RC_CHANNELS_PACKED        LEN:26 | EE 18 16 DF C3 5E 2B B2 D7 8A 56 B4 02 7C E0 03 1F F8 C0 07 3E F0 81 0F 7C 66
[21:15:02.729] ADDR:0xEE TYPE:RC_CHANNELS_PACKED        LEN:26 | EE 18 16 E0 C3 5E 2B B2 D7 8A 56 B4 02 7C E0 03 1F F8 C0 07 3E F0 81 0F 7C E4
[21:15:02.729] ADDR:0xEA TYPE:ELRS_STATUS               LEN:15 | EA 0D 3A EA EE 10 00 03 0D 40 FF FF FF 2E 41
[21:15:02.759] ADDR:0xEE TYPE:RC_CHANNELS_PACKED        LEN:26 | EE 18 16 E0 C3 5E 2B B2 D7 8A 56 B4 02 7C E0 03 1F F8 C0 07 3E F0 81 0F 7C E4
[21:15:02.779] ADDR:0xEE TYPE:RC_CHANNELS_PACKED        LEN:26 | EE 18 16 E0 C3 5E 2B B2 D7 8A 56 B4 02 7C E0 03 1F F8 C0 07 3E F0 81 0F 7C E4
[21:15:02.790] ADDR:0xEE TYPE:RC_CHANNELS_PACKED        LEN:26 | EE 18 16 E0 C3 5E 2B B2 D7 8A 56 B4 02 7C E0 03 1F F8 C0 07 3E F0 81 0F 7C E4
[21:15:02.810] ADDR:0xEE TYPE:RC_CHANNELS_PACKED        LEN:26 | EE 18 16 E0 C3 5E 2B B2 D7 8A 56 B4 02 7C E0 03 1F F8 C0 07 3E F0 81 0F 7C E4
[21:15:02.840] ADDR:0xEE TYPE:RC_CHANNELS_PACKED        LEN:26 | EE 18 16 E0 C3 5E 2B B2 D7 8A 56 B4 02 7C E0 03 1F F8 C0 07 3E F0 81 0F 7C E4
[21:15:02.860] ADDR:0xEE TYPE:RC_CHANNELS_PACKED        LEN:26 | EE 18 16 E0 C3 5E 2B B2 D7 8A 56 B4 02 7C E0 03 1F F8 C0 07 3E F0 81 0F 7C E4
[21:15:02.870] ADDR:0xEE TYPE:RC_CHANNELS_PACKED        LEN:26 | EE 18 16 E0 C3 5E 2B AE D7 8A 56 B4 02 7C E0 03 1F F8 C0 07 3E F0 81 0F 7C 73
[21:15:02.891] ADDR:0xEE TYPE:RC_CHANNELS_PACKED        LEN:26 | EE 18 16 E0 C3 5E 2B B2 D7 8A 56 B4 02 7C E0 03 1F F8 C0 07 3E F0 81 0F 7C E4
[21:15:02.921] ADDR:0xEE TYPE:RC_CHANNELS_PACKED        LEN:26 | EE 18 16 E0 C3 5E 2B B4 D7 8A 56 B4 02 7C E0 03 1F F8 C0 07 3E F0 81 0F 7C 60
[21:15:02.931] ADDR:0xEE TYPE:RC_CHANNELS_PACKED        LEN:26 | EE 18 16 E0 C3 5E 2B B0 D7 8A 56 B4 02 7C E0 03 1F F8 C0 07 3E F0 81 0F 7C 98
[21:15:02.931] ADDR:0xEA TYPE:ELRS_STATUS               LEN:15 | EA 0D 3A EA EE 10 00 03 0D 40 00 00 00 FA 47
[21:15:02.951] ADDR:0xEE TYPE:RC_CHANNELS_PACKED        LEN:26 | EE 18 16 E0 C3 5E 2B B2 D7 8A 56 B4 02 7C E0 03 1F F8 C0 07 3E F0 81 0F 7C E4
[21:15:02.972] ADDR:0xEE TYPE:RC_CHANNELS_PACKED        LEN:26 | EE 18 16 E0 C3 5E 2B B2 D7 8A 56 B4 02 7C E0 03 1F F8 C0 07 3E F0 81 0F 7C E4
[21:15:03.002] ADDR:0xEE TYPE:RC_CHANNELS_PACKED        LEN:26 | EE 18 16 E0 C3 5E 2B B2 D7 8A 56 B4 02 7C E0 03 1F F8 C0 07 3E F0 81 0F 7C E4
[21:15:03.012] ADDR:0xEE TYPE:RC_CHANNELS_PACKED        LEN:26 | EE 18 16 E0 C3 5E 2B B2 D7 8A 56 B4 02 7C E0 03 1F F8 C0 07 3E F0 81 0F 7C E4
[21:15:03.032] ADDR:0xEE TYPE:RC_CHANNELS_PACKED        LEN:26 | EE 18 16 E0 C3 5E 2B B2 D7 8A 56 B4 02 7C E0 03 1F F8 C0 07 3E F0 81 0F 7C E4
[21:15:03.053] ADDR:0xEE TYPE:RC_CHANNELS_PACKED        LEN:26 | EE 18 16 E0 C3 5E 2B B2 D7 8A 56 B4 02 7C E0 03 1F F8 C0 07 3E F0 81 0F 7C E4
[21:15:03.083] ADDR:0xEE TYPE:RC_CHANNELS_PACKED        LEN:26 | EE 18 16 E0 C3 5E 2B B2 D7 8A 56 B4 02 7C E0 03 1F F8 C0 07 3E F0 81 0F 7C E4
[21:15:03.093] ADDR:0xEE TYPE:RC_CHANNELS_PACKED        LEN:26 | EE 18 16 E0 C3 5E 2B B2 D7 8A 56 B4 02 7C E0 03 1F F8 C0 07 3E F0 81 0F 7C E4
[21:15:03.113] ADDR:0xEE TYPE:RC_CHANNELS_PACKED        LEN:26 | EE 18 16 E0 C3 5E 2B B0 D7 8A 56 B4 02 7C E0 03 1F F8 C0 07 3E F0 81 0F 7C 98
[21:15:03.123] ADDR:0xEE TYPE:RC_CHANNELS_PACKED        LEN:26 | EE 18 16 E0 C3 5E 2B B0 D7 8A 56 B4 02 7C E0 03 1F F8 C0 07 3E F0 81 0F 7C 98
[21:15:03.123] ADDR:0xEA TYPE:ELRS_STATUS               LEN:15 | EA 0D 3A EA EE 10 00 03 0D 40 00 00 00 DC 62
[21:15:03.164] ADDR:0xEE TYPE:RC_CHANNELS_PACKED        LEN:26 | EE 18 16 E0 C3 5E 2B B0 D7 8A 56 B4 02 7C E0 03 1F F8 C0 07 3E F0 81 0F 7C 98
[21:15:03.174] ADDR:0xEE TYPE:RC_CHANNELS_PACKED        LEN:26 | EE 18 16 E0 C3 5E 2B B2 D7 8A 56 B4 02 7C E0 03 1F F8 C0 07 3E F0 81 0F 7C E4
[21:15:03.194] ADDR:0xEE TYPE:RC_CHANNELS_PACKED        LEN:26 | EE 18 16 E0 C3 5E 2B B2 D7 8A 56 B4 02 7C E0 03 1F F8 C0 07 3E F0 81 0F 7C E4
[21:15:03.204] ADDR:0xEE TYPE:RC_CHANNELS_PACKED        LEN:26 | EE 18 16 E0 BB 5E 2B B0 D7 8A 56 B4 02 7C E0 03 1F F8 C0 07 3E F0 81 0F 7C 38
[21:15:03.245] ADDR:0xEE TYPE:RC_CHANNELS_PACKED        LEN:26 | EE 18 16 E0 C3 5E 2B B2 D7 8A 56 B4 02 7C E0 03 1F F8 C0 07 3E F0 81 0F 7C E4
[21:15:03.255] ADDR:0xEE TYPE:RC_CHANNELS_PACKED        LEN:26 | EE 18 16 E0 C3 5E 2B B0 D7 8A 56 B4 02 7C E0 03 1F F8 C0 07 3E F0 81 0F 7C 98
[21:15:03.275] ADDR:0xEE TYPE:RC_CHANNELS_PACKED        LEN:26 | EE 18 16 E0 C3 5E 2B B2 D7 8A 56 B4 02 7C E0 03 1F F8 C0 07 3E F0 81 0F 7C E4
[21:15:03.285] ADDR:0xEE TYPE:RC_CHANNELS_PACKED        LEN:26 | EE 18 16 E0 C3 5E 2B AE D7 8A 56 B4 02 7C E0 03 1F F8 C0 07 3E F0 81 0F 7C 73
[21:15:03.316] ADDR:0xEE TYPE:RC_CHANNELS_PACKED        LEN:26 | EE 18 16 E0 C3 5E 2B B2 D7 8A 56 B4 02 7C E0 03 1F F8 C0 07 3E F0 81 0F 7C E4
[21:15:03.336] ADDR:0xEE TYPE:RC_CHANNELS_PACKED        LEN:26 | EE 18 16 E0 C3 5E 2B B2 D7 8A 56 B4 02 7C E0 03 1F F8 C0 07 3E F0 81 0F 7C E4
[21:15:03.336] ADDR:0xEA TYPE:ELRS_STATUS               LEN:15 | EA 0D 3A EA EE 10 00 03 0D 40 00 00 00 96 A9
[21:15:03.356] ADDR:0xEE TYPE:RC_CHANNELS_PACKED        LEN:26 | EE 18 16 E0 C3 5E 2B B2 D7 8A 56 B4 02 7C E0 03 1F F8 C0 07 3E F0 81 0F 7C E4
[21:15:03.366] ADDR:0xEE TYPE:RC_CHANNELS_PACKED        LEN:26 | EE 18 16 E0 C3 5E 2B B2 D7 8A 56 B4 02 7C E0 03 1F F8 C0 07 3E F0 81 0F 7C E4
[21:15:03.397] ADDR:0xEE TYPE:RC_CHANNELS_PACKED        LEN:26 | EE 18 16 E0 C3 5E 2B B2 D7 8A 56 B4 02 7C E0 03 1F F8 C0 07 3E F0 81 0F 7C E4
[21:15:03.417] ADDR:0xEE TYPE:RC_CHANNELS_PACKED        LEN:26 | EE 18 16 E0 C3 5E 2B AE D7 8A 56 B4 02 7C E0 03 1F F8 C0 07 3E F0 81 0F 7C 73
[21:15:03.428] ADDR:0xEE TYPE:RC_CHANNELS_PACKED        LEN:26 | EE 18 16 E0 C3 5E 2B B0 D7 8A 56 B4 02 7C E0 03 1F F8 C0 07 3E F0 81 0F 7C 98
[21:15:03.448] ADDR:0xEE TYPE:RC_CHANNELS_PACKED        LEN:26 | EE 18 16 E0 BB 5E 2B B2 D7 8A 56 B4 02 7C E0 03 1F F8 C0 07 3E F0 81 0F 7C 44
[21:15:03.478] ADDR:0xEE TYPE:RC_CHANNELS_PACKED        LEN:26 | EE 18 16 E0 C3 5E 2B B2 D7 8A 56 B4 02 7C E0 03 1F F8 C0 07 3E F0 81 0F 7C E4
[21:15:03.498] ADDR:0xEE TYPE:RC_CHANNELS_PACKED        LEN:26 | EE 18 16 E0 C3 5E 2B B2 D7 8A 56 B4 02 7C E0 03 1F F8 C0 07 3E F0 81 0F 7C E4
[21:15:03.509] ADDR:0xEE TYPE:RC_CHANNELS_PACKED        LEN:26 | EE 18 16 E0 C3 5E 2B B0 D7 8A 56 B4 02 7C E0 03 1F F8 C0 07 3E F0 81 0F 7C 98
[21:15:03.529] ADDR:0xEE TYPE:RC_CHANNELS_PACKED        LEN:26 | EE 18 16 E0 C3 5E 2B B2 D7 8A 56 B4 02 7C E0 03 1F F8 C0 07 3E F0 81 0F 7C E4
[21:15:03.529] ADDR:0xEA TYPE:ELRS_STATUS               LEN:15 | EA 0D 3A EA EE 10 00 03 0D 40 00 00 01 68 8E
[21:15:03.559] ADDR:0xEE TYPE:RC_CHANNELS_PACKED        LEN:26 | EE 18 16 E0 C3 5E 2B AE D7 8A 56 B4 02 7C E0 03 1F F8 C0 07 3E F0 81 0F 7C 73
[21:15:03.579] ADDR:0xEE TYPE:RC_CHANNELS_PACKED        LEN:26 | EE 18 16 E0 C3 5E 2B B2 D7 8A 56 B4 02 7C E0 03 1F F8 C0 07 3E F0 81 0F 7C E4
[21:15:03.589] ADDR:0xEE TYPE:RC_CHANNELS_PACKED        LEN:26 | EE 18 16 E0 C3 5E 2B B0 D7 8A 56 B4 02 7C E0 03 1F F8 C0 07 3E F0 81 0F 7C 98
[21:15:03.610] ADDR:0xEE TYPE:RC_CHANNELS_PACKED        LEN:26 | EE 18 16 E0 C3 5E 2B B2 D7 8A 56 B4 02 7C E0 03 1F F8 C0 07 3E F0 81 0F 7C E4
[21:15:03.640] ADDR:0xEE TYPE:RC_CHANNELS_PACKED        LEN:26 | EE 18 16 E0 C3 5E 2B B2 D7 8A 56 B4 02 7C E0 03 1F F8 C0 07 3E F0 81 0F 7C E4
[21:15:03.661] ADDR:0xEE TYPE:RC_CHANNELS_PACKED        LEN:26 | EE 18 16 E0 C3 5E 2B AE D7 8A 56 B4 02 7C E0 03 1F F8 C0 07 3E F0 81 0F 7C 73
[21:15:03.671] ADDR:0xEE TYPE:RC_CHANNELS_PACKED        LEN:26 | EE 18 16 E0 C3 5E 2B B2 D7 8A 56 B4 02 7C E0 03 1F F8 C0 07 3E F0 81 0F 7C E4
[21:15:03.691] ADDR:0xEE TYPE:RC_CHANNELS_PACKED        LEN:26 | EE 18 16 E0 C3 5E 2B B2 D7 8A 56 B4 02 7C E0 03 1F F8 C0 07 3E F0 81 0F 7C E4
[21:15:03.721] ADDR:0xEE TYPE:RC_CHANNELS_PACKED        LEN:26 | EE 18 16 E0 C3 5E 2B B4 D7 8A 56 B4 02 7C E0 03 1F F8 C0 07 3E F0 81 0F 7C 60
[21:15:03.732] ADDR:0xEE TYPE:RC_CHANNELS_PACKED        LEN:26 | EE 18 16 E0 C3 5E 2B B2 D7 8A 56 B4 02 7C E0 03 1F F8 C0 07 3E F0 81 0F 7C E4
[21:15:03.732] ADDR:0xEA TYPE:ELRS_STATUS               LEN:15 | EA 0D 3A EA EE 10 00 03 0D 40 FF FF FF 92 8F
[21:15:03.752] ADDR:0xEE TYPE:RC_CHANNELS_PACKED        LEN:26 | EE 18 16 E0 C3 5E 2B B0 D7 8A 56 B4 02 7C E0 03 1F F8 C0 07 3E F0 81 0F 7C 98
[21:15:03.772] ADDR:0xEE TYPE:RC_CHANNELS_PACKED        LEN:26 | EE 18 16 E0 C3 5E 2B B2 D7 8A 56 B4 02 7C E0 03 1F F8 C0 07 3E F0 81 0F 7C E4
[21:15:03.802] ADDR:0xEE TYPE:RC_CHANNELS_PACKED        LEN:26 | EE 18 16 E0 C3 5E 2B AE D7 8A 56 B4 02 7C E0 03 1F F8 C0 07 3E F0 81 0F 7C 73
[21:15:03.813] ADDR:0xEE TYPE:RC_CHANNELS_PACKED        LEN:26 | EE 18 16 E0 C3 5E 2B B2 D7 8A 56 B4 02 7C E0 03 1F F8 C0 07 3E F0 81 0F 7C E4
[21:15:03.833] ADDR:0xEE TYPE:RC_CHANNELS_PACKED        LEN:26 | EE 18 16 E0 BB 5E 2B B0 D7 8A 56 B4 02 7C E0 03 1F F8 C0 07 3E F0 81 0F 7C 38
[21:15:03.843] ADDR:0xEE TYPE:RC_CHANNELS_PACKED        LEN:26 | EE 18 16 E0 C3 5E 2B B0 D7 8A 56 B4 02 7C E0 03 1F F8 C0 07 3E F0 81 0F 7C 98
[21:15:03.883] ADDR:0xEE TYPE:RC_CHANNELS_PACKED        LEN:26 | EE 18 16 E0 C3 5E 2B B2 D7 8A 56 B4 02 7C E0 03 1F F8 C0 07 3E F0 81 0F 7C E4
[21:15:03.893] ADDR:0xEE TYPE:RC_CHANNELS_PACKED        LEN:26 | EE 18 16 E0 C3 5E 2B B2 D7 8A 56 B4 02 7C E0 03 1F F8 C0 07 3E F0 81 0F 7C E4
[21:15:03.914] ADDR:0xEE TYPE:RC_CHANNELS_PACKED        LEN:26 | EE 18 16 DF BB 5E 2B B2 D7 8A 56 B4 02 7C E0 03 1F F8 C0 07 3E F0 81 0F 7C C6
[21:15:03.924] ADDR:0xEE TYPE:RC_CHANNELS_PACKED        LEN:26 | EE 18 16 E0 C3 5E 2B B2 D7 8A 56 B4 02 7C E0 03 1F F8 C0 07 3E F0 81 0F 7C E4
[21:15:03.924] ADDR:0xEA TYPE:ELRS_STATUS               LEN:15 | EA 0D 3A EA EE 10 00 03 0D 40 00 00 01 D6 3F
[21:15:03.965] ADDR:0xEE TYPE:RC_CHANNELS_PACKED        LEN:26 | EE 18 16 E0 C3 5E 2B B2 D7 8A 56 B4 02 7C E0 03 1F F8 C0 07 3E F0 81 0F 7C E4
[21:15:03.975] ADDR:0xEE TYPE:RC_CHANNELS_PACKED        LEN:26 | EE 18 16 E0 BB 5E 2B B0 D7 8A 56 B4 02 7C E0 03 1F F8 C0 07 3E F0 81 0F 7C 38
[21:15:03.995] ADDR:0xEE TYPE:RC_CHANNELS_PACKED        LEN:26 | EE 18 16 E0 C3 5E 2B B2 D7 8A 56 B4 02 7C E0 03 1F F8 C0 07 3E F0 81 0F 7C E4
[21:15:04.005] ADDR:0xEE TYPE:RC_CHANNELS_PACKED        LEN:26 | EE 18 16 E0 BB 5E 2B B0 D7 8A 56 B4 02 7C E0 03 1F F8 C0 07 3E F0 81 0F 7C 38
[21:15:04.036] ADDR:0xEE TYPE:RC_CHANNELS_PACKED        LEN:26 | EE 18 16 E0 C3 5E 2B B2 D7 8A 56 B4 02 7C E0 03 1F F8 C0 07 3E F0 81 0F 7C E4
[21:15:04.056] ADDR:0xEE TYPE:RC_CHANNELS_PACKED        LEN:26 | EE 18 16 E0 C3 5E 2B AE D7 8A 56 B4 02 7C E0 03 1F F8 C0 07 3E F0 81 0F 7C 73
[21:15:04.076] ADDR:0xEE TYPE:RC_CHANNELS_PACKED        LEN:26 | EE 18 16 E0 C3 5E 2B B2 D7 8A 56 B4 02 7C E0 03 1F F8 C0 07 3E F0 81 0F 7C E4
[21:15:04.086] ADDR:0xEE TYPE:RC_CHANNELS_PACKED        LEN:26 | EE 18 16 E0 C3 5E 2B B0 D7 8A 56 B4 02 7C E0 03 1F F8 C0 07 3E F0 81 0F 7C 98
[21:15:04.117] ADDR:0xEE TYPE:RC_CHANNELS_PACKED        LEN:26 | EE 18 16 E0 C3 5E 2B B2 D7 8A 56 B4 02 7C E0 03 1F F8 C0 07 3E F0 81 0F 7C E4
[21:15:04.137] ADDR:0xEE TYPE:RC_CHANNELS_PACKED        LEN:26 | EE 18 16 E0 C3 5E 2B B2 D7 8A 56 B4 02 7C E0 03 1F F8 C0 07 3E F0 81 0F 7C E4
[21:15:04.137] ADDR:0xEA TYPE:ELRS_STATUS               LEN:15 | EA 0D 3A EA EE 10 00 03 0D 40 00 00 00 1E 6F
[21:15:04.147] ADDR:0xEE TYPE:RC_CHANNELS_PACKED        LEN:26 | EE 18 16 E0 C3 5E 2B B2 D7 8A 56 B4 02 7C E0 03 1F F8 C0 07 3E F0 81 0F 7C E4
[21:15:04.167] ADDR:0xEE TYPE:RC_CHANNELS_PACKED        LEN:26 | EE 18 16 E0 BB 5E 2B B2 D7 8A 56 B4 02 7C E0 03 1F F8 C0 07 3E F0 81 0F 7C 44
[21:15:04.198] ADDR:0xEE TYPE:RC_CHANNELS_PACKED        LEN:26 | EE 18 16 E0 C3 5E 2B B2 D7 8A 56 B4 02 7C E0 03 1F F8 C0 07 3E F0 81 0F 7C E4
[21:15:04.218] ADDR:0xEE TYPE:RC_CHANNELS_PACKED        LEN:26 | EE 18 16 E0 C3 5E 2B B2 D7 8A 56 B4 02 7C E0 03 1F F8 C0 07 3E F0 81 0F 7C E4
[21:15:04.228] ADDR:0xEE TYPE:RC_CHANNELS_PACKED        LEN:26 | EE 18 16 E0 C3 5E 2B B2 D7 8A 56 B4 02 7C E0 03 1F F8 C0 07 3E F0 81 0F 7C E4
[21:15:04.248] ADDR:0xEE TYPE:RC_CHANNELS_PACKED        LEN:26 | EE 18 16 E0 BB 5E 2B B0 D7 8A 56 B4 02 7C E0 03 1F F8 C0 07 3E F0 81 0F 7C 38
[21:15:04.279] ADDR:0xEE TYPE:RC_CHANNELS_PACKED        LEN:26 | EE 18 16 E0 C3 5E 2B B0 D7 8A 56 B4 02 7C E0 03 1F F8 C0 07 3E F0 81 0F 7C 98
[21:15:04.299] ADDR:0xEE TYPE:RC_CHANNELS_PACKED        LEN:26 | EE 18 16 E0 C3 5E 2B B2 D7 8A 56 B4 02 7C E0 03 1F F8 C0 07 3E F0 81 0F 7C E4
[21:15:04.309] ADDR:0xEE TYPE:RC_CHANNELS_PACKED        LEN:26 | EE 18 16 E0 C3 5E 2B B0 D7 8A 56 B4 02 7C E0 03 1F F8 C0 07 3E F0 81 0F 7C 98
[21:15:04.329] ADDR:0xEE TYPE:RC_CHANNELS_PACKED        LEN:26 | EE 18 16 E0 C3 5E 2B B0 D7 8A 56 B4 02 7C E0 03 1F F8 C0 07 3E F0 81 0F 7C 98
[21:15:04.330] ADDR:0xEA TYPE:ELRS_STATUS               LEN:15 | EA 0D 3A EA EE 10 00 03 0D 40 00 00 01 04 60
[21:15:04.360] ADDR:0xEE TYPE:RC_CHANNELS_PACKED        LEN:26 | EE 18 16 E0 BB 5E 2B B0 D7 8A 56 B4 02 7C E0 03 1F F8 C0 07 3E F0 81 0F 7C 38
[21:15:04.380] ADDR:0xEE TYPE:RC_CHANNELS_PACKED        LEN:26 | EE 18 16 E0 BB 5E 2B B2 D7 8A 56 B4 02 7C E0 03 1F F8 C0 07 3E F0 81 0F 7C 44
[21:15:04.390] ADDR:0xEE TYPE:RC_CHANNELS_PACKED        LEN:26 | EE 18 16 E0 C3 5E 2B B2 D7 8A 56 B4 02 7C E0 03 1F F8 C0 07 3E F0 81 0F 7C E4
[21:15:04.410] ADDR:0xEE TYPE:RC_CHANNELS_PACKED        LEN:26 | EE 18 16 E0 C3 5E 2B B2 D7 8A 56 B4 02 7C E0 03 1F F8 C0 07 3E F0 81 0F 7C E4
[21:15:04.441] ADDR:0xEE TYPE:RC_CHANNELS_PACKED        LEN:26 | EE 18 16 E0 C3 5E 2B B2 D7 8A 56 B4 02 7C E0 03 1F F8 C0 07 3E F0 81 0F 7C E4
[21:15:04.451] ADDR:0xEE TYPE:RC_CHANNELS_PACKED        LEN:26 | EE 18 16 E0 C3 5E 2B B2 D7 8A 56 B4 02 7C E0 03 1F F8 C0 07 3E F0 81 0F 7C E4
[21:15:04.471] ADDR:0xEE TYPE:RC_CHANNELS_PACKED        LEN:26 | EE 18 16 E0 C3 5E 2B B2 D7 8A 56 B4 02 7C E0 03 1F F8 C0 07 3E F0 81 0F 7C E4
[21:15:04.492] ADDR:0xEE TYPE:RC_CHANNELS_PACKED        LEN:26 | EE 18 16 E0 C3 5E 2B B2 D7 8A 56 B4 02 7C E0 03 1F F8 C0 07 3E F0 81 0F 7C E4
[21:15:04.522] ADDR:0xEE TYPE:RC_CHANNELS_PACKED        LEN:26 | EE 18 16 E0 C3 5E 2B B2 D7 8A 56 B4 02 7C E0 03 1F F8 C0 07 3E F0 81 0F 7C E4
[21:15:04.532] ADDR:0xEE TYPE:RC_CHANNELS_PACKED        LEN:26 | EE 18 16 E0 C3 5E 2B B2 D7 8A 56 B4 02 7C E0 03 1F F8 C0 07 3E F0 81 0F 7C E4
[21:15:04.532] ADDR:0xEA TYPE:ELRS_STATUS               LEN:15 | EA 0D 3A EA EE 10 00 03 0D 40 FF FF FF C4 C1
[21:15:04.552] ADDR:0xEE TYPE:RC_CHANNELS_PACKED        LEN:26 | EE 18 16 E0 BB 5E 2B B0 D7 8A 56 B4 02 7C E0 03 1F F8 C0 07 3E F0 81 0F 7C 38
[21:15:04.573] ADDR:0xEE TYPE:RC_CHANNELS_PACKED        LEN:26 | EE 18 16 E0 BB 5E 2B B2 D7 8A 56 B4 02 7C E0 03 1F F8 C0 07 3E F0 81 0F 7C 44
[21:15:04.603] ADDR:0xEE TYPE:RC_CHANNELS_PACKED        LEN:26 | EE 18 16 E0 C3 5E 2B B0 D7 8A 56 B4 02 7C E0 03 1F F8 C0 07 3E F0 81 0F 7C 98
[21:15:04.614] ADDR:0xEE TYPE:RC_CHANNELS_PACKED        LEN:26 | EE 18 16 E0 C3 5E 2B B2 D7 8A 56 B4 02 7C E0 03 1F F8 C0 07 3E F0 81 0F 7C E4
[21:15:04.634] ADDR:0xEE TYPE:RC_CHANNELS_PACKED        LEN:26 | EE 18 16 E0 C3 5E 2B B2 D7 8A 56 B4 02 7C E0 03 1F F8 C0 07 3E F0 81 0F 7C E4
[21:15:04.644] ADDR:0xEE TYPE:RC_CHANNELS_PACKED        LEN:26 | EE 18 16 E0 AB 5E 2B B2 D7 8A 56 B4 02 7C E0 03 1F F8 C0 07 3E F0 81 0F 7C 15
[21:15:04.685] ADDR:0xEE TYPE:RC_CHANNELS_PACKED        LEN:26 | EE 18 16 E0 C3 5E 2B B2 D7 8A 56 B4 02 7C E0 03 1F F8 C0 07 3E F0 81 0F 7C E4
[21:15:04.695] ADDR:0xEE TYPE:RC_CHANNELS_PACKED        LEN:26 | EE 18 16 E0 C3 5E 2B B2 D7 8A 56 B4 02 7C E0 03 1F F8 C0 07 3E F0 81 0F 7C E4
[21:15:04.715] ADDR:0xEE TYPE:RC_CHANNELS_PACKED        LEN:26 | EE 18 16 E0 C3 5E 2B B2 D7 8A 56 B4 02 7C E0 03 1F F8 C0 07 3E F0 81 0F 7C E4
[21:15:04.725] ADDR:0xEE TYPE:RC_CHANNELS_PACKED        LEN:26 | EE 18 16 E0 C3 5E 2B B2 D7 8A 56 B4 02 7C E0 03 1F F8 C0 07 3E F0 81 0F 7C E4
[21:15:04.725] ADDR:0xEA TYPE:ELRS_STATUS               LEN:15 | EA 0D 3A EA EE 10 00 03 0D 40 00 00 01 0E 36
[21:15:04.755] ADDR:0xEE TYPE:RC_CHANNELS_PACKED        LEN:26 | EE 18 16 E0 C3 5E 2B B2 D7 8A 56 B4 02 7C E0 03 1F F8 C0 07 3E F0 81 0F 7C E4
[21:15:04.776] ADDR:0xEE TYPE:RC_CHANNELS_PACKED        LEN:26 | EE 18 16 E0 BB 5E 2B B2 D7 8A 56 B4 02 7C E0 03 1F F8 C0 07 3E F0 81 0F 7C 44
[21:15:04.796] ADDR:0xEE TYPE:RC_CHANNELS_PACKED        LEN:26 | EE 18 16 E0 C3 5E 2B B2 D7 8A 56 B4 02 7C E0 03 1F F8 C0 07 3E F0 81 0F 7C E4
[21:15:04.806] ADDR:0xEE TYPE:RC_CHANNELS_PACKED        LEN:26 | EE 18 16 E0 C3 5E 2B B0 D7 8A 56 B4 02 7C E0 03 1F F8 C0 07 3E F0 81 0F 7C 98
[21:15:04.836] ADDR:0xEE TYPE:RC_CHANNELS_PACKED        LEN:26 | EE 18 16 E0 C3 5E 2B B2 D7 8A 56 B4 02 7C E0 03 1F F8 C0 07 3E F0 81 0F 7C E4
[21:15:04.857] ADDR:0xEE TYPE:RC_CHANNELS_PACKED        LEN:26 | EE 18 16 E0 BB 5E 2B B2 D7 8A 56 B4 02 7C E0 03 1F F8 C0 07 3E F0 81 0F 7C 44
[21:15:04.877] ADDR:0xEE TYPE:RC_CHANNELS_PACKED        LEN:26 | EE 18 16 E0 C3 5E 2B B2 D7 8A 56 B4 02 7C E0 03 1F F8 C0 07 3E F0 81 0F 7C E4
[21:15:04.887] ADDR:0xEE TYPE:RC_CHANNELS_PACKED        LEN:26 | EE 18 16 E0 C3 5E 2B B2 D7 8A 56 B4 02 7C E0 03 1F F8 C0 07 3E F0 81 0F 7C E4
[21:15:04.917] ADDR:0xEE TYPE:RC_CHANNELS_PACKED        LEN:26 | EE 18 16 E0 C3 5E 2B B2 D7 8A 56 B4 02 7C E0 03 1F F8 C0 07 3E F0 81 0F 7C E4
[21:15:04.938] ADDR:0xEE TYPE:RC_CHANNELS_PACKED        LEN:26 | EE 18 16 E0 C3 5E 2B B2 D7 8A 56 B4 02 7C E0 03 1F F8 C0 07 3E F0 81 0F 7C E4
[21:15:04.938] ADDR:0xEA TYPE:ELRS_STATUS               LEN:15 | EA 0D 3A EA EE 10 00 03 0D 40 00 00 00 1E 6F
[21:15:04.948] ADDR:0xEE TYPE:RC_CHANNELS_PACKED        LEN:26 | EE 18 16 E0 C3 5E 2B B0 D7 8A 56 B4 02 7C E0 03 1F F8 C0 07 3E F0 81 0F 7C 98
[21:15:04.968] ADDR:0xEE TYPE:RC_CHANNELS_PACKED        LEN:26 | EE 18 16 E0 C3 5E 2B B0 D7 8A 56 B4 02 7C E0 03 1F F8 C0 07 3E F0 81 0F 7C 98
[21:15:04.999] ADDR:0xEE TYPE:RC_CHANNELS_PACKED        LEN:26 | EE 18 16 E0 C3 5E 2B B4 D7 8A 56 B4 02 7C E0 03 1F F8 C0 07 3E F0 81 0F 7C 60
[21:15:05.020] ADDR:0xEE TYPE:RC_CHANNELS_PACKED        LEN:26 | EE 18 16 E0 C3 5E 2B B0 D7 8A 56 B4 02 7C E0 03 1F F8 C0 07 3E F0 81 0F 7C 98
[21:15:05.030] ADDR:0xEE TYPE:RC_CHANNELS_PACKED        LEN:26 | EE 18 16 E0 C3 5E 2B B2 D7 8A 56 B4 02 7C E0 03 1F F8 C0 07 3E F0 81 0F 7C E4
[21:15:05.050] ADDR:0xEE TYPE:RC_CHANNELS_PACKED        LEN:26 | EE 18 16 E0 C3 5E 2B B2 D7 8A 56 B4 02 7C E0 03 1F F8 C0 07 3E F0 81 0F 7C E4
[21:15:05.080] ADDR:0xEE TYPE:RC_CHANNELS_PACKED        LEN:26 | EE 18 16 E0 C3 5E 2B B0 D7 8A 56 B4 02 7C E0 03 1F F8 C0 07 3E F0 81 0F 7C 98
[21:15:05.101] ADDR:0xEE TYPE:RC_CHANNELS_PACKED        LEN:26 | EE 18 16 E0 C3 5E 2B B2 D7 8A 56 B4 02 7C E0 03 1F F8 C0 07 3E F0 81 0F 7C E4
[21:15:05.111] ADDR:0xEE TYPE:RC_CHANNELS_PACKED        LEN:26 | EE 18 16 E0 C3 5E 2B B2 D7 8A 56 B4 02 7C E0 03 1F F8 C0 07 3E F0 81 0F 7C E4
[21:15:05.131] ADDR:0xEE TYPE:RC_CHANNELS_PACKED        LEN:26 | EE 18 16 E0 C3 5E 2B B2 D7 8A 56 B4 02 7C E0 03 1F F8 C0 07 3E F0 81 0F 7C E4
[21:15:05.131] ADDR:0xEA TYPE:ELRS_STATUS               LEN:15 | EA 0D 3A EA EE 10 00 03 0D 40 00 00 01 04 60
[21:15:05.161] ADDR:0xEE TYPE:RC_CHANNELS_PACKED        LEN:26 | EE 18 16 E0 C3 5E 2B B2 D7 8A 56 B4 02 7C E0 03 1F F8 C0 07 3E F0 81 0F 7C E4
[21:15:05.172] ADDR:0xEE TYPE:RC_CHANNELS_PACKED        LEN:26 | EE 18 16 E0 C3 5E 2B B2 D7 8A 56 B4 02 7C E0 03 1F F8 C0 07 3E F0 81 0F 7C E4
[21:15:05.192] ADDR:0xEE TYPE:RC_CHANNELS_PACKED        LEN:26 | EE 18 16 E0 C3 5E 2B B2 D7 8A 56 B4 02 7C E0 03 1F F8 C0 07 3E F0 81 0F 7C E4
[21:15:05.212] ADDR:0xEE TYPE:RC_CHANNELS_PACKED        LEN:26 | EE 18 16 E0 C3 5E 2B B2 D7 8A 56 B4 02 7C E0 03 1F F8 C0 07 3E F0 81 0F 7C E4
[21:15:05.242] ADDR:0xEE TYPE:RC_CHANNELS_PACKED        LEN:26 | EE 18 16 E0 C3 5E 2B B2 D7 8A 56 B4 02 7C E0 03 1F F8 C0 07 3E F0 81 0F 7C E4
[21:15:05.253] ADDR:0xEE TYPE:RC_CHANNELS_PACKED        LEN:26 | EE 18 16 E0 C3 5E 2B B2 D7 8A 56 B4 02 7C E0 03 1F F8 C0 07 3E F0 81 0F 7C E4
[21:15:05.273] ADDR:0xEE TYPE:RC_CHANNELS_PACKED        LEN:26 | EE 18 16 E0 C3 5E 2B B0 D7 8A 56 B4 02 7C E0 03 1F F8 C0 07 3E F0 81 0F 7C 98
[21:15:05.284] ADDR:0xEE TYPE:RC_CHANNELS_PACKED        LEN:26 | EE 18 16 E0 C3 5E 2B B2 D7 8A 56 B4 02 7C E0 03 1F F8 C0 07 3E F0 81 0F 7C E4
[21:15:05.324] ADDR:0xEE TYPE:RC_CHANNELS_PACKED        LEN:26 | EE 18 16 E0 C3 5E 2B B4 D7 8A 56 B4 02 7C E0 03 1F F8 C0 07 3E F0 81 0F 7C 60
[21:15:05.334] ADDR:0xEE TYPE:RC_CHANNELS_PACKED        LEN:26 | EE 18 16 E0 C3 5E 2B B2 D7 8A 56 B4 02 7C E0 03 1F F8 C0 07 3E F0 81 0F 7C E4
[21:15:05.334] ADDR:0xEA TYPE:ELRS_STATUS               LEN:15 | EA 0D 3A EA EE 10 00 03 0D 40 00 00 00 6E 04
[21:15:05.354] ADDR:0xEE TYPE:RC_CHANNELS_PACKED        LEN:26 | EE 18 16 E0 AB 5E 2B B2 D7 8A 56 B4 02 7C E0 03 1F F8 C0 07 3E F0 81 0F 7C 15
[21:15:05.365] ADDR:0xEE TYPE:RC_CHANNELS_PACKED        LEN:26 | EE 18 16 E0 C3 5E 2B B2 D7 8A 56 B4 02 7C E0 03 1F F8 C0 07 3E F0 81 0F 7C E4
[21:15:05.395] ADDR:0xEE TYPE:RC_CHANNELS_PACKED        LEN:26 | EE 18 16 E0 BB 5E 2B B2 D7 8A 56 B4 02 7C E0 03 1F F8 C0 07 3E F0 81 0F 7C 44
[21:15:05.415] ADDR:0xEE TYPE:RC_CHANNELS_PACKED        LEN:26 | EE 18 16 E0 C3 5E 2B AE D7 8A 56 B4 02 7C E0 03 1F F8 C0 07 3E F0 81 0F 7C 73
[21:15:05.435] ADDR:0xEE TYPE:RC_CHANNELS_PACKED        LEN:26 | EE 18 16 E0 C3 5E 2B AE D7 8A 56 B4 02 7C E0 03 1F F8 C0 07 3E F0 81 0F 7C 73
[21:15:05.446] ADDR:0xEE TYPE:RC_CHANNELS_PACKED        LEN:26 | EE 18 16 E0 C3 5E 2B B2 D7 8A 56 B4 02 7C E0 03 1F F8 C0 07 3E F0 81 0F 7C E4
[21:15:05.476] ADDR:0xEE TYPE:RC_CHANNELS_PACKED        LEN:26 | EE 18 16 E0 C3 5E 2B B2 D7 8A 56 B4 02 7C E0 03 1F F8 C0 07 3E F0 81 0F 7C E4
[21:15:05.496] ADDR:0xEE TYPE:RC_CHANNELS_PACKED        LEN:26 | EE 18 16 E0 C3 5E 2B B2 D7 8A 56 B4 02 7C E0 03 1F F8 C0 07 3E F0 81 0F 7C E4
[21:15:05.516] ADDR:0xEE TYPE:RC_CHANNELS_PACKED        LEN:26 | EE 18 16 E0 C3 5E 2B B2 D7 8A 56 B4 02 7C E0 03 1F F8 C0 07 3E F0 81 0F 7C E4
[21:15:05.527] ADDR:0xEE TYPE:RC_CHANNELS_PACKED        LEN:26 | EE 18 16 E0 C3 5E 2B B2 D7 8A 56 B4 02 7C E0 03 1F F8 C0 07 3E F0 81 0F 7C E4
[21:15:05.527] ADDR:0xEA TYPE:ELRS_STATUS               LEN:15 | EA 0D 3A EA EE 10 00 03 0D 40 00 00 00 B4 72
[21:15:05.557] ADDR:0xEE TYPE:RC_CHANNELS_PACKED        LEN:26 | EE 18 16 E0 C3 5E 2B B2 D7 8A 56 B4 02 7C E0 03 1F F8 C0 07 3E F0 81 0F 7C E4
[21:15:05.577] ADDR:0xEE TYPE:RC_CHANNELS_PACKED        LEN:26 | EE 18 16 E0 C3 5E 2B AE D7 8A 56 B4 02 7C E0 03 1F F8 C0 07 3E F0 81 0F 7C 73
[21:15:05.588] ADDR:0xEE TYPE:RC_CHANNELS_PACKED        LEN:26 | EE 18 16 E0 C3 5E 2B B2 D7 8A 56 B4 02 7C E0 03 1F F8 C0 07 3E F0 81 0F 7C E4
[21:15:05.608] ADDR:0xEE TYPE:RC_CHANNELS_PACKED        LEN:26 | EE 18 16 E0 C3 5E 2B B0 D7 8A 56 B4 02 7C E0 03 1F F8 C0 07 3E F0 81 0F 7C 98
[21:15:05.639] ADDR:0xEE TYPE:RC_CHANNELS_PACKED        LEN:26 | EE 18 16 E0 C3 5E 2B B2 D7 8A 56 B4 02 7C E0 03 1F F8 C0 07 3E F0 81 0F 7C E4
[21:15:05.659] ADDR:0xEE TYPE:RC_CHANNELS_PACKED        LEN:26 | EE 18 16 E0 C3 5E 2B B0 D7 8A 56 B4 02 7C E0 03 1F F8 C0 07 3E F0 81 0F 7C 98
[21:15:05.670] ADDR:0xEE TYPE:RC_CHANNELS_PACKED        LEN:26 | EE 18 16 E0 BB 5E 2B B2 D7 8A 56 B4 02 7C E0 03 1F F8 C0 07 3E F0 81 0F 7C 44
[21:15:05.690] ADDR:0xEE TYPE:RC_CHANNELS_PACKED        LEN:26 | EE 18 16 E0 C3 5E 2B B2 D7 8A 56 B4 02 7C E0 03 1F F8 C0 07 3E F0 81 0F 7C E4
[21:15:05.720] ADDR:0xEE TYPE:RC_CHANNELS_PACKED        LEN:26 | EE 18 16 E0 C3 5E 2B B2 D7 8A 56 B4 02 7C E0 03 1F F8 C0 07 3E F0 81 0F 7C E4
[21:15:05.740] ADDR:0xEE TYPE:RC_CHANNELS_PACKED        LEN:26 | EE 18 16 E0 C3 5E 2B B0 D7 8A 56 B4 02 7C E0 03 1F F8 C0 07 3E F0 81 0F 7C 98
[21:15:05.740] ADDR:0xEA TYPE:ELRS_STATUS               LEN:15 | EA 0D 3A EA EE 10 00 03 0D 40 00 00 01 F4 E4
[21:15:05.751] ADDR:0xEE TYPE:RC_CHANNELS_PACKED        LEN:26 | EE 18 16 E0 C3 5E 2B B2 D7 8A 56 B4 02 7C E0 03 1F F8 C0 07 3E F0 81 0F 7C E4
[21:15:05.771] ADDR:0xEE TYPE:RC_CHANNELS_PACKED        LEN:26 | EE 18 16 E0 C3 5E 2B B2 D7 8A 56 B4 02 7C E0 03 1F F8 C0 07 3E F0 81 0F 7C E4
[21:15:05.801] ADDR:0xEE TYPE:RC_CHANNELS_PACKED        LEN:26 | EE 18 16 E0 C3 5E 2B B2 D7 8A 56 B4 02 7C E0 03 1F F8 C0 07 3E F0 81 0F 7C E4
[21:15:05.811] ADDR:0xEE TYPE:RC_CHANNELS_PACKED        LEN:26 | EE 18 16 E0 C3 5E 2B B2 D7 8A 56 B4 02 7C E0 03 1F F8 C0 07 3E F0 81 0F 7C E4
[21:15:05.832] ADDR:0xEE TYPE:RC_CHANNELS_PACKED        LEN:26 | EE 18 16 E0 C3 5E 2B B2 D7 8A 56 B4 02 7C E0 03 1F F8 C0 07 3E F0 81 0F 7C E4
[21:15:05.852] ADDR:0xEE TYPE:RC_CHANNELS_PACKED        LEN:26 | EE 18 16 E0 C3 5E 2B B2 D7 8A 56 B4 02 7C E0 03 1F F8 C0 07 3E F0 81 0F 7C E4
[21:15:05.882] ADDR:0xEE TYPE:RC_CHANNELS_PACKED        LEN:26 | EE 18 16 E0 C3 5E 2B B0 D7 8A 56 B4 02 7C E0 03 1F F8 C0 07 3E F0 81 0F 7C 98
[21:15:05.892] ADDR:0xEE TYPE:RC_CHANNELS_PACKED        LEN:26 | EE 18 16 E0 C3 5E 2B B0 D7 8A 56 B4 02 7C E0 03 1F F8 C0 07 3E F0 81 0F 7C 98
[21:15:05.912] ADDR:0xEE TYPE:RC_CHANNELS_PACKED        LEN:26 | EE 18 16 E0 C3 5E 2B B0 D7 8A 56 B4 02 7C E0 03 1F F8 C0 07 3E F0 81 0F 7C 98
[21:15:05.933] ADDR:0xEE TYPE:RC_CHANNELS_PACKED        LEN:26 | EE 18 16 E0 C3 5E 2B B2 D7 8A 56 B4 02 7C E0 03 1F F8 C0 07 3E F0 81 0F 7C E4
[21:15:05.934] ADDR:0xEA TYPE:ELRS_STATUS               LEN:15 | EA 0D 3A EA EE 10 00 03 0D 40 FF FF FF BA 02
[21:15:05.964] ADDR:0xEE TYPE:RC_CHANNELS_PACKED        LEN:26 | EE 18 16 E0 BB 5E 2B B2 D7 8A 56 B4 02 7C E0 03 1F F8 C0 07 3E F0 81 0F 7C 44
[21:15:05.975] ADDR:0xEE TYPE:RC_CHANNELS_PACKED        LEN:26 | EE 18 16 E0 C3 5E 2B B4 D7 8A 56 B4 02 7C E0 03 1F F8 C0 07 3E F0 81 0F 7C 60
[21:15:05.995] ADDR:0xEE TYPE:RC_CHANNELS_PACKED        LEN:26 | EE 18 16 E0 C3 5E 2B B2 D7 8A 56 B4 02 7C E0 03 1F F8 C0 07 3E F0 81 0F 7C E4
[21:15:06.005] ADDR:0xEE TYPE:RC_CHANNELS_PACKED        LEN:26 | EE 18 16 E0 C3 5E 2B B0 D7 8A 56 B4 02 7C E0 03 1F F8 C0 07 3E F0 81 0F 7C 98
[21:15:06.035] ADDR:0xEE TYPE:RC_CHANNELS_PACKED        LEN:26 | EE 18 16 E0 C3 5E 2B B0 D7 8A 56 B4 02 7C E0 03 1F F8 C0 07 3E F0 81 0F 7C 98
[21:15:06.056] ADDR:0xEE TYPE:RC_CHANNELS_PACKED        LEN:26 | EE 18 16 E0 BB 5E 2B AE D7 8A 56 B4 02 7C E0 03 1F F8 C0 07 3E F0 81 0F 7C D3
[21:15:06.076] ADDR:0xEE TYPE:RC_CHANNELS_PACKED        LEN:26 | EE 18 16 E0 C3 5E 2B B2 D7 8A 56 B4 02 7C E0 03 1F F8 C0 07 3E F0 81 0F 7C E4
[21:15:06.086] ADDR:0xEE TYPE:RC_CHANNELS_PACKED        LEN:26 | EE 18 16 E0 C3 5E 2B B2 D7 8A 56 B4 02 7C E0 03 1F F8 C0 07 3E F0 81 0F 7C E4
[21:15:06.116] ADDR:0xEE TYPE:RC_CHANNELS_PACKED        LEN:26 | EE 18 16 E0 C3 5E 2B B4 D7 8A 56 B4 02 7C E0 03 1F F8 C0 07 3E F0 81 0F 7C 60
[21:15:06.137] ADDR:0xEE TYPE:RC_CHANNELS_PACKED        LEN:26 | EE 18 16 E0 BB 5E 2B B2 D7 8A 56 B4 02 7C E0 03 1F F8 C0 07 3E F0 81 0F 7C 44
[21:15:06.137] ADDR:0xEA TYPE:ELRS_STATUS               LEN:15 | EA 0D 3A EA EE 10 00 03 0D 40 00 00 00 D2 CA
[21:15:06.147] ADDR:0xEE TYPE:RC_CHANNELS_PACKED        LEN:26 | EE 18 16 E0 C3 5E 2B B2 D7 8A 56 B4 02 7C E0 03 1F F8 C0 07 3E F0 81 0F 7C E4
[21:15:06.167] ADDR:0xEE TYPE:RC_CHANNELS_PACKED        LEN:26 | EE 18 16 E0 C3 5E 2B B2 D7 8A 56 B4 02 7C E0 03 1F F8 C0 07 3E F0 81 0F 7C E4
[21:15:06.197] ADDR:0xEE TYPE:RC_CHANNELS_PACKED        LEN:26 | EE 18 16 E0 C3 5E 2B B2 D7 8A 56 B4 02 7C E0 03 1F F8 C0 07 3E F0 81 0F 7C E4
[21:15:06.218] ADDR:0xEE TYPE:RC_CHANNELS_PACKED        LEN:26 | EE 18 16 E0 C3 5E 2B B2 D7 8A 56 B4 02 7C E0 03 1F F8 C0 07 3E F0 81 0F 7C E4
[21:15:06.228] ADDR:0xEE TYPE:RC_CHANNELS_PACKED        LEN:26 | EE 18 16 E0 C3 5E 2B B2 D7 8A 56 B4 02 7C E0 03 1F F8 C0 07 3E F0 81 0F 7C E4
[21:15:06.248] ADDR:0xEE TYPE:RC_CHANNELS_PACKED        LEN:26 | EE 18 16 E0 C3 5E 2B B4 D7 8A 56 B4 02 7C E0 03 1F F8 C0 07 3E F0 81 0F 7C 60
[21:15:06.278] ADDR:0xEE TYPE:RC_CHANNELS_PACKED        LEN:26 | EE 18 16 E0 BB 5E 2B B4 D7 8A 56 B4 02 7C E0 03 1F F8 C0 07 3E F0 81 0F 7C C0
[21:15:06.299] ADDR:0xEE TYPE:RC_CHANNELS_PACKED        LEN:26 | EE 18 16 E0 C3 5E 2B B4 D7 8A 56 B4 02 7C E0 03 1F F8 C0 07 3E F0 81 0F 7C 60
[21:15:06.309] ADDR:0xEE TYPE:RC_CHANNELS_PACKED        LEN:26 | EE 18 16 E0 C3 5E 2B B2 D7 8A 56 B4 02 7C E0 03 1F F8 C0 07 3E F0 81 0F 7C E4
[21:15:06.329] ADDR:0xEE TYPE:RC_CHANNELS_PACKED        LEN:26 | EE 18 16 E0 C3 5E 2B B4 D7 8A 56 B4 02 7C E0 03 1F F8 C0 07 3E F0 81 0F 7C 60
[21:15:06.329] ADDR:0xEA TYPE:ELRS_STATUS               LEN:15 | EA 0D 3A EA EE 10 00 03 0D 40 00 00 00 BE 24
[21:15:06.360] ADDR:0xEE TYPE:RC_CHANNELS_PACKED        LEN:26 | EE 18 16 E0 C3 5E 2B B2 D7 8A 56 B4 02 7C E0 03 1F F8 C0 07 3E F0 81 0F 7C E4
[21:15:06.380] ADDR:0xEE TYPE:RC_CHANNELS_PACKED        LEN:26 | EE 18 16 E0 C3 5E 2B B2 D7 8A 56 B4 02 7C E0 03 1F F8 C0 07 3E F0 81 0F 7C E4
[21:15:06.390] ADDR:0xEE TYPE:RC_CHANNELS_PACKED        LEN:26 | EE 18 16 E0 C3 5E 2B B2 D7 8A 56 B4 02 7C E0 03 1F F8 C0 07 3E F0 81 0F 7C E4
[21:15:06.410] ADDR:0xEE TYPE:RC_CHANNELS_PACKED        LEN:26 | EE 18 16 E0 C3 5E 2B B2 D7 8A 56 B4 02 7C E0 03 1F F8 C0 07 3E F0 81 0F 7C E4
[21:15:06.441] ADDR:0xEE TYPE:RC_CHANNELS_PACKED        LEN:26 | EE 18 16 E0 C3 5E 2B B2 D7 8A 56 B4 02 7C E0 03 1F F8 C0 07 3E F0 81 0F 7C E4
[21:15:06.461] ADDR:0xEE TYPE:RC_CHANNELS_PACKED        LEN:26 | EE 18 16 E0 C3 5E 2B B2 D7 8A 56 B4 02 7C E0 03 1F F8 C0 07 3E F0 81 0F 7C E4
[21:15:06.471] ADDR:0xEE TYPE:RC_CHANNELS_PACKED        LEN:26 | EE 18 16 E0 C3 5E 2B B2 D7 8A 56 B4 02 7C E0 03 1F F8 C0 07 3E F0 81 0F 7C E4
[21:15:06.491] ADDR:0xEE TYPE:RC_CHANNELS_PACKED        LEN:26 | EE 18 16 DF C3 5E 2B B0 D7 8A 56 B4 02 7C E0 03 1F F8 C0 07 3E F0 81 0F 7C 1A
[21:15:06.522] ADDR:0xEE TYPE:RC_CHANNELS_PACKED        LEN:26 | EE 18 16 E0 C3 5E 2B B0 D7 8A 56 B4 02 7C E0 03 1F F8 C0 07 3E F0 81 0F 7C 98
[21:15:06.532] ADDR:0xEE TYPE:RC_CHANNELS_PACKED        LEN:26 | EE 18 16 E0 C3 5E 2B B0 D7 8A 56 B4 02 7C E0 03 1F F8 C0 07 3E F0 81 0F 7C 98
[21:15:06.532] ADDR:0xEA TYPE:ELRS_STATUS               LEN:15 | EA 0D 3A EA EE 10 00 03 0D 40 00 00 00 1E 6F
[21:15:06.552] ADDR:0xEE TYPE:RC_CHANNELS_PACKED        LEN:26 | EE 18 16 E0 C3 5E 2B AA D7 8A 56 B4 02 7C E0 03 1F F8 C0 07 3E F0 81 0F 7C 8B
[21:15:06.572] ADDR:0xEE TYPE:RC_CHANNELS_PACKED        LEN:26 | EE 18 16 E0 C3 5E 2B AE D7 8A 56 B4 02 7C E0 03 1F F8 C0 07 3E F0 81 0F 7C 73
[21:15:06.603] ADDR:0xEE TYPE:RC_CHANNELS_PACKED        LEN:26 | EE 18 16 DD C3 5E 2B B2 D7 8A 56 B4 02 7C E0 03 1F F8 C0 07 3E F0 81 0F 7C 10
[21:15:06.613] ADDR:0xEE TYPE:RC_CHANNELS_PACKED        LEN:26 | EE 18 16 E0 C3 5E 2B B2 D7 8A 56 B4 02 7C E0 03 1F F8 C0 07 3E F0 81 0F 7C E4
[21:15:06.633] ADDR:0xEE TYPE:RC_CHANNELS_PACKED        LEN:26 | EE 18 16 DF C3 5E 2B B0 D7 8A 56 B4 02 7C E0 03 1F F8 C0 07 3E F0 81 0F 7C 1A
[21:15:06.644] ADDR:0xEE TYPE:RC_CHANNELS_PACKED        LEN:26 | EE 18 16 E0 C3 5E 2B B2 D7 8A 56 B4 02 7C E0 03 1F F8 C0 07 3E F0 81 0F 7C E4
[21:15:06.684] ADDR:0xEE TYPE:RC_CHANNELS_PACKED        LEN:26 | EE 18 16 DF C3 5E 2B AE D7 8A 56 B4 02 7C E0 03 1F F8 C0 07 3E F0 81 0F 7C F1
[21:15:06.694] ADDR:0xEE TYPE:RC_CHANNELS_PACKED        LEN:26 | EE 18 16 E0 C3 5E 2B B2 D7 8A 56 B4 02 7C E0 03 1F F8 C0 07 3E F0 81 0F 7C E4
[21:15:06.715] ADDR:0xEE TYPE:RC_CHANNELS_PACKED        LEN:26 | EE 18 16 E0 C3 5E 2B B2 D7 8A 56 B4 02 7C E0 03 1F F8 C0 07 3E F0 81 0F 7C E4
[21:15:06.725] ADDR:0xEE TYPE:RC_CHANNELS_PACKED        LEN:26 | EE 18 16 E0 BB 5E 2B B4 D7 8A 56 B4 02 7C E0 03 1F F8 C0 07 3E F0 81 0F 7C C0
[21:15:06.725] ADDR:0xEA TYPE:ELRS_STATUS               LEN:15 | EA 0D 3A EA EE 10 00 03 0D 40 00 00 00 E6 C2
[21:15:06.755] ADDR:0xEE TYPE:RC_CHANNELS_PACKED        LEN:26 | EE 18 16 E0 C3 5E 2B B2 D7 8A 56 B4 02 7C E0 03 1F F8 C0 07 3E F0 81 0F 7C E4
[21:15:06.775] ADDR:0xEE TYPE:RC_CHANNELS_PACKED        LEN:26 | EE 18 16 E0 BB 5E 2B B2 D7 8A 56 B4 02 7C E0 03 1F F8 C0 07 3E F0 81 0F 7C 44
[21:15:06.795] ADDR:0xEE TYPE:RC_CHANNELS_PACKED        LEN:26 | EE 18 16 E0 C3 5E 2B B2 D7 8A 56 B4 02 7C E0 03 1F F8 C0 07 3E F0 81 0F 7C E4
[21:15:06.806] ADDR:0xEE TYPE:RC_CHANNELS_PACKED        LEN:26 | EE 18 16 E0 C3 5E 2B B2 D7 8A 56 B4 02 7C E0 03 1F F8 C0 07 3E F0 81 0F 7C E4
[21:15:06.836] ADDR:0xEE TYPE:RC_CHANNELS_PACKED        LEN:26 | EE 18 16 DF C3 5E 2B B2 D7 8A 56 B4 02 7C E0 03 1F F8 C0 07 3E F0 81 0F 7C 66
[21:15:06.856] ADDR:0xEE TYPE:RC_CHANNELS_PACKED        LEN:26 | EE 18 16 E0 BB 5E 2B B0 D7 8A 56 B4 02 7C E0 03 1F F8 C0 07 3E F0 81 0F 7C 38
[21:15:06.876] ADDR:0xEE TYPE:RC_CHANNELS_PACKED        LEN:26 | EE 18 16 E0 C3 5E 2B B2 D7 8A 56 B4 02 7C E0 03 1F F8 C0 07 3E F0 81 0F 7C E4
[21:15:06.887] ADDR:0xEE TYPE:RC_CHANNELS_PACKED        LEN:26 | EE 18 16 E0 C3 5E 2B B2 D7 8A 56 B4 02 7C E0 03 1F F8 C0 07 3E F0 81 0F 7C E4
[21:15:06.917] ADDR:0xEE TYPE:RC_CHANNELS_PACKED        LEN:26 | EE 18 16 E0 C3 5E 2B B2 D7 8A 56 B4 02 7C E0 03 1F F8 C0 07 3E F0 81 0F 7C E4
[21:15:06.937] ADDR:0xEE TYPE:RC_CHANNELS_PACKED        LEN:26 | EE 18 16 E0 C3 5E 2B B0 D7 8A 56 B4 02 7C E0 03 1F F8 C0 07 3E F0 81 0F 7C 98
[21:15:06.937] ADDR:0xEA TYPE:ELRS_STATUS               LEN:15 | EA 0D 3A EA EE 10 00 03 0D 40 00 00 00 32 1C
[21:15:06.947] ADDR:0xEE TYPE:RC_CHANNELS_PACKED        LEN:26 | EE 18 16 E0 C3 5E 2B B2 D7 8A 56 B4 02 7C E0 03 1F F8 C0 07 3E F0 81 0F 7C E4
[21:15:06.968] ADDR:0xEE TYPE:RC_CHANNELS_PACKED        LEN:26 | EE 18 16 E0 C3 5E 2B B2 D7 8A 56 B4 02 7C E0 03 1F F8 C0 07 3E F0 81 0F 7C E4
[21:15:06.998] ADDR:0xEE TYPE:RC_CHANNELS_PACKED        LEN:26 | EE 18 16 E0 C3 5E 2B B2 D7 8A 56 B4 02 7C E0 03 1F F8 C0 07 3E F0 81 0F 7C E4
[21:15:07.018] ADDR:0xEE TYPE:RC_CHANNELS_PACKED        LEN:26 | EE 18 16 E0 C3 5E 2B B2 D7 8A 56 B4 02 7C E0 03 1F F8 C0 07 3E F0 81 0F 7C E4
[21:15:07.029] ADDR:0xEE TYPE:RC_CHANNELS_PACKED        LEN:26 | EE 18 16 E0 C3 5E 2B B2 D7 8A 56 B4 02 7C E0 03 1F F8 C0 07 3E F0 81 0F 7C E4
[21:15:07.049] ADDR:0xEE TYPE:RC_CHANNELS_PACKED        LEN:26 | EE 18 16 E0 BB 5E 2B AE D7 8A 56 B4 02 7C E0 03 1F F8 C0 07 3E F0 81 0F 7C D3
[21:15:07.079] ADDR:0xEE TYPE:RC_CHANNELS_PACKED        LEN:26 | EE 18 16 E0 C3 5E 2B B2 D7 8A 56 B4 02 7C E0 03 1F F8 C0 07 3E F0 81 0F 7C E4
[21:15:07.099] ADDR:0xEE TYPE:RC_CHANNELS_PACKED        LEN:26 | EE 18 16 E0 C3 5E 2B B0 D7 8A 56 B4 02 7C E0 03 1F F8 C0 07 3E F0 81 0F 7C 98
[21:15:07.110] ADDR:0xEE TYPE:RC_CHANNELS_PACKED        LEN:26 | EE 18 16 E0 C3 5E 2B B2 D7 8A 56 B4 02 7C E0 03 1F F8 C0 07 3E F0 81 0F 7C E4
[21:15:07.130] ADDR:0xEE TYPE:RC_CHANNELS_PACKED        LEN:26 | EE 18 16 E0 BB 5E 2B B0 D7 8A 56 B4 02 7C E0 03 1F F8 C0 07 3E F0 81 0F 7C 38
[21:15:07.130] ADDR:0xEA TYPE:ELRS_STATUS               LEN:15 | EA 0D 3A EA EE 10 00 03 0D 40 00 00 01 04 60
[21:15:07.160] ADDR:0xEE TYPE:RC_CHANNELS_PACKED        LEN:26 | EE 18 16 E0 C3 5E 2B B2 D7 8A 56 B4 02 7C E0 03 1F F8 C0 07 3E F0 81 0F 7C E4
[21:15:07.181] ADDR:0xEE TYPE:RC_CHANNELS_PACKED        LEN:26 | EE 18 16 DF C3 5E 2B B4 D7 8A 56 B4 02 7C E0 03 1F F8 C0 07 3E F0 81 0F 7C E2
[21:15:07.191] ADDR:0xEE TYPE:RC_CHANNELS_PACKED        LEN:26 | EE 18 16 E0 C3 5E 2B B0 D7 8A 56 B4 02 7C E0 03 1F F8 C0 07 3E F0 81 0F 7C 98
[21:15:07.211] ADDR:0xEE TYPE:RC_CHANNELS_PACKED        LEN:26 | EE 18 16 E0 C3 5E 2B B2 D7 8A 56 B4 02 7C E0 03 1F F8 C0 07 3E F0 81 0F 7C E4
[21:15:07.241] ADDR:0xEE TYPE:RC_CHANNELS_PACKED        LEN:26 | EE 18 16 E0 C3 5E 2B B2 D7 8A 56 B4 02 7C E0 03 1F F8 C0 07 3E F0 81 0F 7C E4
[21:15:07.252] ADDR:0xEE TYPE:RC_CHANNELS_PACKED        LEN:26 | EE 18 16 E0 C3 5E 2B B2 D7 8A 56 B4 02 7C E0 03 1F F8 C0 07 3E F0 81 0F 7C E4
[21:15:07.272] ADDR:0xEE TYPE:RC_CHANNELS_PACKED        LEN:26 | EE 18 16 E0 BB 5E 2B B2 D7 8A 56 B4 02 7C E0 03 1F F8 C0 07 3E F0 81 0F 7C 44
[21:15:07.292] ADDR:0xEE TYPE:RC_CHANNELS_PACKED        LEN:26 | EE 18 16 E0 C3 5E 2B B2 D7 8A 56 B4 02 7C E0 03 1F F8 C0 07 3E F0 81 0F 7C E4
[21:15:07.322] ADDR:0xEE TYPE:RC_CHANNELS_PACKED        LEN:26 | EE 18 16 E0 C3 5E 2B B2 D7 8A 56 B4 02 7C E0 03 1F F8 C0 07 3E F0 81 0F 7C E4
[21:15:07.333] ADDR:0xEE TYPE:RC_CHANNELS_PACKED        LEN:26 | EE 18 16 E0 C3 5E 2B B2 D7 8A 56 B4 02 7C E0 03 1F F8 C0 07 3E F0 81 0F 7C E4
[21:15:07.333] ADDR:0xEA TYPE:ELRS_STATUS               LEN:15 | EA 0D 3A EA EE 10 00 03 0D 40 FF FF FF EC 4C
[21:15:07.353] ADDR:0xEE TYPE:RC_CHANNELS_PACKED        LEN:26 | EE 18 16 E0 C3 5E 2B B0 D7 8A 56 B4 02 7C E0 03 1F F8 C0 07 3E F0 81 0F 7C 98
[21:15:07.363] ADDR:0xEE TYPE:RC_CHANNELS_PACKED        LEN:26 | EE 18 16 E0 C3 5E 2B B2 D7 8A 56 B4 02 7C E0 03 1F F8 C0 07 3E F0 81 0F 7C E4
[21:15:07.404] ADDR:0xEE TYPE:RC_CHANNELS_PACKED        LEN:26 | EE 18 16 E0 C3 5E 2B B2 D7 8A 56 B4 02 7C E0 03 1F F8 C0 07 3E F0 81 0F 7C E4
[21:15:07.414] ADDR:0xEE TYPE:RC_CHANNELS_PACKED        LEN:26 | EE 18 16 E0 C3 5E 2B B2 D7 8A 56 B4 02 7C E0 03 1F F8 C0 07 3E F0 81 0F 7C E4
[21:15:07.434] ADDR:0xEE TYPE:RC_CHANNELS_PACKED        LEN:26 | EE 18 16 E0 C3 5E 2B B2 D7 8A 56 B4 02 7C E0 03 1F F8 C0 07 3E F0 81 0F 7C E4
[21:15:07.445] ADDR:0xEE TYPE:RC_CHANNELS_PACKED        LEN:26 | EE 18 16 E0 BB 5E 2B B2 D7 8A 56 B4 02 7C E0 03 1F F8 C0 07 3E F0 81 0F 7C 44
[21:15:07.475] ADDR:0xEE TYPE:RC_CHANNELS_PACKED        LEN:26 | EE 18 16 E0 BB 5E 2B AE D7 8A 56 B4 02 7C E0 03 1F F8 C0 07 3E F0 81 0F 7C D3
[21:15:07.496] ADDR:0xEE TYPE:RC_CHANNELS_PACKED        LEN:26 | EE 18 16 E0 C3 5E 2B B2 D7 8A 56 B4 02 7C E0 03 1F F8 C0 07 3E F0 81 0F 7C E4
[21:15:07.516] ADDR:0xEE TYPE:RC_CHANNELS_PACKED        LEN:26 | EE 18 16 E0 BB 5E 2B B2 D7 8A 56 B4 02 7C E0 03 1F F8 C0 07 3E F0 81 0F 7C 44
[21:15:07.526] ADDR:0xEE TYPE:RC_CHANNELS_PACKED        LEN:26 | EE 18 16 E0 C3 5E 2B B2 D7 8A 56 B4 02 7C E0 03 1F F8 C0 07 3E F0 81 0F 7C E4
[21:15:07.526] ADDR:0xEA TYPE:ELRS_STATUS               LEN:15 | EA 0D 3A EA EE 10 00 03 0D 40 00 00 01 04 60
[21:15:07.556] ADDR:0xEE TYPE:RC_CHANNELS_PACKED        LEN:26 | EE 18 16 E0 C3 5E 2B B4 D7 8A 56 B4 02 7C E0 03 1F F8 C0 07 3E F0 81 0F 7C 60
[21:15:07.577] ADDR:0xEE TYPE:RC_CHANNELS_PACKED        LEN:26 | EE 18 16 E0 C3 5E 2B B2 D7 8A 56 B4 02 7C E0 03 1F F8 C0 07 3E F0 81 0F 7C E4
[21:15:07.597] ADDR:0xEE TYPE:RC_CHANNELS_PACKED        LEN:26 | EE 18 16 E0 C3 5E 2B B2 D7 8A 56 B4 02 7C E0 03 1F F8 C0 07 3E F0 81 0F 7C E4
[21:15:07.607] ADDR:0xEE TYPE:RC_CHANNELS_PACKED        LEN:26 | EE 18 16 E0 BB 5E 2B AE D7 8A 56 B4 02 7C E0 03 1F F8 C0 07 3E F0 81 0F 7C D3
[21:15:07.638] ADDR:0xEE TYPE:RC_CHANNELS_PACKED        LEN:26 | EE 18 16 E0 C3 5E 2B B2 D7 8A 56 B4 02 7C E0 03 1F F8 C0 07 3E F0 81 0F 7C E4
[21:15:07.658] ADDR:0xEE TYPE:RC_CHANNELS_PACKED        LEN:26 | EE 18 16 E0 C3 5E 2B B2 D7 8A 56 B4 02 7C E0 03 1F F8 C0 07 3E F0 81 0F 7C E4
[21:15:07.668] ADDR:0xEE TYPE:RC_CHANNELS_PACKED        LEN:26 | EE 18 16 E0 BB 5E 2B AA D7 8A 56 B4 02 7C E0 03 1F F8 C0 07 3E F0 81 0F 7C 2B
[21:15:07.688] ADDR:0xEE TYPE:RC_CHANNELS_PACKED        LEN:26 | EE 18 16 E0 C3 5E 2B B2 D7 8A 56 B4 02 7C E0 03 1F F8 C0 07 3E F0 81 0F 7C E4
[21:15:07.719] ADDR:0xEE TYPE:RC_CHANNELS_PACKED        LEN:26 | EE 18 16 E0 C3 5E 2B AE D7 8A 56 B4 02 7C E0 03 1F F8 C0 07 3E F0 81 0F 7C 73
[21:15:07.739] ADDR:0xEE TYPE:RC_CHANNELS_PACKED        LEN:26 | EE 18 16 E0 C3 5E 2B B0 D7 8A 56 B4 02 7C E0 03 1F F8 C0 07 3E F0 81 0F 7C 98
[21:15:07.739] ADDR:0xEA TYPE:ELRS_STATUS               LEN:15 | EA 0D 3A EA EE 10 00 03 0D 40 00 00 00 AA 88
[21:15:07.749] ADDR:0xEE TYPE:RC_CHANNELS_PACKED        LEN:26 | EE 18 16 DF BB 5E 2B B2 D7 8A 56 B4 02 7C E0 03 1F F8 C0 07 3E F0 81 0F 7C C6
[21:15:07.770] ADDR:0xEE TYPE:RC_CHANNELS_PACKED        LEN:26 | EE 18 16 E0 C3 5E 2B B2 D7 8A 56 B4 02 7C E0 03 1F F8 C0 07 3E F0 81 0F 7C E4
[21:15:07.800] ADDR:0xEE TYPE:RC_CHANNELS_PACKED        LEN:26 | EE 18 16 E0 C3 5E 2B B2 D7 8A 56 B4 02 7C E0 03 1F F8 C0 07 3E F0 81 0F 7C E4
[21:15:07.820] ADDR:0xEE TYPE:RC_CHANNELS_PACKED        LEN:26 | EE 18 16 E0 C3 5E 2B B2 D7 8A 56 B4 02 7C E0 03 1F F8 C0 07 3E F0 81 0F 7C E4
[21:15:07.830] ADDR:0xEE TYPE:RC_CHANNELS_PACKED        LEN:26 | EE 18 16 E0 C3 5E 2B B2 D7 8A 56 B4 02 7C E0 03 1F F8 C0 07 3E F0 81 0F 7C E4
[21:15:07.850] ADDR:0xEE TYPE:RC_CHANNELS_PACKED        LEN:26 | EE 18 16 E0 C3 5E 2B B2 D7 8A 56 B4 02 7C E0 03 1F F8 C0 07 3E F0 81 0F 7C E4
[21:15:07.881] ADDR:0xEE TYPE:RC_CHANNELS_PACKED        LEN:26 | EE 18 16 E0 C3 5E 2B B2 D7 8A 56 B4 02 7C E0 03 1F F8 C0 07 3E F0 81 0F 7C E4
[21:15:07.901] ADDR:0xEE TYPE:RC_CHANNELS_PACKED        LEN:26 | EE 18 16 E0 C3 5E 2B B2 D7 8A 56 B4 02 7C E0 03 1F F8 C0 07 3E F0 81 0F 7C E4
[21:15:07.911] ADDR:0xEE TYPE:RC_CHANNELS_PACKED        LEN:26 | EE 18 16 E0 C3 5E 2B B0 D7 8A 56 B4 02 7C E0 03 1F F8 C0 07 3E F0 81 0F 7C 98
[21:15:07.931] ADDR:0xEE TYPE:RC_CHANNELS_PACKED        LEN:26 | EE 18 16 E0 C3 5E 2B B2 D7 8A 56 B4 02 7C E0 03 1F F8 C0 07 3E F0 81 0F 7C E4
[21:15:07.932] ADDR:0xEA TYPE:ELRS_STATUS               LEN:15 | EA 0D 3A EA EE 10 00 03 0D 40 00 00 00 3C B4
[21:15:07.962] ADDR:0xEE TYPE:RC_CHANNELS_PACKED        LEN:26 | EE 18 16 E0 C3 5E 2B AE D7 8A 56 B4 02 7C E0 03 1F F8 C0 07 3E F0 81 0F 7C 73
[21:15:07.972] ADDR:0xEE TYPE:RC_CHANNELS_PACKED        LEN:26 | EE 18 16 E0 C3 5E 2B B2 D7 8A 56 B4 02 7C E0 03 1F F8 C0 07 3E F0 81 0F 7C E4
[21:15:07.992] ADDR:0xEE TYPE:RC_CHANNELS_PACKED        LEN:26 | EE 18 16 E0 C3 5E 2B B2 D7 8A 56 B4 02 7C E0 03 1F F8 C0 07 3E F0 81 0F 7C E4
[21:15:08.013] ADDR:0xEE TYPE:RC_CHANNELS_PACKED        LEN:26 | EE 18 16 E0 C3 5E 2B B2 D7 8A 56 B4 02 7C E0 03 1F F8 C0 07 3E F0 81 0F 7C E4
[21:15:08.043] ADDR:0xEE TYPE:RC_CHANNELS_PACKED        LEN:26 | EE 18 16 E0 BB 5E 2B B0 D7 8A 56 B4 02 7C E0 03 1F F8 C0 07 3E F0 81 0F 7C 38
[21:15:08.053] ADDR:0xEE TYPE:RC_CHANNELS_PACKED        LEN:26 | EE 18 16 E0 BB 5E 2B B2 D7 8A 56 B4 02 7C E0 03 1F F8 C0 07 3E F0 81 0F 7C 44
[21:15:08.073] ADDR:0xEE TYPE:RC_CHANNELS_PACKED        LEN:26 | EE 18 16 E0 C3 5E 2B B2 D7 8A 56 B4 02 7C E0 03 1F F8 C0 07 3E F0 81 0F 7C E4
[21:15:08.083] ADDR:0xEE TYPE:RC_CHANNELS_PACKED        LEN:26 | EE 18 16 E0 C3 5E 2B B2 D7 8A 56 B4 02 7C E0 03 1F F8 C0 07 3E F0 81 0F 7C E4
[21:15:08.124] ADDR:0xEE TYPE:RC_CHANNELS_PACKED        LEN:26 | EE 18 16 E0 C3 5E 2B B2 D7 8A 56 B4 02 7C E0 03 1F F8 C0 07 3E F0 81 0F 7C E4
[21:15:08.134] ADDR:0xEE TYPE:RC_CHANNELS_PACKED        LEN:26 | EE 18 16 E0 C3 5E 2B B2 D7 8A 56 B4 02 7C E0 03 1F F8 C0 07 3E F0 81 0F 7C E4
[21:15:08.134] ADDR:0xEA TYPE:ELRS_STATUS               LEN:15 | EA 0D 3A EA EE 10 00 03 0D 40 00 00 01 36 E9
[21:15:08.154] ADDR:0xEE TYPE:RC_CHANNELS_PACKED        LEN:26 | EE 18 16 E0 BB 5E 2B B2 D7 8A 56 B4 02 7C E0 03 1F F8 C0 07 3E F0 81 0F 7C 44
[21:15:08.164] ADDR:0xEE TYPE:RC_CHANNELS_PACKED        LEN:26 | EE 18 16 E0 C3 5E 2B B0 D7 8A 56 B4 02 7C E0 03 1F F8 C0 07 3E F0 81 0F 7C 98
[21:15:08.205] ADDR:0xEE TYPE:RC_CHANNELS_PACKED        LEN:26 | EE 18 16 E0 C3 5E 2B B2 D7 8A 56 B4 02 7C E0 03 1F F8 C0 07 3E F0 81 0F 7C E4
[21:15:08.215] ADDR:0xEE TYPE:RC_CHANNELS_PACKED        LEN:26 | EE 18 16 E0 C3 5E 2B B2 D7 8A 56 B4 02 7C E0 03 1F F8 C0 07 3E F0 81 0F 7C E4
[21:15:08.235] ADDR:0xEE TYPE:RC_CHANNELS_PACKED        LEN:26 | EE 18 16 E0 C3 5E 2B B2 D7 8A 56 B4 02 7C E0 03 1F F8 C0 07 3E F0 81 0F 7C E4
[21:15:08.245] ADDR:0xEE TYPE:RC_CHANNELS_PACKED        LEN:26 | EE 18 16 E0 C3 5E 2B B0 D7 8A 56 B4 02 7C E0 03 1F F8 C0 07 3E F0 81 0F 7C 98
[21:15:08.276] ADDR:0xEE TYPE:RC_CHANNELS_PACKED        LEN:26 | EE 18 16 E0 C3 5E 2B B2 D7 8A 56 B4 02 7C E0 03 1F F8 C0 07 3E F0 81 0F 7C E4
[21:15:08.296] ADDR:0xEE TYPE:RC_CHANNELS_PACKED        LEN:26 | EE 18 16 E0 C3 5E 2B AE D7 8A 56 B4 02 7C E0 03 1F F8 C0 07 3E F0 81 0F 7C 73
[21:15:08.317] ADDR:0xEE TYPE:RC_CHANNELS_PACKED        LEN:26 | EE 18 16 E0 C3 5E 2B B2 D7 8A 56 B4 02 7C E0 03 1F F8 C0 07 3E F0 81 0F 7C E4
[21:15:08.327] ADDR:0xEE TYPE:RC_CHANNELS_PACKED        LEN:26 | EE 18 16 E0 C3 5E 2B B2 D7 8A 56 B4 02 7C E0 03 1F F8 C0 07 3E F0 81 0F 7C E4
[21:15:08.327] ADDR:0xEA TYPE:ELRS_STATUS               LEN:15 | EA 0D 3A EA EE 10 00 03 0D 40 00 00 00 0A C3
[21:15:08.357] ADDR:0xEE TYPE:RC_CHANNELS_PACKED        LEN:26 | EE 18 16 E0 C3 5E 2B B2 D7 8A 56 B4 02 7C E0 03 1F F8 C0 07 3E F0 81 0F 7C E4
[21:15:08.377] ADDR:0xEE TYPE:RC_CHANNELS_PACKED        LEN:26 | EE 18 16 E0 C3 5E 2B B0 D7 8A 56 B4 02 7C E0 03 1F F8 C0 07 3E F0 81 0F 7C 98
[21:15:08.387] ADDR:0xEE TYPE:RC_CHANNELS_PACKED        LEN:26 | EE 18 16 E0 C3 5E 2B B2 D7 8A 56 B4 02 7C E0 03 1F F8 C0 07 3E F0 81 0F 7C E4
[21:15:08.408] ADDR:0xEE TYPE:RC_CHANNELS_PACKED        LEN:26 | EE 18 16 E0 C3 5E 2B B2 D7 8A 56 B4 02 7C E0 03 1F F8 C0 07 3E F0 81 0F 7C E4
[21:15:08.438] ADDR:0xEE TYPE:RC_CHANNELS_PACKED        LEN:26 | EE 18 16 E0 BB 5E 2B B0 D7 8A 56 B4 02 7C E0 03 1F F8 C0 07 3E F0 81 0F 7C 38
[21:15:08.458] ADDR:0xEE TYPE:RC_CHANNELS_PACKED        LEN:26 | EE 18 16 E0 C3 5E 2B B2 D7 8A 56 B4 02 7C E0 03 1F F8 C0 07 3E F0 81 0F 7C E4
[21:15:08.469] ADDR:0xEE TYPE:RC_CHANNELS_PACKED        LEN:26 | EE 18 16 E0 C3 5E 2B B2 D7 8A 56 B4 02 7C E0 03 1F F8 C0 07 3E F0 81 0F 7C E4
[21:15:08.489] ADDR:0xEE TYPE:RC_CHANNELS_PACKED        LEN:26 | EE 18 16 E0 C3 5E 2B B2 D7 8A 56 B4 02 7C E0 03 1F F8 C0 07 3E F0 81 0F 7C E4
[21:15:08.519] ADDR:0xEE TYPE:RC_CHANNELS_PACKED        LEN:26 | EE 18 16 E0 C3 5E 2B B2 D7 8A 56 B4 02 7C E0 03 1F F8 C0 07 3E F0 81 0F 7C E4
[21:15:08.539] ADDR:0xEE TYPE:RC_CHANNELS_PACKED        LEN:26 | EE 18 16 E0 BB 5E 2B B2 D7 8A 56 B4 02 7C E0 03 1F F8 C0 07 3E F0 81 0F 7C 44
[21:15:08.539] ADDR:0xEA TYPE:ELRS_STATUS               LEN:15 | EA 0D 3A EA EE 10 00 03 0D 40 00 00 00 AA 88
[21:15:08.550] ADDR:0xEE TYPE:RC_CHANNELS_PACKED        LEN:26 | EE 18 16 E0 C3 5E 2B B2 D7 8A 56 B4 02 7C E0 03 1F F8 C0 07 3E F0 81 0F 7C E4
[21:15:08.570] ADDR:0xEE TYPE:RC_CHANNELS_PACKED        LEN:26 | EE 18 16 E0 C3 5E 2B B2 D7 8A 56 B4 02 7C E0 03 1F F8 C0 07 3E F0 81 0F 7C E4
[21:15:08.603] ADDR:0xEE TYPE:RC_CHANNELS_PACKED        LEN:26 | EE 18 16 E0 C3 5E 2B B0 D7 8A 56 B4 02 7C E0 03 1F F8 C0 07 3E F0 81 0F 7C 98
[21:15:08.613] ADDR:0xEE TYPE:RC_CHANNELS_PACKED        LEN:26 | EE 18 16 E0 C3 5E 2B B2 D7 8A 56 B4 02 7C E0 03 1F F8 C0 07 3E F0 81 0F 7C E4
[21:15:08.633] ADDR:0xEE TYPE:RC_CHANNELS_PACKED        LEN:26 | EE 18 16 E0 BB 5E 2B AE D7 8A 56 B4 02 7C E0 03 1F F8 C0 07 3E F0 81 0F 7C D3
[21:15:08.644] ADDR:0xEE TYPE:RC_CHANNELS_PACKED        LEN:26 | EE 18 16 E0 C3 5E 2B B0 D7 8A 56 B4 02 7C E0 03 1F F8 C0 07 3E F0 81 0F 7C 98
[21:15:08.684] ADDR:0xEE TYPE:RC_CHANNELS_PACKED        LEN:26 | EE 18 16 E0 C3 5E 2B B2 D7 8A 56 B4 02 7C E0 03 1F F8 C0 07 3E F0 81 0F 7C E4
[21:15:08.694] ADDR:0xEE TYPE:RC_CHANNELS_PACKED        LEN:26 | EE 18 16 E0 BB 5E 2B B2 D7 8A 56 B4 02 7C E0 03 1F F8 C0 07 3E F0 81 0F 7C 44
[21:15:08.714] ADDR:0xEE TYPE:RC_CHANNELS_PACKED        LEN:26 | EE 18 16 E0 C3 5E 2B B2 D7 8A 56 B4 02 7C E0 03 1F F8 C0 07 3E F0 81 0F 7C E4
[21:15:08.724] ADDR:0xEE TYPE:RC_CHANNELS_PACKED        LEN:26 | EE 18 16 E0 BB 5E 2B B0 D7 8A 56 B4 02 7C E0 03 1F F8 C0 07 3E F0 81 0F 7C 38
[21:15:08.724] ADDR:0xEA TYPE:ELRS_STATUS               LEN:15 | EA 0D 3A EA EE 10 00 03 0D 40 00 00 01 68 8E
[21:15:08.765] ADDR:0xEE TYPE:RC_CHANNELS_PACKED        LEN:26 | EE 18 16 E0 BB 5E 2B B0 D7 8A 56 B4 02 7C E0 03 1F F8 C0 07 3E F0 81 0F 7C 38
[21:15:08.775] ADDR:0xEE TYPE:RC_CHANNELS_PACKED        LEN:26 | EE 18 16 E0 C3 5E 2B B2 D7 8A 56 B4 02 7C E0 03 1F F8 C0 07 3E F0 81 0F 7C E4
[21:15:08.796] ADDR:0xEE TYPE:RC_CHANNELS_PACKED        LEN:26 | EE 18 16 E0 C3 5E 2B B0 D7 8A 56 B4 02 7C E0 03 1F F8 C0 07 3E F0 81 0F 7C 98
[21:15:08.807] ADDR:0xEE TYPE:RC_CHANNELS_PACKED        LEN:26 | EE 18 16 E0 C3 5E 2B B0 D7 8A 56 B4 02 7C E0 03 1F F8 C0 07 3E F0 81 0F 7C 98
[21:15:08.837] ADDR:0xEE TYPE:RC_CHANNELS_PACKED        LEN:26 | EE 18 16 E0 C3 5E 2B B2 D7 8A 56 B4 02 7C E0 03 1F F8 C0 07 3E F0 81 0F 7C E4
[21:15:08.857] ADDR:0xEE TYPE:RC_CHANNELS_PACKED        LEN:26 | EE 18 16 DF C3 5E 2B B2 D7 8A 56 B4 02 7C E0 03 1F F8 C0 07 3E F0 81 0F 7C 66
[21:15:08.867] ADDR:0xEE TYPE:RC_CHANNELS_PACKED        LEN:26 | EE 18 16 E0 C3 5E 2B B2 D7 8A 56 B4 02 7C E0 03 1F F8 C0 07 3E F0 81 0F 7C E4
[21:15:08.888] ADDR:0xEE TYPE:RC_CHANNELS_PACKED        LEN:26 | EE 18 16 E0 C3 5E 2B B2 D7 8A 56 B4 02 7C E0 03 1F F8 C0 07 3E F0 81 0F 7C E4
[21:15:08.918] ADDR:0xEE TYPE:RC_CHANNELS_PACKED        LEN:26 | EE 18 16 E0 C3 5E 2B B2 D7 8A 56 B4 02 7C E0 03 1F F8 C0 07 3E F0 81 0F 7C E4
[21:15:08.938] ADDR:0xEE TYPE:RC_CHANNELS_PACKED        LEN:26 | EE 18 16 E0 C3 5E 2B B0 D7 8A 56 B4 02 7C E0 03 1F F8 C0 07 3E F0 81 0F 7C 98
[21:15:08.938] ADDR:0xEA TYPE:ELRS_STATUS               LEN:15 | EA 0D 3A EA EE 10 00 03 0D 40 00 00 00 00 95
[21:15:08.949] ADDR:0xEE TYPE:RC_CHANNELS_PACKED        LEN:26 | EE 18 16 E0 C3 5E 2B B2 D7 8A 56 B4 02 7C E0 03 1F F8 C0 07 3E F0 81 0F 7C E4
[21:15:08.969] ADDR:0xEE TYPE:RC_CHANNELS_PACKED        LEN:26 | EE 18 16 E0 C3 5E 2B B0 D7 8A 56 B4 02 7C E0 03 1F F8 C0 07 3E F0 81 0F 7C 98
[21:15:08.999] ADDR:0xEE TYPE:RC_CHANNELS_PACKED        LEN:26 | EE 18 16 E0 C3 5E 2B B2 D7 8A 56 B4 02 7C E0 03 1F F8 C0 07 3E F0 81 0F 7C E4
[21:15:09.019] ADDR:0xEE TYPE:RC_CHANNELS_PACKED        LEN:26 | EE 18 16 E0 C3 5E 2B B2 D7 8A 56 B4 02 7C E0 03 1F F8 C0 07 3E F0 81 0F 7C E4
[21:15:09.030] ADDR:0xEE TYPE:RC_CHANNELS_PACKED        LEN:26 | EE 18 16 E0 C3 5E 2B B2 D7 8A 56 B4 02 7C E0 03 1F F8 C0 07 3E F0 81 0F 7C E4
[21:15:09.050] ADDR:0xEE TYPE:RC_CHANNELS_PACKED        LEN:26 | EE 18 16 E0 C3 5E 2B B0 D7 8A 56 B4 02 7C E0 03 1F F8 C0 07 3E F0 81 0F 7C 98
[21:15:09.080] ADDR:0xEE TYPE:RC_CHANNELS_PACKED        LEN:26 | EE 18 16 E0 C3 5E 2B B2 D7 8A 56 B4 02 7C E0 03 1F F8 C0 07 3E F0 81 0F 7C E4
[21:15:09.100] ADDR:0xEE TYPE:RC_CHANNELS_PACKED        LEN:26 | EE 18 16 E0 C3 5E 2B B0 D7 8A 56 B4 02 7C E0 03 1F F8 C0 07 3E F0 81 0F 7C 98
[21:15:09.110] ADDR:0xEE TYPE:RC_CHANNELS_PACKED        LEN:26 | EE 18 16 E0 C3 5E 2B B2 D7 8A 56 B4 02 7C E0 03 1F F8 C0 07 3E F0 81 0F 7C E4
[21:15:09.131] ADDR:0xEE TYPE:RC_CHANNELS_PACKED        LEN:26 | EE 18 16 E0 C3 5E 2B B2 D7 8A 56 B4 02 7C E0 03 1F F8 C0 07 3E F0 81 0F 7C E4
[21:15:09.131] ADDR:0xEA TYPE:ELRS_STATUS               LEN:15 | EA 0D 3A EA EE 10 00 03 0D 40 00 00 00 B4 72
[21:15:09.161] ADDR:0xEE TYPE:RC_CHANNELS_PACKED        LEN:26 | EE 18 16 E0 C3 5E 2B AE D7 8A 56 B4 02 7C E0 03 1F F8 C0 07 3E F0 81 0F 7C 73
[21:15:09.171] ADDR:0xEE TYPE:RC_CHANNELS_PACKED        LEN:26 | EE 18 16 E0 C3 5E 2B B0 D7 8A 56 B4 02 7C E0 03 1F F8 C0 07 3E F0 81 0F 7C 98
[21:15:09.191] ADDR:0xEE TYPE:RC_CHANNELS_PACKED        LEN:26 | EE 18 16 E0 BB 5E 2B B2 D7 8A 56 B4 02 7C E0 03 1F F8 C0 07 3E F0 81 0F 7C 44
[21:15:09.212] ADDR:0xEE TYPE:RC_CHANNELS_PACKED        LEN:26 | EE 18 16 E0 C3 5E 2B B4 D7 8A 56 B4 02 7C E0 03 1F F8 C0 07 3E F0 81 0F 7C 60
[21:15:09.242] ADDR:0xEE TYPE:RC_CHANNELS_PACKED        LEN:26 | EE 18 16 E0 C3 5E 2B B2 D7 8A 56 B4 02 7C E0 03 1F F8 C0 07 3E F0 81 0F 7C E4
[21:15:09.252] ADDR:0xEE TYPE:RC_CHANNELS_PACKED        LEN:26 | EE 18 16 DF BB 5E 2B B2 D7 8A 56 B4 02 7C E0 03 1F F8 C0 07 3E F0 81 0F 7C C6
[21:15:09.273] ADDR:0xEE TYPE:RC_CHANNELS_PACKED        LEN:26 | EE 18 16 E0 C3 5E 2B B0 D7 8A 56 B4 02 7C E0 03 1F F8 C0 07 3E F0 81 0F 7C 98
[21:15:09.293] ADDR:0xEE TYPE:RC_CHANNELS_PACKED        LEN:26 | EE 18 16 E0 C3 5E 2B B2 D7 8A 56 B4 02 7C E0 03 1F F8 C0 07 3E F0 81 0F 7C E4
[21:15:09.323] ADDR:0xEE TYPE:RC_CHANNELS_PACKED        LEN:26 | EE 18 16 E0 C3 5E 2B B0 D7 8A 56 B4 02 7C E0 03 1F F8 C0 07 3E F0 81 0F 7C 98
[21:15:09.334] ADDR:0xEE TYPE:RC_CHANNELS_PACKED        LEN:26 | EE 18 16 E0 C3 5E 2B B2 D7 8A 56 B4 02 7C E0 03 1F F8 C0 07 3E F0 81 0F 7C E4
[21:15:09.334] ADDR:0xEA TYPE:ELRS_STATUS               LEN:15 | EA 0D 3A EA EE 10 00 03 0D 40 00 00 00 1E 6F
[21:15:09.354] ADDR:0xEE TYPE:RC_CHANNELS_PACKED        LEN:26 | EE 18 16 E0 BB 5E 2B B2 D7 8A 56 B4 02 7C E0 03 1F F8 C0 07 3E F0 81 0F 7C 44
[21:15:09.364] ADDR:0xEE TYPE:RC_CHANNELS_PACKED        LEN:26 | EE 18 16 E0 BB 5E 2B B4 D7 8A 56 B4 02 7C E0 03 1F F8 C0 07 3E F0 81 0F 7C C0
[21:15:09.405] ADDR:0xEE TYPE:RC_CHANNELS_PACKED        LEN:26 | EE 18 16 E0 C3 5E 2B B0 D7 8A 56 B4 02 7C E0 03 1F F8 C0 07 3E F0 81 0F 7C 98
[21:15:09.415] ADDR:0xEE TYPE:RC_CHANNELS_PACKED        LEN:26 | EE 18 16 E0 C3 5E 2B B2 D7 8A 56 B4 02 7C E0 03 1F F8 C0 07 3E F0 81 0F 7C E4
[21:15:09.435] ADDR:0xEE TYPE:RC_CHANNELS_PACKED        LEN:26 | EE 18 16 E0 C3 5E 2B B2 D7 8A 56 B4 02 7C E0 03 1F F8 C0 07 3E F0 81 0F 7C E4
[21:15:09.445] ADDR:0xEE TYPE:RC_CHANNELS_PACKED        LEN:26 | EE 18 16 E0 C3 5E 2B B0 D7 8A 56 B4 02 7C E0 03 1F F8 C0 07 3E F0 81 0F 7C 98
[21:15:09.476] ADDR:0xEE TYPE:RC_CHANNELS_PACKED        LEN:26 | EE 18 16 E0 C3 5E 2B B2 D7 8A 56 B4 02 7C E0 03 1F F8 C0 07 3E F0 81 0F 7C E4
[21:15:09.496] ADDR:0xEE TYPE:RC_CHANNELS_PACKED        LEN:26 | EE 18 16 E0 C3 5E 2B B2 D7 8A 56 B4 02 7C E0 03 1F F8 C0 07 3E F0 81 0F 7C E4
[21:15:09.516] ADDR:0xEE TYPE:RC_CHANNELS_PACKED        LEN:26 | EE 18 16 E0 C3 5E 2B B2 D7 8A 56 B4 02 7C E0 03 1F F8 C0 07 3E F0 81 0F 7C E4
[21:15:09.526] ADDR:0xEE TYPE:RC_CHANNELS_PACKED        LEN:26 | EE 18 16 E0 C3 5E 2B B2 D7 8A 56 B4 02 7C E0 03 1F F8 C0 07 3E F0 81 0F 7C E4
[21:15:09.526] ADDR:0xEA TYPE:ELRS_STATUS               LEN:15 | EA 0D 3A EA EE 10 00 03 0D 40 00 00 01 E0 48
[21:15:09.557] ADDR:0xEE TYPE:RC_CHANNELS_PACKED        LEN:26 | EE 18 16 E0 C3 5E 2B B0 D7 8A 56 B4 02 7C E0 03 1F F8 C0 07 3E F0 81 0F 7C 98
[21:15:09.577] ADDR:0xEE TYPE:RC_CHANNELS_PACKED        LEN:26 | EE 18 16 E0 C3 5E 2B B2 D7 8A 56 B4 02 7C E0 03 1F F8 C0 07 3E F0 81 0F 7C E4
[21:15:09.587] ADDR:0xEE TYPE:RC_CHANNELS_PACKED        LEN:26 | EE 18 16 E0 C3 5E 2B AE D7 8A 56 B4 02 7C E0 03 1F F8 C0 07 3E F0 81 0F 7C 73
[21:15:09.608] ADDR:0xEE TYPE:RC_CHANNELS_PACKED        LEN:26 | EE 18 16 E0 C3 5E 2B AE D7 8A 56 B4 02 7C E0 03 1F F8 C0 07 3E F0 81 0F 7C 73
[21:15:09.638] ADDR:0xEE TYPE:RC_CHANNELS_PACKED        LEN:26 | EE 18 16 E0 C3 5E 2B B2 D7 8A 56 B4 02 7C E0 03 1F F8 C0 07 3E F0 81 0F 7C E4
[21:15:09.658] ADDR:0xEE TYPE:RC_CHANNELS_PACKED        LEN:26 | EE 18 16 E0 C3 5E 2B AE D7 8A 56 B4 02 7C E0 03 1F F8 C0 07 3E F0 81 0F 7C 73
[21:15:09.668] ADDR:0xEE TYPE:RC_CHANNELS_PACKED        LEN:26 | EE 18 16 E0 C3 5E 2B B2 D7 8A 56 B4 02 7C E0 03 1F F8 C0 07 3E F0 81 0F 7C E4
[21:15:09.689] ADDR:0xEE TYPE:RC_CHANNELS_PACKED        LEN:26 | EE 18 16 E0 C3 5E 2B B2 D7 8A 56 B4 02 7C E0 03 1F F8 C0 07 3E F0 81 0F 7C E4
[21:15:09.719] ADDR:0xEE TYPE:RC_CHANNELS_PACKED        LEN:26 | EE 18 16 E0 C3 5E 2B B2 D7 8A 56 B4 02 7C E0 03 1F F8 C0 07 3E F0 81 0F 7C E4
[21:15:09.739] ADDR:0xEE TYPE:RC_CHANNELS_PACKED        LEN:26 | EE 18 16 E0 C3 5E 2B B2 D7 8A 56 B4 02 7C E0 03 1F F8 C0 07 3E F0 81 0F 7C E4
[21:15:09.739] ADDR:0xEA TYPE:ELRS_STATUS               LEN:15 | EA 0D 3A EA EE 10 00 03 0D 40 FF FF FF EC 4C
[21:15:09.749] ADDR:0xEE TYPE:RC_CHANNELS_PACKED        LEN:26 | EE 18 16 E0 C3 5E 2B B2 D7 8A 56 B4 02 7C E0 03 1F F8 C0 07 3E F0 81 0F 7C E4
[21:15:09.770] ADDR:0xEE TYPE:RC_CHANNELS_PACKED        LEN:26 | EE 18 16 E0 C3 5E 2B B2 D7 8A 56 B4 02 7C E0 03 1F F8 C0 07 3E F0 81 0F 7C E4
[21:15:09.800] ADDR:0xEE TYPE:RC_CHANNELS_PACKED        LEN:26 | EE 18 16 E0 C3 5E 2B B2 D7 8A 56 B4 02 7C E0 03 1F F8 C0 07 3E F0 81 0F 7C E4
[21:15:09.820] ADDR:0xEE TYPE:RC_CHANNELS_PACKED        LEN:26 | EE 18 16 E0 C3 5E 2B B0 D7 8A 56 B4 02 7C E0 03 1F F8 C0 07 3E F0 81 0F 7C 98
[21:15:09.830] ADDR:0xEE TYPE:RC_CHANNELS_PACKED        LEN:26 | EE 18 16 E0 C3 5E 2B B2 D7 8A 56 B4 02 7C E0 03 1F F8 C0 07 3E F0 81 0F 7C E4
[21:15:09.851] ADDR:0xEE TYPE:RC_CHANNELS_PACKED        LEN:26 | EE 18 16 E0 C3 5E 2B B2 D7 8A 56 B4 02 7C E0 03 1F F8 C0 07 3E F0 81 0F 7C E4
[21:15:09.881] ADDR:0xEE TYPE:RC_CHANNELS_PACKED        LEN:26 | EE 18 16 E0 C3 5E 2B B0 D7 8A 56 B4 02 7C E0 03 1F F8 C0 07 3E F0 81 0F 7C 98
[21:15:09.892] ADDR:0xEE TYPE:RC_CHANNELS_PACKED        LEN:26 | EE 18 16 E0 C3 5E 2B B2 D7 8A 56 B4 02 7C E0 03 1F F8 C0 07 3E F0 81 0F 7C E4
[21:15:09.912] ADDR:0xEE TYPE:RC_CHANNELS_PACKED        LEN:26 | EE 18 16 E0 AB 5E 2B AE D7 8A 56 B4 02 7C E0 03 1F F8 C0 07 3E F0 81 0F 7C 82
[21:15:09.932] ADDR:0xEE TYPE:RC_CHANNELS_PACKED        LEN:26 | EE 18 16 E0 C3 5E 2B B2 D7 8A 56 B4 02 7C E0 03 1F F8 C0 07 3E F0 81 0F 7C E4
[21:15:09.932] ADDR:0xEA TYPE:ELRS_STATUS               LEN:15 | EA 0D 3A EA EE 10 00 03 0D 40 00 00 00 1E 6F
[21:15:09.963] ADDR:0xEE TYPE:RC_CHANNELS_PACKED        LEN:26 | EE 18 16 E0 C3 5E 2B B2 D7 8A 56 B4 02 7C E0 03 1F F8 C0 07 3E F0 81 0F 7C E4
[21:15:09.973] ADDR:0xEE TYPE:RC_CHANNELS_PACKED        LEN:26 | EE 18 16 E0 C3 5E 2B B2 D7 8A 56 B4 02 7C E0 03 1F F8 C0 07 3E F0 81 0F 7C E4
[21:15:09.993] ADDR:0xEE TYPE:RC_CHANNELS_PACKED        LEN:26 | EE 18 16 E0 C3 5E 2B AE D7 8A 56 B4 02 7C E0 03 1F F8 C0 07 3E F0 81 0F 7C 73
[21:15:10.003] ADDR:0xEE TYPE:RC_CHANNELS_PACKED        LEN:26 | EE 18 16 E0 C3 5E 2B B2 D7 8A 56 B4 02 7C E0 03 1F F8 C0 07 3E F0 81 0F 7C E4
[21:15:10.044] ADDR:0xEE TYPE:RC_CHANNELS_PACKED        LEN:26 | EE 18 16 E0 C3 5E 2B B2 D7 8A 56 B4 02 7C E0 03 1F F8 C0 07 3E F0 81 0F 7C E4
[21:15:10.054] ADDR:0xEE TYPE:RC_CHANNELS_PACKED        LEN:26 | EE 18 16 E0 C3 5E 2B B2 D7 8A 56 B4 02 7C E0 03 1F F8 C0 07 3E F0 81 0F 7C E4
[21:15:10.074] ADDR:0xEE TYPE:RC_CHANNELS_PACKED        LEN:26 | EE 18 16 E0 C3 5E 2B B2 D7 8A 56 B4 02 7C E0 03 1F F8 C0 07 3E F0 81 0F 7C E4
[21:15:10.084] ADDR:0xEE TYPE:RC_CHANNELS_PACKED        LEN:26 | EE 18 16 E0 C3 5E 2B B4 D7 8A 56 B4 02 7C E0 03 1F F8 C0 07 3E F0 81 0F 7C 60
[21:15:10.124] ADDR:0xEE TYPE:RC_CHANNELS_PACKED        LEN:26 | EE 18 16 E0 C3 5E 2B B2 D7 8A 56 B4 02 7C E0 03 1F F8 C0 07 3E F0 81 0F 7C E4
[21:15:10.135] ADDR:0xEE TYPE:RC_CHANNELS_PACKED        LEN:26 | EE 18 16 E0 BB 5E 2B B0 D7 8A 56 B4 02 7C E0 03 1F F8 C0 07 3E F0 81 0F 7C 38
[21:15:10.135] ADDR:0xEA TYPE:ELRS_STATUS               LEN:15 | EA 0D 3A EA EE 10 00 03 0D 40 00 00 01 54 AF
[21:15:10.155] ADDR:0xEE TYPE:RC_CHANNELS_PACKED        LEN:26 | EE 18 16 E0 C3 5E 2B B2 D7 8A 56 B4 02 7C E0 03 1F F8 C0 07 3E F0 81 0F 7C E4
[21:15:10.165] ADDR:0xEE TYPE:RC_CHANNELS_PACKED        LEN:26 | EE 18 16 E0 C3 5E 2B B2 D7 8A 56 B4 02 7C E0 03 1F F8 C0 07 3E F0 81 0F 7C E4
[21:15:10.195] ADDR:0xEE TYPE:RC_CHANNELS_PACKED        LEN:26 | EE 18 16 E0 C3 5E 2B B2 D7 8A 56 B4 02 7C E0 03 1F F8 C0 07 3E F0 81 0F 7C E4
[21:15:10.216] ADDR:0xEE TYPE:RC_CHANNELS_PACKED        LEN:26 | EE 18 16 E0 C3 5E 2B B2 D7 8A 56 B4 02 7C E0 03 1F F8 C0 07 3E F0 81 0F 7C E4
[21:15:10.236] ADDR:0xEE TYPE:RC_CHANNELS_PACKED        LEN:26 | EE 18 16 E0 C3 5E 2B B4 D7 8A 56 B4 02 7C E0 03 1F F8 C0 07 3E F0 81 0F 7C 60
[21:15:10.246] ADDR:0xEE TYPE:RC_CHANNELS_PACKED        LEN:26 | EE 18 16 E0 C3 5E 2B B2 D7 8A 56 B4 02 7C E0 03 1F F8 C0 07 3E F0 81 0F 7C E4
[21:15:10.277] ADDR:0xEE TYPE:RC_CHANNELS_PACKED        LEN:26 | EE 18 16 E0 C3 5E 2B B2 D7 8A 56 B4 02 7C E0 03 1F F8 C0 07 3E F0 81 0F 7C E4
[21:15:10.297] ADDR:0xEE TYPE:RC_CHANNELS_PACKED        LEN:26 | EE 18 16 E0 BB 5E 2B B2 D7 8A 56 B4 02 7C E0 03 1F F8 C0 07 3E F0 81 0F 7C 44
[21:15:10.317] ADDR:0xEE TYPE:RC_CHANNELS_PACKED        LEN:26 | EE 18 16 E0 C3 5E 2B B2 D7 8A 56 B4 02 7C E0 03 1F F8 C0 07 3E F0 81 0F 7C E4
[21:15:10.327] ADDR:0xEE TYPE:RC_CHANNELS_PACKED        LEN:26 | EE 18 16 E0 C3 5E 2B B2 D7 8A 56 B4 02 7C E0 03 1F F8 C0 07 3E F0 81 0F 7C E4
[21:15:10.327] ADDR:0xEA TYPE:ELRS_STATUS               LEN:15 | EA 0D 3A EA EE 10 00 03 0D 40 FF FF FF CE 97
[21:15:10.358] ADDR:0xEE TYPE:RC_CHANNELS_PACKED        LEN:26 | EE 18 16 E0 C3 5E 2B B2 D7 8A 56 B4 02 7C E0 03 1F F8 C0 07 3E F0 81 0F 7C E4
[21:15:10.378] ADDR:0xEE TYPE:RC_CHANNELS_PACKED        LEN:26 | EE 18 16 E0 BB 5E 2B B2 D7 8A 56 B4 02 7C E0 03 1F F8 C0 07 3E F0 81 0F 7C 44
[21:15:10.388] ADDR:0xEE TYPE:RC_CHANNELS_PACKED        LEN:26 | EE 18 16 E0 C3 5E 2B AE D7 8A 56 B4 02 7C E0 03 1F F8 C0 07 3E F0 81 0F 7C 73
[21:15:10.408] ADDR:0xEE TYPE:RC_CHANNELS_PACKED        LEN:26 | EE 18 16 E0 BB 5E 2B B2 D7 8A 56 B4 02 7C E0 03 1F F8 C0 07 3E F0 81 0F 7C 44
[21:15:10.439] ADDR:0xEE TYPE:RC_CHANNELS_PACKED        LEN:26 | EE 18 16 E0 C3 5E 2B AE D7 8A 56 B4 02 7C E0 03 1F F8 C0 07 3E F0 81 0F 7C 73
[21:15:10.459] ADDR:0xEE TYPE:RC_CHANNELS_PACKED        LEN:26 | EE 18 16 E0 C3 5E 2B B0 D7 8A 56 B4 02 7C E0 03 1F F8 C0 07 3E F0 81 0F 7C 98
[21:15:10.469] ADDR:0xEE TYPE:RC_CHANNELS_PACKED        LEN:26 | EE 18 16 E0 C3 5E 2B B2 D7 8A 56 B4 02 7C E0 03 1F F8 C0 07 3E F0 81 0F 7C E4
[21:15:10.490] ADDR:0xEE TYPE:RC_CHANNELS_PACKED        LEN:26 | EE 18 16 E0 BB 5E 2B B2 D7 8A 56 B4 02 7C E0 03 1F F8 C0 07 3E F0 81 0F 7C 44
[21:15:10.520] ADDR:0xEE TYPE:RC_CHANNELS_PACKED        LEN:26 | EE 18 16 E0 C3 5E 2B B0 D7 8A 56 B4 02 7C E0 03 1F F8 C0 07 3E F0 81 0F 7C 98
[21:15:10.540] ADDR:0xEE TYPE:RC_CHANNELS_PACKED        LEN:26 | EE 18 16 E0 C3 5E 2B B2 D7 8A 56 B4 02 7C E0 03 1F F8 C0 07 3E F0 81 0F 7C E4
[21:15:10.540] ADDR:0xEA TYPE:ELRS_STATUS               LEN:15 | EA 0D 3A EA EE 10 00 03 0D 40 00 00 01 68 8E
[21:15:10.550] ADDR:0xEE TYPE:RC_CHANNELS_PACKED        LEN:26 | EE 18 16 E0 C3 5E 2B B2 D7 8A 56 B4 02 7C E0 03 1F F8 C0 07 3E F0 81 0F 7C E4
[21:15:10.571] ADDR:0xEE TYPE:RC_CHANNELS_PACKED        LEN:26 | EE 18 16 E0 C3 5E 2B B2 D7 8A 56 B4 02 7C E0 03 1F F8 C0 07 3E F0 81 0F 7C E4
[21:15:10.601] ADDR:0xEE TYPE:RC_CHANNELS_PACKED        LEN:26 | EE 18 16 E0 C3 5E 2B B2 D7 8A 56 B4 02 7C E0 03 1F F8 C0 07 3E F0 81 0F 7C E4
[21:15:10.611] ADDR:0xEE TYPE:RC_CHANNELS_PACKED        LEN:26 | EE 18 16 E0 C3 5E 2B B2 D7 8A 56 B4 02 7C E0 03 1F F8 C0 07 3E F0 81 0F 7C E4
[21:15:10.632] ADDR:0xEE TYPE:RC_CHANNELS_PACKED        LEN:26 | EE 18 16 E0 C3 5E 2B B4 D7 8A 56 B4 02 7C E0 03 1F F8 C0 07 3E F0 81 0F 7C 60
[21:15:10.652] ADDR:0xEE TYPE:RC_CHANNELS_PACKED        LEN:26 | EE 18 16 E0 C3 5E 2B B2 D7 8A 56 B4 02 7C E0 03 1F F8 C0 07 3E F0 81 0F 7C E4
[21:15:10.682] ADDR:0xEE TYPE:RC_CHANNELS_PACKED        LEN:26 | EE 18 16 E0 C3 5E 2B B2 D7 8A 56 B4 02 7C E0 03 1F F8 C0 07 3E F0 81 0F 7C E4
[21:15:10.692] ADDR:0xEE TYPE:RC_CHANNELS_PACKED        LEN:26 | EE 18 16 E0 BB 5E 2B B2 D7 8A 56 B4 02 7C E0 03 1F F8 C0 07 3E F0 81 0F 7C 44
[21:15:10.713] ADDR:0xEE TYPE:RC_CHANNELS_PACKED        LEN:26 | EE 18 16 E0 BB 5E 2B B2 D7 8A 56 B4 02 7C E0 03 1F F8 C0 07 3E F0 81 0F 7C 44
[21:15:10.733] ADDR:0xEE TYPE:RC_CHANNELS_PACKED        LEN:26 | EE 18 16 E0 C3 5E 2B B2 D7 8A 56 B4 02 7C E0 03 1F F8 C0 07 3E F0 81 0F 7C E4
[21:15:10.733] ADDR:0xEA TYPE:ELRS_STATUS               LEN:15 | EA 0D 3A EA EE 10 00 03 0D 40 00 00 00 96 A9
[21:15:10.763] ADDR:0xEE TYPE:RC_CHANNELS_PACKED        LEN:26 | EE 18 16 E0 C3 5E 2B B2 D7 8A 56 B4 02 7C E0 03 1F F8 C0 07 3E F0 81 0F 7C E4
[21:15:10.773] ADDR:0xEE TYPE:RC_CHANNELS_PACKED        LEN:26 | EE 18 16 E0 C3 5E 2B B2 D7 8A 56 B4 02 7C E0 03 1F F8 C0 07 3E F0 81 0F 7C E4
[21:15:10.794] ADDR:0xEE TYPE:RC_CHANNELS_PACKED        LEN:26 | EE 18 16 E0 C3 5E 2B B2 D7 8A 56 B4 02 7C E0 03 1F F8 C0 07 3E F0 81 0F 7C E4
[21:15:10.804] ADDR:0xEE TYPE:RC_CHANNELS_PACKED        LEN:26 | EE 18 16 E0 C3 5E 2B B2 D7 8A 56 B4 02 7C E0 03 1F F8 C0 07 3E F0 81 0F 7C E4
[21:15:10.844] ADDR:0xEE TYPE:RC_CHANNELS_PACKED        LEN:26 | EE 18 16 E0 C3 5E 2B B0 D7 8A 56 B4 02 7C E0 03 1F F8 C0 07 3E F0 81 0F 7C 98
[21:15:10.854] ADDR:0xEE TYPE:RC_CHANNELS_PACKED        LEN:26 | EE 18 16 E0 C3 5E 2B B2 D7 8A 56 B4 02 7C E0 03 1F F8 C0 07 3E F0 81 0F 7C E4
[21:15:10.875] ADDR:0xEE TYPE:RC_CHANNELS_PACKED        LEN:26 | EE 18 16 E0 C3 5E 2B B2 D7 8A 56 B4 02 7C E0 03 1F F8 C0 07 3E F0 81 0F 7C E4
[21:15:10.885] ADDR:0xEE TYPE:RC_CHANNELS_PACKED        LEN:26 | EE 18 16 E0 BB 5E 2B B2 D7 8A 56 B4 02 7C E0 03 1F F8 C0 07 3E F0 81 0F 7C 44
[21:15:10.925] ADDR:0xEE TYPE:RC_CHANNELS_PACKED        LEN:26 | EE 18 16 E0 C3 5E 2B B2 D7 8A 56 B4 02 7C E0 03 1F F8 C0 07 3E F0 81 0F 7C E4
[21:15:10.935] ADDR:0xEE TYPE:RC_CHANNELS_PACKED        LEN:26 | EE 18 16 E0 C3 5E 2B AE D7 8A 56 B4 02 7C E0 03 1F F8 C0 07 3E F0 81 0F 7C 73
[21:15:10.936] ADDR:0xEA TYPE:ELRS_STATUS               LEN:15 | EA 0D 3A EA EE 10 00 03 0D 40 00 00 01 18 E5
[21:15:10.956] ADDR:0xEE TYPE:RC_CHANNELS_PACKED        LEN:26 | EE 18 16 E0 C3 5E 2B B2 D7 8A 56 B4 02 7C E0 03 1F F8 C0 07 3E F0 81 0F 7C E4
[21:15:10.966] ADDR:0xEE TYPE:RC_CHANNELS_PACKED        LEN:26 | EE 18 16 E0 C3 5E 2B B2 D7 8A 56 B4 02 7C E0 03 1F F8 C0 07 3E F0 81 0F 7C E4
[21:15:10.997] ADDR:0xEE TYPE:RC_CHANNELS_PACKED        LEN:26 | EE 18 16 E0 C3 5E 2B AE D7 8A 56 B4 02 7C E0 03 1F F8 C0 07 3E F0 81 0F 7C 73
[21:15:11.017] ADDR:0xEE TYPE:RC_CHANNELS_PACKED        LEN:26 | EE 18 16 E0 C3 5E 2B B0 D7 8A 56 B4 02 7C E0 03 1F F8 C0 07 3E F0 81 0F 7C 98
[21:15:11.037] ADDR:0xEE TYPE:RC_CHANNELS_PACKED        LEN:26 | EE 18 16 E0 C3 5E 2B B2 D7 8A 56 B4 02 7C E0 03 1F F8 C0 07 3E F0 81 0F 7C E4
[21:15:11.047] ADDR:0xEE TYPE:RC_CHANNELS_PACKED        LEN:26 | EE 18 16 E0 C3 5E 2B B2 D7 8A 56 B4 02 7C E0 03 1F F8 C0 07 3E F0 81 0F 7C E4
[21:15:11.077] ADDR:0xEE TYPE:RC_CHANNELS_PACKED        LEN:26 | EE 18 16 E0 C3 5E 2B B4 D7 8A 56 B4 02 7C E0 03 1F F8 C0 07 3E F0 81 0F 7C 60
[21:15:11.098] ADDR:0xEE TYPE:RC_CHANNELS_PACKED        LEN:26 | EE 18 16 E0 C3 5E 2B B2 D7 8A 56 B4 02 7C E0 03 1F F8 C0 07 3E F0 81 0F 7C E4
[21:15:11.108] ADDR:0xEE TYPE:RC_CHANNELS_PACKED        LEN:26 | EE 18 16 E0 C3 5E 2B B2 D7 8A 56 B4 02 7C E0 03 1F F8 C0 07 3E F0 81 0F 7C E4
[21:15:11.128] ADDR:0xEE TYPE:RC_CHANNELS_PACKED        LEN:26 | EE 18 16 E0 C3 5E 2B B2 D7 8A 56 B4 02 7C E0 03 1F F8 C0 07 3E F0 81 0F 7C E4
[21:15:11.128] ADDR:0xEA TYPE:ELRS_STATUS               LEN:15 | EA 0D 3A EA EE 10 00 03 0D 40 FF FF FF E2 E4
[21:15:11.159] ADDR:0xEE TYPE:RC_CHANNELS_PACKED        LEN:26 | EE 18 16 E0 C3 5E 2B B2 D7 8A 56 B4 02 7C E0 03 1F F8 C0 07 3E F0 81 0F 7C E4
[21:15:11.179] ADDR:0xEE TYPE:RC_CHANNELS_PACKED        LEN:26 | EE 18 16 E0 C3 5E 2B B2 D7 8A 56 B4 02 7C E0 03 1F F8 C0 07 3E F0 81 0F 7C E4
[21:15:11.189] ADDR:0xEE TYPE:RC_CHANNELS_PACKED        LEN:26 | EE 18 16 E0 C3 5E 2B B2 D7 8A 56 B4 02 7C E0 03 1F F8 C0 07 3E F0 81 0F 7C E4
[21:15:11.209] ADDR:0xEE TYPE:RC_CHANNELS_PACKED        LEN:26 | EE 18 16 E0 C3 5E 2B B2 D7 8A 56 B4 02 7C E0 03 1F F8 C0 07 3E F0 81 0F 7C E4
[21:15:11.239] ADDR:0xEE TYPE:RC_CHANNELS_PACKED        LEN:26 | EE 18 16 E0 C3 5E 2B B0 D7 8A 56 B4 02 7C E0 03 1F F8 C0 07 3E F0 81 0F 7C 98
[21:15:11.260] ADDR:0xEE TYPE:RC_CHANNELS_PACKED        LEN:26 | EE 18 16 E0 C3 5E 2B B0 D7 8A 56 B4 02 7C E0 03 1F F8 C0 07 3E F0 81 0F 7C 98
[21:15:11.270] ADDR:0xEE TYPE:RC_CHANNELS_PACKED        LEN:26 | EE 18 16 E0 C3 5E 2B B2 D7 8A 56 B4 02 7C E0 03 1F F8 C0 07 3E F0 81 0F 7C E4
[21:15:11.290] ADDR:0xEE TYPE:RC_CHANNELS_PACKED        LEN:26 | EE 18 16 E0 C3 5E 2B B2 D7 8A 56 B4 02 7C E0 03 1F F8 C0 07 3E F0 81 0F 7C E4
[21:15:11.321] ADDR:0xEE TYPE:RC_CHANNELS_PACKED        LEN:26 | EE 18 16 E0 C3 5E 2B B2 D7 8A 56 B4 02 7C E0 03 1F F8 C0 07 3E F0 81 0F 7C E4
[21:15:11.341] ADDR:0xEE TYPE:RC_CHANNELS_PACKED        LEN:26 | EE 18 16 E0 C3 5E 2B B2 D7 8A 56 B4 02 7C E0 03 1F F8 C0 07 3E F0 81 0F 7C E4
[21:15:11.341] ADDR:0xEA TYPE:ELRS_STATUS               LEN:15 | EA 0D 3A EA EE 10 00 03 0D 40 00 00 01 CC 3B
[21:15:11.351] ADDR:0xEE TYPE:RC_CHANNELS_PACKED        LEN:26 | EE 18 16 E0 C3 5E 2B B2 D7 8A 56 B4 02 7C E0 03 1F F8 C0 07 3E F0 81 0F 7C E4
[21:15:11.371] ADDR:0xEE TYPE:RC_CHANNELS_PACKED        LEN:26 | EE 18 16 E0 BB 5E 2B B2 D7 8A 56 B4 02 7C E0 03 1F F8 C0 07 3E F0 81 0F 7C 44
[21:15:11.402] ADDR:0xEE TYPE:RC_CHANNELS_PACKED        LEN:26 | EE 18 16 E0 C3 5E 2B AE D7 8A 56 B4 02 7C E0 03 1F F8 C0 07 3E F0 81 0F 7C 73
[21:15:11.412] ADDR:0xEE TYPE:RC_CHANNELS_PACKED        LEN:26 | EE 18 16 E0 C3 5E 2B B2 D7 8A 56 B4 02 7C E0 03 1F F8 C0 07 3E F0 81 0F 7C E4
[21:15:11.432] ADDR:0xEE TYPE:RC_CHANNELS_PACKED        LEN:26 | EE 18 16 E0 C3 5E 2B B2 D7 8A 56 B4 02 7C E0 03 1F F8 C0 07 3E F0 81 0F 7C E4
[21:15:11.452] ADDR:0xEE TYPE:RC_CHANNELS_PACKED        LEN:26 | EE 18 16 E0 BB 5E 2B B2 D7 8A 56 B4 02 7C E0 03 1F F8 C0 07 3E F0 81 0F 7C 44
[21:15:11.483] ADDR:0xEE TYPE:RC_CHANNELS_PACKED        LEN:26 | EE 18 16 E0 C3 5E 2B B0 D7 8A 56 B4 02 7C E0 03 1F F8 C0 07 3E F0 81 0F 7C 98
[21:15:11.493] ADDR:0xEE TYPE:RC_CHANNELS_PACKED        LEN:26 | EE 18 16 E0 C3 5E 2B B0 D7 8A 56 B4 02 7C E0 03 1F F8 C0 07 3E F0 81 0F 7C 98
[21:15:11.513] ADDR:0xEE TYPE:RC_CHANNELS_PACKED        LEN:26 | EE 18 16 E0 C3 5E 2B B2 D7 8A 56 B4 02 7C E0 03 1F F8 C0 07 3E F0 81 0F 7C E4
[21:15:11.524] ADDR:0xEE TYPE:RC_CHANNELS_PACKED        LEN:26 | EE 18 16 E0 C3 5E 2B B2 D7 8A 56 B4 02 7C E0 03 1F F8 C0 07 3E F0 81 0F 7C E4
[21:15:11.524] ADDR:0xEA TYPE:ELRS_STATUS               LEN:15 | EA 0D 3A EA EE 10 00 03 0D 40 00 00 00 3C B4
[21:15:11.564] ADDR:0xEE TYPE:RC_CHANNELS_PACKED        LEN:26 | EE 18 16 E0 C3 5E 2B B2 D7 8A 56 B4 02 7C E0 03 1F F8 C0 07 3E F0 81 0F 7C E4
[21:15:11.574] ADDR:0xEE TYPE:RC_CHANNELS_PACKED        LEN:26 | EE 18 16 E0 C3 5E 2B B2 D7 8A 56 B4 02 7C E0 03 1F F8 C0 07 3E F0 81 0F 7C E4
[21:15:11.594] ADDR:0xEE TYPE:RC_CHANNELS_PACKED        LEN:26 | EE 18 16 E0 C3 5E 2B B2 D7 8A 56 B4 02 7C E0 03 1F F8 C0 07 3E F0 81 0F 7C E4
[21:15:11.605] ADDR:0xEE TYPE:RC_CHANNELS_PACKED        LEN:26 | EE 18 16 E0 C3 5E 2B B0 D7 8A 56 B4 02 7C E0 03 1F F8 C0 07 3E F0 81 0F 7C 98
[21:15:11.645] ADDR:0xEE TYPE:RC_CHANNELS_PACKED        LEN:26 | EE 18 16 E0 C3 5E 2B B2 D7 8A 56 B4 02 7C E0 03 1F F8 C0 07 3E F0 81 0F 7C E4
[21:15:11.655] ADDR:0xEE TYPE:RC_CHANNELS_PACKED        LEN:26 | EE 18 16 E0 C3 5E 2B B2 D7 8A 56 B4 02 7C E0 03 1F F8 C0 07 3E F0 81 0F 7C E4
[21:15:11.676] ADDR:0xEE TYPE:RC_CHANNELS_PACKED        LEN:26 | EE 18 16 E0 BB 5E 2B B2 D7 8A 56 B4 02 7C E0 03 1F F8 C0 07 3E F0 81 0F 7C 44
[21:15:11.686] ADDR:0xEE TYPE:RC_CHANNELS_PACKED        LEN:26 | EE 18 16 E0 C3 5E 2B B2 D7 8A 56 B4 02 7C E0 03 1F F8 C0 07 3E F0 81 0F 7C E4
[21:15:11.716] ADDR:0xEE TYPE:RC_CHANNELS_PACKED        LEN:26 | EE 18 16 E0 C3 5E 2B B2 D7 8A 56 B4 02 7C E0 03 1F F8 C0 07 3E F0 81 0F 7C E4
[21:15:11.736] ADDR:0xEE TYPE:RC_CHANNELS_PACKED        LEN:26 | EE 18 16 E0 BB 5E 2B B2 D7 8A 56 B4 02 7C E0 03 1F F8 C0 07 3E F0 81 0F 7C 44
[21:15:11.736] ADDR:0xEA TYPE:ELRS_STATUS               LEN:15 | EA 0D 3A EA EE 10 00 03 0D 40 00 00 00 46 89
[21:15:11.757] ADDR:0xEE TYPE:RC_CHANNELS_PACKED        LEN:26 | EE 18 16 E0 C3 5E 2B B0 D7 8A 56 B4 02 7C E0 03 1F F8 C0 07 3E F0 81 0F 7C 98
[21:15:11.767] ADDR:0xEE TYPE:RC_CHANNELS_PACKED        LEN:26 | EE 18 16 E0 C3 5E 2B B2 D7 8A 56 B4 02 7C E0 03 1F F8 C0 07 3E F0 81 0F 7C E4
[21:15:11.797] ADDR:0xEE TYPE:RC_CHANNELS_PACKED        LEN:26 | EE 18 16 DF C3 5E 2B AE D7 8A 56 B4 02 7C E0 03 1F F8 C0 07 3E F0 81 0F 7C F1
[21:15:11.817] ADDR:0xEE TYPE:RC_CHANNELS_PACKED        LEN:26 | EE 18 16 E0 C3 5E 2B AE D7 8A 56 B4 02 7C E0 03 1F F8 C0 07 3E F0 81 0F 7C 73
[21:15:11.828] ADDR:0xEE TYPE:RC_CHANNELS_PACKED        LEN:26 | EE 18 16 E0 C3 5E 2B B2 D7 8A 56 B4 02 7C E0 03 1F F8 C0 07 3E F0 81 0F 7C E4
[21:15:11.848] ADDR:0xEE TYPE:RC_CHANNELS_PACKED        LEN:26 | EE 18 16 E0 C3 5E 2B B2 D7 8A 56 B4 02 7C E0 03 1F F8 C0 07 3E F0 81 0F 7C E4
[21:15:11.878] ADDR:0xEE TYPE:RC_CHANNELS_PACKED        LEN:26 | EE 18 16 E0 C3 5E 2B B2 D7 8A 56 B4 02 7C E0 03 1F F8 C0 07 3E F0 81 0F 7C E4
[21:15:11.898] ADDR:0xEE TYPE:RC_CHANNELS_PACKED        LEN:26 | EE 18 16 E0 C3 5E 2B B2 D7 8A 56 B4 02 7C E0 03 1F F8 C0 07 3E F0 81 0F 7C E4
[21:15:11.908] ADDR:0xEE TYPE:RC_CHANNELS_PACKED        LEN:26 | EE 18 16 E0 C3 5E 2B B2 D7 8A 56 B4 02 7C E0 03 1F F8 C0 07 3E F0 81 0F 7C E4
[21:15:11.929] ADDR:0xEE TYPE:RC_CHANNELS_PACKED        LEN:26 | EE 18 16 E0 C3 5E 2B B2 D7 8A 56 B4 02 7C E0 03 1F F8 C0 07 3E F0 81 0F 7C E4
[21:15:11.959] ADDR:0xEE TYPE:RC_CHANNELS_PACKED        LEN:26 | EE 18 16 E0 C3 5E 2B B2 D7 8A 56 B4 02 7C E0 03 1F F8 C0 07 3E F0 81 0F 7C E4
[21:15:11.959] ADDR:0xEA TYPE:ELRS_STATUS               LEN:15 | EA 0D 3A EA EE 10 00 03 0D 40 00 00 00 6E 04
[21:15:11.979] ADDR:0xEE TYPE:RC_CHANNELS_PACKED        LEN:26 | EE 18 16 E0 C3 5E 2B B0 D7 8A 56 B4 02 7C E0 03 1F F8 C0 07 3E F0 81 0F 7C 98
[21:15:11.990] ADDR:0xEE TYPE:RC_CHANNELS_PACKED        LEN:26 | EE 18 16 E0 C3 5E 2B B2 D7 8A 56 B4 02 7C E0 03 1F F8 C0 07 3E F0 81 0F 7C E4
[21:15:12.010] ADDR:0xEE TYPE:RC_CHANNELS_PACKED        LEN:26 | EE 18 16 E0 C3 5E 2B B2 D7 8A 56 B4 02 7C E0 03 1F F8 C0 07 3E F0 81 0F 7C E4
[21:15:12.040] ADDR:0xEE TYPE:RC_CHANNELS_PACKED        LEN:26 | EE 18 16 E0 C3 5E 2B B2 D7 8A 56 B4 02 7C E0 03 1F F8 C0 07 3E F0 81 0F 7C E4
[21:15:12.061] ADDR:0xEE TYPE:RC_CHANNELS_PACKED        LEN:26 | EE 18 16 DF C3 5E 2B B2 D7 8A 56 B4 02 7C E0 03 1F F8 C0 07 3E F0 81 0F 7C 66
[21:15:12.071] ADDR:0xEE TYPE:RC_CHANNELS_PACKED        LEN:26 | EE 18 16 E0 C3 5E 2B B2 D7 8A 56 B4 02 7C E0 03 1F F8 C0 07 3E F0 81 0F 7C E4
[21:15:12.091] ADDR:0xEE TYPE:RC_CHANNELS_PACKED        LEN:26 | EE 18 16 E0 C3 5E 2B B0 D7 8A 56 B4 02 7C E0 03 1F F8 C0 07 3E F0 81 0F 7C 98
[21:15:12.121] ADDR:0xEE TYPE:RC_CHANNELS_PACKED        LEN:26 | EE 18 16 DF C3 5E 2B B2 D7 8A 56 B4 02 7C E0 03 1F F8 C0 07 3E F0 81 0F 7C 66
[21:15:12.132] ADDR:0xEE TYPE:RC_CHANNELS_PACKED        LEN:26 | EE 18 16 E0 C3 5E 2B B2 D7 8A 56 B4 02 7C E0 03 1F F8 C0 07 3E F0 81 0F 7C E4
[21:15:12.152] ADDR:0xEE TYPE:RC_CHANNELS_PACKED        LEN:26 | EE 18 16 E0 C3 5E 2B B0 D7 8A 56 B4 02 7C E0 03 1F F8 C0 07 3E F0 81 0F 7C 98
[21:15:12.152] ADDR:0xEA TYPE:ELRS_STATUS               LEN:15 | EA 0D 3A EA EE 10 00 03 0D 40 00 00 01 9A 75
[21:15:12.172] ADDR:0xEE TYPE:RC_CHANNELS_PACKED        LEN:26 | EE 18 16 E0 C3 5E 2B B2 D7 8A 56 B4 02 7C E0 03 1F F8 C0 07 3E F0 81 0F 7C E4
[21:15:12.202] ADDR:0xEE TYPE:RC_CHANNELS_PACKED        LEN:26 | EE 18 16 E0 C3 5E 2B B2 D7 8A 56 B4 02 7C E0 03 1F F8 C0 07 3E F0 81 0F 7C E4
[21:15:12.212] ADDR:0xEE TYPE:RC_CHANNELS_PACKED        LEN:26 | EE 18 16 E0 C3 5E 2B B2 D7 8A 56 B4 02 7C E0 03 1F F8 C0 07 3E F0 81 0F 7C E4
[21:15:12.233] ADDR:0xEE TYPE:RC_CHANNELS_PACKED        LEN:26 | EE 18 16 E0 C3 5E 2B B2 D7 8A 56 B4 02 7C E0 03 1F F8 C0 07 3E F0 81 0F 7C E4
[21:15:12.253] ADDR:0xEE TYPE:RC_CHANNELS_PACKED        LEN:26 | EE 18 16 E0 C3 5E 2B B0 D7 8A 56 B4 02 7C E0 03 1F F8 C0 07 3E F0 81 0F 7C 98
[21:15:12.283] ADDR:0xEE TYPE:RC_CHANNELS_PACKED        LEN:26 | EE 18 16 E0 C3 5E 2B B0 D7 8A 56 B4 02 7C E0 03 1F F8 C0 07 3E F0 81 0F 7C 98
[21:15:12.294] ADDR:0xEE TYPE:RC_CHANNELS_PACKED        LEN:26 | EE 18 16 E0 C3 5E 2B B2 D7 8A 56 B4 02 7C E0 03 1F F8 C0 07 3E F0 81 0F 7C E4
[21:15:12.314] ADDR:0xEE TYPE:RC_CHANNELS_PACKED        LEN:26 | EE 18 16 E0 C3 5E 2B B0 D7 8A 56 B4 02 7C E0 03 1F F8 C0 07 3E F0 81 0F 7C 98
[21:15:12.324] ADDR:0xEE TYPE:RC_CHANNELS_PACKED        LEN:26 | EE 18 16 E0 C3 5E 2B B2 D7 8A 56 B4 02 7C E0 03 1F F8 C0 07 3E F0 81 0F 7C E4
[21:15:12.364] ADDR:0xEE TYPE:RC_CHANNELS_PACKED        LEN:26 | EE 18 16 E0 C3 5E 2B AE D7 8A 56 B4 02 7C E0 03 1F F8 C0 07 3E F0 81 0F 7C 73
[21:15:12.364] ADDR:0xEA TYPE:ELRS_STATUS               LEN:15 | EA 0D 3A EA EE 10 00 03 0D 40 00 00 00 1E 6F
[21:15:12.375] ADDR:0xEE TYPE:RC_CHANNELS_PACKED        LEN:26 | EE 18 16 E0 C3 5E 2B AE D7 8A 56 B4 02 7C E0 03 1F F8 C0 07 3E F0 81 0F 7C 73
[21:15:12.395] ADDR:0xEE TYPE:RC_CHANNELS_PACKED        LEN:26 | EE 18 16 E0 C3 5E 2B B2 D7 8A 56 B4 02 7C E0 03 1F F8 C0 07 3E F0 81 0F 7C E4
[21:15:12.405] ADDR:0xEE TYPE:RC_CHANNELS_PACKED        LEN:26 | EE 18 16 E0 C3 5E 2B B2 D7 8A 56 B4 02 7C E0 03 1F F8 C0 07 3E F0 81 0F 7C E4
[21:15:12.435] ADDR:0xEE TYPE:RC_CHANNELS_PACKED        LEN:26 | EE 18 16 E0 C3 5E 2B B2 D7 8A 56 B4 02 7C E0 03 1F F8 C0 07 3E F0 81 0F 7C E4
[21:15:12.455] ADDR:0xEE TYPE:RC_CHANNELS_PACKED        LEN:26 | EE 18 16 E0 C3 5E 2B AE D7 8A 56 B4 02 7C E0 03 1F F8 C0 07 3E F0 81 0F 7C 73
[21:15:12.476] ADDR:0xEE TYPE:RC_CHANNELS_PACKED        LEN:26 | EE 18 16 E0 C3 5E 2B B4 D7 8A 56 B4 02 7C E0 03 1F F8 C0 07 3E F0 81 0F 7C 60
[21:15:12.486] ADDR:0xEE TYPE:RC_CHANNELS_PACKED        LEN:26 | EE 18 16 E0 C3 5E 2B B2 D7 8A 56 B4 02 7C E0 03 1F F8 C0 07 3E F0 81 0F 7C E4
[21:15:12.516] ADDR:0xEE TYPE:RC_CHANNELS_PACKED        LEN:26 | EE 18 16 E0 C3 5E 2B B0 D7 8A 56 B4 02 7C E0 03 1F F8 C0 07 3E F0 81 0F 7C 98
[21:15:12.537] ADDR:0xEE TYPE:RC_CHANNELS_PACKED        LEN:26 | EE 18 16 E0 C3 5E 2B B2 D7 8A 56 B4 02 7C E0 03 1F F8 C0 07 3E F0 81 0F 7C E4
[21:15:12.557] ADDR:0xEE TYPE:RC_CHANNELS_PACKED        LEN:26 | EE 18 16 E0 C3 5E 2B B0 D7 8A 56 B4 02 7C E0 03 1F F8 C0 07 3E F0 81 0F 7C 98
[21:15:12.557] ADDR:0xEA TYPE:ELRS_STATUS               LEN:15 | EA 0D 3A EA EE 10 00 03 0D 40 00 00 00 1E 6F
[21:15:12.567] ADDR:0xEE TYPE:RC_CHANNELS_PACKED        LEN:26 | EE 18 16 E0 C3 5E 2B B2 D7 8A 56 B4 02 7C E0 03 1F F8 C0 07 3E F0 81 0F 7C E4
[21:15:12.599] ADDR:0xEE TYPE:RC_CHANNELS_PACKED        LEN:26 | EE 18 16 E0 BB 5E 2B B2 D7 8A 56 B4 02 7C E0 03 1F F8 C0 07 3E F0 81 0F 7C 44
[21:15:12.619] ADDR:0xEE TYPE:RC_CHANNELS_PACKED        LEN:26 | EE 18 16 E0 C3 5E 2B B2 D7 8A 56 B4 02 7C E0 03 1F F8 C0 07 3E F0 81 0F 7C E4
[21:15:12.629] ADDR:0xEE TYPE:RC_CHANNELS_PACKED        LEN:26 | EE 18 16 E0 C3 5E 2B B2 D7 8A 56 B4 02 7C E0 03 1F F8 C0 07 3E F0 81 0F 7C E4
[21:15:12.650] ADDR:0xEE TYPE:RC_CHANNELS_PACKED        LEN:26 | EE 18 16 E0 C3 5E 2B B2 D7 8A 56 B4 02 7C E0 03 1F F8 C0 07 3E F0 81 0F 7C E4
[21:15:12.680] ADDR:0xEE TYPE:RC_CHANNELS_PACKED        LEN:26 | EE 18 16 E0 C3 5E 2B B2 D7 8A 56 B4 02 7C E0 03 1F F8 C0 07 3E F0 81 0F 7C E4
[21:15:12.700] ADDR:0xEE TYPE:RC_CHANNELS_PACKED        LEN:26 | EE 18 16 E0 BB 5E 2B B2 D7 8A 56 B4 02 7C E0 03 1F F8 C0 07 3E F0 81 0F 7C 44
[21:15:12.710] ADDR:0xEE TYPE:RC_CHANNELS_PACKED        LEN:26 | EE 18 16 E0 C3 5E 2B B0 D7 8A 56 B4 02 7C E0 03 1F F8 C0 07 3E F0 81 0F 7C 98
[21:15:12.731] ADDR:0xEE TYPE:RC_CHANNELS_PACKED        LEN:26 | EE 18 16 E0 BB 5E 2B B2 D7 8A 56 B4 02 7C E0 03 1F F8 C0 07 3E F0 81 0F 7C 44
[21:15:12.761] ADDR:0xEE TYPE:RC_CHANNELS_PACKED        LEN:26 | EE 18 16 E0 C3 5E 2B B2 D7 8A 56 B4 02 7C E0 03 1F F8 C0 07 3E F0 81 0F 7C E4
[21:15:12.761] ADDR:0xEA TYPE:ELRS_STATUS               LEN:15 | EA 0D 3A EA EE 10 00 03 0D 40 00 00 00 46 89
[21:15:12.781] ADDR:0xEE TYPE:RC_CHANNELS_PACKED        LEN:26 | EE 18 16 E0 C3 5E 2B B2 D7 8A 56 B4 02 7C E0 03 1F F8 C0 07 3E F0 81 0F 7C E4
[21:15:12.792] ADDR:0xEE TYPE:RC_CHANNELS_PACKED        LEN:26 | EE 18 16 E0 C3 5E 2B B2 D7 8A 56 B4 02 7C E0 03 1F F8 C0 07 3E F0 81 0F 7C E4
[21:15:12.812] ADDR:0xEE TYPE:RC_CHANNELS_PACKED        LEN:26 | EE 18 16 E0 C3 5E 2B B2 D7 8A 56 B4 02 7C E0 03 1F F8 C0 07 3E F0 81 0F 7C E4
[21:15:12.842] ADDR:0xEE TYPE:RC_CHANNELS_PACKED        LEN:26 | EE 18 16 E0 C3 5E 2B B2 D7 8A 56 B4 02 7C E0 03 1F F8 C0 07 3E F0 81 0F 7C E4
[21:15:12.852] ADDR:0xEE TYPE:RC_CHANNELS_PACKED        LEN:26 | EE 18 16 E0 C3 5E 2B B2 D7 8A 56 B4 02 7C E0 03 1F F8 C0 07 3E F0 81 0F 7C E4
[21:15:12.873] ADDR:0xEE TYPE:RC_CHANNELS_PACKED        LEN:26 | EE 18 16 E0 C3 5E 2B AE D7 8A 56 B4 02 7C E0 03 1F F8 C0 07 3E F0 81 0F 7C 73
[21:15:12.893] ADDR:0xEE TYPE:RC_CHANNELS_PACKED        LEN:26 | EE 18 16 E0 C3 5E 2B B2 D7 8A 56 B4 02 7C E0 03 1F F8 C0 07 3E F0 81 0F 7C E4
[21:15:12.923] ADDR:0xEE TYPE:RC_CHANNELS_PACKED        LEN:26 | EE 18 16 E0 C3 5E 2B B2 D7 8A 56 B4 02 7C E0 03 1F F8 C0 07 3E F0 81 0F 7C E4
[21:15:12.933] ADDR:0xEE TYPE:RC_CHANNELS_PACKED        LEN:26 | EE 18 16 E0 C3 5E 2B B0 D7 8A 56 B4 02 7C E0 03 1F F8 C0 07 3E F0 81 0F 7C 98
[21:15:12.954] ADDR:0xEE TYPE:RC_CHANNELS_PACKED        LEN:26 | EE 18 16 E0 C3 5E 2B B2 D7 8A 56 B4 02 7C E0 03 1F F8 C0 07 3E F0 81 0F 7C E4
[21:15:12.954] ADDR:0xEA TYPE:ELRS_STATUS               LEN:15 | EA 0D 3A EA EE 10 00 03 0D 40 00 00 01 A4 2B
[21:15:12.964] ADDR:0xEE TYPE:RC_CHANNELS_PACKED        LEN:26 | EE 18 16 E0 C3 5E 2B B2 D7 8A 56 B4 02 7C E0 03 1F F8 C0 07 3E F0 81 0F 7C E4
[21:15:13.004] ADDR:0xEE TYPE:RC_CHANNELS_PACKED        LEN:26 | EE 18 16 E0 C3 5E 2B B2 D7 8A 56 B4 02 7C E0 03 1F F8 C0 07 3E F0 81 0F 7C E4
[21:15:13.014] ADDR:0xEE TYPE:RC_CHANNELS_PACKED        LEN:26 | EE 18 16 E0 C3 5E 2B AE D7 8A 56 B4 02 7C E0 03 1F F8 C0 07 3E F0 81 0F 7C 73
[21:15:13.035] ADDR:0xEE TYPE:RC_CHANNELS_PACKED        LEN:26 | EE 18 16 E0 BB 5E 2B B4 D7 8A 56 B4 02 7C E0 03 1F F8 C0 07 3E F0 81 0F 7C C0
[21:15:13.045] ADDR:0xEE TYPE:RC_CHANNELS_PACKED        LEN:26 | EE 18 16 E0 BB 5E 2B B2 D7 8A 56 B4 02 7C E0 03 1F F8 C0 07 3E F0 81 0F 7C 44
[21:15:13.085] ADDR:0xEE TYPE:RC_CHANNELS_PACKED        LEN:26 | EE 18 16 E0 C3 5E 2B B2 D7 8A 56 B4 02 7C E0 03 1F F8 C0 07 3E F0 81 0F 7C E4
[21:15:13.095] ADDR:0xEE TYPE:RC_CHANNELS_PACKED        LEN:26 | EE 18 16 E0 BB 5E 2B B2 D7 8A 56 B4 02 7C E0 03 1F F8 C0 07 3E F0 81 0F 7C 44
[21:15:13.116] ADDR:0xEE TYPE:RC_CHANNELS_PACKED        LEN:26 | EE 18 16 E0 C3 5E 2B B0 D7 8A 56 B4 02 7C E0 03 1F F8 C0 07 3E F0 81 0F 7C 98
[21:15:13.126] ADDR:0xEE TYPE:RC_CHANNELS_PACKED        LEN:26 | EE 18 16 E0 C3 5E 2B B2 D7 8A 56 B4 02 7C E0 03 1F F8 C0 07 3E F0 81 0F 7C E4
[21:15:13.157] ADDR:0xEE TYPE:RC_CHANNELS_PACKED        LEN:26 | EE 18 16 E0 C3 5E 2B B2 D7 8A 56 B4 02 7C E0 03 1F F8 C0 07 3E F0 81 0F 7C E4
[21:15:13.157] ADDR:0xEA TYPE:ELRS_STATUS               LEN:15 | EA 0D 3A EA EE 10 00 03 0D 40 00 00 00 1E 6F
[21:15:13.177] ADDR:0xEE TYPE:RC_CHANNELS_PACKED        LEN:26 | EE 18 16 E0 C3 5E 2B B2 D7 8A 56 B4 02 7C E0 03 1F F8 C0 07 3E F0 81 0F 7C E4
[21:15:13.187] ADDR:0xEE TYPE:RC_CHANNELS_PACKED        LEN:26 | EE 18 16 E0 C3 5E 2B B2 D7 8A 56 B4 02 7C E0 03 1F F8 C0 07 3E F0 81 0F 7C E4
[21:15:13.208] ADDR:0xEE TYPE:RC_CHANNELS_PACKED        LEN:26 | EE 18 16 E0 C3 5E 2B B2 D7 8A 56 B4 02 7C E0 03 1F F8 C0 07 3E F0 81 0F 7C E4
[21:15:13.238] ADDR:0xEE TYPE:RC_CHANNELS_PACKED        LEN:26 | EE 18 16 E0 C3 5E 2B B0 D7 8A 56 B4 02 7C E0 03 1F F8 C0 07 3E F0 81 0F 7C 98
[21:15:13.258] ADDR:0xEE TYPE:RC_CHANNELS_PACKED        LEN:26 | EE 18 16 E0 C3 5E 2B B2 D7 8A 56 B4 02 7C E0 03 1F F8 C0 07 3E F0 81 0F 7C E4
[21:15:13.268] ADDR:0xEE TYPE:RC_CHANNELS_PACKED        LEN:26 | EE 18 16 E0 C3 5E 2B B2 D7 8A 56 B4 02 7C E0 03 1F F8 C0 07 3E F0 81 0F 7C E4
[21:15:13.289] ADDR:0xEE TYPE:RC_CHANNELS_PACKED        LEN:26 | EE 18 16 E0 C3 5E 2B B2 D7 8A 56 B4 02 7C E0 03 1F F8 C0 07 3E F0 81 0F 7C E4
[21:15:13.319] ADDR:0xEE TYPE:RC_CHANNELS_PACKED        LEN:26 | EE 18 16 E0 C3 5E 2B B4 D7 8A 56 B4 02 7C E0 03 1F F8 C0 07 3E F0 81 0F 7C 60
[21:15:13.339] ADDR:0xEE TYPE:RC_CHANNELS_PACKED        LEN:26 | EE 18 16 E0 C3 5E 2B AE D7 8A 56 B4 02 7C E0 03 1F F8 C0 07 3E F0 81 0F 7C 73
[21:15:13.349] ADDR:0xEE TYPE:RC_CHANNELS_PACKED        LEN:26 | EE 18 16 E0 C3 5E 2B B2 D7 8A 56 B4 02 7C E0 03 1F F8 C0 07 3E F0 81 0F 7C E4
[21:15:13.349] ADDR:0xEA TYPE:ELRS_STATUS               LEN:15 | EA 0D 3A EA EE 10 00 03 0D 40 FF FF FF F6 48
[21:15:13.370] ADDR:0xEE TYPE:RC_CHANNELS_PACKED        LEN:26 | EE 18 16 E0 C3 5E 2B B2 D7 8A 56 B4 02 7C E0 03 1F F8 C0 07 3E F0 81 0F 7C E4
[21:15:13.400] ADDR:0xEE TYPE:RC_CHANNELS_PACKED        LEN:26 | EE 18 16 E0 C3 5E 2B B2 D7 8A 56 B4 02 7C E0 03 1F F8 C0 07 3E F0 81 0F 7C E4
[21:15:13.420] ADDR:0xEE TYPE:RC_CHANNELS_PACKED        LEN:26 | EE 18 16 DF C3 5E 2B B2 D7 8A 56 B4 02 7C E0 03 1F F8 C0 07 3E F0 81 0F 7C 66
[21:15:13.430] ADDR:0xEE TYPE:RC_CHANNELS_PACKED        LEN:26 | EE 18 16 E0 C3 5E 2B AE D7 8A 56 B4 02 7C E0 03 1F F8 C0 07 3E F0 81 0F 7C 73
[21:15:13.451] ADDR:0xEE TYPE:RC_CHANNELS_PACKED        LEN:26 | EE 18 16 E0 C3 5E 2B B2 D7 8A 56 B4 02 7C E0 03 1F F8 C0 07 3E F0 81 0F 7C E4
[21:15:13.481] ADDR:0xEE TYPE:RC_CHANNELS_PACKED        LEN:26 | EE 18 16 E0 C3 5E 2B AA D7 8A 56 B4 02 7C E0 03 1F F8 C0 07 3E F0 81 0F 7C 8B
[21:15:13.501] ADDR:0xEE TYPE:RC_CHANNELS_PACKED        LEN:26 | EE 18 16 E0 C3 5E 2B B2 D7 8A 56 B4 02 7C E0 03 1F F8 C0 07 3E F0 81 0F 7C E4
[21:15:13.512] ADDR:0xEE TYPE:RC_CHANNELS_PACKED        LEN:26 | EE 18 16 E0 BB 5E 2B B0 D7 8A 56 B4 02 7C E0 03 1F F8 C0 07 3E F0 81 0F 7C 38
[21:15:13.532] ADDR:0xEE TYPE:RC_CHANNELS_PACKED        LEN:26 | EE 18 16 E0 C3 5E 2B B2 D7 8A 56 B4 02 7C E0 03 1F F8 C0 07 3E F0 81 0F 7C E4
[21:15:13.562] ADDR:0xEE TYPE:RC_CHANNELS_PACKED        LEN:26 | EE 18 16 E0 C3 5E 2B B2 D7 8A 56 B4 02 7C E0 03 1F F8 C0 07 3E F0 81 0F 7C E4
[21:15:13.562] ADDR:0xEA TYPE:ELRS_STATUS               LEN:15 | EA 0D 3A EA EE 10 00 03 0D 40 00 00 00 DC 62
[21:15:13.573] ADDR:0xEE TYPE:RC_CHANNELS_PACKED        LEN:26 | EE 18 16 E0 C3 5E 2B B2 D7 8A 56 B4 02 7C E0 03 1F F8 C0 07 3E F0 81 0F 7C E4
[21:15:13.593] ADDR:0xEE TYPE:RC_CHANNELS_PACKED        LEN:26 | EE 18 16 E0 C3 5E 2B B2 D7 8A 56 B4 02 7C E0 03 1F F8 C0 07 3E F0 81 0F 7C E4
[21:15:13.613] ADDR:0xEE TYPE:RC_CHANNELS_PACKED        LEN:26 | EE 18 16 E0 C3 5E 2B AE D7 8A 56 B4 02 7C E0 03 1F F8 C0 07 3E F0 81 0F 7C 73
[21:15:13.644] ADDR:0xEE TYPE:RC_CHANNELS_PACKED        LEN:26 | EE 18 16 E0 BB 5E 2B B2 D7 8A 56 B4 02 7C E0 03 1F F8 C0 07 3E F0 81 0F 7C 44
[21:15:13.654] ADDR:0xEE TYPE:RC_CHANNELS_PACKED        LEN:26 | EE 18 16 E0 C3 5E 2B B2 D7 8A 56 B4 02 7C E0 03 1F F8 C0 07 3E F0 81 0F 7C E4
[21:15:13.674] ADDR:0xEE TYPE:RC_CHANNELS_PACKED        LEN:26 | EE 18 16 E0 C3 5E 2B B2 D7 8A 56 B4 02 7C E0 03 1F F8 C0 07 3E F0 81 0F 7C E4
[21:15:13.684] ADDR:0xEE TYPE:RC_CHANNELS_PACKED        LEN:26 | EE 18 16 E0 C3 5E 2B B2 D7 8A 56 B4 02 7C E0 03 1F F8 C0 07 3E F0 81 0F 7C E4
[21:15:13.725] ADDR:0xEE TYPE:RC_CHANNELS_PACKED        LEN:26 | EE 18 16 E0 C3 5E 2B B2 D7 8A 56 B4 02 7C E0 03 1F F8 C0 07 3E F0 81 0F 7C E4
[21:15:13.735] ADDR:0xEE TYPE:RC_CHANNELS_PACKED        LEN:26 | EE 18 16 E0 C3 5E 2B B2 D7 8A 56 B4 02 7C E0 03 1F F8 C0 07 3E F0 81 0F 7C E4
[21:15:13.755] ADDR:0xEE TYPE:RC_CHANNELS_PACKED        LEN:26 | EE 18 16 E0 C3 5E 2B B2 D7 8A 56 B4 02 7C E0 03 1F F8 C0 07 3E F0 81 0F 7C E4
[21:15:13.755] ADDR:0xEA TYPE:ELRS_STATUS               LEN:15 | EA 0D 3A EA EE 10 00 03 0D 40 00 00 00 DC 62
[21:15:13.765] ADDR:0xEE TYPE:RC_CHANNELS_PACKED        LEN:26 | EE 18 16 E0 BB 5E 2B B2 D7 8A 56 B4 02 7C E0 03 1F F8 C0 07 3E F0 81 0F 7C 44
[21:15:13.796] ADDR:0xEE TYPE:RC_CHANNELS_PACKED        LEN:26 | EE 18 16 E0 C3 5E 2B B2 D7 8A 56 B4 02 7C E0 03 1F F8 C0 07 3E F0 81 0F 7C E4
[21:15:13.816] ADDR:0xEE TYPE:RC_CHANNELS_PACKED        LEN:26 | EE 18 16 E0 C3 5E 2B B2 D7 8A 56 B4 02 7C E0 03 1F F8 C0 07 3E F0 81 0F 7C E4
[21:15:13.836] ADDR:0xEE TYPE:RC_CHANNELS_PACKED        LEN:26 | EE 18 16 E0 BB 5E 2B B2 D7 8A 56 B4 02 7C E0 03 1F F8 C0 07 3E F0 81 0F 7C 44
[21:15:13.846] ADDR:0xEE TYPE:RC_CHANNELS_PACKED        LEN:26 | EE 18 16 E0 C3 5E 2B B2 D7 8A 56 B4 02 7C E0 03 1F F8 C0 07 3E F0 81 0F 7C E4
[21:15:13.877] ADDR:0xEE TYPE:RC_CHANNELS_PACKED        LEN:26 | EE 18 16 E0 C3 5E 2B B2 D7 8A 56 B4 02 7C E0 03 1F F8 C0 07 3E F0 81 0F 7C E4
[21:15:13.897] ADDR:0xEE TYPE:RC_CHANNELS_PACKED        LEN:26 | EE 18 16 E0 C3 5E 2B B0 D7 8A 56 B4 02 7C E0 03 1F F8 C0 07 3E F0 81 0F 7C 98
[21:15:13.907] ADDR:0xEE TYPE:RC_CHANNELS_PACKED        LEN:26 | EE 18 16 E0 C3 5E 2B B2 D7 8A 56 B4 02 7C E0 03 1F F8 C0 07 3E F0 81 0F 7C E4
[21:15:13.928] ADDR:0xEE TYPE:RC_CHANNELS_PACKED        LEN:26 | EE 18 16 E0 C3 5E 2B B0 D7 8A 56 B4 02 7C E0 03 1F F8 C0 07 3E F0 81 0F 7C 98
[21:15:13.958] ADDR:0xEE TYPE:RC_CHANNELS_PACKED        LEN:26 | EE 18 16 E0 C3 5E 2B B2 D7 8A 56 B4 02 7C E0 03 1F F8 C0 07 3E F0 81 0F 7C E4
[21:15:13.958] ADDR:0xEA TYPE:ELRS_STATUS               LEN:15 | EA 0D 3A EA EE 10 00 03 0D 40 00 00 00 96 A9
[21:15:13.978] ADDR:0xEE TYPE:RC_CHANNELS_PACKED        LEN:26 | EE 18 16 E0 BB 5E 2B B2 D7 8A 56 B4 02 7C E0 03 1F F8 C0 07 3E F0 81 0F 7C 44
[21:15:13.989] ADDR:0xEE TYPE:RC_CHANNELS_PACKED        LEN:26 | EE 18 16 E0 C3 5E 2B B2 D7 8A 56 B4 02 7C E0 03 1F F8 C0 07 3E F0 81 0F 7C E4
[21:15:14.009] ADDR:0xEE TYPE:RC_CHANNELS_PACKED        LEN:26 | EE 18 16 E0 C3 5E 2B B2 D7 8A 56 B4 02 7C E0 03 1F F8 C0 07 3E F0 81 0F 7C E4
[21:15:14.039] ADDR:0xEE TYPE:RC_CHANNELS_PACKED        LEN:26 | EE 18 16 E0 C3 5E 2B B2 D7 8A 56 B4 02 7C E0 03 1F F8 C0 07 3E F0 81 0F 7C E4
[21:15:14.059] ADDR:0xEE TYPE:RC_CHANNELS_PACKED        LEN:26 | EE 18 16 E0 C3 5E 2B B4 D7 8A 56 B4 02 7C E0 03 1F F8 C0 07 3E F0 81 0F 7C 60
[21:15:14.070] ADDR:0xEE TYPE:RC_CHANNELS_PACKED        LEN:26 | EE 18 16 E0 C3 5E 2B B2 D7 8A 56 B4 02 7C E0 03 1F F8 C0 07 3E F0 81 0F 7C E4
[21:15:14.090] ADDR:0xEE TYPE:RC_CHANNELS_PACKED        LEN:26 | EE 18 16 E0 C3 5E 2B B2 D7 8A 56 B4 02 7C E0 03 1F F8 C0 07 3E F0 81 0F 7C E4
[21:15:14.120] ADDR:0xEE TYPE:RC_CHANNELS_PACKED        LEN:26 | EE 18 16 E0 C3 5E 2B B2 D7 8A 56 B4 02 7C E0 03 1F F8 C0 07 3E F0 81 0F 7C E4
[21:15:14.140] ADDR:0xEE TYPE:RC_CHANNELS_PACKED        LEN:26 | EE 18 16 E0 C3 5E 2B B2 D7 8A 56 B4 02 7C E0 03 1F F8 C0 07 3E F0 81 0F 7C E4
[21:15:14.151] ADDR:0xEE TYPE:RC_CHANNELS_PACKED        LEN:26 | EE 18 16 E0 BB 5E 2B B2 D7 8A 56 B4 02 7C E0 03 1F F8 C0 07 3E F0 81 0F 7C 44
[21:15:14.151] ADDR:0xEA TYPE:ELRS_STATUS               LEN:15 | EA 0D 3A EA EE 10 00 03 0D 40 00 00 01 68 8E
[21:15:14.171] ADDR:0xEE TYPE:RC_CHANNELS_PACKED        LEN:26 | EE 18 16 E0 BB 5E 2B B2 D7 8A 56 B4 02 7C E0 03 1F F8 C0 07 3E F0 81 0F 7C 44
[21:15:14.201] ADDR:0xEE TYPE:RC_CHANNELS_PACKED        LEN:26 | EE 18 16 E0 C3 5E 2B B0 D7 8A 56 B4 02 7C E0 03 1F F8 C0 07 3E F0 81 0F 7C 98
[21:15:14.212] ADDR:0xEE TYPE:RC_CHANNELS_PACKED        LEN:26 | EE 18 16 E0 C3 5E 2B B2 D7 8A 56 B4 02 7C E0 03 1F F8 C0 07 3E F0 81 0F 7C E4
[21:15:14.232] ADDR:0xEE TYPE:RC_CHANNELS_PACKED        LEN:26 | EE 18 16 E0 C3 5E 2B B2 D7 8A 56 B4 02 7C E0 03 1F F8 C0 07 3E F0 81 0F 7C E4
[21:15:14.252] ADDR:0xEE TYPE:RC_CHANNELS_PACKED        LEN:26 | EE 18 16 E0 C3 5E 2B B2 D7 8A 56 B4 02 7C E0 03 1F F8 C0 07 3E F0 81 0F 7C E4
[21:15:14.283] ADDR:0xEE TYPE:RC_CHANNELS_PACKED        LEN:26 | EE 18 16 E0 C3 5E 2B B2 D7 8A 56 B4 02 7C E0 03 1F F8 C0 07 3E F0 81 0F 7C E4
[21:15:14.293] ADDR:0xEE TYPE:RC_CHANNELS_PACKED        LEN:26 | EE 18 16 E0 C3 5E 2B B2 D7 8A 56 B4 02 7C E0 03 1F F8 C0 07 3E F0 81 0F 7C E4
[21:15:14.313] ADDR:0xEE TYPE:RC_CHANNELS_PACKED        LEN:26 | EE 18 16 E0 BB 5E 2B B2 D7 8A 56 B4 02 7C E0 03 1F F8 C0 07 3E F0 81 0F 7C 44
[21:15:14.333] ADDR:0xEE TYPE:RC_CHANNELS_PACKED        LEN:26 | EE 18 16 E0 BB 5E 2B B2 D7 8A 56 B4 02 7C E0 03 1F F8 C0 07 3E F0 81 0F 7C 44
[21:15:14.364] ADDR:0xEE TYPE:RC_CHANNELS_PACKED        LEN:26 | EE 18 16 E0 BB 5E 2B B2 D7 8A 56 B4 02 7C E0 03 1F F8 C0 07 3E F0 81 0F 7C 44
[21:15:14.364] ADDR:0xEA TYPE:ELRS_STATUS               LEN:15 | EA 0D 3A EA EE 10 00 03 0D 40 FF FF FF 88 8B
[21:15:14.374] ADDR:0xEE TYPE:RC_CHANNELS_PACKED        LEN:26 | EE 18 16 E0 C3 5E 2B B0 D7 8A 56 B4 02 7C E0 03 1F F8 C0 07 3E F0 81 0F 7C 98
[21:15:14.394] ADDR:0xEE TYPE:RC_CHANNELS_PACKED        LEN:26 | EE 18 16 E0 C3 5E 2B AE D7 8A 56 B4 02 7C E0 03 1F F8 C0 07 3E F0 81 0F 7C 73
[21:15:14.404] ADDR:0xEE TYPE:RC_CHANNELS_PACKED        LEN:26 | EE 18 16 E0 C3 5E 2B B2 D7 8A 56 B4 02 7C E0 03 1F F8 C0 07 3E F0 81 0F 7C E4
[21:15:14.445] ADDR:0xEE TYPE:RC_CHANNELS_PACKED        LEN:26 | EE 18 16 E0 C3 5E 2B B0 D7 8A 56 B4 02 7C E0 03 1F F8 C0 07 3E F0 81 0F 7C 98
[21:15:14.455] ADDR:0xEE TYPE:RC_CHANNELS_PACKED        LEN:26 | EE 18 16 E0 C3 5E 2B B2 D7 8A 56 B4 02 7C E0 03 1F F8 C0 07 3E F0 81 0F 7C E4
[21:15:14.475] ADDR:0xEE TYPE:RC_CHANNELS_PACKED        LEN:26 | EE 18 16 E0 C3 5E 2B B2 D7 8A 56 B4 02 7C E0 03 1F F8 C0 07 3E F0 81 0F 7C E4
[21:15:14.485] ADDR:0xEE TYPE:RC_CHANNELS_PACKED        LEN:26 | EE 18 16 E0 C3 5E 2B AA D7 8A 56 B4 02 7C E0 03 1F F8 C0 07 3E F0 81 0F 7C 8B
[21:15:14.516] ADDR:0xEE TYPE:RC_CHANNELS_PACKED        LEN:26 | EE 18 16 E0 C3 5E 2B B2 D7 8A 56 B4 02 7C E0 03 1F F8 C0 07 3E F0 81 0F 7C E4
[21:15:14.536] ADDR:0xEE TYPE:RC_CHANNELS_PACKED        LEN:26 | EE 18 16 E0 C3 5E 2B B2 D7 8A 56 B4 02 7C E0 03 1F F8 C0 07 3E F0 81 0F 7C E4
[21:15:14.556] ADDR:0xEE TYPE:RC_CHANNELS_PACKED        LEN:26 | EE 18 16 E0 C3 5E 2B B2 D7 8A 56 B4 02 7C E0 03 1F F8 C0 07 3E F0 81 0F 7C E4
[21:15:14.556] ADDR:0xEA TYPE:ELRS_STATUS               LEN:15 | EA 0D 3A EA EE 10 00 03 0D 40 00 00 00 FA 47
[21:15:14.567] ADDR:0xEE TYPE:RC_CHANNELS_PACKED        LEN:26 | EE 18 16 E0 AB 5E 2B B2 D7 8A 56 B4 02 7C E0 03 1F F8 C0 07 3E F0 81 0F 7C 15
[21:15:14.597] ADDR:0xEE TYPE:RC_CHANNELS_PACKED        LEN:26 | EE 18 16 E0 C3 5E 2B B2 D7 8A 56 B4 02 7C E0 03 1F F8 C0 07 3E F0 81 0F 7C E4
[21:15:14.617] ADDR:0xEE TYPE:RC_CHANNELS_PACKED        LEN:26 | EE 18 16 E0 C3 5E 2B B0 D7 8A 56 B4 02 7C E0 03 1F F8 C0 07 3E F0 81 0F 7C 98
[21:15:14.627] ADDR:0xEE TYPE:RC_CHANNELS_PACKED        LEN:26 | EE 18 16 E0 BB 5E 2B AE D7 8A 56 B4 02 7C E0 03 1F F8 C0 07 3E F0 81 0F 7C D3
[21:15:14.648] ADDR:0xEE TYPE:RC_CHANNELS_PACKED        LEN:26 | EE 18 16 E0 C3 5E 2B B2 D7 8A 56 B4 02 7C E0 03 1F F8 C0 07 3E F0 81 0F 7C E4
[21:15:14.678] ADDR:0xEE TYPE:RC_CHANNELS_PACKED        LEN:26 | EE 18 16 E0 C3 5E 2B B2 D7 8A 56 B4 02 7C E0 03 1F F8 C0 07 3E F0 81 0F 7C E4
[21:15:14.698] ADDR:0xEE TYPE:RC_CHANNELS_PACKED        LEN:26 | EE 18 16 E0 C3 5E 2B B2 D7 8A 56 B4 02 7C E0 03 1F F8 C0 07 3E F0 81 0F 7C E4
[21:15:14.708] ADDR:0xEE TYPE:RC_CHANNELS_PACKED        LEN:26 | EE 18 16 E0 C3 5E 2B B2 D7 8A 56 B4 02 7C E0 03 1F F8 C0 07 3E F0 81 0F 7C E4
[21:15:14.728] ADDR:0xEE TYPE:RC_CHANNELS_PACKED        LEN:26 | EE 18 16 E0 C3 5E 2B B2 D7 8A 56 B4 02 7C E0 03 1F F8 C0 07 3E F0 81 0F 7C E4
[21:15:14.759] ADDR:0xEE TYPE:RC_CHANNELS_PACKED        LEN:26 | EE 18 16 E0 C3 5E 2B B2 D7 8A 56 B4 02 7C E0 03 1F F8 C0 07 3E F0 81 0F 7C E4
[21:15:14.759] ADDR:0xEA TYPE:ELRS_STATUS               LEN:15 | EA 0D 3A EA EE 10 00 03 0D 40 00 00 01 5E F9
[21:15:14.779] ADDR:0xEE TYPE:RC_CHANNELS_PACKED        LEN:26 | EE 18 16 E0 C3 5E 2B B2 D7 8A 56 B4 02 7C E0 03 1F F8 C0 07 3E F0 81 0F 7C E4
[21:15:14.789] ADDR:0xEE TYPE:RC_CHANNELS_PACKED        LEN:26 | EE 18 16 E0 BB 5E 2B B2 D7 8A 56 B4 02 7C E0 03 1F F8 C0 07 3E F0 81 0F 7C 44
[21:15:14.810] ADDR:0xEE TYPE:RC_CHANNELS_PACKED        LEN:26 | EE 18 16 DF C3 5E 2B B2 D7 8A 56 B4 02 7C E0 03 1F F8 C0 07 3E F0 81 0F 7C 66
[21:15:14.840] ADDR:0xEE TYPE:RC_CHANNELS_PACKED        LEN:26 | EE 18 16 E0 C3 5E 2B B2 D7 8A 56 B4 02 7C E0 03 1F F8 C0 07 3E F0 81 0F 7C E4
[21:15:14.860] ADDR:0xEE TYPE:RC_CHANNELS_PACKED        LEN:26 | EE 18 16 DF C3 5E 2B B2 D7 8A 56 B4 02 7C E0 03 1F F8 C0 07 3E F0 81 0F 7C 66
[21:15:14.870] ADDR:0xEE TYPE:RC_CHANNELS_PACKED        LEN:26 | EE 18 16 E0 C3 5E 2B B4 D7 8A 56 B4 02 7C E0 03 1F F8 C0 07 3E F0 81 0F 7C 60
[21:15:14.891] ADDR:0xEE TYPE:RC_CHANNELS_PACKED        LEN:26 | EE 18 16 E0 C3 5E 2B B2 D7 8A 56 B4 02 7C E0 03 1F F8 C0 07 3E F0 81 0F 7C E4
[21:15:14.921] ADDR:0xEE TYPE:RC_CHANNELS_PACKED        LEN:26 | EE 18 16 E0 C3 5E 2B B0 D7 8A 56 B4 02 7C E0 03 1F F8 C0 07 3E F0 81 0F 7C 98
[21:15:14.941] ADDR:0xEE TYPE:RC_CHANNELS_PACKED        LEN:26 | EE 18 16 E0 C3 5E 2B B2 D7 8A 56 B4 02 7C E0 03 1F F8 C0 07 3E F0 81 0F 7C E4
[21:15:14.952] ADDR:0xEE TYPE:RC_CHANNELS_PACKED        LEN:26 | EE 18 16 E0 C3 5E 2B B0 D7 8A 56 B4 02 7C E0 03 1F F8 C0 07 3E F0 81 0F 7C 98
[21:15:14.952] ADDR:0xEA TYPE:ELRS_STATUS               LEN:15 | EA 0D 3A EA EE 10 00 03 0D 40 00 00 00 50 5A
[21:15:14.972] ADDR:0xEE TYPE:RC_CHANNELS_PACKED        LEN:26 | EE 18 16 E0 C3 5E 2B B0 D7 8A 56 B4 02 7C E0 03 1F F8 C0 07 3E F0 81 0F 7C 98
[21:15:15.002] ADDR:0xEE TYPE:RC_CHANNELS_PACKED        LEN:26 | EE 18 16 E0 C3 5E 2B B0 D7 8A 56 B4 02 7C E0 03 1F F8 C0 07 3E F0 81 0F 7C 98
[21:15:15.012] ADDR:0xEE TYPE:RC_CHANNELS_PACKED        LEN:26 | EE 18 16 E0 C3 5E 2B AE D7 8A 56 B4 02 7C E0 03 1F F8 C0 07 3E F0 81 0F 7C 73
[21:15:15.032] ADDR:0xEE TYPE:RC_CHANNELS_PACKED        LEN:26 | EE 18 16 E0 C3 5E 2B B4 D7 8A 56 B4 02 7C E0 03 1F F8 C0 07 3E F0 81 0F 7C 60
[21:15:15.053] ADDR:0xEE TYPE:RC_CHANNELS_PACKED        LEN:26 | EE 18 16 E0 BB 5E 2B B0 D7 8A 56 B4 02 7C E0 03 1F F8 C0 07 3E F0 81 0F 7C 38
[21:15:15.083] ADDR:0xEE TYPE:RC_CHANNELS_PACKED        LEN:26 | EE 18 16 E0 C3 5E 2B B0 D7 8A 56 B4 02 7C E0 03 1F F8 C0 07 3E F0 81 0F 7C 98
[21:15:15.093] ADDR:0xEE TYPE:RC_CHANNELS_PACKED        LEN:26 | EE 18 16 E0 C3 5E 2B B2 D7 8A 56 B4 02 7C E0 03 1F F8 C0 07 3E F0 81 0F 7C E4
[21:15:15.113] ADDR:0xEE TYPE:RC_CHANNELS_PACKED        LEN:26 | EE 18 16 E0 C3 5E 2B B2 D7 8A 56 B4 02 7C E0 03 1F F8 C0 07 3E F0 81 0F 7C E4
[21:15:15.124] ADDR:0xEE TYPE:RC_CHANNELS_PACKED        LEN:26 | EE 18 16 E0 BB 5E 2B B2 D7 8A 56 B4 02 7C E0 03 1F F8 C0 07 3E F0 81 0F 7C 44
[21:15:15.164] ADDR:0xEE TYPE:RC_CHANNELS_PACKED        LEN:26 | EE 18 16 E0 C3 5E 2B B2 D7 8A 56 B4 02 7C E0 03 1F F8 C0 07 3E F0 81 0F 7C E4
[21:15:15.164] ADDR:0xEA TYPE:ELRS_STATUS               LEN:15 | EA 0D 3A EA EE 10 00 03 0D 40 FF FF FF BA 02
[21:15:15.174] ADDR:0xEE TYPE:RC_CHANNELS_PACKED        LEN:26 | EE 18 16 E0 C3 5E 2B B2 D7 8A 56 B4 02 7C E0 03 1F F8 C0 07 3E F0 81 0F 7C E4
[21:15:15.194] ADDR:0xEE TYPE:RC_CHANNELS_PACKED        LEN:26 | EE 18 16 E0 C3 5E 2B AE D7 8A 56 B4 02 7C E0 03 1F F8 C0 07 3E F0 81 0F 7C 73
[21:15:15.205] ADDR:0xEE TYPE:RC_CHANNELS_PACKED        LEN:26 | EE 18 16 E0 C3 5E 2B B2 D7 8A 56 B4 02 7C E0 03 1F F8 C0 07 3E F0 81 0F 7C E4
[21:15:15.245] ADDR:0xEE TYPE:RC_CHANNELS_PACKED        LEN:26 | EE 18 16 E0 C3 5E 2B B2 D7 8A 56 B4 02 7C E0 03 1F F8 C0 07 3E F0 81 0F 7C E4
[21:15:15.255] ADDR:0xEE TYPE:RC_CHANNELS_PACKED        LEN:26 | EE 18 16 E0 C3 5E 2B B2 D7 8A 56 B4 02 7C E0 03 1F F8 C0 07 3E F0 81 0F 7C E4
[21:15:15.276] ADDR:0xEE TYPE:RC_CHANNELS_PACKED        LEN:26 | EE 18 16 E0 BB 5E 2B B2 D7 8A 56 B4 02 7C E0 03 1F F8 C0 07 3E F0 81 0F 7C 44
[21:15:15.286] ADDR:0xEE TYPE:RC_CHANNELS_PACKED        LEN:26 | EE 18 16 E0 C3 5E 2B B2 D7 8A 56 B4 02 7C E0 03 1F F8 C0 07 3E F0 81 0F 7C E4
[21:15:15.317] ADDR:0xEE TYPE:RC_CHANNELS_PACKED        LEN:26 | EE 18 16 E0 C3 5E 2B B2 D7 8A 56 B4 02 7C E0 03 1F F8 C0 07 3E F0 81 0F 7C E4
[21:15:15.337] ADDR:0xEE TYPE:RC_CHANNELS_PACKED        LEN:26 | EE 18 16 E0 BB 5E 2B B2 D7 8A 56 B4 02 7C E0 03 1F F8 C0 07 3E F0 81 0F 7C 44
[21:15:15.357] ADDR:0xEE TYPE:RC_CHANNELS_PACKED        LEN:26 | EE 18 16 E0 BB 5E 2B B2 D7 8A 56 B4 02 7C E0 03 1F F8 C0 07 3E F0 81 0F 7C 44
[21:15:15.357] ADDR:0xEA TYPE:ELRS_STATUS               LEN:15 | EA 0D 3A EA EE 10 00 03 0D 40 00 00 01 0E 36
[21:15:15.367] ADDR:0xEE TYPE:RC_CHANNELS_PACKED        LEN:26 | EE 18 16 E0 C3 5E 2B B2 D7 8A 56 B4 02 7C E0 03 1F F8 C0 07 3E F0 81 0F 7C E4
[21:15:15.398] ADDR:0xEE TYPE:RC_CHANNELS_PACKED        LEN:26 | EE 18 16 E0 BB 5E 2B B2 D7 8A 56 B4 02 7C E0 03 1F F8 C0 07 3E F0 81 0F 7C 44
[21:15:15.418] ADDR:0xEE TYPE:RC_CHANNELS_PACKED        LEN:26 | EE 18 16 E0 C3 5E 2B B2 D7 8A 56 B4 02 7C E0 03 1F F8 C0 07 3E F0 81 0F 7C E4
[21:15:15.428] ADDR:0xEE TYPE:RC_CHANNELS_PACKED        LEN:26 | EE 18 16 E0 C3 5E 2B AE D7 8A 56 B4 02 7C E0 03 1F F8 C0 07 3E F0 81 0F 7C 73
[21:15:15.448] ADDR:0xEE TYPE:RC_CHANNELS_PACKED        LEN:26 | EE 18 16 E0 C3 5E 2B B2 D7 8A 56 B4 02 7C E0 03 1F F8 C0 07 3E F0 81 0F 7C E4
[21:15:15.479] ADDR:0xEE TYPE:RC_CHANNELS_PACKED        LEN:26 | EE 18 16 E0 C3 5E 2B B2 D7 8A 56 B4 02 7C E0 03 1F F8 C0 07 3E F0 81 0F 7C E4
[21:15:15.499] ADDR:0xEE TYPE:RC_CHANNELS_PACKED        LEN:26 | EE 18 16 E0 C3 5E 2B B0 D7 8A 56 B4 02 7C E0 03 1F F8 C0 07 3E F0 81 0F 7C 98
[21:15:15.509] ADDR:0xEE TYPE:RC_CHANNELS_PACKED        LEN:26 | EE 18 16 E0 C3 5E 2B B2 D7 8A 56 B4 02 7C E0 03 1F F8 C0 07 3E F0 81 0F 7C E4
[21:15:15.529] ADDR:0xEE TYPE:RC_CHANNELS_PACKED        LEN:26 | EE 18 16 E0 C3 5E 2B B2 D7 8A 56 B4 02 7C E0 03 1F F8 C0 07 3E F0 81 0F 7C E4
[21:15:15.560] ADDR:0xEE TYPE:RC_CHANNELS_PACKED        LEN:26 | EE 18 16 E0 C3 5E 2B AA D7 8A 56 B4 02 7C E0 03 1F F8 C0 07 3E F0 81 0F 7C 8B
[21:15:15.560] ADDR:0xEA TYPE:ELRS_STATUS               LEN:15 | EA 0D 3A EA EE 10 00 03 0D 40 00 00 01 68 8E
[21:15:15.580] ADDR:0xEE TYPE:RC_CHANNELS_PACKED        LEN:26 | EE 18 16 E0 BB 5E 2B B2 D7 8A 56 B4 02 7C E0 03 1F F8 C0 07 3E F0 81 0F 7C 44
[21:15:15.591] ADDR:0xEE TYPE:RC_CHANNELS_PACKED        LEN:26 | EE 18 16 E0 C3 5E 2B B2 D7 8A 56 B4 02 7C E0 03 1F F8 C0 07 3E F0 81 0F 7C E4
[21:15:15.611] ADDR:0xEE TYPE:RC_CHANNELS_PACKED        LEN:26 | EE 18 16 E0 C3 5E 2B B2 D7 8A 56 B4 02 7C E0 03 1F F8 C0 07 3E F0 81 0F 7C E4
[21:15:15.641] ADDR:0xEE TYPE:RC_CHANNELS_PACKED        LEN:26 | EE 18 16 E0 C3 5E 2B B2 D7 8A 56 B4 02 7C E0 03 1F F8 C0 07 3E F0 81 0F 7C E4
[21:15:15.661] ADDR:0xEE TYPE:RC_CHANNELS_PACKED        LEN:26 | EE 18 16 E0 AB 5E 2B B2 D7 8A 56 B4 02 7C E0 03 1F F8 C0 07 3E F0 81 0F 7C 15
[21:15:15.671] ADDR:0xEE TYPE:RC_CHANNELS_PACKED        LEN:26 | EE 18 16 E0 C3 5E 2B B2 D7 8A 56 B4 02 7C E0 03 1F F8 C0 07 3E F0 81 0F 7C E4
[21:15:15.692] ADDR:0xEE TYPE:RC_CHANNELS_PACKED        LEN:26 | EE 18 16 E0 BB 5E 2B B2 D7 8A 56 B4 02 7C E0 03 1F F8 C0 07 3E F0 81 0F 7C 44
[21:15:15.722] ADDR:0xEE TYPE:RC_CHANNELS_PACKED        LEN:26 | EE 18 16 E0 BB 5E 2B B2 D7 8A 56 B4 02 7C E0 03 1F F8 C0 07 3E F0 81 0F 7C 44
[21:15:15.732] ADDR:0xEE TYPE:RC_CHANNELS_PACKED        LEN:26 | EE 18 16 E0 C3 5E 2B B2 D7 8A 56 B4 02 7C E0 03 1F F8 C0 07 3E F0 81 0F 7C E4
[21:15:15.753] ADDR:0xEE TYPE:RC_CHANNELS_PACKED        LEN:26 | EE 18 16 E0 C3 5E 2B B2 D7 8A 56 B4 02 7C E0 03 1F F8 C0 07 3E F0 81 0F 7C E4
[21:15:15.753] ADDR:0xEA TYPE:ELRS_STATUS               LEN:15 | EA 0D 3A EA EE 10 00 03 0D 40 00 00 00 AA 88
[21:15:15.773] ADDR:0xEE TYPE:RC_CHANNELS_PACKED        LEN:26 | EE 18 16 E0 BB 5E 2B B2 D7 8A 56 B4 02 7C E0 03 1F F8 C0 07 3E F0 81 0F 7C 44
[21:15:15.803] ADDR:0xEE TYPE:RC_CHANNELS_PACKED        LEN:26 | EE 18 16 DF C3 5E 2B B2 D7 8A 56 B4 02 7C E0 03 1F F8 C0 07 3E F0 81 0F 7C 66
[21:15:15.813] ADDR:0xEE TYPE:RC_CHANNELS_PACKED        LEN:26 | EE 18 16 E0 C3 5E 2B AE D7 8A 56 B4 02 7C E0 03 1F F8 C0 07 3E F0 81 0F 7C 73
[21:15:15.834] ADDR:0xEE TYPE:RC_CHANNELS_PACKED        LEN:26 | EE 18 16 E0 C3 5E 2B B0 D7 8A 56 B4 02 7C E0 03 1F F8 C0 07 3E F0 81 0F 7C 98
[21:15:15.844] ADDR:0xEE TYPE:RC_CHANNELS_PACKED        LEN:26 | EE 18 16 E0 C3 5E 2B B2 D7 8A 56 B4 02 7C E0 03 1F F8 C0 07 3E F0 81 0F 7C E4
[21:15:15.885] ADDR:0xEE TYPE:RC_CHANNELS_PACKED        LEN:26 | EE 18 16 E0 C3 5E 2B B2 D7 8A 56 B4 02 7C E0 03 1F F8 C0 07 3E F0 81 0F 7C E4
[21:15:15.895] ADDR:0xEE TYPE:RC_CHANNELS_PACKED        LEN:26 | EE 18 16 E0 BB 5E 2B B2 D7 8A 56 B4 02 7C E0 03 1F F8 C0 07 3E F0 81 0F 7C 44
[21:15:15.915] ADDR:0xEE TYPE:RC_CHANNELS_PACKED        LEN:26 | EE 18 16 E0 BB 5E 2B B2 D7 8A 56 B4 02 7C E0 03 1F F8 C0 07 3E F0 81 0F 7C 44
[21:15:15.926] ADDR:0xEE TYPE:RC_CHANNELS_PACKED        LEN:26 | EE 18 16 E0 C3 5E 2B B2 D7 8A 56 B4 02 7C E0 03 1F F8 C0 07 3E F0 81 0F 7C E4
[21:15:15.956] ADDR:0xEE TYPE:RC_CHANNELS_PACKED        LEN:26 | EE 18 16 E0 C3 5E 2B B2 D7 8A 56 B4 02 7C E0 03 1F F8 C0 07 3E F0 81 0F 7C E4
[21:15:15.956] ADDR:0xEA TYPE:ELRS_STATUS               LEN:15 | EA 0D 3A EA EE 10 00 03 0D 40 00 00 00 50 5A
[21:15:15.976] ADDR:0xEE TYPE:RC_CHANNELS_PACKED        LEN:26 | EE 18 16 E0 C3 5E 2B B2 D7 8A 56 B4 02 7C E0 03 1F F8 C0 07 3E F0 81 0F 7C E4
[21:15:15.997] ADDR:0xEE TYPE:RC_CHANNELS_PACKED        LEN:26 | EE 18 16 E0 BB 5E 2B B2 D7 8A 56 B4 02 7C E0 03 1F F8 C0 07 3E F0 81 0F 7C 44
[21:15:16.007] ADDR:0xEE TYPE:RC_CHANNELS_PACKED        LEN:26 | EE 18 16 E0 C3 5E 2B B0 D7 8A 56 B4 02 7C E0 03 1F F8 C0 07 3E F0 81 0F 7C 98
[21:15:16.037] ADDR:0xEE TYPE:RC_CHANNELS_PACKED        LEN:26 | EE 18 16 E0 C3 5E 2B B2 D7 8A 56 B4 02 7C E0 03 1F F8 C0 07 3E F0 81 0F 7C E4
[21:15:16.057] ADDR:0xEE TYPE:RC_CHANNELS_PACKED        LEN:26 | EE 18 16 E0 C3 5E 2B B2 D7 8A 56 B4 02 7C E0 03 1F F8 C0 07 3E F0 81 0F 7C E4
[21:15:16.067] ADDR:0xEE TYPE:RC_CHANNELS_PACKED        LEN:26 | EE 18 16 E0 BB 5E 2B B2 D7 8A 56 B4 02 7C E0 03 1F F8 C0 07 3E F0 81 0F 7C 44
[21:15:16.088] ADDR:0xEE TYPE:RC_CHANNELS_PACKED        LEN:26 | EE 18 16 E0 C3 5E 2B B2 D7 8A 56 B4 02 7C E0 03 1F F8 C0 07 3E F0 81 0F 7C E4
[21:15:16.118] ADDR:0xEE TYPE:RC_CHANNELS_PACKED        LEN:26 | EE 18 16 E0 C3 5E 2B B0 D7 8A 56 B4 02 7C E0 03 1F F8 C0 07 3E F0 81 0F 7C 98
[21:15:16.138] ADDR:0xEE TYPE:RC_CHANNELS_PACKED        LEN:26 | EE 18 16 E0 C3 5E 2B B2 D7 8A 56 B4 02 7C E0 03 1F F8 C0 07 3E F0 81 0F 7C E4
[21:15:16.149] ADDR:0xEE TYPE:RC_CHANNELS_PACKED        LEN:26 | EE 18 16 E0 C3 5E 2B B2 D7 8A 56 B4 02 7C E0 03 1F F8 C0 07 3E F0 81 0F 7C E4
[21:15:16.149] ADDR:0xEA TYPE:ELRS_STATUS               LEN:15 | EA 0D 3A EA EE 10 00 03 0D 40 FF FF FF CE 97
[21:15:16.169] ADDR:0xEE TYPE:RC_CHANNELS_PACKED        LEN:26 | EE 18 16 E0 C3 5E 2B B2 D7 8A 56 B4 02 7C E0 03 1F F8 C0 07 3E F0 81 0F 7C E4
[21:15:16.199] ADDR:0xEE TYPE:RC_CHANNELS_PACKED        LEN:26 | EE 18 16 E0 BB 5E 2B B2 D7 8A 56 B4 02 7C E0 03 1F F8 C0 07 3E F0 81 0F 7C 44
[21:15:16.220] ADDR:0xEE TYPE:RC_CHANNELS_PACKED        LEN:26 | EE 18 16 E0 C3 5E 2B B2 D7 8A 56 B4 02 7C E0 03 1F F8 C0 07 3E F0 81 0F 7C E4
[21:15:16.230] ADDR:0xEE TYPE:RC_CHANNELS_PACKED        LEN:26 | EE 18 16 E0 C3 5E 2B B2 D7 8A 56 B4 02 7C E0 03 1F F8 C0 07 3E F0 81 0F 7C E4
[21:15:16.250] ADDR:0xEE TYPE:RC_CHANNELS_PACKED        LEN:26 | EE 18 16 E0 C3 5E 2B B2 D7 8A 56 B4 02 7C E0 03 1F F8 C0 07 3E F0 81 0F 7C E4
[21:15:16.280] ADDR:0xEE TYPE:RC_CHANNELS_PACKED        LEN:26 | EE 18 16 DF C3 5E 2B B2 D7 8A 56 B4 02 7C E0 03 1F F8 C0 07 3E F0 81 0F 7C 66
[21:15:16.301] ADDR:0xEE TYPE:RC_CHANNELS_PACKED        LEN:26 | EE 18 16 E0 C3 5E 2B B0 D7 8A 56 B4 02 7C E0 03 1F F8 C0 07 3E F0 81 0F 7C 98
[21:15:16.311] ADDR:0xEE TYPE:RC_CHANNELS_PACKED        LEN:26 | EE 18 16 E0 C3 5E 2B B2 D7 8A 56 B4 02 7C E0 03 1F F8 C0 07 3E F0 81 0F 7C E4
[21:15:16.331] ADDR:0xEE TYPE:RC_CHANNELS_PACKED        LEN:26 | EE 18 16 E0 C3 5E 2B B2 D7 8A 56 B4 02 7C E0 03 1F F8 C0 07 3E F0 81 0F 7C E4
[21:15:16.361] ADDR:0xEE TYPE:RC_CHANNELS_PACKED        LEN:26 | EE 18 16 E0 C3 5E 2B B0 D7 8A 56 B4 02 7C E0 03 1F F8 C0 07 3E F0 81 0F 7C 98
[21:15:16.362] ADDR:0xEA TYPE:ELRS_STATUS               LEN:15 | EA 0D 3A EA EE 10 00 03 0D 40 00 00 00 B4 72
[21:15:16.372] ADDR:0xEE TYPE:RC_CHANNELS_PACKED        LEN:26 | EE 18 16 E0 BB 5E 2B B0 D7 8A 56 B4 02 7C E0 03 1F F8 C0 07 3E F0 81 0F 7C 38
[21:15:16.392] ADDR:0xEE TYPE:RC_CHANNELS_PACKED        LEN:26 | EE 18 16 E0 C3 5E 2B AE D7 8A 56 B4 02 7C E0 03 1F F8 C0 07 3E F0 81 0F 7C 73
[21:15:16.412] ADDR:0xEE TYPE:RC_CHANNELS_PACKED        LEN:26 | EE 18 16 E0 C3 5E 2B B2 D7 8A 56 B4 02 7C E0 03 1F F8 C0 07 3E F0 81 0F 7C E4
[21:15:16.443] ADDR:0xEE TYPE:RC_CHANNELS_PACKED        LEN:26 | EE 18 16 E0 C3 5E 2B B2 D7 8A 56 B4 02 7C E0 03 1F F8 C0 07 3E F0 81 0F 7C E4
[21:15:16.453] ADDR:0xEE TYPE:RC_CHANNELS_PACKED        LEN:26 | EE 18 16 E0 C3 5E 2B B2 D7 8A 56 B4 02 7C E0 03 1F F8 C0 07 3E F0 81 0F 7C E4
[21:15:16.473] ADDR:0xEE TYPE:RC_CHANNELS_PACKED        LEN:26 | EE 18 16 E0 BB 5E 2B B4 D7 8A 56 B4 02 7C E0 03 1F F8 C0 07 3E F0 81 0F 7C C0
[21:15:16.483] ADDR:0xEE TYPE:RC_CHANNELS_PACKED        LEN:26 | EE 18 16 E0 C3 5E 2B B2 D7 8A 56 B4 02 7C E0 03 1F F8 C0 07 3E F0 81 0F 7C E4
[21:15:16.524] ADDR:0xEE TYPE:RC_CHANNELS_PACKED        LEN:26 | EE 18 16 E0 C3 5E 2B B0 D7 8A 56 B4 02 7C E0 03 1F F8 C0 07 3E F0 81 0F 7C 98
[21:15:16.534] ADDR:0xEE TYPE:RC_CHANNELS_PACKED        LEN:26 | EE 18 16 E0 C3 5E 2B B0 D7 8A 56 B4 02 7C E0 03 1F F8 C0 07 3E F0 81 0F 7C 98
[21:15:16.554] ADDR:0xEE TYPE:RC_CHANNELS_PACKED        LEN:26 | EE 18 16 E0 C3 5E 2B B2 D7 8A 56 B4 02 7C E0 03 1F F8 C0 07 3E F0 81 0F 7C E4
[21:15:16.555] ADDR:0xEA TYPE:ELRS_STATUS               LEN:15 | EA 0D 3A EA EE 10 00 03 0D 40 00 00 01 18 E5
[21:15:16.565] ADDR:0xEE TYPE:RC_CHANNELS_PACKED        LEN:26 | EE 18 16 E0 C3 5E 2B B2 D7 8A 56 B4 02 7C E0 03 1F F8 C0 07 3E F0 81 0F 7C E4
[21:15:16.605] ADDR:0xEE TYPE:RC_CHANNELS_PACKED        LEN:26 | EE 18 16 E0 C3 5E 2B B2 D7 8A 56 B4 02 7C E0 03 1F F8 C0 07 3E F0 81 0F 7C E4
[21:15:16.615] ADDR:0xEE TYPE:RC_CHANNELS_PACKED        LEN:26 | EE 18 16 E0 C3 5E 2B B2 D7 8A 56 B4 02 7C E0 03 1F F8 C0 07 3E F0 81 0F 7C E4
[21:15:16.636] ADDR:0xEE TYPE:RC_CHANNELS_PACKED        LEN:26 | EE 18 16 E0 C3 5E 2B B2 D7 8A 56 B4 02 7C E0 03 1F F8 C0 07 3E F0 81 0F 7C E4
[21:15:16.646] ADDR:0xEE TYPE:RC_CHANNELS_PACKED        LEN:26 | EE 18 16 E0 C3 5E 2B B2 D7 8A 56 B4 02 7C E0 03 1F F8 C0 07 3E F0 81 0F 7C E4
[21:15:16.676] ADDR:0xEE TYPE:RC_CHANNELS_PACKED        LEN:26 | EE 18 16 E0 C3 5E 2B B2 D7 8A 56 B4 02 7C E0 03 1F F8 C0 07 3E F0 81 0F 7C E4
[21:15:16.696] ADDR:0xEE TYPE:RC_CHANNELS_PACKED        LEN:26 | EE 18 16 E0 BB 5E 2B AE D7 8A 56 B4 02 7C E0 03 1F F8 C0 07 3E F0 81 0F 7C D3
[21:15:16.717] ADDR:0xEE TYPE:RC_CHANNELS_PACKED        LEN:26 | EE 18 16 E0 C3 5E 2B B2 D7 8A 56 B4 02 7C E0 03 1F F8 C0 07 3E F0 81 0F 7C E4
[21:15:16.727] ADDR:0xEE TYPE:RC_CHANNELS_PACKED        LEN:26 | EE 18 16 E0 C3 5E 2B B2 D7 8A 56 B4 02 7C E0 03 1F F8 C0 07 3E F0 81 0F 7C E4
[21:15:16.757] ADDR:0xEE TYPE:RC_CHANNELS_PACKED        LEN:26 | EE 18 16 E0 C3 5E 2B B2 D7 8A 56 B4 02 7C E0 03 1F F8 C0 07 3E F0 81 0F 7C E4
[21:15:16.757] ADDR:0xEA TYPE:ELRS_STATUS               LEN:15 | EA 0D 3A EA EE 10 00 03 0D 40 00 00 00 1E 6F
[21:15:16.778] ADDR:0xEE TYPE:RC_CHANNELS_PACKED        LEN:26 | EE 18 16 E0 C3 5E 2B B2 D7 8A 56 B4 02 7C E0 03 1F F8 C0 07 3E F0 81 0F 7C E4
[21:15:16.788] ADDR:0xEE TYPE:RC_CHANNELS_PACKED        LEN:26 | EE 18 16 E0 C3 5E 2B B2 D7 8A 56 B4 02 7C E0 03 1F F8 C0 07 3E F0 81 0F 7C E4
[21:15:16.808] ADDR:0xEE TYPE:RC_CHANNELS_PACKED        LEN:26 | EE 18 16 E0 C3 5E 2B B0 D7 8A 56 B4 02 7C E0 03 1F F8 C0 07 3E F0 81 0F 7C 98
[21:15:16.838] ADDR:0xEE TYPE:RC_CHANNELS_PACKED        LEN:26 | EE 18 16 E0 C3 5E 2B B2 D7 8A 56 B4 02 7C E0 03 1F F8 C0 07 3E F0 81 0F 7C E4
[21:15:16.859] ADDR:0xEE TYPE:RC_CHANNELS_PACKED        LEN:26 | EE 18 16 E0 C3 5E 2B B2 D7 8A 56 B4 02 7C E0 03 1F F8 C0 07 3E F0 81 0F 7C E4
[21:15:16.869] ADDR:0xEE TYPE:RC_CHANNELS_PACKED        LEN:26 | EE 18 16 E0 BB 5E 2B B0 D7 8A 56 B4 02 7C E0 03 1F F8 C0 07 3E F0 81 0F 7C 38
[21:15:16.889] ADDR:0xEE TYPE:RC_CHANNELS_PACKED        LEN:26 | EE 18 16 E0 C3 5E 2B B2 D7 8A 56 B4 02 7C E0 03 1F F8 C0 07 3E F0 81 0F 7C E4
[21:15:16.920] ADDR:0xEE TYPE:RC_CHANNELS_PACKED        LEN:26 | EE 18 16 E0 C3 5E 2B B0 D7 8A 56 B4 02 7C E0 03 1F F8 C0 07 3E F0 81 0F 7C 98
[21:15:16.940] ADDR:0xEE TYPE:RC_CHANNELS_PACKED        LEN:26 | EE 18 16 E0 C3 5E 2B B2 D7 8A 56 B4 02 7C E0 03 1F F8 C0 07 3E F0 81 0F 7C E4
[21:15:16.951] ADDR:0xEE TYPE:RC_CHANNELS_PACKED        LEN:26 | EE 18 16 E0 C3 5E 2B B2 D7 8A 56 B4 02 7C E0 03 1F F8 C0 07 3E F0 81 0F 7C E4
[21:15:16.952] ADDR:0xEA TYPE:ELRS_STATUS               LEN:15 | EA 0D 3A EA EE 10 00 03 0D 40 00 00 00 DC 62
[21:15:16.972] ADDR:0xEE TYPE:RC_CHANNELS_PACKED        LEN:26 | EE 18 16 E0 C3 5E 2B B2 D7 8A 56 B4 02 7C E0 03 1F F8 C0 07 3E F0 81 0F 7C E4
[21:15:17.002] ADDR:0xEE TYPE:RC_CHANNELS_PACKED        LEN:26 | EE 18 16 E0 C3 5E 2B B0 D7 8A 56 B4 02 7C E0 03 1F F8 C0 07 3E F0 81 0F 7C 98
[21:15:17.012] ADDR:0xEE TYPE:RC_CHANNELS_PACKED        LEN:26 | EE 18 16 E0 C3 5E 2B B2 D7 8A 56 B4 02 7C E0 03 1F F8 C0 07 3E F0 81 0F 7C E4
[21:15:17.032] ADDR:0xEE TYPE:RC_CHANNELS_PACKED        LEN:26 | EE 18 16 E0 C3 5E 2B B2 D7 8A 56 B4 02 7C E0 03 1F F8 C0 07 3E F0 81 0F 7C E4
[21:15:17.053] ADDR:0xEE TYPE:RC_CHANNELS_PACKED        LEN:26 | EE 18 16 E0 C3 5E 2B B2 D7 8A 56 B4 02 7C E0 03 1F F8 C0 07 3E F0 81 0F 7C E4
[21:15:17.083] ADDR:0xEE TYPE:RC_CHANNELS_PACKED        LEN:26 | EE 18 16 DF C3 5E 2B B2 D7 8A 56 B4 02 7C E0 03 1F F8 C0 07 3E F0 81 0F 7C 66
[21:15:17.093] ADDR:0xEE TYPE:RC_CHANNELS_PACKED        LEN:26 | EE 18 16 E0 C3 5E 2B B2 D7 8A 56 B4 02 7C E0 03 1F F8 C0 07 3E F0 81 0F 7C E4
[21:15:17.114] ADDR:0xEE TYPE:RC_CHANNELS_PACKED        LEN:26 | EE 18 16 E0 C3 5E 2B B0 D7 8A 56 B4 02 7C E0 03 1F F8 C0 07 3E F0 81 0F 7C 98
[21:15:17.124] ADDR:0xEE TYPE:RC_CHANNELS_PACKED        LEN:26 | EE 18 16 E0 BB 5E 2B AE D7 8A 56 B4 02 7C E0 03 1F F8 C0 07 3E F0 81 0F 7C D3
[21:15:17.164] ADDR:0xEE TYPE:RC_CHANNELS_PACKED        LEN:26 | EE 18 16 E0 BB 5E 2B B2 D7 8A 56 B4 02 7C E0 03 1F F8 C0 07 3E F0 81 0F 7C 44
[21:15:17.164] ADDR:0xEA TYPE:ELRS_STATUS               LEN:15 | EA 0D 3A EA EE 10 00 03 0D 40 00 00 01 40 03
[21:15:17.174] ADDR:0xEE TYPE:RC_CHANNELS_PACKED        LEN:26 | EE 18 16 E0 BB 5E 2B B2 D7 8A 56 B4 02 7C E0 03 1F F8 C0 07 3E F0 81 0F 7C 44
[21:15:17.195] ADDR:0xEE TYPE:RC_CHANNELS_PACKED        LEN:26 | EE 18 16 E0 AB 5E 2B B2 D7 8A 56 B4 02 7C E0 03 1F F8 C0 07 3E F0 81 0F 7C 15
[21:15:17.205] ADDR:0xEE TYPE:RC_CHANNELS_PACKED        LEN:26 | EE 18 16 E0 C3 5E 2B B2 D7 8A 56 B4 02 7C E0 03 1F F8 C0 07 3E F0 81 0F 7C E4
[21:15:17.245] ADDR:0xEE TYPE:RC_CHANNELS_PACKED        LEN:26 | EE 18 16 E0 C3 5E 2B B0 D7 8A 56 B4 02 7C E0 03 1F F8 C0 07 3E F0 81 0F 7C 98
[21:15:17.256] ADDR:0xEE TYPE:RC_CHANNELS_PACKED        LEN:26 | EE 18 16 E0 C3 5E 2B B2 D7 8A 56 B4 02 7C E0 03 1F F8 C0 07 3E F0 81 0F 7C E4
[21:15:17.276] ADDR:0xEE TYPE:RC_CHANNELS_PACKED        LEN:26 | EE 18 16 E0 C3 5E 2B B2 D7 8A 56 B4 02 7C E0 03 1F F8 C0 07 3E F0 81 0F 7C E4
[21:15:17.286] ADDR:0xEE TYPE:RC_CHANNELS_PACKED        LEN:26 | EE 18 16 E0 C3 5E 2B B0 D7 8A 56 B4 02 7C E0 03 1F F8 C0 07 3E F0 81 0F 7C 98
[21:15:17.316] ADDR:0xEE TYPE:RC_CHANNELS_PACKED        LEN:26 | EE 18 16 E0 C3 5E 2B B2 D7 8A 56 B4 02 7C E0 03 1F F8 C0 07 3E F0 81 0F 7C E4
[21:15:17.337] ADDR:0xEE TYPE:RC_CHANNELS_PACKED        LEN:26 | EE 18 16 E0 C3 5E 2B B2 D7 8A 56 B4 02 7C E0 03 1F F8 C0 07 3E F0 81 0F 7C E4
[21:15:17.357] ADDR:0xEE TYPE:RC_CHANNELS_PACKED        LEN:26 | EE 18 16 E0 BB 5E 2B B2 D7 8A 56 B4 02 7C E0 03 1F F8 C0 07 3E F0 81 0F 7C 44
[21:15:17.357] ADDR:0xEA TYPE:ELRS_STATUS               LEN:15 | EA 0D 3A EA EE 10 00 03 0D 40 FF FF FF E2 E4
[21:15:17.367] ADDR:0xEE TYPE:RC_CHANNELS_PACKED        LEN:26 | EE 18 16 E0 BB 5E 2B B2 D7 8A 56 B4 02 7C E0 03 1F F8 C0 07 3E F0 81 0F 7C 44
[21:15:17.397] ADDR:0xEE TYPE:RC_CHANNELS_PACKED        LEN:26 | EE 18 16 E0 C3 5E 2B B2 D7 8A 56 B4 02 7C E0 03 1F F8 C0 07 3E F0 81 0F 7C E4
[21:15:17.418] ADDR:0xEE TYPE:RC_CHANNELS_PACKED        LEN:26 | EE 18 16 E0 C3 5E 2B B2 D7 8A 56 B4 02 7C E0 03 1F F8 C0 07 3E F0 81 0F 7C E4
[21:15:17.428] ADDR:0xEE TYPE:RC_CHANNELS_PACKED        LEN:26 | EE 18 16 E0 C3 5E 2B B2 D7 8A 56 B4 02 7C E0 03 1F F8 C0 07 3E F0 81 0F 7C E4
[21:15:17.448] ADDR:0xEE TYPE:RC_CHANNELS_PACKED        LEN:26 | EE 18 16 E0 C3 5E 2B B2 D7 8A 56 B4 02 7C E0 03 1F F8 C0 07 3E F0 81 0F 7C E4
[21:15:17.479] ADDR:0xEE TYPE:RC_CHANNELS_PACKED        LEN:26 | EE 18 16 E0 C3 5E 2B B0 D7 8A 56 B4 02 7C E0 03 1F F8 C0 07 3E F0 81 0F 7C 98
[21:15:17.499] ADDR:0xEE TYPE:RC_CHANNELS_PACKED        LEN:26 | EE 18 16 E0 C3 5E 2B B2 D7 8A 56 B4 02 7C E0 03 1F F8 C0 07 3E F0 81 0F 7C E4
[21:15:17.509] ADDR:0xEE TYPE:RC_CHANNELS_PACKED        LEN:26 | EE 18 16 DF C3 5E 2B B2 D7 8A 56 B4 02 7C E0 03 1F F8 C0 07 3E F0 81 0F 7C 66
[21:15:17.530] ADDR:0xEE TYPE:RC_CHANNELS_PACKED        LEN:26 | EE 18 16 E0 C3 5E 2B B2 D7 8A 56 B4 02 7C E0 03 1F F8 C0 07 3E F0 81 0F 7C E4
[21:15:17.560] ADDR:0xEE TYPE:RC_CHANNELS_PACKED        LEN:26 | EE 18 16 E0 C3 5E 2B AE D7 8A 56 B4 02 7C E0 03 1F F8 C0 07 3E F0 81 0F 7C 73
[21:15:17.560] ADDR:0xEA TYPE:ELRS_STATUS               LEN:15 | EA 0D 3A EA EE 10 00 03 0D 40 00 00 01 40 03
[21:15:17.580] ADDR:0xEE TYPE:RC_CHANNELS_PACKED        LEN:26 | EE 18 16 E0 C3 5E 2B B2 D7 8A 56 B4 02 7C E0 03 1F F8 C0 07 3E F0 81 0F 7C E4
[21:15:17.590] ADDR:0xEE TYPE:RC_CHANNELS_PACKED        LEN:26 | EE 18 16 E0 C3 5E 2B B2 D7 8A 56 B4 02 7C E0 03 1F F8 C0 07 3E F0 81 0F 7C E4
[21:15:17.611] ADDR:0xEE TYPE:RC_CHANNELS_PACKED        LEN:26 | EE 18 16 E0 C3 5E 2B B0 D7 8A 56 B4 02 7C E0 03 1F F8 C0 07 3E F0 81 0F 7C 98
[21:15:17.641] ADDR:0xEE TYPE:RC_CHANNELS_PACKED        LEN:26 | EE 18 16 E0 C3 5E 2B B2 D7 8A 56 B4 02 7C E0 03 1F F8 C0 07 3E F0 81 0F 7C E4
[21:15:17.661] ADDR:0xEE TYPE:RC_CHANNELS_PACKED        LEN:26 | EE 18 16 E0 BB 5E 2B B2 D7 8A 56 B4 02 7C E0 03 1F F8 C0 07 3E F0 81 0F 7C 44
[21:15:17.671] ADDR:0xEE TYPE:RC_CHANNELS_PACKED        LEN:26 | EE 18 16 E0 C3 5E 2B B2 D7 8A 56 B4 02 7C E0 03 1F F8 C0 07 3E F0 81 0F 7C E4
[21:15:17.692] ADDR:0xEE TYPE:RC_CHANNELS_PACKED        LEN:26 | EE 18 16 E0 BB 5E 2B AA D7 8A 56 B4 02 7C E0 03 1F F8 C0 07 3E F0 81 0F 7C 2B
[21:15:17.722] ADDR:0xEE TYPE:RC_CHANNELS_PACKED        LEN:26 | EE 18 16 E0 C3 5E 2B B2 D7 8A 56 B4 02 7C E0 03 1F F8 C0 07 3E F0 81 0F 7C E4
[21:15:17.732] ADDR:0xEE TYPE:RC_CHANNELS_PACKED        LEN:26 | EE 18 16 E0 C3 5E 2B B2 D7 8A 56 B4 02 7C E0 03 1F F8 C0 07 3E F0 81 0F 7C E4
[21:15:17.752] ADDR:0xEE TYPE:RC_CHANNELS_PACKED        LEN:26 | EE 18 16 E0 C3 5E 2B B2 D7 8A 56 B4 02 7C E0 03 1F F8 C0 07 3E F0 81 0F 7C E4
[21:15:17.752] ADDR:0xEA TYPE:ELRS_STATUS               LEN:15 | EA 0D 3A EA EE 10 00 03 0D 40 00 00 00 1E 6F
[21:15:17.773] ADDR:0xEE TYPE:RC_CHANNELS_PACKED        LEN:26 | EE 18 16 E0 BB 5E 2B B2 D7 8A 56 B4 02 7C E0 03 1F F8 C0 07 3E F0 81 0F 7C 44
[21:15:17.803] ADDR:0xEE TYPE:RC_CHANNELS_PACKED        LEN:26 | EE 18 16 E0 BB 5E 2B B2 D7 8A 56 B4 02 7C E0 03 1F F8 C0 07 3E F0 81 0F 7C 44
[21:15:17.813] ADDR:0xEE TYPE:RC_CHANNELS_PACKED        LEN:26 | EE 18 16 E0 C3 5E 2B B2 D7 8A 56 B4 02 7C E0 03 1F F8 C0 07 3E F0 81 0F 7C E4
[21:15:17.833] ADDR:0xEE TYPE:RC_CHANNELS_PACKED        LEN:26 | EE 18 16 E0 C3 5E 2B B2 D7 8A 56 B4 02 7C E0 03 1F F8 C0 07 3E F0 81 0F 7C E4
[21:15:17.854] ADDR:0xEE TYPE:RC_CHANNELS_PACKED        LEN:26 | EE 18 16 E0 C3 5E 2B B0 D7 8A 56 B4 02 7C E0 03 1F F8 C0 07 3E F0 81 0F 7C 98
[21:15:17.884] ADDR:0xEE TYPE:RC_CHANNELS_PACKED        LEN:26 | EE 18 16 E0 C3 5E 2B B0 D7 8A 56 B4 02 7C E0 03 1F F8 C0 07 3E F0 81 0F 7C 98
[21:15:17.894] ADDR:0xEE TYPE:RC_CHANNELS_PACKED        LEN:26 | EE 18 16 E0 C3 5E 2B B2 D7 8A 56 B4 02 7C E0 03 1F F8 C0 07 3E F0 81 0F 7C E4
[21:15:17.914] ADDR:0xEE TYPE:RC_CHANNELS_PACKED        LEN:26 | EE 18 16 E0 C3 5E 2B B2 D7 8A 56 B4 02 7C E0 03 1F F8 C0 07 3E F0 81 0F 7C E4
[21:15:17.925] ADDR:0xEE TYPE:RC_CHANNELS_PACKED        LEN:26 | EE 18 16 E0 C3 5E 2B B2 D7 8A 56 B4 02 7C E0 03 1F F8 C0 07 3E F0 81 0F 7C E4
[21:15:17.965] ADDR:0xEE TYPE:RC_CHANNELS_PACKED        LEN:26 | EE 18 16 E0 BB 5E 2B B2 D7 8A 56 B4 02 7C E0 03 1F F8 C0 07 3E F0 81 0F 7C 44
[21:15:17.965] ADDR:0xEA TYPE:ELRS_STATUS               LEN:15 | EA 0D 3A EA EE 10 00 03 0D 40 00 00 01 04 60
[21:15:17.975] ADDR:0xEE TYPE:RC_CHANNELS_PACKED        LEN:26 | EE 18 16 E0 BB 5E 2B B2 D7 8A 56 B4 02 7C E0 03 1F F8 C0 07 3E F0 81 0F 7C 44
[21:15:17.995] ADDR:0xEE TYPE:RC_CHANNELS_PACKED        LEN:26 | EE 18 16 E0 C3 5E 2B B2 D7 8A 56 B4 02 7C E0 03 1F F8 C0 07 3E F0 81 0F 7C E4
[21:15:18.006] ADDR:0xEE TYPE:DEVICE_PING               LEN:06 | EE 04 28 00 EA 54
[21:15:18.036] ADDR:0xEE TYPE:RC_CHANNELS_PACKED        LEN:26 | EE 18 16 E0 C3 5E 2B B2 D7 8A 56 B4 02 7C E0 03 1F F8 C0 07 3E F0 81 0F 7C E4
[21:15:18.036] ADDR:0xEA TYPE:DEVICE_INFO               LEN:34 | EA 20 29 EA EE 48 4D 20 45 53 32 34 54 58 20 50 72 6F 00 45 4C 52 53 00 00 00 00 00 03 06 02 20 00 90
[21:15:18.056] ADDR:0xEE TYPE:RC_CHANNELS_PACKED        LEN:26 | EE 18 16 E0 C3 5E 2B B2 D7 8A 56 B4 02 7C E0 03 1F F8 C0 07 3E F0 81 0F 7C E4
[21:15:18.077] ADDR:0xEE TYPE:RC_CHANNELS_PACKED        LEN:26 | EE 18 16 E0 BB 5E 2B B2 D7 8A 56 B4 02 7C E0 03 1F F8 C0 07 3E F0 81 0F 7C 44
[21:15:18.087] ADDR:0xEE TYPE:RC_CHANNELS_PACKED        LEN:26 | EE 18 16 E0 BB 5E 2B B2 D7 8A 56 B4 02 7C E0 03 1F F8 C0 07 3E F0 81 0F 7C 44
[21:15:18.117] ADDR:0xEE TYPE:RC_CHANNELS_PACKED        LEN:26 | EE 18 16 E0 C3 5E 2B B2 D7 8A 56 B4 02 7C E0 03 1F F8 C0 07 3E F0 81 0F 7C E4
[21:15:18.137] ADDR:0xEE TYPE:RC_CHANNELS_PACKED        LEN:26 | EE 18 16 E0 C3 5E 2B B2 D7 8A 56 B4 02 7C E0 03 1F F8 C0 07 3E F0 81 0F 7C E4
[21:15:18.148] ADDR:0xEE TYPE:RC_CHANNELS_PACKED        LEN:26 | EE 18 16 E0 C3 5E 2B B2 D7 8A 56 B4 02 7C E0 03 1F F8 C0 07 3E F0 81 0F 7C E4
[21:15:18.148] ADDR:0xEA TYPE:ELRS_STATUS               LEN:15 | EA 0D 3A EA EE 10 00 03 0D 40 FF FF FF F6 48
[21:15:18.168] ADDR:0xEE TYPE:RC_CHANNELS_PACKED        LEN:26 | EE 18 16 E0 C3 5E 2B B2 D7 8A 56 B4 02 7C E0 03 1F F8 C0 07 3E F0 81 0F 7C E4
[21:15:18.198] ADDR:0xEE TYPE:RC_CHANNELS_PACKED        LEN:26 | EE 18 16 E0 C3 5E 2B B2 D7 8A 56 B4 02 7C E0 03 1F F8 C0 07 3E F0 81 0F 7C E4
[21:15:18.219] ADDR:0xEE TYPE:RC_CHANNELS_PACKED        LEN:26 | EE 18 16 E0 C3 5E 2B B2 D7 8A 56 B4 02 7C E0 03 1F F8 C0 07 3E F0 81 0F 7C E4
[21:15:18.229] ADDR:0xEE TYPE:RC_CHANNELS_PACKED        LEN:26 | EE 18 16 E0 C3 5E 2B B2 D7 8A 56 B4 02 7C E0 03 1F F8 C0 07 3E F0 81 0F 7C E4
[21:15:18.249] ADDR:0xEE TYPE:RC_CHANNELS_PACKED        LEN:26 | EE 18 16 E0 C3 5E 2B B2 D7 8A 56 B4 02 7C E0 03 1F F8 C0 07 3E F0 81 0F 7C E4
[21:15:18.279] ADDR:0xEE TYPE:RC_CHANNELS_PACKED        LEN:26 | EE 18 16 E0 C3 5E 2B B0 D7 8A 56 B4 02 7C E0 03 1F F8 C0 07 3E F0 81 0F 7C 98
[21:15:18.299] ADDR:0xEE TYPE:RC_CHANNELS_PACKED        LEN:26 | EE 18 16 E0 C3 5E 2B B2 D7 8A 56 B4 02 7C E0 03 1F F8 C0 07 3E F0 81 0F 7C E4
[21:15:18.310] ADDR:0xEE TYPE:RC_CHANNELS_PACKED        LEN:26 | EE 18 16 E0 C3 5E 2B B2 D7 8A 56 B4 02 7C E0 03 1F F8 C0 07 3E F0 81 0F 7C E4
[21:15:18.330] ADDR:0xEE TYPE:RC_CHANNELS_PACKED        LEN:26 | EE 18 16 E0 C3 5E 2B B0 D7 8A 56 B4 02 7C E0 03 1F F8 C0 07 3E F0 81 0F 7C 98
[21:15:18.360] ADDR:0xEE TYPE:RC_CHANNELS_PACKED        LEN:26 | EE 18 16 E0 C3 5E 2B B0 D7 8A 56 B4 02 7C E0 03 1F F8 C0 07 3E F0 81 0F 7C 98
[21:15:18.360] ADDR:0xEA TYPE:ELRS_STATUS               LEN:15 | EA 0D 3A EA EE 10 00 03 0D 40 00 00 00 DC 62
[21:15:18.380] ADDR:0xEE TYPE:RC_CHANNELS_PACKED        LEN:26 | EE 18 16 E0 C3 5E 2B B2 D7 8A 56 B4 02 7C E0 03 1F F8 C0 07 3E F0 81 0F 7C E4
[21:15:18.391] ADDR:0xEE TYPE:RC_CHANNELS_PACKED        LEN:26 | EE 18 16 E0 C3 5E 2B B2 D7 8A 56 B4 02 7C E0 03 1F F8 C0 07 3E F0 81 0F 7C E4
[21:15:18.411] ADDR:0xEE TYPE:RC_CHANNELS_PACKED        LEN:26 | EE 18 16 E0 BB 5E 2B B2 D7 8A 56 B4 02 7C E0 03 1F F8 C0 07 3E F0 81 0F 7C 44
[21:15:18.441] ADDR:0xEE TYPE:RC_CHANNELS_PACKED        LEN:26 | EE 18 16 E0 C3 5E 2B B2 D7 8A 56 B4 02 7C E0 03 1F F8 C0 07 3E F0 81 0F 7C E4
[21:15:18.461] ADDR:0xEE TYPE:RC_CHANNELS_PACKED        LEN:26 | EE 18 16 E0 C3 5E 2B B2 D7 8A 56 B4 02 7C E0 03 1F F8 C0 07 3E F0 81 0F 7C E4
[21:15:18.472] ADDR:0xEE TYPE:RC_CHANNELS_PACKED        LEN:26 | EE 18 16 E0 C3 5E 2B B0 D7 8A 56 B4 02 7C E0 03 1F F8 C0 07 3E F0 81 0F 7C 98
[21:15:18.492] ADDR:0xEE TYPE:RC_CHANNELS_PACKED        LEN:26 | EE 18 16 E0 C3 5E 2B B2 D7 8A 56 B4 02 7C E0 03 1F F8 C0 07 3E F0 81 0F 7C E4
[21:15:18.522] ADDR:0xEE TYPE:RC_CHANNELS_PACKED        LEN:26 | EE 18 16 E0 D3 5E 2B B2 D7 8A 56 B4 02 7C E0 03 1F F8 C0 07 3E F0 81 0F 7C B5
[21:15:18.532] ADDR:0xEE TYPE:RC_CHANNELS_PACKED        LEN:26 | EE 18 16 E0 C3 5E 2B B2 D7 8A 56 B4 02 7C E0 03 1F F8 C0 07 3E F0 81 0F 7C E4
[21:15:18.553] ADDR:0xEE TYPE:RC_CHANNELS_PACKED        LEN:26 | EE 18 16 E0 C3 5E 2B B2 D7 8A 56 B4 02 7C E0 03 1F F8 C0 07 3E F0 81 0F 7C E4
[21:15:18.553] ADDR:0xEA TYPE:ELRS_STATUS               LEN:15 | EA 0D 3A EA EE 10 00 03 0D 40 00 00 01 0E 36
[21:15:18.573] ADDR:0xEE TYPE:RC_CHANNELS_PACKED        LEN:26 | EE 18 16 E0 C3 5E 2B B2 D7 8A 56 B4 02 7C E0 03 1F F8 C0 07 3E F0 81 0F 7C E4
[21:15:18.603] ADDR:0xEE TYPE:RC_CHANNELS_PACKED        LEN:26 | EE 18 16 E0 C3 5E 2B B2 D7 8A 56 B4 02 7C E0 03 1F F8 C0 07 3E F0 81 0F 7C E4
[21:15:18.614] ADDR:0xEE TYPE:RC_CHANNELS_PACKED        LEN:26 | EE 18 16 E0 BB 5E 2B B4 D7 8A 56 B4 02 7C E0 03 1F F8 C0 07 3E F0 81 0F 7C C0
[21:15:18.634] ADDR:0xEE TYPE:RC_CHANNELS_PACKED        LEN:26 | EE 18 16 E0 C3 5E 2B B2 D7 8A 56 B4 02 7C E0 03 1F F8 C0 07 3E F0 81 0F 7C E4
[21:15:18.644] ADDR:0xEE TYPE:RC_CHANNELS_PACKED        LEN:26 | EE 18 16 E0 C3 5E 2B B0 D7 8A 56 B4 02 7C E0 03 1F F8 C0 07 3E F0 81 0F 7C 98
[21:15:18.684] ADDR:0xEE TYPE:RC_CHANNELS_PACKED        LEN:26 | EE 18 16 E0 C3 5E 2B B2 D7 8A 56 B4 02 7C E0 03 1F F8 C0 07 3E F0 81 0F 7C E4
[21:15:18.694] ADDR:0xEE TYPE:RC_CHANNELS_PACKED        LEN:26 | EE 18 16 E0 C3 5E 2B B2 D7 8A 56 B4 02 7C E0 03 1F F8 C0 07 3E F0 81 0F 7C E4
[21:15:18.715] ADDR:0xEE TYPE:RC_CHANNELS_PACKED        LEN:26 | EE 18 16 E0 C3 5E 2B B2 D7 8A 56 B4 02 7C E0 03 1F F8 C0 07 3E F0 81 0F 7C E4
[21:15:18.725] ADDR:0xEE TYPE:RC_CHANNELS_PACKED        LEN:26 | EE 18 16 E0 BB 5E 2B B4 D7 8A 56 B4 02 7C E0 03 1F F8 C0 07 3E F0 81 0F 7C C0
[21:15:18.765] ADDR:0xEE TYPE:RC_CHANNELS_PACKED        LEN:26 | EE 18 16 E0 C3 5E 2B B2 D7 8A 56 B4 02 7C E0 03 1F F8 C0 07 3E F0 81 0F 7C E4
[21:15:18.765] ADDR:0xEA TYPE:ELRS_STATUS               LEN:15 | EA 0D 3A EA EE 10 00 03 0D 40 00 00 00 6E 04
[21:15:18.775] ADDR:0xEE TYPE:RC_CHANNELS_PACKED        LEN:26 | EE 18 16 E0 C3 5E 2B B2 D7 8A 56 B4 02 7C E0 03 1F F8 C0 07 3E F0 81 0F 7C E4
[21:15:18.796] ADDR:0xEE TYPE:RC_CHANNELS_PACKED        LEN:26 | EE 18 16 E0 BB 5E 2B B2 D7 8A 56 B4 02 7C E0 03 1F F8 C0 07 3E F0 81 0F 7C 44
[21:15:18.806] ADDR:0xEE TYPE:RC_CHANNELS_PACKED        LEN:26 | EE 18 16 E0 C3 5E 2B B2 D7 8A 56 B4 02 7C E0 03 1F F8 C0 07 3E F0 81 0F 7C E4
[21:15:18.836] ADDR:0xEE TYPE:RC_CHANNELS_PACKED        LEN:26 | EE 18 16 E0 C3 5E 2B B0 D7 8A 56 B4 02 7C E0 03 1F F8 C0 07 3E F0 81 0F 7C 98
[21:15:18.857] ADDR:0xEE TYPE:RC_CHANNELS_PACKED        LEN:26 | EE 18 16 DF C3 5E 2B AE D7 8A 56 B4 02 7C E0 03 1F F8 C0 07 3E F0 81 0F 7C F1
[21:15:18.877] ADDR:0xEE TYPE:RC_CHANNELS_PACKED        LEN:26 | EE 18 16 E0 C3 5E 2B B0 D7 8A 56 B4 02 7C E0 03 1F F8 C0 07 3E F0 81 0F 7C 98
[21:15:18.887] ADDR:0xEE TYPE:RC_CHANNELS_PACKED        LEN:26 | EE 18 16 E0 BB 5E 2B B2 D7 8A 56 B4 02 7C E0 03 1F F8 C0 07 3E F0 81 0F 7C 44
[21:15:18.917] ADDR:0xEE TYPE:RC_CHANNELS_PACKED        LEN:26 | EE 18 16 E0 C3 5E 2B B2 D7 8A 56 B4 02 7C E0 03 1F F8 C0 07 3E F0 81 0F 7C E4
[21:15:18.938] ADDR:0xEE TYPE:RC_CHANNELS_PACKED        LEN:26 | EE 18 16 E0 C3 5E 2B B2 D7 8A 56 B4 02 7C E0 03 1F F8 C0 07 3E F0 81 0F 7C E4
[21:15:18.948] ADDR:0xEE TYPE:RC_CHANNELS_PACKED        LEN:26 | EE 18 16 E0 C3 5E 2B B0 D7 8A 56 B4 02 7C E0 03 1F F8 C0 07 3E F0 81 0F 7C 98
[21:15:18.948] ADDR:0xEA TYPE:ELRS_STATUS               LEN:15 | EA 0D 3A EA EE 10 00 03 0D 40 FF FF FF A6 87
[21:15:18.968] ADDR:0xEE TYPE:RC_CHANNELS_PACKED        LEN:26 | EE 18 16 E0 C3 5E 2B B2 D7 8A 56 B4 02 7C E0 03 1F F8 C0 07 3E F0 81 0F 7C E4
[21:15:18.998] ADDR:0xEE TYPE:RC_CHANNELS_PACKED        LEN:26 | EE 18 16 E0 C3 5E 2B B2 D7 8A 56 B4 02 7C E0 03 1F F8 C0 07 3E F0 81 0F 7C E4
[21:15:19.019] ADDR:0xEE TYPE:RC_CHANNELS_PACKED        LEN:26 | EE 18 16 E0 C3 5E 2B B2 D7 8A 56 B4 02 7C E0 03 1F F8 C0 07 3E F0 81 0F 7C E4
[21:15:19.029] ADDR:0xEE TYPE:RC_CHANNELS_PACKED        LEN:26 | EE 18 16 E0 C3 5E 2B B2 D7 8A 56 B4 02 7C E0 03 1F F8 C0 07 3E F0 81 0F 7C E4
[21:15:19.049] ADDR:0xEE TYPE:RC_CHANNELS_PACKED        LEN:26 | EE 18 16 E0 C3 5E 2B B2 D7 8A 56 B4 02 7C E0 03 1F F8 C0 07 3E F0 81 0F 7C E4
[21:15:19.069] ADDR:0xEE TYPE:DEVICE_PING               LEN:06 | EE 04 28 EE EA 97
[21:15:19.100] ADDR:0xEE TYPE:RC_CHANNELS_PACKED        LEN:26 | EE 18 16 E0 BB 5E 2B B4 D7 8A 56 B4 02 7C E0 03 1F F8 C0 07 3E F0 81 0F 7C C0
[21:15:19.100] ADDR:0xEA TYPE:DEVICE_INFO               LEN:34 | EA 20 29 EA EE 48 4D 20 45 53 32 34 54 58 20 50 72 6F 00 45 4C 52 53 00 00 00 00 00 03 06 02 20 00 90
[21:15:19.110] ADDR:0xEE TYPE:RC_CHANNELS_PACKED        LEN:26 | EE 18 16 E0 C3 5E 2B B2 D7 8A 56 B4 02 7C E0 03 1F F8 C0 07 3E F0 81 0F 7C E4
[21:15:19.130] ADDR:0xEE TYPE:RC_CHANNELS_PACKED        LEN:26 | EE 18 16 E0 BB 5E 2B B2 D7 8A 56 B4 02 7C E0 03 1F F8 C0 07 3E F0 81 0F 7C 44
[21:15:19.161] ADDR:0xEE TYPE:RC_CHANNELS_PACKED        LEN:26 | EE 18 16 E0 C3 5E 2B B2 D7 8A 56 B4 02 7C E0 03 1F F8 C0 07 3E F0 81 0F 7C E4
[21:15:19.161] ADDR:0xEA TYPE:ELRS_STATUS               LEN:15 | EA 0D 3A EA EE 10 00 03 0D 40 00 00 00 B4 72
[21:15:19.181] ADDR:0xEE TYPE:PARAMETER_READ            LEN:08 | EE 06 2C EE EA 01 00 86
[21:15:19.201] ADDR:0xEE TYPE:RC_CHANNELS_PACKED        LEN:26 | EE 18 16 E0 C3 5E 2B B0 D7 8A 56 B4 02 7C E0 03 1F F8 C0 07 3E F0 81 0F 7C 98
[21:15:19.202] ADDR:0xEA TYPE:PARAMETER_SETTINGS_ENTRY  LEN:64 | EA 3E 2B EA EE 01 02 00 09 50 61 63 6B 65 74 20 52 61 74 65 00 35 30 48 7A 28 2D 31 31 35 64 42 6D 29 3B 31 30 30 48 7A 20 46 75 6C 6C 28 2D 31 31 32 64 42 6D 29 3B 31 35 30 48 7A 28 2D 31 FC
[21:15:19.222] ADDR:0xEE TYPE:RC_CHANNELS_PACKED        LEN:26 | EE 18 16 E0 C3 5E 2B B2 D7 8A 56 B4 02 7C E0 03 1F F8 C0 07 3E F0 81 0F 7C E4
[21:15:19.232] ADDR:0xEE TYPE:RC_CHANNELS_PACKED        LEN:26 | EE 18 16 E0 C3 5E 2B B2 D7 8A 56 B4 02 7C E0 03 1F F8 C0 07 3E F0 81 0F 7C E4
[21:15:19.252] ADDR:0xEE TYPE:RC_CHANNELS_PACKED        LEN:26 | EE 18 16 E0 C3 5E 2B B2 D7 8A 56 B4 02 7C E0 03 1F F8 C0 07 3E F0 81 0F 7C E4
[21:15:19.262] ADDR:0xEE TYPE:PARAMETER_READ            LEN:08 | EE 06 2C EE EA 01 01 53
[21:15:19.303] ADDR:0xEE TYPE:RC_CHANNELS_PACKED        LEN:26 | EE 18 16 E0 C3 5E 2B B4 D7 8A 56 B4 02 7C E0 03 1F F8 C0 07 3E F0 81 0F 7C 60
[21:15:19.303] ADDR:0xEA TYPE:PARAMETER_SETTINGS_ENTRY  LEN:64 | EA 3E 2B EA EE 01 01 31 32 64 42 6D 29 3B 32 35 30 48 7A 28 2D 31 30 38 64 42 6D 29 3B 33 33 33 48 7A 20 46 75 6C 6C 28 2D 31 30 35 64 42 6D 29 3B 35 30 30 48 7A 28 2D 31 30 35 64 42 6D 29 94
[21:15:19.313] ADDR:0xEE TYPE:RC_CHANNELS_PACKED        LEN:26 | EE 18 16 E0 C3 5E 2B B2 D7 8A 56 B4 02 7C E0 03 1F F8 C0 07 3E F0 81 0F 7C E4
[21:15:19.333] ADDR:0xEE TYPE:RC_CHANNELS_PACKED        LEN:26 | EE 18 16 E0 C3 5E 2B B2 D7 8A 56 B4 02 7C E0 03 1F F8 C0 07 3E F0 81 0F 7C E4
[21:15:19.354] ADDR:0xEE TYPE:RC_CHANNELS_PACKED        LEN:26 | EE 18 16 E0 C3 5E 2B B4 D7 8A 56 B4 02 7C E0 03 1F F8 C0 07 3E F0 81 0F 7C 60
[21:15:19.354] ADDR:0xEA TYPE:ELRS_STATUS               LEN:15 | EA 0D 3A EA EE 10 00 03 0D 40 00 00 01 7C 22
[21:15:19.364] ADDR:0xEE TYPE:PARAMETER_READ            LEN:08 | EE 06 2C EE EA 01 02 F9
[21:15:19.404] ADDR:0xEE TYPE:RC_CHANNELS_PACKED        LEN:26 | EE 18 16 E0 C3 5E 2B B2 D7 8A 56 B4 02 7C E0 03 1F F8 C0 07 3E F0 81 0F 7C E4
[21:15:19.404] ADDR:0xEA TYPE:PARAMETER_SETTINGS_ENTRY  LEN:56 | EA 36 2B EA EE 01 00 3B 44 32 35 30 28 2D 31 30 34 64 42 6D 29 3B 44 35 30 30 28 2D 31 30 34 64 42 6D 29 3B 46 35 30 30 28 2D 31 30 34 64 42 6D 29 00 00 00 08 00 00 0E
[21:15:19.415] ADDR:0xEE TYPE:RC_CHANNELS_PACKED        LEN:26 | EE 18 16 E0 C3 5E 2B B2 D7 8A 56 B4 02 7C E0 03 1F F8 C0 07 3E F0 81 0F 7C E4
[21:15:19.435] ADDR:0xEE TYPE:RC_CHANNELS_PACKED        LEN:26 | EE 18 16 E0 C3 5E 2B B2 D7 8A 56 B4 02 7C E0 03 1F F8 C0 07 3E F0 81 0F 7C E4
[21:15:19.445] ADDR:0xEE TYPE:RC_CHANNELS_PACKED        LEN:26 | EE 18 16 E0 C3 5E 2B B0 D7 8A 56 B4 02 7C E0 03 1F F8 C0 07 3E F0 81 0F 7C 98
[21:15:19.465] ADDR:0xEE TYPE:PARAMETER_READ            LEN:08 | EE 06 2C EE EA 02 00 9B
[21:15:19.506] ADDR:0xEE TYPE:RC_CHANNELS_PACKED        LEN:26 | EE 18 16 E0 C3 5E 2B B2 D7 8A 56 B4 02 7C E0 03 1F F8 C0 07 3E F0 81 0F 7C E4
[21:15:19.506] ADDR:0xEA TYPE:PARAMETER_SETTINGS_ENTRY  LEN:64 | EA 3E 2B EA EE 02 01 00 09 54 65 6C 65 6D 20 52 61 74 69 6F 00 53 74 64 3B 4F 66 66 3B 31 3A 31 32 38 3B 31 3A 36 34 3B 31 3A 33 32 3B 31 3A 31 36 3B 31 3A 38 3B 31 3A 34 3B 31 3A 32 3B 52 B8
[21:15:19.516] ADDR:0xEE TYPE:RC_CHANNELS_PACKED        LEN:26 | EE 18 16 DF C3 5E 2B B2 D7 8A 56 B4 02 7C E0 03 1F F8 C0 07 3E F0 81 0F 7C 66
[21:15:19.536] ADDR:0xEE TYPE:RC_CHANNELS_PACKED        LEN:26 | EE 18 16 E0 C3 5E 2B B2 D7 8A 56 B4 02 7C E0 03 1F F8 C0 07 3E F0 81 0F 7C E4
[21:15:19.546] ADDR:0xEE TYPE:RC_CHANNELS_PACKED        LEN:26 | EE 18 16 E0 BB 5E 2B B2 D7 8A 56 B4 02 7C E0 03 1F F8 C0 07 3E F0 81 0F 7C 44
[21:15:19.547] ADDR:0xEA TYPE:ELRS_STATUS               LEN:15 | EA 0D 3A EA EE 10 00 03 0D 40 00 00 01 AE 7D
[21:15:19.567] ADDR:0xEE TYPE:PARAMETER_READ            LEN:08 | EE 06 2C EE EA 02 01 4E
[21:15:19.597] ADDR:0xEE TYPE:RC_CHANNELS_PACKED        LEN:26 | EE 18 16 E0 C3 5E 2B B2 D7 8A 56 B4 02 7C E0 03 1F F8 C0 07 3E F0 81 0F 7C E4
[21:15:19.597] ADDR:0xEA TYPE:PARAMETER_SETTINGS_ENTRY  LEN:24 | EA 16 2B EA EE 02 00 61 63 65 00 02 00 09 00 20 28 37 62 70 73 29 00 65
[21:15:19.618] ADDR:0xEE TYPE:RC_CHANNELS_PACKED        LEN:26 | EE 18 16 E0 C3 5E 2B B2 D7 8A 56 B4 02 7C E0 03 1F F8 C0 07 3E F0 81 0F 7C E4
[21:15:19.628] ADDR:0xEE TYPE:RC_CHANNELS_PACKED        LEN:26 | EE 18 16 E0 C3 5E 2B B2 D7 8A 56 B4 02 7C E0 03 1F F8 C0 07 3E F0 81 0F 7C E4
[21:15:19.648] ADDR:0xEE TYPE:RC_CHANNELS_PACKED        LEN:26 | EE 18 16 E0 C3 5E 2B B2 D7 8A 56 B4 02 7C E0 03 1F F8 C0 07 3E F0 81 0F 7C E4
[21:15:19.678] ADDR:0xEE TYPE:PARAMETER_READ            LEN:08 | EE 06 2C EE EA 03 00 90
[21:15:19.699] ADDR:0xEE TYPE:RC_CHANNELS_PACKED        LEN:26 | EE 18 16 E0 C3 5E 2B B0 D7 8A 56 B4 02 7C E0 03 1F F8 C0 07 3E F0 81 0F 7C 98
[21:15:19.699] ADDR:0xEA TYPE:PARAMETER_SETTINGS_ENTRY  LEN:39 | EA 25 2B EA EE 03 00 00 09 53 77 69 74 63 68 20 4D 6F 64 65 00 57 69 64 65 3B 48 79 62 72 69 64 00 01 00 01 00 00 35
[21:15:19.719] ADDR:0xEE TYPE:RC_CHANNELS_PACKED        LEN:26 | EE 18 16 E0 C3 5E 2B B2 D7 8A 56 B4 02 7C E0 03 1F F8 C0 07 3E F0 81 0F 7C E4
[21:15:19.729] ADDR:0xEE TYPE:RC_CHANNELS_PACKED        LEN:26 | EE 18 16 E0 C3 5E 2B B2 D7 8A 56 B4 02 7C E0 03 1F F8 C0 07 3E F0 81 0F 7C E4
[21:15:19.750] ADDR:0xEE TYPE:RC_CHANNELS_PACKED        LEN:26 | EE 18 16 E0 C3 5E 2B B2 D7 8A 56 B4 02 7C E0 03 1F F8 C0 07 3E F0 81 0F 7C E4
[21:15:19.750] ADDR:0xEA TYPE:ELRS_STATUS               LEN:15 | EA 0D 3A EA EE 10 00 03 0D 40 FF FF FF 10 1F
[21:15:19.770] ADDR:0xEE TYPE:PARAMETER_READ            LEN:08 | EE 06 2C EE EA 04 00 A1
[21:15:19.801] ADDR:0xEE TYPE:RC_CHANNELS_PACKED        LEN:26 | EE 18 16 E0 C3 5E 2B B2 D7 8A 56 B4 02 7C E0 03 1F F8 C0 07 3E F0 81 0F 7C E4
[21:15:19.801] ADDR:0xEA TYPE:PARAMETER_SETTINGS_ENTRY  LEN:40 | EA 26 2B EA EE 04 00 00 09 4C 69 6E 6B 20 4D 6F 64 65 00 4E 6F 72 6D 61 6C 3B 4D 41 56 4C 69 6E 6B 00 00 00 01 00 00 06
[21:15:19.821] ADDR:0xEE TYPE:RC_CHANNELS_PACKED        LEN:26 | EE 18 16 E0 C3 5E 2B B2 D7 8A 56 B4 02 7C E0 03 1F F8 C0 07 3E F0 81 0F 7C E4
[21:15:19.831] ADDR:0xEE TYPE:RC_CHANNELS_PACKED        LEN:26 | EE 18 16 E0 C3 5E 2B B2 D7 8A 56 B4 02 7C E0 03 1F F8 C0 07 3E F0 81 0F 7C E4
[21:15:19.852] ADDR:0xEE TYPE:RC_CHANNELS_PACKED        LEN:26 | EE 18 16 E0 C3 5E 2B B2 D7 8A 56 B4 02 7C E0 03 1F F8 C0 07 3E F0 81 0F 7C E4
[21:15:19.862] ADDR:0xEE TYPE:PARAMETER_READ            LEN:08 | EE 06 2C EE EA 05 00 AA
[21:15:19.902] ADDR:0xEE TYPE:RC_CHANNELS_PACKED        LEN:26 | EE 18 16 E0 C3 5E 2B B2 D7 8A 56 B4 02 7C E0 03 1F F8 C0 07 3E F0 81 0F 7C E4
[21:15:19.902] ADDR:0xEA TYPE:PARAMETER_SETTINGS_ENTRY  LEN:42 | EA 28 2B EA EE 05 00 00 09 4D 6F 64 65 6C 20 4D 61 74 63 68 00 4F 66 66 3B 4F 6E 00 00 00 01 00 20 28 49 44 3A 20 30 29 00 D2
[21:15:19.922] ADDR:0xEE TYPE:RC_CHANNELS_PACKED        LEN:26 | EE 18 16 E0 C3 5E 2B B2 D7 8A 56 B4 02 7C E0 03 1F F8 C0 07 3E F0 81 0F 7C E4
[21:15:19.933] ADDR:0xEE TYPE:RC_CHANNELS_PACKED        LEN:26 | EE 18 16 E0 C3 5E 2B B2 D7 8A 56 B4 02 7C E0 03 1F F8 C0 07 3E F0 81 0F 7C E4
[21:15:19.953] ADDR:0xEE TYPE:RC_CHANNELS_PACKED        LEN:26 | EE 18 16 E0 C3 5E 2B B2 D7 8A 56 B4 02 7C E0 03 1F F8 C0 07 3E F0 81 0F 7C E4
[21:15:19.953] ADDR:0xEA TYPE:ELRS_STATUS               LEN:15 | EA 0D 3A EA EE 10 00 03 0D 40 00 00 00 DC 62
[21:15:19.963] ADDR:0xEE TYPE:PARAMETER_READ            LEN:08 | EE 06 2C EE EA 06 00 B7
[21:15:19.993] ADDR:0xEE TYPE:RC_CHANNELS_PACKED        LEN:26 | EE 18 16 E0 C3 5E 2B B2 D7 8A 56 B4 02 7C E0 03 1F F8 C0 07 3E F0 81 0F 7C E4
[21:15:19.993] ADDR:0xEA TYPE:PARAMETER_SETTINGS_ENTRY  LEN:32 | EA 1E 2B EA EE 06 00 00 0B 54 58 20 50 6F 77 65 72 20 28 31 30 30 30 6D 57 29 00 07 08 09 FF B2
[21:15:20.014] ADDR:0xEE TYPE:RC_CHANNELS_PACKED        LEN:26 | EE 18 16 E0 C3 5E 2B B2 D7 8A 56 B4 02 7C E0 03 1F F8 C0 07 3E F0 81 0F 7C E4
[21:15:20.034] ADDR:0xEE TYPE:RC_CHANNELS_PACKED        LEN:26 | EE 18 16 E0 C3 5E 2B B0 D7 8A 56 B4 02 7C E0 03 1F F8 C0 07 3E F0 81 0F 7C 98
[21:15:20.044] ADDR:0xEE TYPE:RC_CHANNELS_PACKED        LEN:26 | EE 18 16 E0 C3 5E 2B B2 D7 8A 56 B4 02 7C E0 03 1F F8 C0 07 3E F0 81 0F 7C E4
[21:15:20.074] ADDR:0xEE TYPE:PARAMETER_READ            LEN:08 | EE 06 2C EE EA 07 00 BC
[21:15:20.105] ADDR:0xEE TYPE:RC_CHANNELS_PACKED        LEN:26 | EE 18 16 E0 C3 5E 2B B2 D7 8A 56 B4 02 7C E0 03 1F F8 C0 07 3E F0 81 0F 7C E4
[21:15:20.105] ADDR:0xEA TYPE:PARAMETER_SETTINGS_ENTRY  LEN:50 | EA 30 2B EA EE 07 00 06 09 4D 61 78 20 50 6F 77 65 72 00 32 35 3B 35 30 3B 31 30 30 3B 32 35 30 3B 35 30 30 3B 31 30 30 30 00 05 00 05 00 6D 57 00 F4
[21:15:20.115] ADDR:0xEE TYPE:RC_CHANNELS_PACKED        LEN:26 | EE 18 16 E0 C3 5E 2B B0 D7 8A 56 B4 02 7C E0 03 1F F8 C0 07 3E F0 81 0F 7C 98
[21:15:20.136] ADDR:0xEE TYPE:RC_CHANNELS_PACKED        LEN:26 | EE 18 16 E0 C3 5E 2B B2 D7 8A 56 B4 02 7C E0 03 1F F8 C0 07 3E F0 81 0F 7C E4
[21:15:20.146] ADDR:0xEE TYPE:RC_CHANNELS_PACKED        LEN:26 | EE 18 16 E0 C3 5E 2B B2 D7 8A 56 B4 02 7C E0 03 1F F8 C0 07 3E F0 81 0F 7C E4
[21:15:20.147] ADDR:0xEA TYPE:ELRS_STATUS               LEN:15 | EA 0D 3A EA EE 10 00 03 0D 40 00 00 00 B4 72
[21:15:20.167] ADDR:0xEE TYPE:PARAMETER_READ            LEN:08 | EE 06 2C EE EA 08 00 D5
[21:15:20.197] ADDR:0xEE TYPE:RC_CHANNELS_PACKED        LEN:26 | EE 18 16 E0 C3 5E 2B B2 D7 8A 56 B4 02 7C E0 03 1F F8 C0 07 3E F0 81 0F 7C E4
[21:15:20.197] ADDR:0xEA TYPE:PARAMETER_SETTINGS_ENTRY  LEN:54 | EA 34 2B EA EE 08 00 06 09 44 79 6E 61 6D 69 63 00 4F 66 66 3B 44 79 6E 3B 41 55 58 39 3B 41 55 58 31 30 3B 41 55 58 31 31 3B 41 55 58 31 32 00 00 00 05 00 00 01
[21:15:20.218] ADDR:0xEE TYPE:RC_CHANNELS_PACKED        LEN:26 | EE 18 16 E0 C3 5E 2B B2 D7 8A 56 B4 02 7C E0 03 1F F8 C0 07 3E F0 81 0F 7C E4
[21:15:20.238] ADDR:0xEE TYPE:RC_CHANNELS_PACKED        LEN:26 | EE 18 16 E0 C3 5E 2B B2 D7 8A 56 B4 02 7C E0 03 1F F8 C0 07 3E F0 81 0F 7C E4
[21:15:20.248] ADDR:0xEE TYPE:RC_CHANNELS_PACKED        LEN:26 | EE 18 16 E0 BB 5E 2B B0 D7 8A 56 B4 02 7C E0 03 1F F8 C0 07 3E F0 81 0F 7C 38
[21:15:20.268] ADDR:0xEE TYPE:PARAMETER_READ            LEN:08 | EE 06 2C EE EA 09 00 DE
[21:15:20.298] ADDR:0xEE TYPE:RC_CHANNELS_PACKED        LEN:26 | EE 18 16 E0 C3 5E 2B B2 D7 8A 56 B4 02 7C E0 03 1F F8 C0 07 3E F0 81 0F 7C E4
[21:15:20.299] ADDR:0xEA TYPE:PARAMETER_SETTINGS_ENTRY  LEN:64 | EA 3E 2B EA EE 09 01 06 09 46 61 6E 20 54 68 72 65 73 68 00 31 30 6D 57 3B 32 35 6D 57 3B 35 30 6D 57 3B 31 30 30 6D 57 3B 32 35 30 6D 57 3B 35 30 30 6D 57 3B 31 30 30 30 6D 57 3B 32 30 30 B6
[21:15:20.319] ADDR:0xEE TYPE:RC_CHANNELS_PACKED        LEN:26 | EE 18 16 E0 C3 5E 2B B0 D7 8A 56 B4 02 7C E0 03 1F F8 C0 07 3E F0 81 0F 7C 98
[21:15:20.329] ADDR:0xEE TYPE:RC_CHANNELS_PACKED        LEN:26 | EE 18 16 E0 C3 5E 2B AE D7 8A 56 B4 02 7C E0 03 1F F8 C0 07 3E F0 81 0F 7C 73
[21:15:20.349] ADDR:0xEE TYPE:RC_CHANNELS_PACKED        LEN:26 | EE 18 16 E0 C3 5E 2B B2 D7 8A 56 B4 02 7C E0 03 1F F8 C0 07 3E F0 81 0F 7C E4
[21:15:20.349] ADDR:0xEA TYPE:ELRS_STATUS               LEN:15 | EA 0D 3A EA EE 10 00 03 0D 40 00 00 00 28 18
[21:15:20.369] ADDR:0xEE TYPE:PARAMETER_READ            LEN:08 | EE 06 2C EE EA 09 01 0B
[21:15:20.400] ADDR:0xEE TYPE:RC_CHANNELS_PACKED        LEN:26 | EE 18 16 E0 C3 5E 2B B2 D7 8A 56 B4 02 7C E0 03 1F F8 C0 07 3E F0 81 0F 7C E4
[21:15:20.400] ADDR:0xEA TYPE:PARAMETER_SETTINGS_ENTRY  LEN:23 | EA 15 2B EA EE 09 00 30 6D 57 3B 4E 65 76 65 72 00 05 00 08 00 00 B8
[21:15:20.410] ADDR:0xEE TYPE:RC_CHANNELS_PACKED        LEN:26 | EE 18 16 E0 C3 5E 2B AE D7 8A 56 B4 02 7C E0 03 1F F8 C0 07 3E F0 81 0F 7C 73
[21:15:20.430] ADDR:0xEE TYPE:RC_CHANNELS_PACKED        LEN:26 | EE 18 16 E0 C3 5E 2B B2 D7 8A 56 B4 02 7C E0 03 1F F8 C0 07 3E F0 81 0F 7C E4
[21:15:20.450] ADDR:0xEE TYPE:RC_CHANNELS_PACKED        LEN:26 | EE 18 16 E0 C3 5E 2B B2 D7 8A 56 B4 02 7C E0 03 1F F8 C0 07 3E F0 81 0F 7C E4
[21:15:20.473] ADDR:0xEE TYPE:PARAMETER_READ            LEN:08 | EE 06 2C EE EA 0A 00 C3
[21:15:20.493] ADDR:0xEE TYPE:RC_CHANNELS_PACKED        LEN:26 | EE 18 16 E0 C3 5E 2B B0 D7 8A 56 B4 02 7C E0 03 1F F8 C0 07 3E F0 81 0F 7C 98
[21:15:20.493] ADDR:0xEA TYPE:PARAMETER_SETTINGS_ENTRY  LEN:34 | EA 20 2B EA EE 0A 00 00 0B 56 54 58 20 41 64 6D 69 6E 69 73 74 72 61 74 6F 72 00 0B 0C 0D 0E 0F FF 62
[21:15:20.513] ADDR:0xEE TYPE:RC_CHANNELS_PACKED        LEN:26 | EE 18 16 E0 C3 5E 2B B0 D7 8A 56 B4 02 7C E0 03 1F F8 C0 07 3E F0 81 0F 7C 98
[21:15:20.524] ADDR:0xEE TYPE:RC_CHANNELS_PACKED        LEN:26 | EE 18 16 E0 C3 5E 2B B2 D7 8A 56 B4 02 7C E0 03 1F F8 C0 07 3E F0 81 0F 7C E4
[21:15:20.554] ADDR:0xEE TYPE:RC_CHANNELS_PACKED        LEN:26 | EE 18 16 E0 C3 5E 2B B2 D7 8A 56 B4 02 7C E0 03 1F F8 C0 07 3E F0 81 0F 7C E4
[21:15:20.554] ADDR:0xEA TYPE:ELRS_STATUS               LEN:15 | EA 0D 3A EA EE 10 00 03 0D 40 00 00 01 86 F0
[21:15:20.575] ADDR:0xEE TYPE:PARAMETER_READ            LEN:08 | EE 06 2C EE EA 0B 00 C8
[21:15:20.605] ADDR:0xEE TYPE:RC_CHANNELS_PACKED        LEN:26 | EE 18 16 E0 C3 5E 2B B2 D7 8A 56 B4 02 7C E0 03 1F F8 C0 07 3E F0 81 0F 7C E4
[21:15:20.605] ADDR:0xEA TYPE:PARAMETER_SETTINGS_ENTRY  LEN:36 | EA 22 2B EA EE 0B 00 0A 09 42 61 6E 64 00 4F 66 66 3B 41 3B 42 3B 45 3B 46 3B 52 3B 4C 00 00 00 06 00 00 4B
[21:15:20.605] ADDR:0xEE TYPE:RC_CHANNELS_PACKED        LEN:26 | EE 18 16 E0 C3 5E 2B B2 D7 8A 56 B4 02 7C E0 03 1F F8 C0 07 3E F0 81 0F 7C E4
[21:15:20.636] ADDR:0xEE TYPE:RC_CHANNELS_PACKED        LEN:26 | EE 18 16 E0 C3 5E 2B B2 D7 8A 56 B4 02 7C E0 03 1F F8 C0 07 3E F0 81 0F 7C E4
[21:15:20.656] ADDR:0xEE TYPE:RC_CHANNELS_PACKED        LEN:26 | EE 18 16 E0 C3 5E 2B B2 D7 8A 56 B4 02 7C E0 03 1F F8 C0 07 3E F0 81 0F 7C E4
[21:15:20.666] ADDR:0xEE TYPE:PARAMETER_READ            LEN:08 | EE 06 2C EE EA 0C 00 F9
[21:15:20.686] ADDR:0xEE TYPE:RC_CHANNELS_PACKED        LEN:26 | EE 18 16 E0 C3 5E 2B B0 D7 8A 56 B4 02 7C E0 03 1F F8 C0 07 3E F0 81 0F 7C 98
[21:15:20.697] ADDR:0xEA TYPE:PARAMETER_SETTINGS_ENTRY  LEN:23 | EA 15 2B EA EE 0C 00 0A 00 43 68 61 6E 6E 65 6C 00 01 01 08 00 00 FB
[21:15:20.717] ADDR:0xEE TYPE:RC_CHANNELS_PACKED        LEN:26 | EE 18 16 E0 C3 5E 2B B2 D7 8A 56 B4 02 7C E0 03 1F F8 C0 07 3E F0 81 0F 7C E4
[21:15:20.737] ADDR:0xEE TYPE:RC_CHANNELS_PACKED        LEN:26 | EE 18 16 E0 C3 5E 2B B2 D7 8A 56 B4 02 7C E0 03 1F F8 C0 07 3E F0 81 0F 7C E4
[21:15:20.747] ADDR:0xEE TYPE:RC_CHANNELS_PACKED        LEN:26 | EE 18 16 E0 C3 5E 2B B2 D7 8A 56 B4 02 7C E0 03 1F F8 C0 07 3E F0 81 0F 7C E4
[21:15:20.748] ADDR:0xEA TYPE:ELRS_STATUS               LEN:15 | EA 0D 3A EA EE 10 00 03 0D 40 00 00 00 A0 DE
[21:15:20.768] ADDR:0xEE TYPE:PARAMETER_READ            LEN:08 | EE 06 2C EE EA 0D 00 F2
[21:15:20.798] ADDR:0xEE TYPE:RC_CHANNELS_PACKED        LEN:26 | EE 18 16 E0 BB 5E 2B B2 D7 8A 56 B4 02 7C E0 03 1F F8 C0 07 3E F0 81 0F 7C 44
[21:15:20.798] ADDR:0xEA TYPE:PARAMETER_SETTINGS_ENTRY  LEN:41 | EA 27 2B EA EE 0D 00 0A 09 50 77 72 20 4C 76 6C 00 2D 3B 31 3B 32 3B 33 3B 34 3B 35 3B 36 3B 37 3B 38 00 00 00 08 00 00 C1
[21:15:20.818] ADDR:0xEE TYPE:RC_CHANNELS_PACKED        LEN:26 | EE 18 16 E0 C3 5E 2B B2 D7 8A 56 B4 02 7C E0 03 1F F8 C0 07 3E F0 81 0F 7C E4
[21:15:20.829] ADDR:0xEE TYPE:RC_CHANNELS_PACKED        LEN:26 | EE 18 16 E0 BB 5E 2B B2 D7 8A 56 B4 02 7C E0 03 1F F8 C0 07 3E F0 81 0F 7C 44
[21:15:20.849] ADDR:0xEE TYPE:RC_CHANNELS_PACKED        LEN:26 | EE 18 16 E0 C3 5E 2B B2 D7 8A 56 B4 02 7C E0 03 1F F8 C0 07 3E F0 81 0F 7C E4
[21:15:20.869] ADDR:0xEE TYPE:PARAMETER_READ            LEN:08 | EE 06 2C EE EA 0E 00 EF
[21:15:20.899] ADDR:0xEE TYPE:RC_CHANNELS_PACKED        LEN:26 | EE 18 16 E0 C3 5E 2B B2 D7 8A 56 B4 02 7C E0 03 1F F8 C0 07 3E F0 81 0F 7C E4
[21:15:20.900] ADDR:0xEA TYPE:PARAMETER_SETTINGS_ENTRY  LEN:64 | EA 3E 2B EA EE 0E 02 0A 89 50 69 74 6D 6F 64 65 00 4F 66 66 3B 4F 6E 3B 41 55 58 31 C0 3B 41 55 58 31 C1 3B 41 55 58 32 C0 3B 41 55 58 32 C1 3B 41 55 58 33 C0 3B 41 55 58 33 C1 3B 41 55 58 F1
[21:15:20.921] ADDR:0xEE TYPE:RC_CHANNELS_PACKED        LEN:26 | EE 18 16 E0 C3 5E 2B B0 D7 8A 56 B4 02 7C E0 03 1F F8 C0 07 3E F0 81 0F 7C 98
[21:15:20.932] ADDR:0xEE TYPE:RC_CHANNELS_PACKED        LEN:26 | EE 18 16 E0 C3 5E 2B B2 D7 8A 56 B4 02 7C E0 03 1F F8 C0 07 3E F0 81 0F 7C E4
[21:15:20.952] ADDR:0xEE TYPE:RC_CHANNELS_PACKED        LEN:26 | EE 18 16 E0 C3 5E 2B B2 D7 8A 56 B4 02 7C E0 03 1F F8 C0 07 3E F0 81 0F 7C E4
[21:15:20.952] ADDR:0xEA TYPE:ELRS_STATUS               LEN:15 | EA 0D 3A EA EE 10 00 03 0D 40 FF FF FF 9C 27
[21:15:20.962] ADDR:0xEE TYPE:PARAMETER_READ            LEN:08 | EE 06 2C EE EA 0E 01 3A
[21:15:21.002] ADDR:0xEE TYPE:RC_CHANNELS_PACKED        LEN:26 | EE 18 16 E0 C3 5E 2B B2 D7 8A 56 B4 02 7C E0 03 1F F8 C0 07 3E F0 81 0F 7C E4
[21:15:21.003] ADDR:0xEA TYPE:PARAMETER_SETTINGS_ENTRY  LEN:64 | EA 3E 2B EA EE 0E 01 34 C0 3B 41 55 58 34 C1 3B 41 55 58 35 C0 3B 41 55 58 35 C1 3B 41 55 58 36 C0 3B 41 55 58 36 C1 3B 41 55 58 37 C0 3B 41 55 58 37 C1 3B 41 55 58 38 C0 3B 41 55 58 38 C1 00
[21:15:21.013] ADDR:0xEE TYPE:RC_CHANNELS_PACKED        LEN:26 | EE 18 16 E0 C3 5E 2B B2 D7 8A 56 B4 02 7C E0 03 1F F8 C0 07 3E F0 81 0F 7C E4
[21:15:21.033] ADDR:0xEE TYPE:RC_CHANNELS_PACKED        LEN:26 | EE 18 16 E0 C3 5E 2B B2 D7 8A 56 B4 02 7C E0 03 1F F8 C0 07 3E F0 81 0F 7C E4
[21:15:21.053] ADDR:0xEE TYPE:RC_CHANNELS_PACKED        LEN:26 | EE 18 16 E0 C3 5E 2B B2 D7 8A 56 B4 02 7C E0 03 1F F8 C0 07 3E F0 81 0F 7C E4
[21:15:21.063] ADDR:0xEE TYPE:PARAMETER_READ            LEN:08 | EE 06 2C EE EA 0E 02 90
[21:15:21.104] ADDR:0xEE TYPE:RC_CHANNELS_PACKED        LEN:26 | EE 18 16 E0 C3 5E 2B AE D7 8A 56 B4 02 7C E0 03 1F F8 C0 07 3E F0 81 0F 7C 73
[21:15:21.104] ADDR:0xEA TYPE:PARAMETER_SETTINGS_ENTRY  LEN:40 | EA 26 2B EA EE 0E 00 3B 41 55 58 39 C0 3B 41 55 58 39 C1 3B 41 55 58 31 30 C0 3B 41 55 58 31 30 C1 00 00 00 15 00 00 97
[21:15:21.114] ADDR:0xEE TYPE:RC_CHANNELS_PACKED        LEN:26 | EE 18 16 E0 C3 5E 2B B2 D7 8A 56 B4 02 7C E0 03 1F F8 C0 07 3E F0 81 0F 7C E4
[21:15:21.134] ADDR:0xEE TYPE:RC_CHANNELS_PACKED        LEN:26 | EE 18 16 E0 C3 5E 2B B2 D7 8A 56 B4 02 7C E0 03 1F F8 C0 07 3E F0 81 0F 7C E4
[21:15:21.145] ADDR:0xEE TYPE:RC_CHANNELS_PACKED        LEN:26 | EE 18 16 E0 C3 5E 2B B0 D7 8A 56 B4 02 7C E0 03 1F F8 C0 07 3E F0 81 0F 7C 98
[21:15:21.145] ADDR:0xEA TYPE:ELRS_STATUS               LEN:15 | EA 0D 3A EA EE 10 00 03 0D 40 00 00 01 2C ED
[21:15:21.165] ADDR:0xEE TYPE:PARAMETER_READ            LEN:08 | EE 06 2C EE EA 0F 00 E4
[21:15:21.195] ADDR:0xEE TYPE:RC_CHANNELS_PACKED        LEN:26 | EE 18 16 E0 C3 5E 2B B2 D7 8A 56 B4 02 7C E0 03 1F F8 C0 07 3E F0 81 0F 7C E4
[21:15:21.195] ADDR:0xEA TYPE:PARAMETER_SETTINGS_ENTRY  LEN:22 | EA 14 2B EA EE 0F 00 0A 0D 53 65 6E 64 20 56 54 78 00 00 C8 00 01
[21:15:21.216] ADDR:0xEE TYPE:RC_CHANNELS_PACKED        LEN:26 | EE 18 16 E0 C3 5E 2B B0 D7 8A 56 B4 02 7C E0 03 1F F8 C0 07 3E F0 81 0F 7C 98
[21:15:21.226] ADDR:0xEE TYPE:RC_CHANNELS_PACKED        LEN:26 | EE 18 16 E0 BB 5E 2B B2 D7 8A 56 B4 02 7C E0 03 1F F8 C0 07 3E F0 81 0F 7C 44
[21:15:21.246] ADDR:0xEE TYPE:RC_CHANNELS_PACKED        LEN:26 | EE 18 16 E0 C3 5E 2B B2 D7 8A 56 B4 02 7C E0 03 1F F8 C0 07 3E F0 81 0F 7C E4
[21:15:21.277] ADDR:0xEE TYPE:PARAMETER_READ            LEN:08 | EE 06 2C EE EA 10 00 3D
[21:15:21.297] ADDR:0xEE TYPE:RC_CHANNELS_PACKED        LEN:26 | EE 18 16 E0 BB 5E 2B B2 D7 8A 56 B4 02 7C E0 03 1F F8 C0 07 3E F0 81 0F 7C 44
[21:15:21.297] ADDR:0xEA TYPE:PARAMETER_SETTINGS_ENTRY  LEN:33 | EA 1F 2B EA EE 10 00 00 0B 57 69 46 69 20 43 6F 6E 6E 65 63 74 69 76 69 74 79 00 11 12 13 14 FF 05
[21:15:21.307] ADDR:0xEE TYPE:RC_CHANNELS_PACKED        LEN:26 | EE 18 16 E0 C3 5E 2B B2 D7 8A 56 B4 02 7C E0 03 1F F8 C0 07 3E F0 81 0F 7C E4
[21:15:21.327] ADDR:0xEE TYPE:RC_CHANNELS_PACKED        LEN:26 | EE 18 16 E0 C3 5E 2B B2 D7 8A 56 B4 02 7C E0 03 1F F8 C0 07 3E F0 81 0F 7C E4
[21:15:21.358] ADDR:0xEE TYPE:RC_CHANNELS_PACKED        LEN:26 | EE 18 16 E0 BB 5E 2B B2 D7 8A 56 B4 02 7C E0 03 1F F8 C0 07 3E F0 81 0F 7C 44
[21:15:21.358] ADDR:0xEA TYPE:ELRS_STATUS               LEN:15 | EA 0D 3A EA EE 10 00 03 0D 40 00 00 00 D2 CA
[21:15:21.378] ADDR:0xEE TYPE:PARAMETER_READ            LEN:08 | EE 06 2C EE EA 11 00 36
[21:15:21.388] ADDR:0xEE TYPE:RC_CHANNELS_PACKED        LEN:26 | EE 18 16 E0 C3 5E 2B AE D7 8A 56 B4 02 7C E0 03 1F F8 C0 07 3E F0 81 0F 7C 73
[21:15:21.388] ADDR:0xEA TYPE:PARAMETER_SETTINGS_ENTRY  LEN:25 | EA 17 2B EA EE 11 00 10 0D 45 6E 61 62 6C 65 20 57 69 46 69 00 00 C8 00 92
[21:15:21.409] ADDR:0xEE TYPE:RC_CHANNELS_PACKED        LEN:26 | EE 18 16 DF D3 5E 2B B2 D7 8A 56 B4 02 7C E0 03 1F F8 C0 07 3E F0 81 0F 7C 37
[21:15:21.439] ADDR:0xEE TYPE:RC_CHANNELS_PACKED        LEN:26 | EE 18 16 E0 C3 5E 2B B2 D7 8A 56 B4 02 7C E0 03 1F F8 C0 07 3E F0 81 0F 7C E4
[21:15:21.449] ADDR:0xEE TYPE:RC_CHANNELS_PACKED        LEN:26 | EE 18 16 E0 C3 5E 2B B2 D7 8A 56 B4 02 7C E0 03 1F F8 C0 07 3E F0 81 0F 7C E4
[21:15:21.469] ADDR:0xEE TYPE:PARAMETER_READ            LEN:08 | EE 06 2C EE EA 12 00 2B
[21:15:21.490] ADDR:0xEE TYPE:RC_CHANNELS_PACKED        LEN:26 | EE 18 16 E0 C3 5E 2B B2 D7 8A 56 B4 02 7C E0 03 1F F8 C0 07 3E F0 81 0F 7C E4
[21:15:21.500] ADDR:0xEA TYPE:PARAMETER_SETTINGS_ENTRY  LEN:28 | EA 1A 2B EA EE 12 00 10 0D 45 6E 61 62 6C 65 20 52 78 20 57 69 46 69 00 00 C8 00 43
[21:15:21.520] ADDR:0xEE TYPE:RC_CHANNELS_PACKED        LEN:26 | EE 18 16 E0 C3 5E 2B B2 D7 8A 56 B4 02 7C E0 03 1F F8 C0 07 3E F0 81 0F 7C E4
[21:15:21.530] ADDR:0xEE TYPE:RC_CHANNELS_PACKED        LEN:26 | EE 18 16 E0 C3 5E 2B B2 D7 8A 56 B4 02 7C E0 03 1F F8 C0 07 3E F0 81 0F 7C E4
[21:15:21.550] ADDR:0xEE TYPE:RC_CHANNELS_PACKED        LEN:26 | EE 18 16 E0 C3 5E 2B B2 D7 8A 56 B4 02 7C E0 03 1F F8 C0 07 3E F0 81 0F 7C E4
[21:15:21.551] ADDR:0xEA TYPE:ELRS_STATUS               LEN:15 | EA 0D 3A EA EE 10 00 03 0D 40 00 00 01 CC 3B
[21:15:21.561] ADDR:0xEE TYPE:PARAMETER_READ            LEN:08 | EE 06 2C EE EA 13 00 20
[21:15:21.601] ADDR:0xEE TYPE:RC_CHANNELS_PACKED        LEN:26 | EE 18 16 E0 C3 5E 2B B2 D7 8A 56 B4 02 7C E0 03 1F F8 C0 07 3E F0 81 0F 7C E4
[21:15:21.601] ADDR:0xEA TYPE:PARAMETER_SETTINGS_ENTRY  LEN:34 | EA 20 2B EA EE 13 00 10 0D 45 6E 61 62 6C 65 20 42 61 63 6B 70 61 63 6B 20 57 69 46 69 00 00 C8 00 4B
[21:15:21.611] ADDR:0xEE TYPE:RC_CHANNELS_PACKED        LEN:26 | EE 18 16 DF C3 5E 2B B2 D7 8A 56 B4 02 7C E0 03 1F F8 C0 07 3E F0 81 0F 7C 66
[21:15:21.632] ADDR:0xEE TYPE:RC_CHANNELS_PACKED        LEN:26 | EE 18 16 E0 C3 5E 2B B2 D7 8A 56 B4 02 7C E0 03 1F F8 C0 07 3E F0 81 0F 7C E4
[21:15:21.642] ADDR:0xEE TYPE:RC_CHANNELS_PACKED        LEN:26 | EE 18 16 E0 C3 5E 2B B0 D7 8A 56 B4 02 7C E0 03 1F F8 C0 07 3E F0 81 0F 7C 98
[21:15:21.682] ADDR:0xEE TYPE:PARAMETER_READ            LEN:08 | EE 06 2C EE EA 14 00 11
[21:15:21.692] ADDR:0xEE TYPE:RC_CHANNELS_PACKED        LEN:26 | EE 18 16 E0 C3 5E 2B B2 D7 8A 56 B4 02 7C E0 03 1F F8 C0 07 3E F0 81 0F 7C E4
[21:15:21.692] ADDR:0xEA TYPE:PARAMETER_SETTINGS_ENTRY  LEN:29 | EA 1B 2B EA EE 14 00 10 0D 45 6E 61 62 6C 65 20 56 52 78 20 57 69 46 69 00 00 C8 00 EC
[21:15:21.713] ADDR:0xEE TYPE:RC_CHANNELS_PACKED        LEN:26 | EE 18 16 E0 C3 5E 2B B2 D7 8A 56 B4 02 7C E0 03 1F F8 C0 07 3E F0 81 0F 7C E4
[21:15:21.723] ADDR:0xEE TYPE:RC_CHANNELS_PACKED        LEN:26 | EE 18 16 E0 C3 5E 2B B0 D7 8A 56 B4 02 7C E0 03 1F F8 C0 07 3E F0 81 0F 7C 98
[21:15:21.753] ADDR:0xEE TYPE:RC_CHANNELS_PACKED        LEN:26 | EE 18 16 E0 C3 5E 2B B2 D7 8A 56 B4 02 7C E0 03 1F F8 C0 07 3E F0 81 0F 7C E4
[21:15:21.753] ADDR:0xEA TYPE:ELRS_STATUS               LEN:15 | EA 0D 3A EA EE 10 00 03 0D 40 00 00 00 1E 6F
[21:15:21.773] ADDR:0xEE TYPE:PARAMETER_READ            LEN:08 | EE 06 2C EE EA 15 00 1A
[21:15:21.794] ADDR:0xEE TYPE:RC_CHANNELS_PACKED        LEN:26 | EE 18 16 E0 C3 5E 2B B2 D7 8A 56 B4 02 7C E0 03 1F F8 C0 07 3E F0 81 0F 7C E4
[21:15:21.794] ADDR:0xEA TYPE:PARAMETER_SETTINGS_ENTRY  LEN:27 | EA 19 2B EA EE 15 00 00 0B 42 61 63 6B 70 61 63 6B 00 16 17 18 19 1A 1B 1C FF EE
[21:15:21.804] ADDR:0xEE TYPE:RC_CHANNELS_PACKED        LEN:26 | EE 18 16 E0 C3 5E 2B B2 D7 8A 56 B4 02 7C E0 03 1F F8 C0 07 3E F0 81 0F 7C E4
[21:15:21.835] ADDR:0xEE TYPE:RC_CHANNELS_PACKED        LEN:26 | EE 18 16 E0 C3 5E 2B B2 D7 8A 56 B4 02 7C E0 03 1F F8 C0 07 3E F0 81 0F 7C E4
[21:15:21.855] ADDR:0xEE TYPE:RC_CHANNELS_PACKED        LEN:26 | EE 18 16 E0 C3 5E 2B B0 D7 8A 56 B4 02 7C E0 03 1F F8 C0 07 3E F0 81 0F 7C 98
[21:15:21.865] ADDR:0xEE TYPE:PARAMETER_READ            LEN:08 | EE 06 2C EE EA 16 00 07
[21:15:21.885] ADDR:0xEE TYPE:RC_CHANNELS_PACKED        LEN:26 | EE 18 16 E0 C3 5E 2B B0 D7 8A 56 B4 02 7C E0 03 1F F8 C0 07 3E F0 81 0F 7C 98
[21:15:21.905] ADDR:0xEA TYPE:PARAMETER_SETTINGS_ENTRY  LEN:64 | EA 3E 2B EA EE 16 02 15 09 44 56 52 20 52 65 63 00 4F 66 66 3B 41 55 58 31 C0 3B 41 55 58 31 C1 3B 41 55 58 32 C0 3B 41 55 58 32 C1 3B 41 55 58 33 C0 3B 41 55 58 33 C1 3B 41 55 58 34 C0 3B AD
[21:15:21.916] ADDR:0xEE TYPE:RC_CHANNELS_PACKED        LEN:26 | EE 18 16 E0 C3 5E 2B AE D7 8A 56 B4 02 7C E0 03 1F F8 C0 07 3E F0 81 0F 7C 73
[21:15:21.936] ADDR:0xEE TYPE:RC_CHANNELS_PACKED        LEN:26 | EE 18 16 E0 C3 5E 2B B2 D7 8A 56 B4 02 7C E0 03 1F F8 C0 07 3E F0 81 0F 7C E4
[21:15:21.946] ADDR:0xEE TYPE:RC_CHANNELS_PACKED        LEN:26 | EE 18 16 E0 C3 5E 2B B2 D7 8A 56 B4 02 7C E0 03 1F F8 C0 07 3E F0 81 0F 7C E4
[21:15:21.966] ADDR:0xEE TYPE:PARAMETER_READ            LEN:08 | EE 06 2C EE EA 16 01 D2
[21:15:21.966] ADDR:0xEA TYPE:ELRS_STATUS               LEN:15 | EA 0D 3A EA EE 10 00 03 0D 40 00 00 00 B4 72
[21:15:22.007] ADDR:0xEE TYPE:RC_CHANNELS_PACKED        LEN:26 | EE 18 16 E0 C3 5E 2B B2 D7 8A 56 B4 02 7C E0 03 1F F8 C0 07 3E F0 81 0F 7C E4
[21:15:22.007] ADDR:0xEA TYPE:PARAMETER_SETTINGS_ENTRY  LEN:64 | EA 3E 2B EA EE 16 01 41 55 58 34 C1 3B 41 55 58 35 C0 3B 41 55 58 35 C1 3B 41 55 58 36 C0 3B 41 55 58 36 C1 3B 41 55 58 37 C0 3B 41 55 58 37 C1 3B 41 55 58 38 C0 3B 41 55 58 38 C1 3B 41 55 BA
[21:15:22.017] ADDR:0xEE TYPE:RC_CHANNELS_PACKED        LEN:26 | EE 18 16 E0 C3 5E 2B B2 D7 8A 56 B4 02 7C E0 03 1F F8 C0 07 3E F0 81 0F 7C E4
[21:15:22.037] ADDR:0xEE TYPE:RC_CHANNELS_PACKED        LEN:26 | EE 18 16 DF C3 5E 2B B2 D7 8A 56 B4 02 7C E0 03 1F F8 C0 07 3E F0 81 0F 7C 66
[21:15:22.047] ADDR:0xEE TYPE:RC_CHANNELS_PACKED        LEN:26 | EE 18 16 E0 C3 5E 2B B2 D7 8A 56 B4 02 7C E0 03 1F F8 C0 07 3E F0 81 0F 7C E4
[21:15:22.068] ADDR:0xEE TYPE:PARAMETER_READ            LEN:08 | EE 06 2C EE EA 16 02 78
[21:15:22.118] ADDR:0xEE TYPE:RC_CHANNELS_PACKED        LEN:26 | EE 18 16 E0 C3 5E 2B B2 D7 8A 56 B4 02 7C E0 03 1F F8 C0 07 3E F0 81 0F 7C E4
[21:15:22.118] ADDR:0xEA TYPE:PARAMETER_SETTINGS_ENTRY  LEN:37 | EA 23 2B EA EE 16 00 58 39 C0 3B 41 55 58 39 C1 3B 41 55 58 31 30 C0 3B 41 55 58 31 30 C1 00 00 00 14 00 00 20
[21:15:22.118] ADDR:0xEE TYPE:RC_CHANNELS_PACKED        LEN:26 | EE 18 16 E0 C3 5E 2B B2 D7 8A 56 B4 02 7C E0 03 1F F8 C0 07 3E F0 81 0F 7C E4
[21:15:22.129] ADDR:0xEE TYPE:RC_CHANNELS_PACKED        LEN:26 | EE 18 16 E0 C3 5E 2B B2 D7 8A 56 B4 02 7C E0 03 1F F8 C0 07 3E F0 81 0F 7C E4
[21:15:22.149] ADDR:0xEE TYPE:RC_CHANNELS_PACKED        LEN:26 | EE 18 16 E0 C3 5E 2B B2 D7 8A 56 B4 02 7C E0 03 1F F8 C0 07 3E F0 81 0F 7C E4
[21:15:22.179] ADDR:0xEE TYPE:PARAMETER_READ            LEN:08 | EE 06 2C EE EA 17 00 0C
[21:15:22.179] ADDR:0xEA TYPE:ELRS_STATUS               LEN:15 | EA 0D 3A EA EE 10 00 03 0D 40 00 00 00 46 89
[21:15:22.200] ADDR:0xEE TYPE:RC_CHANNELS_PACKED        LEN:26 | EE 18 16 E0 C3 5E 2B B2 D7 8A 56 B4 02 7C E0 03 1F F8 C0 07 3E F0 81 0F 7C E4
[21:15:22.200] ADDR:0xEA TYPE:PARAMETER_SETTINGS_ENTRY  LEN:55 | EA 35 2B EA EE 17 00 15 09 44 56 52 20 53 72 74 20 44 6C 79 00 30 73 3B 35 73 3B 31 35 73 3B 33 30 73 3B 34 35 73 3B 31 6D 69 6E 3B 32 6D 69 6E 00 00 00 06 00 00 A2
[21:15:22.220] ADDR:0xEE TYPE:RC_CHANNELS_PACKED        LEN:26 | EE 18 16 E0 C3 5E 2B B2 D7 8A 56 B4 02 7C E0 03 1F F8 C0 07 3E F0 81 0F 7C E4
[21:15:22.230] ADDR:0xEE TYPE:RC_CHANNELS_PACKED        LEN:26 | EE 18 16 E0 C3 5E 2B B2 D7 8A 56 B4 02 7C E0 03 1F F8 C0 07 3E F0 81 0F 7C E4
[21:15:22.250] ADDR:0xEE TYPE:RC_CHANNELS_PACKED        LEN:26 | EE 18 16 E0 C3 5E 2B B2 D7 8A 56 B4 02 7C E0 03 1F F8 C0 07 3E F0 81 0F 7C E4
[21:15:22.271] ADDR:0xEE TYPE:PARAMETER_READ            LEN:08 | EE 06 2C EE EA 18 00 65
[21:15:22.301] ADDR:0xEE TYPE:RC_CHANNELS_PACKED        LEN:26 | EE 18 16 E0 C3 5E 2B B4 D7 8A 56 B4 02 7C E0 03 1F F8 C0 07 3E F0 81 0F 7C 60
[21:15:22.301] ADDR:0xEA TYPE:PARAMETER_SETTINGS_ENTRY  LEN:55 | EA 35 2B EA EE 18 00 15 09 44 56 52 20 53 74 70 20 44 6C 79 00 30 73 3B 35 73 3B 31 35 73 3B 33 30 73 3B 34 35 73 3B 31 6D 69 6E 3B 32 6D 69 6E 00 00 00 06 00 00 D8
[21:15:22.321] ADDR:0xEE TYPE:RC_CHANNELS_PACKED        LEN:26 | EE 18 16 E0 C3 5E 2B B2 D7 8A 56 B4 02 7C E0 03 1F F8 C0 07 3E F0 81 0F 7C E4
[21:15:22.332] ADDR:0xEE TYPE:RC_CHANNELS_PACKED        LEN:26 | EE 18 16 E0 C3 5E 2B B2 D7 8A 56 B4 02 7C E0 03 1F F8 C0 07 3E F0 81 0F 7C E4
[21:15:22.352] ADDR:0xEE TYPE:RC_CHANNELS_PACKED        LEN:26 | EE 18 16 E0 C3 5E 2B B2 D7 8A 56 B4 02 7C E0 03 1F F8 C0 07 3E F0 81 0F 7C E4
[21:15:22.362] ADDR:0xEE TYPE:PARAMETER_READ            LEN:08 | EE 06 2C EE EA 19 00 6E
[21:15:22.362] ADDR:0xEA TYPE:ELRS_STATUS               LEN:15 | EA 0D 3A EA EE 10 00 03 0D 40 00 00 00 1E 6F
[21:15:22.403] ADDR:0xEE TYPE:RC_CHANNELS_PACKED        LEN:26 | EE 18 16 E0 C3 5E 2B B2 D7 8A 56 B4 02 7C E0 03 1F F8 C0 07 3E F0 81 0F 7C E4
[21:15:22.403] ADDR:0xEA TYPE:PARAMETER_SETTINGS_ENTRY  LEN:64 | EA 3E 2B EA EE 19 02 15 09 48 54 20 45 6E 61 62 6C 65 00 4F 66 66 3B 4F 6E 3B 41 55 58 31 C0 3B 41 55 58 31 C1 3B 41 55 58 32 C0 3B 41 55 58 32 C1 3B 41 55 58 33 C0 3B 41 55 58 33 C1 3B 41 96
[21:15:22.413] ADDR:0xEE TYPE:RC_CHANNELS_PACKED        LEN:26 | EE 18 16 E0 C3 5E 2B B2 D7 8A 56 B4 02 7C E0 03 1F F8 C0 07 3E F0 81 0F 7C E4
[21:15:22.433] ADDR:0xEE TYPE:RC_CHANNELS_PACKED        LEN:26 | EE 18 16 E0 C3 5E 2B B2 D7 8A 56 B4 02 7C E0 03 1F F8 C0 07 3E F0 81 0F 7C E4
[21:15:22.454] ADDR:0xEE TYPE:RC_CHANNELS_PACKED        LEN:26 | EE 18 16 E0 BB 5E 2B B2 D7 8A 56 B4 02 7C E0 03 1F F8 C0 07 3E F0 81 0F 7C 44
[21:15:22.464] ADDR:0xEE TYPE:RC_CHANNELS_PACKED        LEN:26 | EE 18 16 E0 C3 5E 2B B0 D7 8A 56 B4 02 7C E0 03 1F F8 C0 07 3E F0 81 0F 7C 98
[21:15:22.494] ADDR:0xEE TYPE:RC_CHANNELS_PACKED        LEN:26 | EE 18 16 E0 C3 5E 2B B2 D7 8A 56 B4 02 7C E0 03 1F F8 C0 07 3E F0 81 0F 7C E4
[21:15:22.515] ADDR:0xEE TYPE:RC_CHANNELS_PACKED        LEN:26 | EE 18 16 DF C3 5E 2B B2 D7 8A 56 B4 02 7C E0 03 1F F8 C0 07 3E F0 81 0F 7C 66
[21:15:22.525] ADDR:0xEE TYPE:RC_CHANNELS_PACKED        LEN:26 | EE 18 16 E0 C3 5E 2B B0 D7 8A 56 B4 02 7C E0 03 1F F8 C0 07 3E F0 81 0F 7C 98
[21:15:22.545] ADDR:0xEE TYPE:RC_CHANNELS_PACKED        LEN:26 | EE 18 16 E0 C3 5E 2B B0 D7 8A 56 B4 02 7C E0 03 1F F8 C0 07 3E F0 81 0F 7C 98
[21:15:22.575] ADDR:0xEE TYPE:RC_CHANNELS_PACKED        LEN:26 | EE 18 16 E0 BB 5E 2B B2 D7 8A 56 B4 02 7C E0 03 1F F8 C0 07 3E F0 81 0F 7C 44
[21:15:22.575] ADDR:0xEA TYPE:ELRS_STATUS               LEN:15 | EA 0D 3A EA EE 10 00 03 0D 40 00 00 00 8C AD
[21:15:22.596] ADDR:0xEE TYPE:RC_CHANNELS_PACKED        LEN:26 | EE 18 16 E0 C3 5E 2B B2 D7 8A 56 B4 02 7C E0 03 1F F8 C0 07 3E F0 81 0F 7C E4
[21:15:22.606] ADDR:0xEE TYPE:RC_CHANNELS_PACKED        LEN:26 | EE 18 16 E0 C3 5E 2B B0 D7 8A 56 B4 02 7C E0 03 1F F8 C0 07 3E F0 81 0F 7C 98
[21:15:22.626] ADDR:0xEE TYPE:RC_CHANNELS_PACKED        LEN:26 | EE 18 16 E0 C3 5E 2B B0 D7 8A 56 B4 02 7C E0 03 1F F8 C0 07 3E F0 81 0F 7C 98
[21:15:22.656] ADDR:0xEE TYPE:RC_CHANNELS_PACKED        LEN:26 | EE 18 16 E0 BB 5E 2B B2 D7 8A 56 B4 02 7C E0 03 1F F8 C0 07 3E F0 81 0F 7C 44
[21:15:22.677] ADDR:0xEE TYPE:RC_CHANNELS_PACKED        LEN:26 | EE 18 16 E0 C3 5E 2B AE D7 8A 56 B4 02 7C E0 03 1F F8 C0 07 3E F0 81 0F 7C 73
[21:15:22.687] ADDR:0xEE TYPE:RC_CHANNELS_PACKED        LEN:26 | EE 18 16 E0 BB 5E 2B B2 D7 8A 56 B4 02 7C E0 03 1F F8 C0 07 3E F0 81 0F 7C 44
[21:15:22.707] ADDR:0xEE TYPE:RC_CHANNELS_PACKED        LEN:26 | EE 18 16 E0 C3 5E 2B B0 D7 8A 56 B4 02 7C E0 03 1F F8 C0 07 3E F0 81 0F 7C 98
[21:15:22.737] ADDR:0xEE TYPE:RC_CHANNELS_PACKED        LEN:26 | EE 18 16 E0 C3 5E 2B B0 D7 8A 56 B4 02 7C E0 03 1F F8 C0 07 3E F0 81 0F 7C 98
[21:15:22.758] ADDR:0xEE TYPE:RC_CHANNELS_PACKED        LEN:26 | EE 18 16 E0 C3 5E 2B B2 D7 8A 56 B4 02 7C E0 03 1F F8 C0 07 3E F0 81 0F 7C E4
[21:15:22.768] ADDR:0xEE TYPE:RC_CHANNELS_PACKED        LEN:26 | EE 18 16 E0 C3 5E 2B B2 D7 8A 56 B4 02 7C E0 03 1F F8 C0 07 3E F0 81 0F 7C E4
[21:15:22.768] ADDR:0xEA TYPE:ELRS_STATUS               LEN:15 | EA 0D 3A EA EE 10 00 03 0D 40 00 00 01 0E 36
[21:15:22.789] ADDR:0xEE TYPE:RC_CHANNELS_PACKED        LEN:26 | EE 18 16 E0 C3 5E 2B B2 D7 8A 56 B4 02 7C E0 03 1F F8 C0 07 3E F0 81 0F 7C E4
[21:15:22.819] ADDR:0xEE TYPE:RC_CHANNELS_PACKED        LEN:26 | EE 18 16 E0 C3 5E 2B B2 D7 8A 56 B4 02 7C E0 03 1F F8 C0 07 3E F0 81 0F 7C E4
[21:15:22.829] ADDR:0xEE TYPE:RC_CHANNELS_PACKED        LEN:26 | EE 18 16 DF C3 5E 2B B2 D7 8A 56 B4 02 7C E0 03 1F F8 C0 07 3E F0 81 0F 7C 66
[21:15:22.849] ADDR:0xEE TYPE:RC_CHANNELS_PACKED        LEN:26 | EE 18 16 E0 C3 5E 2B B2 D7 8A 56 B4 02 7C E0 03 1F F8 C0 07 3E F0 81 0F 7C E4
[21:15:22.870] ADDR:0xEE TYPE:RC_CHANNELS_PACKED        LEN:26 | EE 18 16 E0 C3 5E 2B B2 D7 8A 56 B4 02 7C E0 03 1F F8 C0 07 3E F0 81 0F 7C E4
[21:15:22.900] ADDR:0xEE TYPE:RC_CHANNELS_PACKED        LEN:26 | EE 18 16 E0 C3 5E 2B B2 D7 8A 56 B4 02 7C E0 03 1F F8 C0 07 3E F0 81 0F 7C E4
[21:15:22.910] ADDR:0xEE TYPE:RC_CHANNELS_PACKED        LEN:26 | EE 18 16 E0 C3 5E 2B B2 D7 8A 56 B4 02 7C E0 03 1F F8 C0 07 3E F0 81 0F 7C E4
[21:15:22.931] ADDR:0xEE TYPE:RC_CHANNELS_PACKED        LEN:26 | EE 18 16 E0 C3 5E 2B AE D7 8A 56 B4 02 7C E0 03 1F F8 C0 07 3E F0 81 0F 7C 73
[21:15:22.951] ADDR:0xEE TYPE:RC_CHANNELS_PACKED        LEN:26 | EE 18 16 E0 C3 5E 2B AE D7 8A 56 B4 02 7C E0 03 1F F8 C0 07 3E F0 81 0F 7C 73
[21:15:22.981] ADDR:0xEE TYPE:RC_CHANNELS_PACKED        LEN:26 | EE 18 16 E0 C3 5E 2B AE D7 8A 56 B4 02 7C E0 03 1F F8 C0 07 3E F0 81 0F 7C 73
[21:15:22.981] ADDR:0xEA TYPE:ELRS_STATUS               LEN:15 | EA 0D 3A EA EE 10 00 03 0D 40 00 00 00 6E 04
[21:15:22.991] ADDR:0xEE TYPE:RC_CHANNELS_PACKED        LEN:26 | EE 18 16 E0 C3 5E 2B B2 D7 8A 56 B4 02 7C E0 03 1F F8 C0 07 3E F0 81 0F 7C E4
[21:15:23.011] ADDR:0xEE TYPE:RC_CHANNELS_PACKED        LEN:26 | EE 18 16 DF C3 5E 2B B2 D7 8A 56 B4 02 7C E0 03 1F F8 C0 07 3E F0 81 0F 7C 66
[21:15:23.022] ADDR:0xEE TYPE:RC_CHANNELS_PACKED        LEN:26 | EE 18 16 E0 BB 5E 2B B0 D7 8A 56 B4 02 7C E0 03 1F F8 C0 07 3E F0 81 0F 7C 38
[21:15:23.062] ADDR:0xEE TYPE:RC_CHANNELS_PACKED        LEN:26 | EE 18 16 E0 C3 5E 2B B2 D7 8A 56 B4 02 7C E0 03 1F F8 C0 07 3E F0 81 0F 7C E4
[21:15:23.072] ADDR:0xEE TYPE:RC_CHANNELS_PACKED        LEN:26 | EE 18 16 E0 C3 5E 2B B2 D7 8A 56 B4 02 7C E0 03 1F F8 C0 07 3E F0 81 0F 7C E4
[21:15:23.093] ADDR:0xEE TYPE:RC_CHANNELS_PACKED        LEN:26 | EE 18 16 E0 C3 5E 2B B2 D7 8A 56 B4 02 7C E0 03 1F F8 C0 07 3E F0 81 0F 7C E4
[21:15:23.103] ADDR:0xEE TYPE:RC_CHANNELS_PACKED        LEN:26 | EE 18 16 E0 C3 5E 2B B2 D7 8A 56 B4 02 7C E0 03 1F F8 C0 07 3E F0 81 0F 7C E4
[21:15:23.133] ADDR:0xEE TYPE:RC_CHANNELS_PACKED        LEN:26 | EE 18 16 E0 BB 5E 2B B2 D7 8A 56 B4 02 7C E0 03 1F F8 C0 07 3E F0 81 0F 7C 44
[21:15:23.154] ADDR:0xEE TYPE:RC_CHANNELS_PACKED        LEN:26 | EE 18 16 E0 C3 5E 2B B2 D7 8A 56 B4 02 7C E0 03 1F F8 C0 07 3E F0 81 0F 7C E4
[21:15:23.174] ADDR:0xEE TYPE:RC_CHANNELS_PACKED        LEN:26 | EE 18 16 E0 C3 5E 2B B2 D7 8A 56 B4 02 7C E0 03 1F F8 C0 07 3E F0 81 0F 7C E4
[21:15:23.174] ADDR:0xEA TYPE:ELRS_STATUS               LEN:15 | EA 0D 3A EA EE 10 00 03 0D 40 00 00 01 C2 93
[21:15:23.184] ADDR:0xEE TYPE:RC_CHANNELS_PACKED        LEN:26 | EE 18 16 E0 C3 5E 2B B2 D7 8A 56 B4 02 7C E0 03 1F F8 C0 07 3E F0 81 0F 7C E4
[21:15:23.214] ADDR:0xEE TYPE:RC_CHANNELS_PACKED        LEN:26 | EE 18 16 E0 C3 5E 2B B2 D7 8A 56 B4 02 7C E0 03 1F F8 C0 07 3E F0 81 0F 7C E4
[21:15:23.235] ADDR:0xEE TYPE:RC_CHANNELS_PACKED        LEN:26 | EE 18 16 E0 C3 5E 2B B0 D7 8A 56 B4 02 7C E0 03 1F F8 C0 07 3E F0 81 0F 7C 98
[21:15:23.245] ADDR:0xEE TYPE:RC_CHANNELS_PACKED        LEN:26 | EE 18 16 E0 C3 5E 2B B4 D7 8A 56 B4 02 7C E0 03 1F F8 C0 07 3E F0 81 0F 7C 60
[21:15:23.265] ADDR:0xEE TYPE:RC_CHANNELS_PACKED        LEN:26 | EE 18 16 E0 BB 5E 2B B2 D7 8A 56 B4 02 7C E0 03 1F F8 C0 07 3E F0 81 0F 7C 44
[21:15:23.295] ADDR:0xEE TYPE:RC_CHANNELS_PACKED        LEN:26 | EE 18 16 E0 C3 5E 2B B0 D7 8A 56 B4 02 7C E0 03 1F F8 C0 07 3E F0 81 0F 7C 98
[21:15:23.316] ADDR:0xEE TYPE:RC_CHANNELS_PACKED        LEN:26 | EE 18 16 E0 C3 5E 2B B4 D7 8A 56 B4 02 7C E0 03 1F F8 C0 07 3E F0 81 0F 7C 60
[21:15:23.326] ADDR:0xEE TYPE:RC_CHANNELS_PACKED        LEN:26 | EE 18 16 E0 C3 5E 2B B2 D7 8A 56 B4 02 7C E0 03 1F F8 C0 07 3E F0 81 0F 7C E4
[21:15:23.346] ADDR:0xEE TYPE:RC_CHANNELS_PACKED        LEN:26 | EE 18 16 E0 C3 5E 2B B0 D7 8A 56 B4 02 7C E0 03 1F F8 C0 07 3E F0 81 0F 7C 98
[21:15:23.376] ADDR:0xEE TYPE:RC_CHANNELS_PACKED        LEN:26 | EE 18 16 E0 C3 5E 2B B2 D7 8A 56 B4 02 7C E0 03 1F F8 C0 07 3E F0 81 0F 7C E4
[21:15:23.376] ADDR:0xEA TYPE:ELRS_STATUS               LEN:15 | EA 0D 3A EA EE 10 00 03 0D 40 FF FF FF 56 03
[21:15:23.397] ADDR:0xEE TYPE:RC_CHANNELS_PACKED        LEN:26 | EE 18 16 E0 BB 5E 2B B2 D7 8A 56 B4 02 7C E0 03 1F F8 C0 07 3E F0 81 0F 7C 44
[21:15:23.409] ADDR:0xEE TYPE:RC_CHANNELS_PACKED        LEN:26 | EE 18 16 E0 C3 5E 2B B2 D7 8A 56 B4 02 7C E0 03 1F F8 C0 07 3E F0 81 0F 7C E4
[21:15:23.429] ADDR:0xEE TYPE:RC_CHANNELS_PACKED        LEN:26 | EE 18 16 E0 C3 5E 2B B2 D7 8A 56 B4 02 7C E0 03 1F F8 C0 07 3E F0 81 0F 7C E4
[21:15:23.460] ADDR:0xEE TYPE:RC_CHANNELS_PACKED        LEN:26 | EE 18 16 E0 C3 5E 2B B2 D7 8A 56 B4 02 7C E0 03 1F F8 C0 07 3E F0 81 0F 7C E4
[21:15:23.470] ADDR:0xEE TYPE:RC_CHANNELS_PACKED        LEN:26 | EE 18 16 E0 C3 5E 2B B0 D7 8A 56 B4 02 7C E0 03 1F F8 C0 07 3E F0 81 0F 7C 98
[21:15:23.490] ADDR:0xEE TYPE:RC_CHANNELS_PACKED        LEN:26 | EE 18 16 E0 C3 5E 2B B2 D7 8A 56 B4 02 7C E0 03 1F F8 C0 07 3E F0 81 0F 7C E4
[21:15:23.510] ADDR:0xEE TYPE:RC_CHANNELS_PACKED        LEN:26 | EE 18 16 E0 C3 5E 2B B2 D7 8A 56 B4 02 7C E0 03 1F F8 C0 07 3E F0 81 0F 7C E4
[21:15:23.540] ADDR:0xEE TYPE:RC_CHANNELS_PACKED        LEN:26 | EE 18 16 E0 C3 5E 2B B2 D7 8A 56 B4 02 7C E0 03 1F F8 C0 07 3E F0 81 0F 7C E4
[21:15:23.551] ADDR:0xEE TYPE:RC_CHANNELS_PACKED        LEN:26 | EE 18 16 E0 C3 5E 2B B2 D7 8A 56 B4 02 7C E0 03 1F F8 C0 07 3E F0 81 0F 7C E4
[21:15:23.571] ADDR:0xEE TYPE:RC_CHANNELS_PACKED        LEN:26 | EE 18 16 E0 C3 5E 2B B2 D7 8A 56 B4 02 7C E0 03 1F F8 C0 07 3E F0 81 0F 7C E4
[21:15:23.581] ADDR:0xEE TYPE:RC_CHANNELS_PACKED        LEN:26 | EE 18 16 E0 C3 5E 2B B2 D7 8A 56 B4 02 7C E0 03 1F F8 C0 07 3E F0 81 0F 7C E4
[21:15:23.581] ADDR:0xEA TYPE:ELRS_STATUS               LEN:15 | EA 0D 3A EA EE 10 00 03 0D 40 00 00 01 9A 75
[21:15:23.621] ADDR:0xEE TYPE:RC_CHANNELS_PACKED        LEN:26 | EE 18 16 E0 C3 5E 2B B0 D7 8A 56 B4 02 7C E0 03 1F F8 C0 07 3E F0 81 0F 7C 98
[21:15:23.632] ADDR:0xEE TYPE:RC_CHANNELS_PACKED        LEN:26 | EE 18 16 E0 C3 5E 2B B0 D7 8A 56 B4 02 7C E0 03 1F F8 C0 07 3E F0 81 0F 7C 98
[21:15:23.652] ADDR:0xEE TYPE:RC_CHANNELS_PACKED        LEN:26 | EE 18 16 E0 BB 5E 2B B0 D7 8A 56 B4 02 7C E0 03 1F F8 C0 07 3E F0 81 0F 7C 38
[21:15:23.662] ADDR:0xEE TYPE:RC_CHANNELS_PACKED        LEN:26 | EE 18 16 E0 C3 5E 2B AE D7 8A 56 B4 02 7C E0 03 1F F8 C0 07 3E F0 81 0F 7C 73
[21:15:23.702] ADDR:0xEE TYPE:RC_CHANNELS_PACKED        LEN:26 | EE 18 16 E0 C3 5E 2B B2 D7 8A 56 B4 02 7C E0 03 1F F8 C0 07 3E F0 81 0F 7C E4
[21:15:23.713] ADDR:0xEE TYPE:RC_CHANNELS_PACKED        LEN:26 | EE 18 16 E0 C3 5E 2B AE D7 8A 56 B4 02 7C E0 03 1F F8 C0 07 3E F0 81 0F 7C 73
[21:15:23.733] ADDR:0xEE TYPE:RC_CHANNELS_PACKED        LEN:26 | EE 18 16 E0 C3 5E 2B B0 D7 8A 56 B4 02 7C E0 03 1F F8 C0 07 3E F0 81 0F 7C 98
[21:15:23.743] ADDR:0xEE TYPE:RC_CHANNELS_PACKED        LEN:26 | EE 18 16 E0 C3 5E 2B B2 D7 8A 56 B4 02 7C E0 03 1F F8 C0 07 3E F0 81 0F 7C E4
[21:15:23.775] ADDR:0xEE TYPE:RC_CHANNELS_PACKED        LEN:26 | EE 18 16 E0 C3 5E 2B B0 D7 8A 56 B4 02 7C E0 03 1F F8 C0 07 3E F0 81 0F 7C 98
[21:15:23.795] ADDR:0xEE TYPE:RC_CHANNELS_PACKED        LEN:26 | EE 18 16 E0 C3 5E 2B B0 D7 8A 56 B4 02 7C E0 03 1F F8 C0 07 3E F0 81 0F 7C 98
[21:15:23.795] ADDR:0xEA TYPE:ELRS_STATUS               LEN:15 | EA 0D 3A EA EE 10 00 03 0D 40 FF FF FF 10 1F
[21:15:23.805] ADDR:0xEE TYPE:RC_CHANNELS_PACKED        LEN:26 | EE 18 16 E0 C3 5E 2B B2 D7 8A 56 B4 02 7C E0 03 1F F8 C0 07 3E F0 81 0F 7C E4
[21:15:23.826] ADDR:0xEE TYPE:RC_CHANNELS_PACKED        LEN:26 | EE 18 16 E0 C3 5E 2B B2 D7 8A 56 B4 02 7C E0 03 1F F8 C0 07 3E F0 81 0F 7C E4
[21:15:23.856] ADDR:0xEE TYPE:RC_CHANNELS_PACKED        LEN:26 | EE 18 16 E0 C3 5E 2B B2 D7 8A 56 B4 02 7C E0 03 1F F8 C0 07 3E F0 81 0F 7C E4
[21:15:23.876] ADDR:0xEE TYPE:RC_CHANNELS_PACKED        LEN:26 | EE 18 16 E0 C3 5E 2B B0 D7 8A 56 B4 02 7C E0 03 1F F8 C0 07 3E F0 81 0F 7C 98
[21:15:23.886] ADDR:0xEE TYPE:RC_CHANNELS_PACKED        LEN:26 | EE 18 16 E0 BB 5E 2B B2 D7 8A 56 B4 02 7C E0 03 1F F8 C0 07 3E F0 81 0F 7C 44
[21:15:23.907] ADDR:0xEE TYPE:RC_CHANNELS_PACKED        LEN:26 | EE 18 16 E0 C3 5E 2B B2 D7 8A 56 B4 02 7C E0 03 1F F8 C0 07 3E F0 81 0F 7C E4
[21:15:23.939] ADDR:0xEE TYPE:RC_CHANNELS_PACKED        LEN:26 | EE 18 16 E0 C3 5E 2B B2 D7 8A 56 B4 02 7C E0 03 1F F8 C0 07 3E F0 81 0F 7C E4
[21:15:23.949] ADDR:0xEE TYPE:RC_CHANNELS_PACKED        LEN:26 | EE 18 16 E0 C3 5E 2B AE D7 8A 56 B4 02 7C E0 03 1F F8 C0 07 3E F0 81 0F 7C 73
[21:15:23.969] ADDR:0xEE TYPE:RC_CHANNELS_PACKED        LEN:26 | EE 18 16 E0 C3 5E 2B B0 D7 8A 56 B4 02 7C E0 03 1F F8 C0 07 3E F0 81 0F 7C 98
[21:15:23.990] ADDR:0xEE TYPE:RC_CHANNELS_PACKED        LEN:26 | EE 18 16 E0 BB 5E 2B B2 D7 8A 56 B4 02 7C E0 03 1F F8 C0 07 3E F0 81 0F 7C 44
[21:15:23.990] ADDR:0xEA TYPE:ELRS_STATUS               LEN:15 | EA 0D 3A EA EE 10 00 03 0D 40 00 00 00 96 A9
[21:15:24.020] ADDR:0xEE TYPE:RC_CHANNELS_PACKED        LEN:26 | EE 18 16 E0 BB 5E 2B B2 D7 8A 56 B4 02 7C E0 03 1F F8 C0 07 3E F0 81 0F 7C 44
[21:15:24.030] ADDR:0xEE TYPE:RC_CHANNELS_PACKED        LEN:26 | EE 18 16 E0 BB 5E 2B B2 D7 8A 56 B4 02 7C E0 03 1F F8 C0 07 3E F0 81 0F 7C 44
[21:15:24.050] ADDR:0xEE TYPE:RC_CHANNELS_PACKED        LEN:26 | EE 18 16 E0 C3 5E 2B B2 D7 8A 56 B4 02 7C E0 03 1F F8 C0 07 3E F0 81 0F 7C E4
[21:15:24.071] ADDR:0xEE TYPE:RC_CHANNELS_PACKED        LEN:26 | EE 18 16 E0 C3 5E 2B AE D7 8A 56 B4 02 7C E0 03 1F F8 C0 07 3E F0 81 0F 7C 73
[21:15:24.101] ADDR:0xEE TYPE:RC_CHANNELS_PACKED        LEN:26 | EE 18 16 E0 C3 5E 2B B2 D7 8A 56 B4 02 7C E0 03 1F F8 C0 07 3E F0 81 0F 7C E4
[21:15:24.111] ADDR:0xEE TYPE:RC_CHANNELS_PACKED        LEN:26 | EE 18 16 E0 C3 5E 2B B2 D7 8A 56 B4 02 7C E0 03 1F F8 C0 07 3E F0 81 0F 7C E4
[21:15:24.131] ADDR:0xEE TYPE:RC_CHANNELS_PACKED        LEN:26 | EE 18 16 E0 C3 5E 2B B2 D7 8A 56 B4 02 7C E0 03 1F F8 C0 07 3E F0 81 0F 7C E4
[21:15:24.142] ADDR:0xEE TYPE:RC_CHANNELS_PACKED        LEN:26 | EE 18 16 E0 BB 5E 2B B2 D7 8A 56 B4 02 7C E0 03 1F F8 C0 07 3E F0 81 0F 7C 44
[21:15:24.182] ADDR:0xEE TYPE:RC_CHANNELS_PACKED        LEN:26 | EE 18 16 E0 C3 5E 2B B2 D7 8A 56 B4 02 7C E0 03 1F F8 C0 07 3E F0 81 0F 7C E4
[21:15:24.192] ADDR:0xEE TYPE:RC_CHANNELS_PACKED        LEN:26 | EE 18 16 E0 C3 5E 2B B2 D7 8A 56 B4 02 7C E0 03 1F F8 C0 07 3E F0 81 0F 7C E4
[21:15:24.192] ADDR:0xEA TYPE:ELRS_STATUS               LEN:15 | EA 0D 3A EA EE 10 00 03 0D 40 00 00 01 86 F0
[21:15:24.212] ADDR:0xEE TYPE:RC_CHANNELS_PACKED        LEN:26 | EE 18 16 E0 C3 5E 2B B2 D7 8A 56 B4 02 7C E0 03 1F F8 C0 07 3E F0 81 0F 7C E4
[21:15:24.223] ADDR:0xEE TYPE:RC_CHANNELS_PACKED        LEN:26 | EE 18 16 E0 C3 5E 2B B0 D7 8A 56 B4 02 7C E0 03 1F F8 C0 07 3E F0 81 0F 7C 98
[21:15:24.253] ADDR:0xEE TYPE:RC_CHANNELS_PACKED        LEN:26 | EE 18 16 E0 C3 5E 2B B2 D7 8A 56 B4 02 7C E0 03 1F F8 C0 07 3E F0 81 0F 7C E4
[21:15:24.273] ADDR:0xEE TYPE:RC_CHANNELS_PACKED        LEN:26 | EE 18 16 E0 C3 5E 2B B0 D7 8A 56 B4 02 7C E0 03 1F F8 C0 07 3E F0 81 0F 7C 98
[21:15:24.293] ADDR:0xEE TYPE:RC_CHANNELS_PACKED        LEN:26 | EE 18 16 DF BB 5E 2B B2 D7 8A 56 B4 02 7C E0 03 1F F8 C0 07 3E F0 81 0F 7C C6
[21:15:24.303] ADDR:0xEE TYPE:PARAMETER_WRITE           LEN:08 | EE 06 2D EE EA 07 00 0A
[21:15:24.334] ADDR:0xEE TYPE:RC_CHANNELS_PACKED        LEN:26 | EE 18 16 E0 C3 5E 2B B0 D7 8A 56 B4 02 7C E0 03 1F F8 C0 07 3E F0 81 0F 7C 98
[21:15:24.354] ADDR:0xEE TYPE:RC_CHANNELS_PACKED        LEN:26 | EE 18 16 E0 C3 5E 2B B2 D7 8A 56 B4 02 7C E0 03 1F F8 C0 07 3E F0 81 0F 7C E4
[21:15:24.374] ADDR:0xEE TYPE:RC_CHANNELS_PACKED        LEN:26 | EE 18 16 E0 C3 5E 2B B2 D7 8A 56 B4 02 7C E0 03 1F F8 C0 07 3E F0 81 0F 7C E4
[21:15:24.384] ADDR:0xEE TYPE:RC_CHANNELS_PACKED        LEN:26 | EE 18 16 E0 C3 5E 2B B2 D7 8A 56 B4 02 7C E0 03 1F F8 C0 07 3E F0 81 0F 7C E4
[21:15:24.384] ADDR:0xEA TYPE:ELRS_STATUS               LEN:15 | EA 0D 3A EA EE 10 00 03 0D 40 00 00 01 0E 36
[21:15:24.415] ADDR:0xEE TYPE:RC_CHANNELS_PACKED        LEN:26 | EE 18 16 DF C3 5E 2B B2 D7 8A 56 B4 02 7C E0 03 1F F8 C0 07 3E F0 81 0F 7C 66
[21:15:24.415] ADDR:0xEA TYPE:ELRS_STATUS               LEN:15 | EA 0D 3A EA EE 10 00 03 0D 40 FF FF F7 04 EB
[21:15:24.436] ADDR:0xEE TYPE:RC_CHANNELS_PACKED        LEN:26 | EE 18 16 E0 C3 5E 2B B2 D7 8A 56 B4 02 7C E0 03 1F F8 C0 07 3E F0 81 0F 7C E4
[21:15:24.446] ADDR:0xEE TYPE:RC_CHANNELS_PACKED        LEN:26 | EE 18 16 E0 C3 5E 2B AE D7 8A 56 B4 02 7C E0 03 1F F8 C0 07 3E F0 81 0F 7C 73
[21:15:24.466] ADDR:0xEE TYPE:RC_CHANNELS_PACKED        LEN:26 | EE 18 16 E0 C3 5E 2B B4 D7 8A 56 B4 02 7C E0 03 1F F8 C0 07 3E F0 81 0F 7C 60
[21:15:24.497] ADDR:0xEE TYPE:RC_CHANNELS_PACKED        LEN:26 | EE 18 16 E0 BB 5E 2B B0 D7 8A 56 B4 02 7C E0 03 1F F8 C0 07 3E F0 81 0F 7C 38
[21:15:24.517] ADDR:0xEE TYPE:RC_CHANNELS_PACKED        LEN:26 | EE 18 16 E0 C3 5E 2B B0 D7 8A 56 B4 02 7C E0 03 1F F8 C0 07 3E F0 81 0F 7C 98
[21:15:24.527] ADDR:0xEE TYPE:RC_CHANNELS_PACKED        LEN:26 | EE 18 16 E0 C3 5E 2B B2 D7 8A 56 B4 02 7C E0 03 1F F8 C0 07 3E F0 81 0F 7C E4
[21:15:24.548] ADDR:0xEE TYPE:RC_CHANNELS_PACKED        LEN:26 | EE 18 16 DF C3 5E 2B B2 D7 8A 56 B4 02 7C E0 03 1F F8 C0 07 3E F0 81 0F 7C 66
[21:15:24.578] ADDR:0xEE TYPE:RC_CHANNELS_PACKED        LEN:26 | EE 18 16 E0 C3 5E 2B B0 D7 8A 56 B4 02 7C E0 03 1F F8 C0 07 3E F0 81 0F 7C 98
[21:15:24.598] ADDR:0xEE TYPE:RC_CHANNELS_PACKED        LEN:26 | EE 18 16 E0 C3 5E 2B B2 D7 8A 56 B4 02 7C E0 03 1F F8 C0 07 3E F0 81 0F 7C E4
[21:15:24.609] ADDR:0xEE TYPE:RC_CHANNELS_PACKED        LEN:26 | EE 18 16 E0 C3 5E 2B B2 D7 8A 56 B4 02 7C E0 03 1F F8 C0 07 3E F0 81 0F 7C E4
[21:15:24.629] ADDR:0xEE TYPE:RC_CHANNELS_PACKED        LEN:26 | EE 18 16 E0 C3 5E 2B B2 D7 8A 56 B4 02 7C E0 03 1F F8 C0 07 3E F0 81 0F 7C E4
[21:15:24.629] ADDR:0xEA TYPE:ELRS_STATUS               LEN:15 | EA 0D 3A EA EE 10 00 03 0D 40 00 00 09 06 47
[21:15:24.659] ADDR:0xEE TYPE:RC_CHANNELS_PACKED        LEN:26 | EE 18 16 E0 C3 5E 2B B2 D7 8A 56 B4 02 7C E0 03 1F F8 C0 07 3E F0 81 0F 7C E4
[21:15:24.669] ADDR:0xEE TYPE:RC_CHANNELS_PACKED        LEN:26 | EE 18 16 E0 C3 5E 2B B2 D7 8A 56 B4 02 7C E0 03 1F F8 C0 07 3E F0 81 0F 7C E4
[21:15:24.690] ADDR:0xEE TYPE:RC_CHANNELS_PACKED        LEN:26 | EE 18 16 E0 BB 5E 2B B4 D7 8A 56 B4 02 7C E0 03 1F F8 C0 07 3E F0 81 0F 7C C0
[21:15:24.710] ADDR:0xEE TYPE:RC_CHANNELS_PACKED        LEN:26 | EE 18 16 E0 C3 5E 2B B2 D7 8A 56 B4 02 7C E0 03 1F F8 C0 07 3E F0 81 0F 7C E4
[21:15:24.740] ADDR:0xEE TYPE:RC_CHANNELS_PACKED        LEN:26 | EE 18 16 E0 C3 5E 2B B2 D7 8A 56 B4 02 7C E0 03 1F F8 C0 07 3E F0 81 0F 7C E4
[21:15:24.751] ADDR:0xEE TYPE:RC_CHANNELS_PACKED        LEN:26 | EE 18 16 E0 BB 5E 2B B2 D7 8A 56 B4 02 7C E0 03 1F F8 C0 07 3E F0 81 0F 7C 44
[21:15:24.771] ADDR:0xEE TYPE:RC_CHANNELS_PACKED        LEN:26 | EE 18 16 E0 C3 5E 2B B0 D7 8A 56 B4 02 7C E0 03 1F F8 C0 07 3E F0 81 0F 7C 98
[21:15:24.781] ADDR:0xEE TYPE:RC_CHANNELS_PACKED        LEN:26 | EE 18 16 E0 C3 5E 2B B2 D7 8A 56 B4 02 7C E0 03 1F F8 C0 07 3E F0 81 0F 7C E4
[21:15:24.821] ADDR:0xEE TYPE:RC_CHANNELS_PACKED        LEN:26 | EE 18 16 E0 C3 5E 2B B2 D7 8A 56 B4 02 7C E0 03 1F F8 C0 07 3E F0 81 0F 7C E4
[21:15:24.832] ADDR:0xEE TYPE:RC_CHANNELS_PACKED        LEN:26 | EE 18 16 E0 C3 5E 2B AE D7 8A 56 B4 02 7C E0 03 1F F8 C0 07 3E F0 81 0F 7C 73
[21:15:24.832] ADDR:0xEA TYPE:ELRS_STATUS               LEN:15 | EA 0D 3A EA EE 10 00 03 0D 40 00 00 01 18 E5
[21:15:24.852] ADDR:0xEE TYPE:RC_CHANNELS_PACKED        LEN:26 | EE 18 16 E0 C3 5E 2B B2 D7 8A 56 B4 02 7C E0 03 1F F8 C0 07 3E F0 81 0F 7C E4
[21:15:24.862] ADDR:0xEE TYPE:RC_CHANNELS_PACKED        LEN:26 | EE 18 16 E0 C3 5E 2B B0 D7 8A 56 B4 02 7C E0 03 1F F8 C0 07 3E F0 81 0F 7C 98
[21:15:24.902] ADDR:0xEE TYPE:RC_CHANNELS_PACKED        LEN:26 | EE 18 16 E0 C3 5E 2B B0 D7 8A 56 B4 02 7C E0 03 1F F8 C0 07 3E F0 81 0F 7C 98
[21:15:24.913] ADDR:0xEE TYPE:RC_CHANNELS_PACKED        LEN:26 | EE 18 16 E0 BB 5E 2B B0 D7 8A 56 B4 02 7C E0 03 1F F8 C0 07 3E F0 81 0F 7C 38
[21:15:24.933] ADDR:0xEE TYPE:RC_CHANNELS_PACKED        LEN:26 | EE 18 16 E0 BB 5E 2B B2 D7 8A 56 B4 02 7C E0 03 1F F8 C0 07 3E F0 81 0F 7C 44
[21:15:24.943] ADDR:0xEE TYPE:RC_CHANNELS_PACKED        LEN:26 | EE 18 16 E0 C3 5E 2B B2 D7 8A 56 B4 02 7C E0 03 1F F8 C0 07 3E F0 81 0F 7C E4
[21:15:24.974] ADDR:0xEE TYPE:RC_CHANNELS_PACKED        LEN:26 | EE 18 16 E0 C3 5E 2B B2 D7 8A 56 B4 02 7C E0 03 1F F8 C0 07 3E F0 81 0F 7C E4
[21:15:24.994] ADDR:0xEE TYPE:RC_CHANNELS_PACKED        LEN:26 | EE 18 16 E0 C3 5E 2B B2 D7 8A 56 B4 02 7C E0 03 1F F8 C0 07 3E F0 81 0F 7C E4
[21:15:25.014] ADDR:0xEE TYPE:RC_CHANNELS_PACKED        LEN:26 | EE 18 16 E0 BB 5E 2B B2 D7 8A 56 B4 02 7C E0 03 1F F8 C0 07 3E F0 81 0F 7C 44
[21:15:25.024] ADDR:0xEE TYPE:RC_CHANNELS_PACKED        LEN:26 | EE 18 16 E0 C3 5E 2B B2 D7 8A 56 B4 02 7C E0 03 1F F8 C0 07 3E F0 81 0F 7C E4
[21:15:25.024] ADDR:0xEA TYPE:ELRS_STATUS               LEN:15 | EA 0D 3A EA EE 10 00 03 0D 40 FF FF FF E2 E4
[21:15:25.055] ADDR:0xEE TYPE:RC_CHANNELS_PACKED        LEN:26 | EE 18 16 E0 C3 5E 2B B2 D7 8A 56 B4 02 7C E0 03 1F F8 C0 07 3E F0 81 0F 7C E4
[21:15:25.075] ADDR:0xEE TYPE:RC_CHANNELS_PACKED        LEN:26 | EE 18 16 E0 D3 5E 2B B2 D7 8A 56 B4 02 7C E0 03 1F F8 C0 07 3E F0 81 0F 7C B5
[21:15:25.086] ADDR:0xEE TYPE:RC_CHANNELS_PACKED        LEN:26 | EE 18 16 E0 C3 5E 2B AE D7 8A 56 B4 02 7C E0 03 1F F8 C0 07 3E F0 81 0F 7C 73
[21:15:25.106] ADDR:0xEE TYPE:RC_CHANNELS_PACKED        LEN:26 | EE 18 16 E0 C3 5E 2B B2 D7 8A 56 B4 02 7C E0 03 1F F8 C0 07 3E F0 81 0F 7C E4
[21:15:25.136] ADDR:0xEE TYPE:RC_CHANNELS_PACKED        LEN:26 | EE 18 16 E0 C3 5E 2B AE D7 8A 56 B4 02 7C E0 03 1F F8 C0 07 3E F0 81 0F 7C 73
[21:15:25.157] ADDR:0xEE TYPE:RC_CHANNELS_PACKED        LEN:26 | EE 18 16 E0 C3 5E 2B B2 D7 8A 56 B4 02 7C E0 03 1F F8 C0 07 3E F0 81 0F 7C E4
[21:15:25.167] ADDR:0xEE TYPE:RC_CHANNELS_PACKED        LEN:26 | EE 18 16 E0 C3 5E 2B B2 D7 8A 56 B4 02 7C E0 03 1F F8 C0 07 3E F0 81 0F 7C E4
[21:15:25.187] ADDR:0xEE TYPE:RC_CHANNELS_PACKED        LEN:26 | EE 18 16 E0 C3 5E 2B AE D7 8A 56 B4 02 7C E0 03 1F F8 C0 07 3E F0 81 0F 7C 73
[21:15:25.217] ADDR:0xEE TYPE:RC_CHANNELS_PACKED        LEN:26 | EE 18 16 E0 C3 5E 2B B2 D7 8A 56 B4 02 7C E0 03 1F F8 C0 07 3E F0 81 0F 7C E4
[21:15:25.238] ADDR:0xEE TYPE:RC_CHANNELS_PACKED        LEN:26 | EE 18 16 E0 C3 5E 2B B2 D7 8A 56 B4 02 7C E0 03 1F F8 C0 07 3E F0 81 0F 7C E4
[21:15:25.238] ADDR:0xEA TYPE:ELRS_STATUS               LEN:15 | EA 0D 3A EA EE 10 00 03 0D 40 00 00 00 C8 CE
[21:15:25.248] ADDR:0xEE TYPE:RC_CHANNELS_PACKED        LEN:26 | EE 18 16 E0 C3 5E 2B B2 D7 8A 56 B4 02 7C E0 03 1F F8 C0 07 3E F0 81 0F 7C E4
[21:15:25.268] ADDR:0xEE TYPE:RC_CHANNELS_PACKED        LEN:26 | EE 18 16 E0 BB 5E 2B B2 D7 8A 56 B4 02 7C E0 03 1F F8 C0 07 3E F0 81 0F 7C 44
[21:15:25.301] ADDR:0xEE TYPE:RC_CHANNELS_PACKED        LEN:26 | EE 18 16 E0 C3 5E 2B AE D7 8A 56 B4 02 7C E0 03 1F F8 C0 07 3E F0 81 0F 7C 73
[21:15:25.311] ADDR:0xEE TYPE:RC_CHANNELS_PACKED        LEN:26 | EE 18 16 E0 C3 5E 2B B2 D7 8A 56 B4 02 7C E0 03 1F F8 C0 07 3E F0 81 0F 7C E4
[21:15:25.332] ADDR:0xEE TYPE:RC_CHANNELS_PACKED        LEN:26 | EE 18 16 E0 C3 5E 2B B2 D7 8A 56 B4 02 7C E0 03 1F F8 C0 07 3E F0 81 0F 7C E4
[21:15:25.342] ADDR:0xEE TYPE:RC_CHANNELS_PACKED        LEN:26 | EE 18 16 E0 C3 5E 2B B2 D7 8A 56 B4 02 7C E0 03 1F F8 C0 07 3E F0 81 0F 7C E4
[21:15:25.382] ADDR:0xEE TYPE:RC_CHANNELS_PACKED        LEN:26 | EE 18 16 E0 C3 5E 2B B0 D7 8A 56 B4 02 7C E0 03 1F F8 C0 07 3E F0 81 0F 7C 98
[21:15:25.392] ADDR:0xEE TYPE:RC_CHANNELS_PACKED        LEN:26 | EE 18 16 E0 C3 5E 2B B2 D7 8A 56 B4 02 7C E0 03 1F F8 C0 07 3E F0 81 0F 7C E4
[21:15:25.413] ADDR:0xEE TYPE:RC_CHANNELS_PACKED        LEN:26 | EE 18 16 E0 C3 5E 2B B2 D7 8A 56 B4 02 7C E0 03 1F F8 C0 07 3E F0 81 0F 7C E4
[21:15:25.423] ADDR:0xEE TYPE:RC_CHANNELS_PACKED        LEN:26 | EE 18 16 E0 C3 5E 2B B0 D7 8A 56 B4 02 7C E0 03 1F F8 C0 07 3E F0 81 0F 7C 98
[21:15:25.423] ADDR:0xEA TYPE:ELRS_STATUS               LEN:15 | EA 0D 3A EA EE 10 00 03 0D 40 00 00 00 DC 62
[21:15:25.454] ADDR:0xEE TYPE:RC_CHANNELS_PACKED        LEN:26 | EE 18 16 E0 C3 5E 2B B2 D7 8A 56 B4 02 7C E0 03 1F F8 C0 07 3E F0 81 0F 7C E4
[21:15:25.474] ADDR:0xEE TYPE:RC_CHANNELS_PACKED        LEN:26 | EE 18 16 E0 C3 5E 2B AE D7 8A 56 B4 02 7C E0 03 1F F8 C0 07 3E F0 81 0F 7C 73
[21:15:25.494] ADDR:0xEE TYPE:RC_CHANNELS_PACKED        LEN:26 | EE 18 16 E0 C3 5E 2B B2 D7 8A 56 B4 02 7C E0 03 1F F8 C0 07 3E F0 81 0F 7C E4
[21:15:25.504] ADDR:0xEE TYPE:RC_CHANNELS_PACKED        LEN:26 | EE 18 16 E0 C3 5E 2B B2 D7 8A 56 B4 02 7C E0 03 1F F8 C0 07 3E F0 81 0F 7C E4
[21:15:25.535] ADDR:0xEE TYPE:RC_CHANNELS_PACKED        LEN:26 | EE 18 16 E0 C3 5E 2B B2 D7 8A 56 B4 02 7C E0 03 1F F8 C0 07 3E F0 81 0F 7C E4
[21:15:25.555] ADDR:0xEE TYPE:RC_CHANNELS_PACKED        LEN:26 | EE 18 16 E0 C3 5E 2B B2 D7 8A 56 B4 02 7C E0 03 1F F8 C0 07 3E F0 81 0F 7C E4
[21:15:25.565] ADDR:0xEE TYPE:RC_CHANNELS_PACKED        LEN:26 | EE 18 16 E0 C3 5E 2B B2 D7 8A 56 B4 02 7C E0 03 1F F8 C0 07 3E F0 81 0F 7C E4
[21:15:25.586] ADDR:0xEE TYPE:RC_CHANNELS_PACKED        LEN:26 | EE 18 16 E0 C3 5E 2B AE D7 8A 56 B4 02 7C E0 03 1F F8 C0 07 3E F0 81 0F 7C 73
[21:15:25.616] ADDR:0xEE TYPE:RC_CHANNELS_PACKED        LEN:26 | EE 18 16 E0 C3 5E 2B B0 D7 8A 56 B4 02 7C E0 03 1F F8 C0 07 3E F0 81 0F 7C 98
[21:15:25.636] ADDR:0xEE TYPE:RC_CHANNELS_PACKED        LEN:26 | EE 18 16 E0 C3 5E 2B B2 D7 8A 56 B4 02 7C E0 03 1F F8 C0 07 3E F0 81 0F 7C E4
[21:15:25.636] ADDR:0xEA TYPE:ELRS_STATUS               LEN:15 | EA 0D 3A EA EE 10 00 03 0D 40 FF FF FF EC 4C
[21:15:25.647] ADDR:0xEE TYPE:RC_CHANNELS_PACKED        LEN:26 | EE 18 16 E0 C3 5E 2B B2 D7 8A 56 B4 02 7C E0 03 1F F8 C0 07 3E F0 81 0F 7C E4
[21:15:25.667] ADDR:0xEE TYPE:RC_CHANNELS_PACKED        LEN:26 | EE 18 16 E0 C3 5E 2B B2 D7 8A 56 B4 02 7C E0 03 1F F8 C0 07 3E F0 81 0F 7C E4
[21:15:25.697] ADDR:0xEE TYPE:RC_CHANNELS_PACKED        LEN:26 | EE 18 16 E0 C3 5E 2B B2 D7 8A 56 B4 02 7C E0 03 1F F8 C0 07 3E F0 81 0F 7C E4
[21:15:25.717] ADDR:0xEE TYPE:RC_CHANNELS_PACKED        LEN:26 | EE 18 16 E0 C3 5E 2B B0 D7 8A 56 B4 02 7C E0 03 1F F8 C0 07 3E F0 81 0F 7C 98
[21:15:25.728] ADDR:0xEE TYPE:RC_CHANNELS_PACKED        LEN:26 | EE 18 16 E0 BB 5E 2B B2 D7 8A 56 B4 02 7C E0 03 1F F8 C0 07 3E F0 81 0F 7C 44
[21:15:25.748] ADDR:0xEE TYPE:RC_CHANNELS_PACKED        LEN:26 | EE 18 16 E0 C3 5E 2B B2 D7 8A 56 B4 02 7C E0 03 1F F8 C0 07 3E F0 81 0F 7C E4
[21:15:25.778] ADDR:0xEE TYPE:RC_CHANNELS_PACKED        LEN:26 | EE 18 16 E0 BB 5E 2B B2 D7 8A 56 B4 02 7C E0 03 1F F8 C0 07 3E F0 81 0F 7C 44
[21:15:25.799] ADDR:0xEE TYPE:RC_CHANNELS_PACKED        LEN:26 | EE 18 16 E0 C3 5E 2B B0 D7 8A 56 B4 02 7C E0 03 1F F8 C0 07 3E F0 81 0F 7C 98
[21:15:25.809] ADDR:0xEE TYPE:RC_CHANNELS_PACKED        LEN:26 | EE 18 16 E0 C3 5E 2B B2 D7 8A 56 B4 02 7C E0 03 1F F8 C0 07 3E F0 81 0F 7C E4
[21:15:25.829] ADDR:0xEE TYPE:RC_CHANNELS_PACKED        LEN:26 | EE 18 16 E0 C3 5E 2B B2 D7 8A 56 B4 02 7C E0 03 1F F8 C0 07 3E F0 81 0F 7C E4
[21:15:25.829] ADDR:0xEA TYPE:ELRS_STATUS               LEN:15 | EA 0D 3A EA EE 10 00 03 0D 40 00 00 00 78 D7
[21:15:25.859] ADDR:0xEE TYPE:RC_CHANNELS_PACKED        LEN:26 | EE 18 16 E0 C3 5E 2B B0 D7 8A 56 B4 02 7C E0 03 1F F8 C0 07 3E F0 81 0F 7C 98
[21:15:25.870] ADDR:0xEE TYPE:RC_CHANNELS_PACKED        LEN:26 | EE 18 16 E0 C3 5E 2B B2 D7 8A 56 B4 02 7C E0 03 1F F8 C0 07 3E F0 81 0F 7C E4
[21:15:25.890] ADDR:0xEE TYPE:RC_CHANNELS_PACKED        LEN:26 | EE 18 16 E0 C3 5E 2B B2 D7 8A 56 B4 02 7C E0 03 1F F8 C0 07 3E F0 81 0F 7C E4
[21:15:25.910] ADDR:0xEE TYPE:RC_CHANNELS_PACKED        LEN:26 | EE 18 16 E0 C3 5E 2B B0 D7 8A 56 B4 02 7C E0 03 1F F8 C0 07 3E F0 81 0F 7C 98
[21:15:25.940] ADDR:0xEE TYPE:RC_CHANNELS_PACKED        LEN:26 | EE 18 16 E0 C3 5E 2B B2 D7 8A 56 B4 02 7C E0 03 1F F8 C0 07 3E F0 81 0F 7C E4
[21:15:25.951] ADDR:0xEE TYPE:RC_CHANNELS_PACKED        LEN:26 | EE 18 16 E0 C3 5E 2B B2 D7 8A 56 B4 02 7C E0 03 1F F8 C0 07 3E F0 81 0F 7C E4
[21:15:25.971] ADDR:0xEE TYPE:RC_CHANNELS_PACKED        LEN:26 | EE 18 16 E0 C3 5E 2B B0 D7 8A 56 B4 02 7C E0 03 1F F8 C0 07 3E F0 81 0F 7C 98
[21:15:25.981] ADDR:0xEE TYPE:RC_CHANNELS_PACKED        LEN:26 | EE 18 16 E0 C3 5E 2B B2 D7 8A 56 B4 02 7C E0 03 1F F8 C0 07 3E F0 81 0F 7C E4
[21:15:26.021] ADDR:0xEE TYPE:RC_CHANNELS_PACKED        LEN:26 | EE 18 16 E0 C3 5E 2B B2 D7 8A 56 B4 02 7C E0 03 1F F8 C0 07 3E F0 81 0F 7C E4
[21:15:26.032] ADDR:0xEE TYPE:RC_CHANNELS_PACKED        LEN:26 | EE 18 16 E0 C3 5E 2B B2 D7 8A 56 B4 02 7C E0 03 1F F8 C0 07 3E F0 81 0F 7C E4
[21:15:26.032] ADDR:0xEA TYPE:ELRS_STATUS               LEN:15 | EA 0D 3A EA EE 10 00 03 0D 40 00 00 00 D2 CA
[21:15:26.052] ADDR:0xEE TYPE:RC_CHANNELS_PACKED        LEN:26 | EE 18 16 E0 BB 5E 2B B0 D7 8A 56 B4 02 7C E0 03 1F F8 C0 07 3E F0 81 0F 7C 38
[21:15:26.062] ADDR:0xEE TYPE:RC_CHANNELS_PACKED        LEN:26 | EE 18 16 E0 C3 5E 2B B2 D7 8A 56 B4 02 7C E0 03 1F F8 C0 07 3E F0 81 0F 7C E4
[21:15:26.103] ADDR:0xEE TYPE:RC_CHANNELS_PACKED        LEN:26 | EE 18 16 E0 C3 5E 2B B2 D7 8A 56 B4 02 7C E0 03 1F F8 C0 07 3E F0 81 0F 7C E4
[21:15:26.113] ADDR:0xEE TYPE:RC_CHANNELS_PACKED        LEN:26 | EE 18 16 E0 BB 5E 2B B2 D7 8A 56 B4 02 7C E0 03 1F F8 C0 07 3E F0 81 0F 7C 44
[21:15:26.133] ADDR:0xEE TYPE:RC_CHANNELS_PACKED        LEN:26 | EE 18 16 E0 C3 5E 2B B2 D7 8A 56 B4 02 7C E0 03 1F F8 C0 07 3E F0 81 0F 7C E4
[21:15:26.144] ADDR:0xEE TYPE:RC_CHANNELS_PACKED        LEN:26 | EE 18 16 E0 C3 5E 2B B2 D7 8A 56 B4 02 7C E0 03 1F F8 C0 07 3E F0 81 0F 7C E4
[21:15:26.174] ADDR:0xEE TYPE:RC_CHANNELS_PACKED        LEN:26 | EE 18 16 E0 C3 5E 2B B2 D7 8A 56 B4 02 7C E0 03 1F F8 C0 07 3E F0 81 0F 7C E4
[21:15:26.194] ADDR:0xEE TYPE:RC_CHANNELS_PACKED        LEN:26 | EE 18 16 E0 C3 5E 2B B2 D7 8A 56 B4 02 7C E0 03 1F F8 C0 07 3E F0 81 0F 7C E4
[21:15:26.214] ADDR:0xEE TYPE:RC_CHANNELS_PACKED        LEN:26 | EE 18 16 E0 D3 5E 2B B2 D7 8A 56 B4 02 7C E0 03 1F F8 C0 07 3E F0 81 0F 7C B5
[21:15:26.225] ADDR:0xEE TYPE:RC_CHANNELS_PACKED        LEN:26 | EE 18 16 E0 C3 5E 2B B0 D7 8A 56 B4 02 7C E0 03 1F F8 C0 07 3E F0 81 0F 7C 98
[21:15:26.225] ADDR:0xEA TYPE:ELRS_STATUS               LEN:15 | EA 0D 3A EA EE 10 00 03 0D 40 00 00 00 A0 DE
[21:15:26.255] ADDR:0xEE TYPE:RC_CHANNELS_PACKED        LEN:26 | EE 18 16 E0 BB 5E 2B B2 D7 8A 56 B4 02 7C E0 03 1F F8 C0 07 3E F0 81 0F 7C 44
[21:15:26.275] ADDR:0xEE TYPE:RC_CHANNELS_PACKED        LEN:26 | EE 18 16 E0 C3 5E 2B B2 D7 8A 56 B4 02 7C E0 03 1F F8 C0 07 3E F0 81 0F 7C E4
[21:15:26.285] ADDR:0xEE TYPE:RC_CHANNELS_PACKED        LEN:26 | EE 18 16 E0 C3 5E 2B B2 D7 8A 56 B4 02 7C E0 03 1F F8 C0 07 3E F0 81 0F 7C E4
[21:15:26.306] ADDR:0xEE TYPE:RC_CHANNELS_PACKED        LEN:26 | EE 18 16 E0 BB 5E 2B B2 D7 8A 56 B4 02 7C E0 03 1F F8 C0 07 3E F0 81 0F 7C 44
[21:15:26.336] ADDR:0xEE TYPE:RC_CHANNELS_PACKED        LEN:26 | EE 18 16 E0 BB 5E 2B B2 D7 8A 56 B4 02 7C E0 03 1F F8 C0 07 3E F0 81 0F 7C 44
[21:15:26.356] ADDR:0xEE TYPE:RC_CHANNELS_PACKED        LEN:26 | EE 18 16 E0 C3 5E 2B B2 D7 8A 56 B4 02 7C E0 03 1F F8 C0 07 3E F0 81 0F 7C E4
[21:15:26.367] ADDR:0xEE TYPE:PARAMETER_READ            LEN:08 | EE 06 2C EE EA 07 00 BC
[21:15:26.387] ADDR:0xEE TYPE:RC_CHANNELS_PACKED        LEN:26 | EE 18 16 E0 C3 5E 2B B2 D7 8A 56 B4 02 7C E0 03 1F F8 C0 07 3E F0 81 0F 7C E4
[21:15:26.397] ADDR:0xEA TYPE:PARAMETER_SETTINGS_ENTRY  LEN:50 | EA 30 2B EA EE 07 00 06 09 4D 61 78 20 50 6F 77 65 72 00 32 35 3B 35 30 3B 31 30 30 3B 32 35 30 3B 35 30 30 3B 31 30 30 30 00 00 00 05 00 6D 57 00 4F
[21:15:26.417] ADDR:0xEE TYPE:RC_CHANNELS_PACKED        LEN:26 | EE 18 16 E0 C3 5E 2B B2 D7 8A 56 B4 02 7C E0 03 1F F8 C0 07 3E F0 81 0F 7C E4
[21:15:26.438] ADDR:0xEE TYPE:RC_CHANNELS_PACKED        LEN:26 | EE 18 16 E0 BB 5E 2B B2 D7 8A 56 B4 02 7C E0 03 1F F8 C0 07 3E F0 81 0F 7C 44
[21:15:26.438] ADDR:0xEA TYPE:ELRS_STATUS               LEN:15 | EA 0D 3A EA EE 10 00 03 0D 40 FF FF FE E8 B9
[21:15:26.448] ADDR:0xEE TYPE:RC_CHANNELS_PACKED        LEN:26 | EE 18 16 E0 C3 5E 2B B2 D7 8A 56 B4 02 7C E0 03 1F F8 C0 07 3E F0 81 0F 7C E4
[21:15:26.468] ADDR:0xEE TYPE:PARAMETER_READ            LEN:08 | EE 06 2C EE EA 08 00 D5
[21:15:26.498] ADDR:0xEE TYPE:RC_CHANNELS_PACKED        LEN:26 | EE 18 16 E0 C3 5E 2B B2 D7 8A 56 B4 02 7C E0 03 1F F8 C0 07 3E F0 81 0F 7C E4
[21:15:26.499] ADDR:0xEA TYPE:PARAMETER_SETTINGS_ENTRY  LEN:54 | EA 34 2B EA EE 08 00 06 09 44 79 6E 61 6D 69 63 00 4F 66 66 3B 44 79 6E 3B 41 55 58 39 3B 41 55 58 31 30 3B 41 55 58 31 31 3B 41 55 58 31 32 00 00 00 05 00 00 01
[21:15:26.519] ADDR:0xEE TYPE:RC_CHANNELS_PACKED        LEN:26 | EE 18 16 E0 BB 5E 2B B2 D7 8A 56 B4 02 7C E0 03 1F F8 C0 07 3E F0 81 0F 7C 44
[21:15:26.529] ADDR:0xEE TYPE:RC_CHANNELS_PACKED        LEN:26 | EE 18 16 E0 BB 5E 2B B0 D7 8A 56 B4 02 7C E0 03 1F F8 C0 07 3E F0 81 0F 7C 38
[21:15:26.549] ADDR:0xEE TYPE:RC_CHANNELS_PACKED        LEN:26 | EE 18 16 E0 BB 5E 2B B0 D7 8A 56 B4 02 7C E0 03 1F F8 C0 07 3E F0 81 0F 7C 38
[21:15:26.569] ADDR:0xEE TYPE:PARAMETER_READ            LEN:08 | EE 06 2C EE EA 09 00 DE
[21:15:26.600] ADDR:0xEE TYPE:RC_CHANNELS_PACKED        LEN:26 | EE 18 16 E0 C3 5E 2B B0 D7 8A 56 B4 02 7C E0 03 1F F8 C0 07 3E F0 81 0F 7C 98
[21:15:26.600] ADDR:0xEA TYPE:PARAMETER_SETTINGS_ENTRY  LEN:64 | EA 3E 2B EA EE 09 01 06 09 46 61 6E 20 54 68 72 65 73 68 00 31 30 6D 57 3B 32 35 6D 57 3B 35 30 6D 57 3B 31 30 30 6D 57 3B 32 35 30 6D 57 3B 35 30 30 6D 57 3B 31 30 30 30 6D 57 3B 32 30 30 B6
[21:15:26.620] ADDR:0xEE TYPE:RC_CHANNELS_PACKED        LEN:26 | EE 18 16 E0 BB 5E 2B B2 D7 8A 56 B4 02 7C E0 03 1F F8 C0 07 3E F0 81 0F 7C 44
[21:15:26.630] ADDR:0xEE TYPE:RC_CHANNELS_PACKED        LEN:26 | EE 18 16 E0 C3 5E 2B B2 D7 8A 56 B4 02 7C E0 03 1F F8 C0 07 3E F0 81 0F 7C E4
[21:15:26.630] ADDR:0xEA TYPE:ELRS_STATUS               LEN:15 | EA 0D 3A EA EE 10 00 03 0D 40 00 00 01 18 E5
[21:15:26.651] ADDR:0xEE TYPE:RC_CHANNELS_PACKED        LEN:26 | EE 18 16 E0 C3 5E 2B B0 D7 8A 56 B4 02 7C E0 03 1F F8 C0 07 3E F0 81 0F 7C 98
[21:15:26.661] ADDR:0xEE TYPE:PARAMETER_READ            LEN:08 | EE 06 2C EE EA 09 01 0B
[21:15:26.701] ADDR:0xEE TYPE:RC_CHANNELS_PACKED        LEN:26 | EE 18 16 E0 C3 5E 2B B0 D7 8A 56 B4 02 7C E0 03 1F F8 C0 07 3E F0 81 0F 7C 98
[21:15:26.702] ADDR:0xEA TYPE:PARAMETER_SETTINGS_ENTRY  LEN:23 | EA 15 2B EA EE 09 00 30 6D 57 3B 4E 65 76 65 72 00 05 00 08 00 00 B8
[21:15:26.712] ADDR:0xEE TYPE:RC_CHANNELS_PACKED        LEN:26 | EE 18 16 E0 C3 5E 2B B2 D7 8A 56 B4 02 7C E0 03 1F F8 C0 07 3E F0 81 0F 7C E4
[21:15:26.732] ADDR:0xEE TYPE:RC_CHANNELS_PACKED        LEN:26 | EE 18 16 E0 C3 5E 2B B2 D7 8A 56 B4 02 7C E0 03 1F F8 C0 07 3E F0 81 0F 7C E4
[21:15:26.743] ADDR:0xEE TYPE:RC_CHANNELS_PACKED        LEN:26 | EE 18 16 E0 C3 5E 2B B2 D7 8A 56 B4 02 7C E0 03 1F F8 C0 07 3E F0 81 0F 7C E4
[21:15:26.783] ADDR:0xEE TYPE:PARAMETER_READ            LEN:08 | EE 06 2C EE EA 0A 00 C3
[21:15:26.793] ADDR:0xEE TYPE:RC_CHANNELS_PACKED        LEN:26 | EE 18 16 E0 C3 5E 2B B2 D7 8A 56 B4 02 7C E0 03 1F F8 C0 07 3E F0 81 0F 7C E4
[21:15:26.793] ADDR:0xEA TYPE:PARAMETER_SETTINGS_ENTRY  LEN:34 | EA 20 2B EA EE 0A 00 00 0B 56 54 58 20 41 64 6D 69 6E 69 73 74 72 61 74 6F 72 00 0B 0C 0D 0E 0F FF 62
[21:15:26.813] ADDR:0xEE TYPE:RC_CHANNELS_PACKED        LEN:26 | EE 18 16 E0 C3 5E 2B AE D7 8A 56 B4 02 7C E0 03 1F F8 C0 07 3E F0 81 0F 7C 73
[21:15:26.824] ADDR:0xEE TYPE:RC_CHANNELS_PACKED        LEN:26 | EE 18 16 E0 C3 5E 2B B2 D7 8A 56 B4 02 7C E0 03 1F F8 C0 07 3E F0 81 0F 7C E4
[21:15:26.824] ADDR:0xEA TYPE:ELRS_STATUS               LEN:15 | EA 0D 3A EA EE 10 00 03 0D 40 FF FF FF 9C 27
[21:15:26.854] ADDR:0xEE TYPE:RC_CHANNELS_PACKED        LEN:26 | EE 18 16 E0 C3 5E 2B B2 D7 8A 56 B4 02 7C E0 03 1F F8 C0 07 3E F0 81 0F 7C E4
[21:15:26.874] ADDR:0xEE TYPE:PARAMETER_READ            LEN:08 | EE 06 2C EE EA 0B 00 C8
[21:15:26.904] ADDR:0xEE TYPE:RC_CHANNELS_PACKED        LEN:26 | EE 18 16 E0 BB 5E 2B B2 D7 8A 56 B4 02 7C E0 03 1F F8 C0 07 3E F0 81 0F 7C 44
[21:15:26.905] ADDR:0xEA TYPE:PARAMETER_SETTINGS_ENTRY  LEN:36 | EA 22 2B EA EE 0B 00 0A 09 42 61 6E 64 00 4F 66 66 3B 41 3B 42 3B 45 3B 46 3B 52 3B 4C 00 00 00 06 00 00 4B
[21:15:26.905] ADDR:0xEE TYPE:RC_CHANNELS_PACKED        LEN:26 | EE 18 16 E0 BB 5E 2B B2 D7 8A 56 B4 02 7C E0 03 1F F8 C0 07 3E F0 81 0F 7C 44
[21:15:26.935] ADDR:0xEE TYPE:RC_CHANNELS_PACKED        LEN:26 | EE 18 16 E0 C3 5E 2B B2 D7 8A 56 B4 02 7C E0 03 1F F8 C0 07 3E F0 81 0F 7C E4
[21:15:26.955] ADDR:0xEE TYPE:RC_CHANNELS_PACKED        LEN:26 | EE 18 16 E0 C3 5E 2B B2 D7 8A 56 B4 02 7C E0 03 1F F8 C0 07 3E F0 81 0F 7C E4
[21:15:26.965] ADDR:0xEE TYPE:PARAMETER_READ            LEN:08 | EE 06 2C EE EA 0C 00 F9
[21:15:26.986] ADDR:0xEE TYPE:RC_CHANNELS_PACKED        LEN:26 | EE 18 16 E0 BB 5E 2B B2 D7 8A 56 B4 02 7C E0 03 1F F8 C0 07 3E F0 81 0F 7C 44
[21:15:26.986] ADDR:0xEA TYPE:PARAMETER_SETTINGS_ENTRY  LEN:23 | EA 15 2B EA EE 0C 00 0A 00 43 68 61 6E 6E 65 6C 00 01 01 08 00 00 FB
[21:15:27.016] ADDR:0xEE TYPE:RC_CHANNELS_PACKED        LEN:26 | EE 18 16 E0 C3 5E 2B B2 D7 8A 56 B4 02 7C E0 03 1F F8 C0 07 3E F0 81 0F 7C E4
[21:15:27.036] ADDR:0xEE TYPE:RC_CHANNELS_PACKED        LEN:26 | EE 18 16 E0 C3 5E 2B B2 D7 8A 56 B4 02 7C E0 03 1F F8 C0 07 3E F0 81 0F 7C E4
[21:15:27.036] ADDR:0xEA TYPE:ELRS_STATUS               LEN:15 | EA 0D 3A EA EE 10 00 03 0D 40 00 00 01 86 F0
[21:15:27.047] ADDR:0xEE TYPE:RC_CHANNELS_PACKED        LEN:26 | EE 18 16 E0 C3 5E 2B B2 D7 8A 56 B4 02 7C E0 03 1F F8 C0 07 3E F0 81 0F 7C E4
[21:15:27.067] ADDR:0xEE TYPE:PARAMETER_READ            LEN:08 | EE 06 2C EE EA 0D 00 F2
[21:15:27.097] ADDR:0xEE TYPE:RC_CHANNELS_PACKED        LEN:26 | EE 18 16 E0 C3 5E 2B B2 D7 8A 56 B4 02 7C E0 03 1F F8 C0 07 3E F0 81 0F 7C E4
[21:15:27.098] ADDR:0xEA TYPE:PARAMETER_SETTINGS_ENTRY  LEN:41 | EA 27 2B EA EE 0D 00 0A 09 50 77 72 20 4C 76 6C 00 2D 3B 31 3B 32 3B 33 3B 34 3B 35 3B 36 3B 37 3B 38 00 00 00 08 00 00 C1
[21:15:27.118] ADDR:0xEE TYPE:RC_CHANNELS_PACKED        LEN:26 | EE 18 16 E0 C3 5E 2B B2 D7 8A 56 B4 02 7C E0 03 1F F8 C0 07 3E F0 81 0F 7C E4
[21:15:27.138] ADDR:0xEE TYPE:RC_CHANNELS_PACKED        LEN:26 | EE 18 16 E0 BB 5E 2B B2 D7 8A 56 B4 02 7C E0 03 1F F8 C0 07 3E F0 81 0F 7C 44
[21:15:27.148] ADDR:0xEE TYPE:RC_CHANNELS_PACKED        LEN:26 | EE 18 16 E0 C3 5E 2B B2 D7 8A 56 B4 02 7C E0 03 1F F8 C0 07 3E F0 81 0F 7C E4
[21:15:27.168] ADDR:0xEE TYPE:PARAMETER_READ            LEN:08 | EE 06 2C EE EA 0E 00 EF
[21:15:27.199] ADDR:0xEE TYPE:RC_CHANNELS_PACKED        LEN:26 | EE 18 16 E0 C3 5E 2B B0 D7 8A 56 B4 02 7C E0 03 1F F8 C0 07 3E F0 81 0F 7C 98
[21:15:27.199] ADDR:0xEA TYPE:PARAMETER_SETTINGS_ENTRY  LEN:64 | EA 3E 2B EA EE 0E 02 0A 89 50 69 74 6D 6F 64 65 00 4F 66 66 3B 4F 6E 3B 41 55 58 31 C0 3B 41 55 58 31 C1 3B 41 55 58 32 C0 3B 41 55 58 32 C1 3B 41 55 58 33 C0 3B 41 55 58 33 C1 3B 41 55 58 F1
[21:15:27.219] ADDR:0xEE TYPE:RC_CHANNELS_PACKED        LEN:26 | EE 18 16 E0 C3 5E 2B B2 D7 8A 56 B4 02 7C E0 03 1F F8 C0 07 3E F0 81 0F 7C E4
[21:15:27.229] ADDR:0xEE TYPE:RC_CHANNELS_PACKED        LEN:26 | EE 18 16 E0 C3 5E 2B B2 D7 8A 56 B4 02 7C E0 03 1F F8 C0 07 3E F0 81 0F 7C E4
[21:15:27.230] ADDR:0xEA TYPE:ELRS_STATUS               LEN:15 | EA 0D 3A EA EE 10 00 03 0D 40 00 00 01 40 03
[21:15:27.250] ADDR:0xEE TYPE:RC_CHANNELS_PACKED        LEN:26 | EE 18 16 E0 BB 5E 2B B2 D7 8A 56 B4 02 7C E0 03 1F F8 C0 07 3E F0 81 0F 7C 44
[21:15:27.270] ADDR:0xEE TYPE:PARAMETER_READ            LEN:08 | EE 06 2C EE EA 0E 01 3A
[21:15:27.302] ADDR:0xEE TYPE:RC_CHANNELS_PACKED        LEN:26 | EE 18 16 E0 C3 5E 2B B2 D7 8A 56 B4 02 7C E0 03 1F F8 C0 07 3E F0 81 0F 7C E4
[21:15:27.302] ADDR:0xEA TYPE:PARAMETER_SETTINGS_ENTRY  LEN:64 | EA 3E 2B EA EE 0E 01 34 C0 3B 41 55 58 34 C1 3B 41 55 58 35 C0 3B 41 55 58 35 C1 3B 41 55 58 36 C0 3B 41 55 58 36 C1 3B 41 55 58 37 C0 3B 41 55 58 37 C1 3B 41 55 58 38 C0 3B 41 55 58 38 C1 00
[21:15:27.322] ADDR:0xEE TYPE:RC_CHANNELS_PACKED        LEN:26 | EE 18 16 E0 C3 5E 2B AE D7 8A 56 B4 02 7C E0 03 1F F8 C0 07 3E F0 81 0F 7C 73
[21:15:27.332] ADDR:0xEE TYPE:RC_CHANNELS_PACKED        LEN:26 | EE 18 16 E0 C3 5E 2B B2 D7 8A 56 B4 02 7C E0 03 1F F8 C0 07 3E F0 81 0F 7C E4
[21:15:27.352] ADDR:0xEE TYPE:RC_CHANNELS_PACKED        LEN:26 | EE 18 16 E0 C3 5E 2B B2 D7 8A 56 B4 02 7C E0 03 1F F8 C0 07 3E F0 81 0F 7C E4
[21:15:27.363] ADDR:0xEE TYPE:PARAMETER_READ            LEN:08 | EE 06 2C EE EA 0E 02 90
[21:15:27.403] ADDR:0xEE TYPE:RC_CHANNELS_PACKED        LEN:26 | EE 18 16 E0 C3 5E 2B B2 D7 8A 56 B4 02 7C E0 03 1F F8 C0 07 3E F0 81 0F 7C E4
[21:15:27.403] ADDR:0xEA TYPE:PARAMETER_SETTINGS_ENTRY  LEN:40 | EA 26 2B EA EE 0E 00 3B 41 55 58 39 C0 3B 41 55 58 39 C1 3B 41 55 58 31 30 C0 3B 41 55 58 31 30 C1 00 00 00 15 00 00 97
[21:15:27.414] ADDR:0xEE TYPE:RC_CHANNELS_PACKED        LEN:26 | EE 18 16 E0 C3 5E 2B B2 D7 8A 56 B4 02 7C E0 03 1F F8 C0 07 3E F0 81 0F 7C E4
[21:15:27.434] ADDR:0xEE TYPE:RC_CHANNELS_PACKED        LEN:26 | EE 18 16 E0 C3 5E 2B B4 D7 8A 56 B4 02 7C E0 03 1F F8 C0 07 3E F0 81 0F 7C 60
[21:15:27.434] ADDR:0xEA TYPE:ELRS_STATUS               LEN:15 | EA 0D 3A EA EE 10 00 03 0D 40 00 00 00 78 D7
[21:15:27.454] ADDR:0xEE TYPE:RC_CHANNELS_PACKED        LEN:26 | EE 18 16 E0 BB 5E 2B B2 D7 8A 56 B4 02 7C E0 03 1F F8 C0 07 3E F0 81 0F 7C 44
[21:15:27.464] ADDR:0xEE TYPE:PARAMETER_READ            LEN:08 | EE 06 2C EE EA 0F 00 E4
[21:15:27.494] ADDR:0xEE TYPE:RC_CHANNELS_PACKED        LEN:26 | EE 18 16 E0 BB 5E 2B B0 D7 8A 56 B4 02 7C E0 03 1F F8 C0 07 3E F0 81 0F 7C 38
[21:15:27.495] ADDR:0xEA TYPE:PARAMETER_SETTINGS_ENTRY  LEN:22 | EA 14 2B EA EE 0F 00 0A 0D 53 65 6E 64 20 56 54 78 00 00 C8 00 01
[21:15:27.515] ADDR:0xEE TYPE:RC_CHANNELS_PACKED        LEN:26 | EE 18 16 E0 C3 5E 2B B4 D7 8A 56 B4 02 7C E0 03 1F F8 C0 07 3E F0 81 0F 7C 60
[21:15:27.525] ADDR:0xEE TYPE:RC_CHANNELS_PACKED        LEN:26 | EE 18 16 E0 BB 5E 2B B2 D7 8A 56 B4 02 7C E0 03 1F F8 C0 07 3E F0 81 0F 7C 44
[21:15:27.545] ADDR:0xEE TYPE:RC_CHANNELS_PACKED        LEN:26 | EE 18 16 E0 C3 5E 2B B2 D7 8A 56 B4 02 7C E0 03 1F F8 C0 07 3E F0 81 0F 7C E4
[21:15:27.575] ADDR:0xEE TYPE:PARAMETER_READ            LEN:08 | EE 06 2C EE EA 10 00 3D
[21:15:27.596] ADDR:0xEE TYPE:RC_CHANNELS_PACKED        LEN:26 | EE 18 16 E0 C3 5E 2B B2 D7 8A 56 B4 02 7C E0 03 1F F8 C0 07 3E F0 81 0F 7C E4
[21:15:27.596] ADDR:0xEA TYPE:PARAMETER_SETTINGS_ENTRY  LEN:33 | EA 1F 2B EA EE 10 00 00 0B 57 69 46 69 20 43 6F 6E 6E 65 63 74 69 76 69 74 79 00 11 12 13 14 FF 05
[21:15:27.606] ADDR:0xEE TYPE:RC_CHANNELS_PACKED        LEN:26 | EE 18 16 E0 C3 5E 2B B2 D7 8A 56 B4 02 7C E0 03 1F F8 C0 07 3E F0 81 0F 7C E4
[21:15:27.626] ADDR:0xEE TYPE:RC_CHANNELS_PACKED        LEN:26 | EE 18 16 E0 C3 5E 2B B2 D7 8A 56 B4 02 7C E0 03 1F F8 C0 07 3E F0 81 0F 7C E4
[21:15:27.626] ADDR:0xEA TYPE:ELRS_STATUS               LEN:15 | EA 0D 3A EA EE 10 00 03 0D 40 FF FF FF E2 E4
[21:15:27.657] ADDR:0xEE TYPE:RC_CHANNELS_PACKED        LEN:26 | EE 18 16 E0 BB 5E 2B B0 D7 8A 56 B4 02 7C E0 03 1F F8 C0 07 3E F0 81 0F 7C 38
[21:15:27.677] ADDR:0xEE TYPE:PARAMETER_READ            LEN:08 | EE 06 2C EE EA 11 00 36
[21:15:27.687] ADDR:0xEE TYPE:RC_CHANNELS_PACKED        LEN:26 | EE 18 16 E0 BB 5E 2B B2 D7 8A 56 B4 02 7C E0 03 1F F8 C0 07 3E F0 81 0F 7C 44
[21:15:27.687] ADDR:0xEA TYPE:PARAMETER_SETTINGS_ENTRY  LEN:25 | EA 17 2B EA EE 11 00 10 0D 45 6E 61 62 6C 65 20 57 69 46 69 00 00 C8 00 92
[21:15:27.707] ADDR:0xEE TYPE:RC_CHANNELS_PACKED        LEN:26 | EE 18 16 DF C3 5E 2B B2 D7 8A 56 B4 02 7C E0 03 1F F8 C0 07 3E F0 81 0F 7C 66
[21:15:27.739] ADDR:0xEE TYPE:RC_CHANNELS_PACKED        LEN:26 | EE 18 16 E0 C3 5E 2B B4 D7 8A 56 B4 02 7C E0 03 1F F8 C0 07 3E F0 81 0F 7C 60
[21:15:27.750] ADDR:0xEE TYPE:RC_CHANNELS_PACKED        LEN:26 | EE 18 16 E0 AB 5E 2B B0 D7 8A 56 B4 02 7C E0 03 1F F8 C0 07 3E F0 81 0F 7C 69
[21:15:27.770] ADDR:0xEE TYPE:PARAMETER_READ            LEN:08 | EE 06 2C EE EA 12 00 2B
[21:15:27.790] ADDR:0xEE TYPE:RC_CHANNELS_PACKED        LEN:26 | EE 18 16 E0 C3 5E 2B B0 D7 8A 56 B4 02 7C E0 03 1F F8 C0 07 3E F0 81 0F 7C 98
[21:15:27.790] ADDR:0xEA TYPE:PARAMETER_SETTINGS_ENTRY  LEN:28 | EA 1A 2B EA EE 12 00 10 0D 45 6E 61 62 6C 65 20 52 78 20 57 69 46 69 00 00 C8 00 43
[21:15:27.821] ADDR:0xEE TYPE:RC_CHANNELS_PACKED        LEN:26 | EE 18 16 E0 C3 5E 2B B2 D7 8A 56 B4 02 7C E0 03 1F F8 C0 07 3E F0 81 0F 7C E4
[21:15:27.831] ADDR:0xEE TYPE:RC_CHANNELS_PACKED        LEN:26 | EE 18 16 E0 BB 5E 2B B2 D7 8A 56 B4 02 7C E0 03 1F F8 C0 07 3E F0 81 0F 7C 44
[21:15:27.831] ADDR:0xEA TYPE:ELRS_STATUS               LEN:15 | EA 0D 3A EA EE 10 00 03 0D 40 00 00 00 3C B4
[21:15:27.851] ADDR:0xEE TYPE:RC_CHANNELS_PACKED        LEN:26 | EE 18 16 E0 C3 5E 2B B2 D7 8A 56 B4 02 7C E0 03 1F F8 C0 07 3E F0 81 0F 7C E4
[21:15:27.861] ADDR:0xEE TYPE:PARAMETER_READ            LEN:08 | EE 06 2C EE EA 13 00 20
[21:15:27.902] ADDR:0xEE TYPE:RC_CHANNELS_PACKED        LEN:26 | EE 18 16 E0 C3 5E 2B B2 D7 8A 56 B4 02 7C E0 03 1F F8 C0 07 3E F0 81 0F 7C E4
[21:15:27.902] ADDR:0xEA TYPE:PARAMETER_SETTINGS_ENTRY  LEN:34 | EA 20 2B EA EE 13 00 10 0D 45 6E 61 62 6C 65 20 42 61 63 6B 70 61 63 6B 20 57 69 46 69 00 00 C8 00 4B
[21:15:27.912] ADDR:0xEE TYPE:RC_CHANNELS_PACKED        LEN:26 | EE 18 16 E0 C3 5E 2B B2 D7 8A 56 B4 02 7C E0 03 1F F8 C0 07 3E F0 81 0F 7C E4
[21:15:27.932] ADDR:0xEE TYPE:RC_CHANNELS_PACKED        LEN:26 | EE 18 16 E0 C3 5E 2B B2 D7 8A 56 B4 02 7C E0 03 1F F8 C0 07 3E F0 81 0F 7C E4
[21:15:27.942] ADDR:0xEE TYPE:RC_CHANNELS_PACKED        LEN:26 | EE 18 16 E0 C3 5E 2B B2 D7 8A 56 B4 02 7C E0 03 1F F8 C0 07 3E F0 81 0F 7C E4
[21:15:27.983] ADDR:0xEE TYPE:PARAMETER_READ            LEN:08 | EE 06 2C EE EA 14 00 11
[21:15:27.993] ADDR:0xEE TYPE:RC_CHANNELS_PACKED        LEN:26 | EE 18 16 E0 C3 5E 2B B0 D7 8A 56 B4 02 7C E0 03 1F F8 C0 07 3E F0 81 0F 7C 98
[21:15:27.993] ADDR:0xEA TYPE:PARAMETER_SETTINGS_ENTRY  LEN:29 | EA 1B 2B EA EE 14 00 10 0D 45 6E 61 62 6C 65 20 56 52 78 20 57 69 46 69 00 00 C8 00 EC
[21:15:28.013] ADDR:0xEE TYPE:RC_CHANNELS_PACKED        LEN:26 | EE 18 16 E0 BB 5E 2B B2 D7 8A 56 B4 02 7C E0 03 1F F8 C0 07 3E F0 81 0F 7C 44
[21:15:28.023] ADDR:0xEE TYPE:RC_CHANNELS_PACKED        LEN:26 | EE 18 16 E0 C3 5E 2B B2 D7 8A 56 B4 02 7C E0 03 1F F8 C0 07 3E F0 81 0F 7C E4
[21:15:28.023] ADDR:0xEA TYPE:ELRS_STATUS               LEN:15 | EA 0D 3A EA EE 10 00 03 0D 40 FF FF FF E2 E4
[21:15:28.054] ADDR:0xEE TYPE:RC_CHANNELS_PACKED        LEN:26 | EE 18 16 E0 BB 5E 2B B2 D7 8A 56 B4 02 7C E0 03 1F F8 C0 07 3E F0 81 0F 7C 44
[21:15:28.074] ADDR:0xEE TYPE:PARAMETER_READ            LEN:08 | EE 06 2C EE EA 15 00 1A
[21:15:28.094] ADDR:0xEE TYPE:RC_CHANNELS_PACKED        LEN:26 | EE 18 16 DF C3 5E 2B B2 D7 8A 56 B4 02 7C E0 03 1F F8 C0 07 3E F0 81 0F 7C 66
[21:15:28.095] ADDR:0xEA TYPE:PARAMETER_SETTINGS_ENTRY  LEN:27 | EA 19 2B EA EE 15 00 00 0B 42 61 63 6B 70 61 63 6B 00 16 17 18 19 1A 1B 1C FF EE
[21:15:28.105] ADDR:0xEE TYPE:RC_CHANNELS_PACKED        LEN:26 | EE 18 16 E0 C3 5E 2B B2 D7 8A 56 B4 02 7C E0 03 1F F8 C0 07 3E F0 81 0F 7C E4
[21:15:28.135] ADDR:0xEE TYPE:RC_CHANNELS_PACKED        LEN:26 | EE 18 16 E0 C3 5E 2B B2 D7 8A 56 B4 02 7C E0 03 1F F8 C0 07 3E F0 81 0F 7C E4
[21:15:28.155] ADDR:0xEE TYPE:RC_CHANNELS_PACKED        LEN:26 | EE 18 16 E0 C3 5E 2B B2 D7 8A 56 B4 02 7C E0 03 1F F8 C0 07 3E F0 81 0F 7C E4
[21:15:28.165] ADDR:0xEE TYPE:PARAMETER_READ            LEN:08 | EE 06 2C EE EA 16 00 07
[21:15:28.186] ADDR:0xEE TYPE:RC_CHANNELS_PACKED        LEN:26 | EE 18 16 E0 C3 5E 2B AE D7 8A 56 B4 02 7C E0 03 1F F8 C0 07 3E F0 81 0F 7C 73
[21:15:28.206] ADDR:0xEA TYPE:PARAMETER_SETTINGS_ENTRY  LEN:64 | EA 3E 2B EA EE 16 02 15 09 44 56 52 20 52 65 63 00 4F 66 66 3B 41 55 58 31 C0 3B 41 55 58 31 C1 3B 41 55 58 32 C0 3B 41 55 58 32 C1 3B 41 55 58 33 C0 3B 41 55 58 33 C1 3B 41 55 58 34 C0 3B AD
[21:15:28.216] ADDR:0xEE TYPE:RC_CHANNELS_PACKED        LEN:26 | EE 18 16 E0 C3 5E 2B B2 D7 8A 56 B4 02 7C E0 03 1F F8 C0 07 3E F0 81 0F 7C E4
[21:15:28.236] ADDR:0xEE TYPE:RC_CHANNELS_PACKED        LEN:26 | EE 18 16 E0 C3 5E 2B B2 D7 8A 56 B4 02 7C E0 03 1F F8 C0 07 3E F0 81 0F 7C E4
[21:15:28.236] ADDR:0xEA TYPE:ELRS_STATUS               LEN:15 | EA 0D 3A EA EE 10 00 03 0D 40 00 00 02 12 AE
[21:15:28.247] ADDR:0xEE TYPE:RC_CHANNELS_PACKED        LEN:26 | EE 18 16 E0 C3 5E 2B B2 D7 8A 56 B4 02 7C E0 03 1F F8 C0 07 3E F0 81 0F 7C E4
[21:15:28.267] ADDR:0xEE TYPE:PARAMETER_READ            LEN:08 | EE 06 2C EE EA 16 01 D2
[21:15:28.297] ADDR:0xEE TYPE:RC_CHANNELS_PACKED        LEN:26 | EE 18 16 E0 BB 5E 2B B2 D7 8A 56 B4 02 7C E0 03 1F F8 C0 07 3E F0 81 0F 7C 44
[21:15:28.297] ADDR:0xEA TYPE:PARAMETER_SETTINGS_ENTRY  LEN:64 | EA 3E 2B EA EE 16 01 41 55 58 34 C1 3B 41 55 58 35 C0 3B 41 55 58 35 C1 3B 41 55 58 36 C0 3B 41 55 58 36 C1 3B 41 55 58 37 C0 3B 41 55 58 37 C1 3B 41 55 58 38 C0 3B 41 55 58 38 C1 3B 41 55 BA
[21:15:28.318] ADDR:0xEE TYPE:RC_CHANNELS_PACKED        LEN:26 | EE 18 16 E0 BB 5E 2B B0 D7 8A 56 B4 02 7C E0 03 1F F8 C0 07 3E F0 81 0F 7C 38
[21:15:28.338] ADDR:0xEE TYPE:RC_CHANNELS_PACKED        LEN:26 | EE 18 16 E0 C3 5E 2B B2 D7 8A 56 B4 02 7C E0 03 1F F8 C0 07 3E F0 81 0F 7C E4
[21:15:28.348] ADDR:0xEE TYPE:RC_CHANNELS_PACKED        LEN:26 | EE 18 16 E0 C3 5E 2B B2 D7 8A 56 B4 02 7C E0 03 1F F8 C0 07 3E F0 81 0F 7C E4
[21:15:28.368] ADDR:0xEE TYPE:PARAMETER_READ            LEN:08 | EE 06 2C EE EA 16 02 78
[21:15:28.419] ADDR:0xEE TYPE:RC_CHANNELS_PACKED        LEN:26 | EE 18 16 E0 C3 5E 2B B4 D7 8A 56 B4 02 7C E0 03 1F F8 C0 07 3E F0 81 0F 7C 60
[21:15:28.419] ADDR:0xEA TYPE:PARAMETER_SETTINGS_ENTRY  LEN:37 | EA 23 2B EA EE 16 00 58 39 C0 3B 41 55 58 39 C1 3B 41 55 58 31 30 C0 3B 41 55 58 31 30 C1 00 00 00 14 00 00 20
[21:15:28.419] ADDR:0xEE TYPE:RC_CHANNELS_PACKED        LEN:26 | EE 18 16 E0 C3 5E 2B B2 D7 8A 56 B4 02 7C E0 03 1F F8 C0 07 3E F0 81 0F 7C E4
[21:15:28.429] ADDR:0xEE TYPE:RC_CHANNELS_PACKED        LEN:26 | EE 18 16 E0 C3 5E 2B B2 D7 8A 56 B4 02 7C E0 03 1F F8 C0 07 3E F0 81 0F 7C E4
[21:15:28.429] ADDR:0xEA TYPE:ELRS_STATUS               LEN:15 | EA 0D 3A EA EE 10 00 03 0D 40 00 00 00 5A 0C
[21:15:28.450] ADDR:0xEE TYPE:RC_CHANNELS_PACKED        LEN:26 | EE 18 16 E0 C3 5E 2B B2 D7 8A 56 B4 02 7C E0 03 1F F8 C0 07 3E F0 81 0F 7C E4
[21:15:28.480] ADDR:0xEE TYPE:PARAMETER_READ            LEN:08 | EE 06 2C EE EA 17 00 0C
[21:15:28.500] ADDR:0xEE TYPE:RC_CHANNELS_PACKED        LEN:26 | EE 18 16 E0 C3 5E 2B B2 D7 8A 56 B4 02 7C E0 03 1F F8 C0 07 3E F0 81 0F 7C E4
[21:15:28.500] ADDR:0xEA TYPE:PARAMETER_SETTINGS_ENTRY  LEN:55 | EA 35 2B EA EE 17 00 15 09 44 56 52 20 53 72 74 20 44 6C 79 00 30 73 3B 35 73 3B 31 35 73 3B 33 30 73 3B 34 35 73 3B 31 6D 69 6E 3B 32 6D 69 6E 00 00 00 06 00 00 A2
[21:15:28.521] ADDR:0xEE TYPE:RC_CHANNELS_PACKED        LEN:26 | EE 18 16 E0 BB 5E 2B B0 D7 8A 56 B4 02 7C E0 03 1F F8 C0 07 3E F0 81 0F 7C 38
[21:15:28.531] ADDR:0xEE TYPE:RC_CHANNELS_PACKED        LEN:26 | EE 18 16 E0 C3 5E 2B B4 D7 8A 56 B4 02 7C E0 03 1F F8 C0 07 3E F0 81 0F 7C 60
[21:15:28.551] ADDR:0xEE TYPE:RC_CHANNELS_PACKED        LEN:26 | EE 18 16 E0 C3 5E 2B B2 D7 8A 56 B4 02 7C E0 03 1F F8 C0 07 3E F0 81 0F 7C E4
[21:15:28.561] ADDR:0xEE TYPE:PARAMETER_READ            LEN:08 | EE 06 2C EE EA 18 00 65
[21:15:28.601] ADDR:0xEE TYPE:RC_CHANNELS_PACKED        LEN:26 | EE 18 16 E0 C3 5E 2B B2 D7 8A 56 B4 02 7C E0 03 1F F8 C0 07 3E F0 81 0F 7C E4
[21:15:28.602] ADDR:0xEA TYPE:PARAMETER_SETTINGS_ENTRY  LEN:55 | EA 35 2B EA EE 18 00 15 09 44 56 52 20 53 74 70 20 44 6C 79 00 30 73 3B 35 73 3B 31 35 73 3B 33 30 73 3B 34 35 73 3B 31 6D 69 6E 3B 32 6D 69 6E 00 00 00 06 00 00 D8
[21:15:28.622] ADDR:0xEE TYPE:RC_CHANNELS_PACKED        LEN:26 | EE 18 16 E0 C3 5E 2B B2 D7 8A 56 B4 02 7C E0 03 1F F8 C0 07 3E F0 81 0F 7C E4
[21:15:28.632] ADDR:0xEE TYPE:RC_CHANNELS_PACKED        LEN:26 | EE 18 16 E0 C3 5E 2B B2 D7 8A 56 B4 02 7C E0 03 1F F8 C0 07 3E F0 81 0F 7C E4
[21:15:28.632] ADDR:0xEA TYPE:ELRS_STATUS               LEN:15 | EA 0D 3A EA EE 10 00 03 0D 40 00 00 00 78 D7
[21:15:28.652] ADDR:0xEE TYPE:RC_CHANNELS_PACKED        LEN:26 | EE 18 16 E0 C3 5E 2B B2 D7 8A 56 B4 02 7C E0 03 1F F8 C0 07 3E F0 81 0F 7C E4
[21:15:28.663] ADDR:0xEE TYPE:PARAMETER_READ            LEN:08 | EE 06 2C EE EA 19 00 6E
[21:15:28.703] ADDR:0xEE TYPE:RC_CHANNELS_PACKED        LEN:26 | EE 18 16 E0 BB 5E 2B B2 D7 8A 56 B4 02 7C E0 03 1F F8 C0 07 3E F0 81 0F 7C 44
[21:15:28.703] ADDR:0xEA TYPE:PARAMETER_SETTINGS_ENTRY  LEN:64 | EA 3E 2B EA EE 19 02 15 09 48 54 20 45 6E 61 62 6C 65 00 4F 66 66 3B 4F 6E 3B 41 55 58 31 C0 3B 41 55 58 31 C1 3B 41 55 58 32 C0 3B 41 55 58 32 C1 3B 41 55 58 33 C0 3B 41 55 58 33 C1 3B 41 96
[21:15:28.713] ADDR:0xEE TYPE:RC_CHANNELS_PACKED        LEN:26 | EE 18 16 E0 C3 5E 2B B2 D7 8A 56 B4 02 7C E0 03 1F F8 C0 07 3E F0 81 0F 7C E4
[21:15:28.734] ADDR:0xEE TYPE:RC_CHANNELS_PACKED        LEN:26 | EE 18 16 E0 C3 5E 2B B2 D7 8A 56 B4 02 7C E0 03 1F F8 C0 07 3E F0 81 0F 7C E4
[21:15:28.754] ADDR:0xEE TYPE:RC_CHANNELS_PACKED        LEN:26 | EE 18 16 E0 C3 5E 2B B4 D7 8A 56 B4 02 7C E0 03 1F F8 C0 07 3E F0 81 0F 7C 60
[21:15:28.764] ADDR:0xEE TYPE:PARAMETER_READ            LEN:08 | EE 06 2C EE EA 19 01 BB
[21:15:28.805] ADDR:0xEE TYPE:RC_CHANNELS_PACKED        LEN:26 | EE 18 16 E0 D3 5E 2B B0 D7 8A 56 B4 02 7C E0 03 1F F8 C0 07 3E F0 81 0F 7C C9
[21:15:28.805] ADDR:0xEA TYPE:PARAMETER_SETTINGS_ENTRY  LEN:64 | EA 3E 2B EA EE 19 01 55 58 34 C0 3B 41 55 58 34 C1 3B 41 55 58 35 C0 3B 41 55 58 35 C1 3B 41 55 58 36 C0 3B 41 55 58 36 C1 3B 41 55 58 37 C0 3B 41 55 58 37 C1 3B 41 55 58 38 C0 3B 41 55 58 EA
[21:15:28.815] ADDR:0xEE TYPE:RC_CHANNELS_PACKED        LEN:26 | EE 18 16 E0 C3 5E 2B B2 D7 8A 56 B4 02 7C E0 03 1F F8 C0 07 3E F0 81 0F 7C E4
[21:15:28.836] ADDR:0xEE TYPE:RC_CHANNELS_PACKED        LEN:26 | EE 18 16 E0 C3 5E 2B B2 D7 8A 56 B4 02 7C E0 03 1F F8 C0 07 3E F0 81 0F 7C E4
[21:15:28.836] ADDR:0xEA TYPE:ELRS_STATUS               LEN:15 | EA 0D 3A EA EE 10 00 03 0D 40 00 00 00 FA 47
[21:15:28.846] ADDR:0xEE TYPE:RC_CHANNELS_PACKED        LEN:26 | EE 18 16 E0 C3 5E 2B B2 D7 8A 56 B4 02 7C E0 03 1F F8 C0 07 3E F0 81 0F 7C E4
[21:15:28.866] ADDR:0xEE TYPE:PARAMETER_READ            LEN:08 | EE 06 2C EE EA 19 02 11
[21:15:28.907] ADDR:0xEE TYPE:RC_CHANNELS_PACKED        LEN:26 | EE 18 16 E0 C3 5E 2B B2 D7 8A 56 B4 02 7C E0 03 1F F8 C0 07 3E F0 81 0F 7C E4
[21:15:28.907] ADDR:0xEA TYPE:PARAMETER_SETTINGS_ENTRY  LEN:42 | EA 28 2B EA EE 19 00 38 C1 3B 41 55 58 39 C0 3B 41 55 58 39 C1 3B 41 55 58 31 30 C0 3B 41 55 58 31 30 C1 00 00 00 15 00 00 D6
[21:15:28.917] ADDR:0xEE TYPE:RC_CHANNELS_PACKED        LEN:26 | EE 18 16 E0 C3 5E 2B B2 D7 8A 56 B4 02 7C E0 03 1F F8 C0 07 3E F0 81 0F 7C E4
[21:15:28.937] ADDR:0xEE TYPE:RC_CHANNELS_PACKED        LEN:26 | EE 18 16 E0 C3 5E 2B B2 D7 8A 56 B4 02 7C E0 03 1F F8 C0 07 3E F0 81 0F 7C E4
[21:15:28.947] ADDR:0xEE TYPE:RC_CHANNELS_PACKED        LEN:26 | EE 18 16 E0 C3 5E 2B B4 D7 8A 56 B4 02 7C E0 03 1F F8 C0 07 3E F0 81 0F 7C 60
[21:15:28.968] ADDR:0xEE TYPE:PARAMETER_READ            LEN:08 | EE 06 2C EE EA 1A 00 73
[21:15:28.998] ADDR:0xEE TYPE:RC_CHANNELS_PACKED        LEN:26 | EE 18 16 E0 C3 5E 2B B2 D7 8A 56 B4 02 7C E0 03 1F F8 C0 07 3E F0 81 0F 7C E4
[21:15:28.998] ADDR:0xEA TYPE:PARAMETER_SETTINGS_ENTRY  LEN:64 | EA 3E 2B EA EE 1A 01 15 09 48 54 20 53 74 61 72 74 20 43 68 61 6E 6E 65 6C 00 41 55 58 31 3B 41 55 58 32 3B 41 55 58 33 3B 41 55 58 34 3B 41 55 58 35 3B 41 55 58 36 3B 41 55 58 37 3B 41 55 54
[21:15:29.018] ADDR:0xEE TYPE:RC_CHANNELS_PACKED        LEN:26 | EE 18 16 DF C3 5E 2B B2 D7 8A 56 B4 02 7C E0 03 1F F8 C0 07 3E F0 81 0F 7C 66
[21:15:29.039] ADDR:0xEE TYPE:RC_CHANNELS_PACKED        LEN:26 | EE 18 16 E0 C3 5E 2B B2 D7 8A 56 B4 02 7C E0 03 1F F8 C0 07 3E F0 81 0F 7C E4
[21:15:29.039] ADDR:0xEA TYPE:ELRS_STATUS               LEN:15 | EA 0D 3A EA EE 10 00 03 0D 40 FF FF FF D8 44
[21:15:29.049] ADDR:0xEE TYPE:RC_CHANNELS_PACKED        LEN:26 | EE 18 16 E0 C3 5E 2B B2 D7 8A 56 B4 02 7C E0 03 1F F8 C0 07 3E F0 81 0F 7C E4
[21:15:29.069] ADDR:0xEE TYPE:PARAMETER_READ            LEN:08 | EE 06 2C EE EA 1A 01 A6
[21:15:29.100] ADDR:0xEE TYPE:RC_CHANNELS_PACKED        LEN:26 | EE 18 16 E0 BB 5E 2B B0 D7 8A 56 B4 02 7C E0 03 1F F8 C0 07 3E F0 81 0F 7C 38
[21:15:29.100] ADDR:0xEA TYPE:PARAMETER_SETTINGS_ENTRY  LEN:27 | EA 19 2B EA EE 1A 00 58 38 3B 41 55 58 39 3B 41 55 58 31 30 00 00 00 09 00 00 98
[21:15:29.110] ADDR:0xEE TYPE:RC_CHANNELS_PACKED        LEN:26 | EE 18 16 E0 C3 5E 2B B2 D7 8A 56 B4 02 7C E0 03 1F F8 C0 07 3E F0 81 0F 7C E4
[21:15:29.130] ADDR:0xEE TYPE:RC_CHANNELS_PACKED        LEN:26 | EE 18 16 DF C3 5E 2B B2 D7 8A 56 B4 02 7C E0 03 1F F8 C0 07 3E F0 81 0F 7C 66
[21:15:29.151] ADDR:0xEE TYPE:RC_CHANNELS_PACKED        LEN:26 | EE 18 16 E0 C3 5E 2B B4 D7 8A 56 B4 02 7C E0 03 1F F8 C0 07 3E F0 81 0F 7C 60
[21:15:29.181] ADDR:0xEE TYPE:PARAMETER_READ            LEN:08 | EE 06 2C EE EA 1B 00 78
[21:15:29.201] ADDR:0xEE TYPE:RC_CHANNELS_PACKED        LEN:26 | EE 18 16 E0 C3 5E 2B B2 D7 8A 56 B4 02 7C E0 03 1F F8 C0 07 3E F0 81 0F 7C E4
[21:15:29.201] ADDR:0xEA TYPE:PARAMETER_SETTINGS_ENTRY  LEN:41 | EA 27 2B EA EE 1B 00 15 09 54 65 6C 65 6D 65 74 72 79 00 4F 66 66 3B 45 53 50 4E 4F 57 3B 57 69 46 69 00 00 00 02 00 00 FC
[21:15:29.221] ADDR:0xEE TYPE:RC_CHANNELS_PACKED        LEN:26 | EE 18 16 E0 C3 5E 2B B2 D7 8A 56 B4 02 7C E0 03 1F F8 C0 07 3E F0 81 0F 7C E4
[21:15:29.232] ADDR:0xEE TYPE:RC_CHANNELS_PACKED        LEN:26 | EE 18 16 E0 C3 5E 2B B2 D7 8A 56 B4 02 7C E0 03 1F F8 C0 07 3E F0 81 0F 7C E4
[21:15:29.232] ADDR:0xEA TYPE:ELRS_STATUS               LEN:15 | EA 0D 3A EA EE 10 00 03 0D 40 00 00 01 86 F0
[21:15:29.252] ADDR:0xEE TYPE:RC_CHANNELS_PACKED        LEN:26 | EE 18 16 E0 C3 5E 2B B2 D7 8A 56 B4 02 7C E0 03 1F F8 C0 07 3E F0 81 0F 7C E4
[21:15:29.262] ADDR:0xEE TYPE:PARAMETER_READ            LEN:08 | EE 06 2C EE EA 1C 00 49
[21:15:29.305] ADDR:0xEE TYPE:RC_CHANNELS_PACKED        LEN:26 | EE 18 16 E0 C3 5E 2B B0 D7 8A 56 B4 02 7C E0 03 1F F8 C0 07 3E F0 81 0F 7C 98
[21:15:29.305] ADDR:0xEA TYPE:PARAMETER_SETTINGS_ENTRY  LEN:19 | EA 11 2B EA EE 1C 00 15 0C 56 65 72 73 69 6F 6E 00 00 3D
[21:15:29.315] ADDR:0xEE TYPE:RC_CHANNELS_PACKED        LEN:26 | EE 18 16 DF C3 5E 2B B2 D7 8A 56 B4 02 7C E0 03 1F F8 C0 07 3E F0 81 0F 7C 66
[21:15:29.325] ADDR:0xEE TYPE:RC_CHANNELS_PACKED        LEN:26 | EE 18 16 E0 C3 5E 2B B2 D7 8A 56 B4 02 7C E0 03 1F F8 C0 07 3E F0 81 0F 7C E4
[21:15:29.346] ADDR:0xEE TYPE:RC_CHANNELS_PACKED        LEN:26 | EE 18 16 E0 BB 5E 2B B2 D7 8A 56 B4 02 7C E0 03 1F F8 C0 07 3E F0 81 0F 7C 44
[21:15:29.376] ADDR:0xEE TYPE:PARAMETER_READ            LEN:08 | EE 06 2C EE EA 1D 00 42
[21:15:29.397] ADDR:0xEE TYPE:RC_CHANNELS_PACKED        LEN:26 | EE 18 16 E0 BB 5E 2B B0 D7 8A 56 B4 02 7C E0 03 1F F8 C0 07 3E F0 81 0F 7C 38
[21:15:29.397] ADDR:0xEA TYPE:PARAMETER_SETTINGS_ENTRY  LEN:26 | EA 18 2B EA EE 1D 00 00 0D 42 4C 45 20 4A 6F 79 73 74 69 63 6B 00 00 C8 00 50
[21:15:29.407] ADDR:0xEE TYPE:RC_CHANNELS_PACKED        LEN:26 | EE 18 16 DF BB 5E 2B B2 D7 8A 56 B4 02 7C E0 03 1F F8 C0 07 3E F0 81 0F 7C C6
[21:15:29.427] ADDR:0xEE TYPE:RC_CHANNELS_PACKED        LEN:26 | EE 18 16 E0 BB 5E 2B B2 D7 8A 56 B4 02 7C E0 03 1F F8 C0 07 3E F0 81 0F 7C 44
[21:15:29.427] ADDR:0xEA TYPE:ELRS_STATUS               LEN:15 | EA 0D 3A EA EE 10 00 03 0D 40 00 00 00 BE 24
[21:15:29.458] ADDR:0xEE TYPE:RC_CHANNELS_PACKED        LEN:26 | EE 18 16 E0 BB 5E 2B B2 D7 8A 56 B4 02 7C E0 03 1F F8 C0 07 3E F0 81 0F 7C 44
[21:15:29.478] ADDR:0xEE TYPE:PARAMETER_READ            LEN:08 | EE 06 2C EE EA 1E 00 5F
[21:15:29.488] ADDR:0xEE TYPE:RC_CHANNELS_PACKED        LEN:26 | EE 18 16 E0 C3 5E 2B B0 D7 8A 56 B4 02 7C E0 03 1F F8 C0 07 3E F0 81 0F 7C 98
[21:15:29.488] ADDR:0xEA TYPE:PARAMETER_SETTINGS_ENTRY  LEN:18 | EA 10 2B EA EE 1E 00 00 0D 42 69 6E 64 00 00 C8 00 E5
[21:15:29.508] ADDR:0xEE TYPE:RC_CHANNELS_PACKED        LEN:26 | EE 18 16 DF BB 5E 2B B4 D7 8A 56 B4 02 7C E0 03 1F F8 C0 07 3E F0 81 0F 7C 42
[21:15:29.539] ADDR:0xEE TYPE:RC_CHANNELS_PACKED        LEN:26 | EE 18 16 E0 C3 5E 2B B2 D7 8A 56 B4 02 7C E0 03 1F F8 C0 07 3E F0 81 0F 7C E4
[21:15:29.559] ADDR:0xEE TYPE:RC_CHANNELS_PACKED        LEN:26 | EE 18 16 E0 C3 5E 2B B2 D7 8A 56 B4 02 7C E0 03 1F F8 C0 07 3E F0 81 0F 7C E4
[21:15:29.569] ADDR:0xEE TYPE:PARAMETER_READ            LEN:08 | EE 06 2C EE EA 1F 00 54
[21:15:29.589] ADDR:0xEE TYPE:RC_CHANNELS_PACKED        LEN:26 | EE 18 16 E0 BB 5E 2B B2 D7 8A 56 B4 02 7C E0 03 1F F8 C0 07 3E F0 81 0F 7C 44
[21:15:29.589] ADDR:0xEA TYPE:PARAMETER_SETTINGS_ENTRY  LEN:24 | EA 16 2B EA EE 1F 00 00 0C 42 61 64 2F 47 6F 6F 64 00 30 2F 35 30 00 FB
[21:15:29.620] ADDR:0xEE TYPE:RC_CHANNELS_PACKED        LEN:26 | EE 18 16 E0 BB 5E 2B B2 D7 8A 56 B4 02 7C E0 03 1F F8 C0 07 3E F0 81 0F 7C 44
[21:15:29.630] ADDR:0xEE TYPE:RC_CHANNELS_PACKED        LEN:26 | EE 18 16 E0 C3 5E 2B B2 D7 8A 56 B4 02 7C E0 03 1F F8 C0 07 3E F0 81 0F 7C E4
[21:15:29.630] ADDR:0xEA TYPE:ELRS_STATUS               LEN:15 | EA 0D 3A EA EE 10 00 03 0D 40 FF FF FF 88 8B
[21:15:29.650] ADDR:0xEE TYPE:RC_CHANNELS_PACKED        LEN:26 | EE 18 16 E0 C3 5E 2B B2 D7 8A 56 B4 02 7C E0 03 1F F8 C0 07 3E F0 81 0F 7C E4
[21:15:29.670] ADDR:0xEE TYPE:PARAMETER_READ            LEN:08 | EE 06 2C EE EA 20 00 38
[21:15:29.701] ADDR:0xEE TYPE:RC_CHANNELS_PACKED        LEN:26 | EE 18 16 E0 C3 5E 2B B0 D7 8A 56 B4 02 7C E0 03 1F F8 C0 07 3E F0 81 0F 7C 98
[21:15:29.701] ADDR:0xEA TYPE:PARAMETER_SETTINGS_ENTRY  LEN:30 | EA 1C 2B EA EE 20 00 00 0C 33 2E 36 2E 32 20 49 53 4D 32 47 34 00 30 62 30 63 63 65 00 BE
[21:15:29.711] ADDR:0xEE TYPE:RC_CHANNELS_PACKED        LEN:26 | EE 18 16 E0 C3 5E 2B B0 D7 8A 56 B4 02 7C E0 03 1F F8 C0 07 3E F0 81 0F 7C 98
[21:15:29.732] ADDR:0xEE TYPE:RC_CHANNELS_PACKED        LEN:26 | EE 18 16 E0 C3 5E 2B B2 D7 8A 56 B4 02 7C E0 03 1F F8 C0 07 3E F0 81 0F 7C E4
[21:15:29.742] ADDR:0xEE TYPE:RC_CHANNELS_PACKED        LEN:26 | EE 18 16 DF C3 5E 2B B2 D7 8A 56 B4 02 7C E0 03 1F F8 C0 07 3E F0 81 0F 7C 66
[21:15:29.782] ADDR:0xEE TYPE:PARAMETER_READ            LEN:08 | EE 06 2C EE EA 01 00 86
[21:15:29.803] ADDR:0xEE TYPE:RC_CHANNELS_PACKED        LEN:26 | EE 18 16 E0 C3 5E 2B B2 D7 8A 56 B4 02 7C E0 03 1F F8 C0 07 3E F0 81 0F 7C E4
[21:15:29.803] ADDR:0xEA TYPE:PARAMETER_SETTINGS_ENTRY  LEN:64 | EA 3E 2B EA EE 01 02 00 09 50 61 63 6B 65 74 20 52 61 74 65 00 35 30 48 7A 28 2D 31 31 35 64 42 6D 29 3B 31 30 30 48 7A 20 46 75 6C 6C 28 2D 31 31 32 64 42 6D 29 3B 31 35 30 48 7A 28 2D 31 FC
[21:15:29.823] ADDR:0xEE TYPE:RC_CHANNELS_PACKED        LEN:26 | EE 18 16 E0 BB 5E 2B B0 D7 8A 56 B4 02 7C E0 03 1F F8 C0 07 3E F0 81 0F 7C 38
[21:15:29.833] ADDR:0xEE TYPE:RC_CHANNELS_PACKED        LEN:26 | EE 18 16 E0 C3 5E 2B B0 D7 8A 56 B4 02 7C E0 03 1F F8 C0 07 3E F0 81 0F 7C 98
[21:15:29.833] ADDR:0xEA TYPE:ELRS_STATUS               LEN:15 | EA 0D 3A EA EE 10 00 03 0D 40 00 00 00 78 D7
[21:15:29.854] ADDR:0xEE TYPE:RC_CHANNELS_PACKED        LEN:26 | EE 18 16 E0 C3 5E 2B B2 D7 8A 56 B4 02 7C E0 03 1F F8 C0 07 3E F0 81 0F 7C E4
[21:15:29.864] ADDR:0xEE TYPE:PARAMETER_READ            LEN:08 | EE 06 2C EE EA 01 01 53
[21:15:29.904] ADDR:0xEE TYPE:RC_CHANNELS_PACKED        LEN:26 | EE 18 16 E0 BB 5E 2B B4 D7 8A 56 B4 02 7C E0 03 1F F8 C0 07 3E F0 81 0F 7C C0
[21:15:29.904] ADDR:0xEA TYPE:PARAMETER_SETTINGS_ENTRY  LEN:64 | EA 3E 2B EA EE 01 01 31 32 64 42 6D 29 3B 32 35 30 48 7A 28 2D 31 30 38 64 42 6D 29 3B 33 33 33 48 7A 20 46 75 6C 6C 28 2D 31 30 35 64 42 6D 29 3B 35 30 30 48 7A 28 2D 31 30 35 64 42 6D 29 94
[21:15:29.915] ADDR:0xEE TYPE:RC_CHANNELS_PACKED        LEN:26 | EE 18 16 DF C3 5E 2B B4 D7 8A 56 B4 02 7C E0 03 1F F8 C0 07 3E F0 81 0F 7C E2
[21:15:29.935] ADDR:0xEE TYPE:RC_CHANNELS_PACKED        LEN:26 | EE 18 16 E0 C3 5E 2B B2 D7 8A 56 B4 02 7C E0 03 1F F8 C0 07 3E F0 81 0F 7C E4
[21:15:29.945] ADDR:0xEE TYPE:RC_CHANNELS_PACKED        LEN:26 | EE 18 16 E0 C3 5E 2B B4 D7 8A 56 B4 02 7C E0 03 1F F8 C0 07 3E F0 81 0F 7C 60
[21:15:29.965] ADDR:0xEE TYPE:PARAMETER_READ            LEN:08 | EE 06 2C EE EA 01 02 F9
[21:15:30.006] ADDR:0xEE TYPE:RC_CHANNELS_PACKED        LEN:26 | EE 18 16 E0 BB 5E 2B B2 D7 8A 56 B4 02 7C E0 03 1F F8 C0 07 3E F0 81 0F 7C 44
[21:15:30.007] ADDR:0xEA TYPE:PARAMETER_SETTINGS_ENTRY  LEN:56 | EA 36 2B EA EE 01 00 3B 44 32 35 30 28 2D 31 30 34 64 42 6D 29 3B 44 35 30 30 28 2D 31 30 34 64 42 6D 29 3B 46 35 30 30 28 2D 31 30 34 64 42 6D 29 00 00 00 08 00 00 0E
[21:15:30.017] ADDR:0xEE TYPE:RC_CHANNELS_PACKED        LEN:26 | EE 18 16 E0 BB 5E 2B B2 D7 8A 56 B4 02 7C E0 03 1F F8 C0 07 3E F0 81 0F 7C 44
[21:15:30.037] ADDR:0xEE TYPE:RC_CHANNELS_PACKED        LEN:26 | EE 18 16 DF C3 5E 2B B0 D7 8A 56 B4 02 7C E0 03 1F F8 C0 07 3E F0 81 0F 7C 1A
[21:15:30.037] ADDR:0xEA TYPE:ELRS_STATUS               LEN:15 | EA 0D 3A EA EE 10 00 03 0D 40 00 00 01 86 F0
[21:15:30.047] ADDR:0xEE TYPE:RC_CHANNELS_PACKED        LEN:26 | EE 18 16 E0 C3 5E 2B B2 D7 8A 56 B4 02 7C E0 03 1F F8 C0 07 3E F0 81 0F 7C E4
[21:15:30.068] ADDR:0xEE TYPE:DEVICE_PING               LEN:06 | EE 04 28 00 EA 54
[21:15:30.098] ADDR:0xEE TYPE:RC_CHANNELS_PACKED        LEN:26 | EE 18 16 E0 C3 5E 2B B2 D7 8A 56 B4 02 7C E0 03 1F F8 C0 07 3E F0 81 0F 7C E4
[21:15:30.098] ADDR:0xEA TYPE:DEVICE_INFO               LEN:34 | EA 20 29 EA EE 48 4D 20 45 53 32 34 54 58 20 50 72 6F 00 45 4C 52 53 00 00 00 00 00 03 06 02 20 00 90
[21:15:30.119] ADDR:0xEE TYPE:RC_CHANNELS_PACKED        LEN:26 | EE 18 16 E0 C3 5E 2B B2 D7 8A 56 B4 02 7C E0 03 1F F8 C0 07 3E F0 81 0F 7C E4
[21:15:30.129] ADDR:0xEE TYPE:RC_CHANNELS_PACKED        LEN:26 | EE 18 16 E0 C3 5E 2B B2 D7 8A 56 B4 02 7C E0 03 1F F8 C0 07 3E F0 81 0F 7C E4
[21:15:30.149] ADDR:0xEE TYPE:RC_CHANNELS_PACKED        LEN:26 | EE 18 16 E0 C3 5E 2B B2 D7 8A 56 B4 02 7C E0 03 1F F8 C0 07 3E F0 81 0F 7C E4
[21:15:30.180] ADDR:0xEE TYPE:RC_CHANNELS_PACKED        LEN:26 | EE 18 16 E0 C3 5E 2B B0 D7 8A 56 B4 02 7C E0 03 1F F8 C0 07 3E F0 81 0F 7C 98
[21:15:30.190] ADDR:0xEE TYPE:RC_CHANNELS_PACKED        LEN:26 | EE 18 16 E0 C3 5E 2B B2 D7 8A 56 B4 02 7C E0 03 1F F8 C0 07 3E F0 81 0F 7C E4
[21:15:30.210] ADDR:0xEE TYPE:RC_CHANNELS_PACKED        LEN:26 | EE 18 16 E0 BB 5E 2B B0 D7 8A 56 B4 02 7C E0 03 1F F8 C0 07 3E F0 81 0F 7C 38
[21:15:30.230] ADDR:0xEE TYPE:RC_CHANNELS_PACKED        LEN:26 | EE 18 16 E0 C3 5E 2B B2 D7 8A 56 B4 02 7C E0 03 1F F8 C0 07 3E F0 81 0F 7C E4
[21:15:30.230] ADDR:0xEA TYPE:ELRS_STATUS               LEN:15 | EA 0D 3A EA EE 10 00 03 0D 40 00 00 02 94 C0
[21:15:30.261] ADDR:0xEE TYPE:RC_CHANNELS_PACKED        LEN:26 | EE 18 16 E0 C3 5E 2B B2 D7 8A 56 B4 02 7C E0 03 1F F8 C0 07 3E F0 81 0F 7C E4
[21:15:30.271] ADDR:0xEE TYPE:RC_CHANNELS_PACKED        LEN:26 | EE 18 16 E0 BB 5E 2B AE D7 8A 56 B4 02 7C E0 03 1F F8 C0 07 3E F0 81 0F 7C D3
[21:15:30.291] ADDR:0xEE TYPE:RC_CHANNELS_PACKED        LEN:26 | EE 18 16 E0 C3 5E 2B B0 D7 8A 56 B4 02 7C E0 03 1F F8 C0 07 3E F0 81 0F 7C 98
[21:15:30.301] ADDR:0xEE TYPE:RC_CHANNELS_PACKED        LEN:26 | EE 18 16 E0 C3 5E 2B B2 D7 8A 56 B4 02 7C E0 03 1F F8 C0 07 3E F0 81 0F 7C E4
[21:15:30.342] ADDR:0xEE TYPE:RC_CHANNELS_PACKED        LEN:26 | EE 18 16 E0 BB 5E 2B B2 D7 8A 56 B4 02 7C E0 03 1F F8 C0 07 3E F0 81 0F 7C 44
[21:15:30.352] ADDR:0xEE TYPE:RC_CHANNELS_PACKED        LEN:26 | EE 18 16 E0 C3 5E 2B B2 D7 8A 56 B4 02 7C E0 03 1F F8 C0 07 3E F0 81 0F 7C E4
[21:15:30.372] ADDR:0xEE TYPE:RC_CHANNELS_PACKED        LEN:26 | EE 18 16 E0 BB 5E 2B B2 D7 8A 56 B4 02 7C E0 03 1F F8 C0 07 3E F0 81 0F 7C 44
[21:15:30.382] ADDR:0xEE TYPE:RC_CHANNELS_PACKED        LEN:26 | EE 18 16 E0 C3 5E 2B B2 D7 8A 56 B4 02 7C E0 03 1F F8 C0 07 3E F0 81 0F 7C E4
[21:15:30.423] ADDR:0xEE TYPE:RC_CHANNELS_PACKED        LEN:26 | EE 18 16 E0 C3 5E 2B B2 D7 8A 56 B4 02 7C E0 03 1F F8 C0 07 3E F0 81 0F 7C E4
[21:15:30.433] ADDR:0xEE TYPE:RC_CHANNELS_PACKED        LEN:26 | EE 18 16 E0 C3 5E 2B B2 D7 8A 56 B4 02 7C E0 03 1F F8 C0 07 3E F0 81 0F 7C E4
[21:15:30.433] ADDR:0xEA TYPE:ELRS_STATUS               LEN:15 | EA 0D 3A EA EE 10 00 03 0D 40 00 00 01 90 23
[21:15:30.453] ADDR:0xEE TYPE:RC_CHANNELS_PACKED        LEN:26 | EE 18 16 E0 C3 5E 2B B2 D7 8A 56 B4 02 7C E0 03 1F F8 C0 07 3E F0 81 0F 7C E4
[21:15:30.464] ADDR:0xEE TYPE:RC_CHANNELS_PACKED        LEN:26 | EE 18 16 E0 C3 5E 2B B2 D7 8A 56 B4 02 7C E0 03 1F F8 C0 07 3E F0 81 0F 7C E4
[21:15:30.494] ADDR:0xEE TYPE:RC_CHANNELS_PACKED        LEN:26 | EE 18 16 E0 C3 5E 2B AE D7 8A 56 B4 02 7C E0 03 1F F8 C0 07 3E F0 81 0F 7C 73
[21:15:30.514] ADDR:0xEE TYPE:RC_CHANNELS_PACKED        LEN:26 | EE 18 16 E0 C3 5E 2B B2 D7 8A 56 B4 02 7C E0 03 1F F8 C0 07 3E F0 81 0F 7C E4
[21:15:30.535] ADDR:0xEE TYPE:RC_CHANNELS_PACKED        LEN:26 | EE 18 16 E0 C3 5E 2B B2 D7 8A 56 B4 02 7C E0 03 1F F8 C0 07 3E F0 81 0F 7C E4
[21:15:30.545] ADDR:0xEE TYPE:RC_CHANNELS_PACKED        LEN:26 | EE 18 16 DF C3 5E 2B B4 D7 8A 56 B4 02 7C E0 03 1F F8 C0 07 3E F0 81 0F 7C E2
[21:15:30.575] ADDR:0xEE TYPE:RC_CHANNELS_PACKED        LEN:26 | EE 18 16 E0 C3 5E 2B AE D7 8A 56 B4 02 7C E0 03 1F F8 C0 07 3E F0 81 0F 7C 73
[21:15:30.595] ADDR:0xEE TYPE:RC_CHANNELS_PACKED        LEN:26 | EE 18 16 E0 C3 5E 2B B2 D7 8A 56 B4 02 7C E0 03 1F F8 C0 07 3E F0 81 0F 7C E4
[21:15:30.605] ADDR:0xEE TYPE:RC_CHANNELS_PACKED        LEN:26 | EE 18 16 E0 C3 5E 2B B2 D7 8A 56 B4 02 7C E0 03 1F F8 C0 07 3E F0 81 0F 7C E4
[21:15:30.626] ADDR:0xEE TYPE:RC_CHANNELS_PACKED        LEN:26 | EE 18 16 E0 C3 5E 2B B2 D7 8A 56 B4 02 7C E0 03 1F F8 C0 07 3E F0 81 0F 7C E4
[21:15:30.626] ADDR:0xEA TYPE:ELRS_STATUS               LEN:15 | EA 0D 3A EA EE 10 00 03 0D 40 00 00 00 B4 72
[21:15:30.656] ADDR:0xEE TYPE:RC_CHANNELS_PACKED        LEN:26 | EE 18 16 E0 C3 5E 2B B2 D7 8A 56 B4 02 7C E0 03 1F F8 C0 07 3E F0 81 0F 7C E4
[21:15:30.677] ADDR:0xEE TYPE:RC_CHANNELS_PACKED        LEN:26 | EE 18 16 E0 BB 5E 2B B2 D7 8A 56 B4 02 7C E0 03 1F F8 C0 07 3E F0 81 0F 7C 44
[21:15:30.687] ADDR:0xEE TYPE:RC_CHANNELS_PACKED        LEN:26 | EE 18 16 E0 C3 5E 2B B2 D7 8A 56 B4 02 7C E0 03 1F F8 C0 07 3E F0 81 0F 7C E4
[21:15:30.707] ADDR:0xEE TYPE:RC_CHANNELS_PACKED        LEN:26 | EE 18 16 E0 C3 5E 2B B2 D7 8A 56 B4 02 7C E0 03 1F F8 C0 07 3E F0 81 0F 7C E4
[21:15:30.738] ADDR:0xEE TYPE:RC_CHANNELS_PACKED        LEN:26 | EE 18 16 E0 C3 5E 2B B0 D7 8A 56 B4 02 7C E0 03 1F F8 C0 07 3E F0 81 0F 7C 98
[21:15:30.758] ADDR:0xEE TYPE:RC_CHANNELS_PACKED        LEN:26 | EE 18 16 E0 C3 5E 2B B2 D7 8A 56 B4 02 7C E0 03 1F F8 C0 07 3E F0 81 0F 7C E4
[21:15:30.768] ADDR:0xEE TYPE:RC_CHANNELS_PACKED        LEN:26 | EE 18 16 E0 C3 5E 2B B2 D7 8A 56 B4 02 7C E0 03 1F F8 C0 07 3E F0 81 0F 7C E4
[21:15:30.788] ADDR:0xEE TYPE:RC_CHANNELS_PACKED        LEN:26 | EE 18 16 E0 C3 5E 2B B2 D7 8A 56 B4 02 7C E0 03 1F F8 C0 07 3E F0 81 0F 7C E4
[21:15:30.819] ADDR:0xEE TYPE:RC_CHANNELS_PACKED        LEN:26 | EE 18 16 E0 C3 5E 2B B0 D7 8A 56 B4 02 7C E0 03 1F F8 C0 07 3E F0 81 0F 7C 98
[21:15:30.839] ADDR:0xEE TYPE:RC_CHANNELS_PACKED        LEN:26 | EE 18 16 E0 C3 5E 2B B2 D7 8A 56 B4 02 7C E0 03 1F F8 C0 07 3E F0 81 0F 7C E4
[21:15:30.839] ADDR:0xEA TYPE:ELRS_STATUS               LEN:15 | EA 0D 3A EA EE 10 00 03 0D 40 FF FF FF 2E 41
[21:15:30.850] ADDR:0xEE TYPE:RC_CHANNELS_PACKED        LEN:26 | EE 18 16 E0 C3 5E 2B B2 D7 8A 56 B4 02 7C E0 03 1F F8 C0 07 3E F0 81 0F 7C E4
[21:15:30.870] ADDR:0xEE TYPE:RC_CHANNELS_PACKED        LEN:26 | EE 18 16 E0 BB 5E 2B B2 D7 8A 56 B4 02 7C E0 03 1F F8 C0 07 3E F0 81 0F 7C 44
[21:15:30.900] ADDR:0xEE TYPE:RC_CHANNELS_PACKED        LEN:26 | EE 18 16 E0 C3 5E 2B B0 D7 8A 56 B4 02 7C E0 03 1F F8 C0 07 3E F0 81 0F 7C 98
[21:15:30.912] ADDR:0xEE TYPE:RC_CHANNELS_PACKED        LEN:26 | EE 18 16 E0 C3 5E 2B B0 D7 8A 56 B4 02 7C E0 03 1F F8 C0 07 3E F0 81 0F 7C 98
[21:15:30.932] ADDR:0xEE TYPE:RC_CHANNELS_PACKED        LEN:26 | EE 18 16 E0 C3 5E 2B B2 D7 8A 56 B4 02 7C E0 03 1F F8 C0 07 3E F0 81 0F 7C E4
[21:15:30.943] ADDR:0xEE TYPE:RC_CHANNELS_PACKED        LEN:26 | EE 18 16 E0 C3 5E 2B AE D7 8A 56 B4 02 7C E0 03 1F F8 C0 07 3E F0 81 0F 7C 73
[21:15:30.983] ADDR:0xEE TYPE:RC_CHANNELS_PACKED        LEN:26 | EE 18 16 E0 C3 5E 2B AE D7 8A 56 B4 02 7C E0 03 1F F8 C0 07 3E F0 81 0F 7C 73
[21:15:30.993] ADDR:0xEE TYPE:RC_CHANNELS_PACKED        LEN:26 | EE 18 16 E0 C3 5E 2B B2 D7 8A 56 B4 02 7C E0 03 1F F8 C0 07 3E F0 81 0F 7C E4
[21:15:31.014] ADDR:0xEE TYPE:RC_CHANNELS_PACKED        LEN:26 | EE 18 16 E0 C3 5E 2B B2 D7 8A 56 B4 02 7C E0 03 1F F8 C0 07 3E F0 81 0F 7C E4
[21:15:31.024] ADDR:0xEE TYPE:RC_CHANNELS_PACKED        LEN:26 | EE 18 16 E0 C3 5E 2B B2 D7 8A 56 B4 02 7C E0 03 1F F8 C0 07 3E F0 81 0F 7C E4
[21:15:31.024] ADDR:0xEA TYPE:ELRS_STATUS               LEN:15 | EA 0D 3A EA EE 10 00 03 0D 40 00 00 00 DC 62
[21:15:31.054] ADDR:0xEE TYPE:RC_CHANNELS_PACKED        LEN:26 | EE 18 16 E0 C3 5E 2B B0 D7 8A 56 B4 02 7C E0 03 1F F8 C0 07 3E F0 81 0F 7C 98
[21:15:31.075] ADDR:0xEE TYPE:RC_CHANNELS_PACKED        LEN:26 | EE 18 16 E0 BB 5E 2B B2 D7 8A 56 B4 02 7C E0 03 1F F8 C0 07 3E F0 81 0F 7C 44
[21:15:31.095] ADDR:0xEE TYPE:RC_CHANNELS_PACKED        LEN:26 | EE 18 16 E0 C3 5E 2B B2 D7 8A 56 B4 02 7C E0 03 1F F8 C0 07 3E F0 81 0F 7C E4
[21:15:31.105] ADDR:0xEE TYPE:RC_CHANNELS_PACKED        LEN:26 | EE 18 16 E0 C3 5E 2B B2 D7 8A 56 B4 02 7C E0 03 1F F8 C0 07 3E F0 81 0F 7C E4
[21:15:31.135] ADDR:0xEE TYPE:RC_CHANNELS_PACKED        LEN:26 | EE 18 16 E0 C3 5E 2B B2 D7 8A 56 B4 02 7C E0 03 1F F8 C0 07 3E F0 81 0F 7C E4
[21:15:31.156] ADDR:0xEE TYPE:RC_CHANNELS_PACKED        LEN:26 | EE 18 16 E0 C3 5E 2B B2 D7 8A 56 B4 02 7C E0 03 1F F8 C0 07 3E F0 81 0F 7C E4
[21:15:31.166] ADDR:0xEE TYPE:RC_CHANNELS_PACKED        LEN:26 | EE 18 16 E0 D3 5E 2B B2 D7 8A 56 B4 02 7C E0 03 1F F8 C0 07 3E F0 81 0F 7C B5
[21:15:31.186] ADDR:0xEE TYPE:RC_CHANNELS_PACKED        LEN:26 | EE 18 16 E0 C3 5E 2B B0 D7 8A 56 B4 02 7C E0 03 1F F8 C0 07 3E F0 81 0F 7C 98
[21:15:31.217] ADDR:0xEE TYPE:RC_CHANNELS_PACKED        LEN:26 | EE 18 16 E0 C3 5E 2B B2 D7 8A 56 B4 02 7C E0 03 1F F8 C0 07 3E F0 81 0F 7C E4
[21:15:31.237] ADDR:0xEE TYPE:RC_CHANNELS_PACKED        LEN:26 | EE 18 16 E0 BB 5E 2B B2 D7 8A 56 B4 02 7C E0 03 1F F8 C0 07 3E F0 81 0F 7C 44
[21:15:31.237] ADDR:0xEA TYPE:ELRS_STATUS               LEN:15 | EA 0D 3A EA EE 10 00 03 0D 40 00 00 01 68 8E
[21:15:31.247] ADDR:0xEE TYPE:RC_CHANNELS_PACKED        LEN:26 | EE 18 16 E0 C3 5E 2B B2 D7 8A 56 B4 02 7C E0 03 1F F8 C0 07 3E F0 81 0F 7C E4
[21:15:31.268] ADDR:0xEE TYPE:RC_CHANNELS_PACKED        LEN:26 | EE 18 16 E0 C3 5E 2B B2 D7 8A 56 B4 02 7C E0 03 1F F8 C0 07 3E F0 81 0F 7C E4
[21:15:31.298] ADDR:0xEE TYPE:RC_CHANNELS_PACKED        LEN:26 | EE 18 16 E0 C3 5E 2B B2 D7 8A 56 B4 02 7C E0 03 1F F8 C0 07 3E F0 81 0F 7C E4
[21:15:31.318] ADDR:0xEE TYPE:RC_CHANNELS_PACKED        LEN:26 | EE 18 16 E0 C3 5E 2B B2 D7 8A 56 B4 02 7C E0 03 1F F8 C0 07 3E F0 81 0F 7C E4
[21:15:31.328] ADDR:0xEE TYPE:RC_CHANNELS_PACKED        LEN:26 | EE 18 16 E0 C3 5E 2B B2 D7 8A 56 B4 02 7C E0 03 1F F8 C0 07 3E F0 81 0F 7C E4
[21:15:31.349] ADDR:0xEE TYPE:RC_CHANNELS_PACKED        LEN:26 | EE 18 16 E0 C3 5E 2B B2 D7 8A 56 B4 02 7C E0 03 1F F8 C0 07 3E F0 81 0F 7C E4
[21:15:31.383] ADDR:0xEE TYPE:RC_CHANNELS_PACKED        LEN:26 | EE 18 16 E0 C3 5E 2B B2 D7 8A 56 B4 02 7C E0 03 1F F8 C0 07 3E F0 81 0F 7C E4
[21:15:31.393] ADDR:0xEE TYPE:RC_CHANNELS_PACKED        LEN:26 | EE 18 16 E0 C3 5E 2B AE D7 8A 56 B4 02 7C E0 03 1F F8 C0 07 3E F0 81 0F 7C 73
[21:15:31.413] ADDR:0xEE TYPE:RC_CHANNELS_PACKED        LEN:26 | EE 18 16 E0 C3 5E 2B B2 D7 8A 56 B4 02 7C E0 03 1F F8 C0 07 3E F0 81 0F 7C E4
[21:15:31.424] ADDR:0xEE TYPE:RC_CHANNELS_PACKED        LEN:26 | EE 18 16 E0 BB 5E 2B B2 D7 8A 56 B4 02 7C E0 03 1F F8 C0 07 3E F0 81 0F 7C 44
[21:15:31.424] ADDR:0xEA TYPE:ELRS_STATUS               LEN:15 | EA 0D 3A EA EE 10 00 03 0D 40 FF FF FF C4 C1
[21:15:31.454] ADDR:0xEE TYPE:RC_CHANNELS_PACKED        LEN:26 | EE 18 16 E0 C3 5E 2B B0 D7 8A 56 B4 02 7C E0 03 1F F8 C0 07 3E F0 81 0F 7C 98
[21:15:31.474] ADDR:0xEE TYPE:RC_CHANNELS_PACKED        LEN:26 | EE 18 16 E0 C3 5E 2B B0 D7 8A 56 B4 02 7C E0 03 1F F8 C0 07 3E F0 81 0F 7C 98
[21:15:31.494] ADDR:0xEE TYPE:RC_CHANNELS_PACKED        LEN:26 | EE 18 16 E0 C3 5E 2B B2 D7 8A 56 B4 02 7C E0 03 1F F8 C0 07 3E F0 81 0F 7C E4
[21:15:31.505] ADDR:0xEE TYPE:RC_CHANNELS_PACKED        LEN:26 | EE 18 16 E0 C3 5E 2B B2 D7 8A 56 B4 02 7C E0 03 1F F8 C0 07 3E F0 81 0F 7C E4
[21:15:31.535] ADDR:0xEE TYPE:RC_CHANNELS_PACKED        LEN:26 | EE 18 16 E0 C3 5E 2B B2 D7 8A 56 B4 02 7C E0 03 1F F8 C0 07 3E F0 81 0F 7C E4
[21:15:31.555] ADDR:0xEE TYPE:RC_CHANNELS_PACKED        LEN:26 | EE 18 16 E0 C3 5E 2B B0 D7 8A 56 B4 02 7C E0 03 1F F8 C0 07 3E F0 81 0F 7C 98
[21:15:31.566] ADDR:0xEE TYPE:RC_CHANNELS_PACKED        LEN:26 | EE 18 16 E0 C3 5E 2B B4 D7 8A 56 B4 02 7C E0 03 1F F8 C0 07 3E F0 81 0F 7C 60
[21:15:31.586] ADDR:0xEE TYPE:RC_CHANNELS_PACKED        LEN:26 | EE 18 16 E0 C3 5E 2B B2 D7 8A 56 B4 02 7C E0 03 1F F8 C0 07 3E F0 81 0F 7C E4
[21:15:31.617] ADDR:0xEE TYPE:RC_CHANNELS_PACKED        LEN:26 | EE 18 16 E0 C3 5E 2B AE D7 8A 56 B4 02 7C E0 03 1F F8 C0 07 3E F0 81 0F 7C 73
[21:15:31.637] ADDR:0xEE TYPE:RC_CHANNELS_PACKED        LEN:26 | EE 18 16 E0 C3 5E 2B B2 D7 8A 56 B4 02 7C E0 03 1F F8 C0 07 3E F0 81 0F 7C E4
[21:15:31.637] ADDR:0xEA TYPE:ELRS_STATUS               LEN:15 | EA 0D 3A EA EE 10 00 03 0D 40 00 00 00 B4 72
[21:15:31.648] ADDR:0xEE TYPE:RC_CHANNELS_PACKED        LEN:26 | EE 18 16 E0 C3 5E 2B B2 D7 8A 56 B4 02 7C E0 03 1F F8 C0 07 3E F0 81 0F 7C E4
[21:15:31.668] ADDR:0xEE TYPE:RC_CHANNELS_PACKED        LEN:26 | EE 18 16 E0 C3 5E 2B B2 D7 8A 56 B4 02 7C E0 03 1F F8 C0 07 3E F0 81 0F 7C E4
[21:15:31.698] ADDR:0xEE TYPE:RC_CHANNELS_PACKED        LEN:26 | EE 18 16 E0 C3 5E 2B B2 D7 8A 56 B4 02 7C E0 03 1F F8 C0 07 3E F0 81 0F 7C E4
[21:15:31.719] ADDR:0xEE TYPE:RC_CHANNELS_PACKED        LEN:26 | EE 18 16 E0 C3 5E 2B B2 D7 8A 56 B4 02 7C E0 03 1F F8 C0 07 3E F0 81 0F 7C E4
[21:15:31.729] ADDR:0xEE TYPE:RC_CHANNELS_PACKED        LEN:26 | EE 18 16 E0 C3 5E 2B B2 D7 8A 56 B4 02 7C E0 03 1F F8 C0 07 3E F0 81 0F 7C E4
[21:15:31.749] ADDR:0xEE TYPE:RC_CHANNELS_PACKED        LEN:26 | EE 18 16 E0 C3 5E 2B B2 D7 8A 56 B4 02 7C E0 03 1F F8 C0 07 3E F0 81 0F 7C E4
[21:15:31.779] ADDR:0xEE TYPE:RC_CHANNELS_PACKED        LEN:26 | EE 18 16 E0 C3 5E 2B B2 D7 8A 56 B4 02 7C E0 03 1F F8 C0 07 3E F0 81 0F 7C E4
[21:15:31.789] ADDR:0xEE TYPE:RC_CHANNELS_PACKED        LEN:26 | EE 18 16 E0 C3 5E 2B B2 D7 8A 56 B4 02 7C E0 03 1F F8 C0 07 3E F0 81 0F 7C E4
[21:15:31.810] ADDR:0xEE TYPE:RC_CHANNELS_PACKED        LEN:26 | EE 18 16 E0 BB 5E 2B B2 D7 8A 56 B4 02 7C E0 03 1F F8 C0 07 3E F0 81 0F 7C 44
[21:15:31.830] ADDR:0xEE TYPE:RC_CHANNELS_PACKED        LEN:26 | EE 18 16 E0 C3 5E 2B B0 D7 8A 56 B4 02 7C E0 03 1F F8 C0 07 3E F0 81 0F 7C 98
[21:15:31.830] ADDR:0xEA TYPE:ELRS_STATUS               LEN:15 | EA 0D 3A EA EE 10 00 03 0D 40 00 00 00 96 A9
[21:15:31.860] ADDR:0xEE TYPE:RC_CHANNELS_PACKED        LEN:26 | EE 18 16 E0 C3 5E 2B B2 D7 8A 56 B4 02 7C E0 03 1F F8 C0 07 3E F0 81 0F 7C E4
[21:15:31.871] ADDR:0xEE TYPE:RC_CHANNELS_PACKED        LEN:26 | EE 18 16 E0 C3 5E 2B B0 D7 8A 56 B4 02 7C E0 03 1F F8 C0 07 3E F0 81 0F 7C 98
[21:15:31.891] ADDR:0xEE TYPE:RC_CHANNELS_PACKED        LEN:26 | EE 18 16 E0 C3 5E 2B B2 D7 8A 56 B4 02 7C E0 03 1F F8 C0 07 3E F0 81 0F 7C E4
[21:15:31.911] ADDR:0xEE TYPE:RC_CHANNELS_PACKED        LEN:26 | EE 18 16 DF C3 5E 2B B4 D7 8A 56 B4 02 7C E0 03 1F F8 C0 07 3E F0 81 0F 7C E2
[21:15:31.942] ADDR:0xEE TYPE:RC_CHANNELS_PACKED        LEN:26 | EE 18 16 E0 C3 5E 2B B2 D7 8A 56 B4 02 7C E0 03 1F F8 C0 07 3E F0 81 0F 7C E4
[21:15:31.952] ADDR:0xEE TYPE:RC_CHANNELS_PACKED        LEN:26 | EE 18 16 E0 C3 5E 2B B4 D7 8A 56 B4 02 7C E0 03 1F F8 C0 07 3E F0 81 0F 7C 60
[21:15:31.972] ADDR:0xEE TYPE:RC_CHANNELS_PACKED        LEN:26 | EE 18 16 E0 C3 5E 2B B4 D7 8A 56 B4 02 7C E0 03 1F F8 C0 07 3E F0 81 0F 7C 60
[21:15:31.982] ADDR:0xEE TYPE:RC_CHANNELS_PACKED        LEN:26 | EE 18 16 E0 C3 5E 2B B0 D7 8A 56 B4 02 7C E0 03 1F F8 C0 07 3E F0 81 0F 7C 98
[21:15:32.023] ADDR:0xEE TYPE:RC_CHANNELS_PACKED        LEN:26 | EE 18 16 E0 C3 5E 2B B2 D7 8A 56 B4 02 7C E0 03 1F F8 C0 07 3E F0 81 0F 7C E4
[21:15:32.033] ADDR:0xEE TYPE:RC_CHANNELS_PACKED        LEN:26 | EE 18 16 E0 BB 5E 2B B2 D7 8A 56 B4 02 7C E0 03 1F F8 C0 07 3E F0 81 0F 7C 44
[21:15:32.033] ADDR:0xEA TYPE:ELRS_STATUS               LEN:15 | EA 0D 3A EA EE 10 00 03 0D 40 00 00 01 68 8E
[21:15:32.053] ADDR:0xEE TYPE:RC_CHANNELS_PACKED        LEN:26 | EE 18 16 E0 C3 5E 2B B6 D7 8A 56 B4 02 7C E0 03 1F F8 C0 07 3E F0 81 0F 7C 1C
[21:15:32.063] ADDR:0xEE TYPE:RC_CHANNELS_PACKED        LEN:26 | EE 18 16 E0 C3 5E 2B B0 D7 8A 56 B4 02 7C E0 03 1F F8 C0 07 3E F0 81 0F 7C 98
[21:15:32.094] ADDR:0xEE TYPE:RC_CHANNELS_PACKED        LEN:26 | EE 18 16 E0 BB 5E 2B B2 D7 8A 56 B4 02 7C E0 03 1F F8 C0 07 3E F0 81 0F 7C 44
[21:15:32.114] ADDR:0xEE TYPE:RC_CHANNELS_PACKED        LEN:26 | EE 18 16 E0 C3 5E 2B B2 D7 8A 56 B4 02 7C E0 03 1F F8 C0 07 3E F0 81 0F 7C E4
[21:15:32.134] ADDR:0xEE TYPE:RC_CHANNELS_PACKED        LEN:26 | EE 18 16 E0 BB 5E 2B B2 D7 8A 56 B4 02 7C E0 03 1F F8 C0 07 3E F0 81 0F 7C 44
[21:15:32.145] ADDR:0xEE TYPE:RC_CHANNELS_PACKED        LEN:26 | EE 18 16 E0 C3 5E 2B B2 D7 8A 56 B4 02 7C E0 03 1F F8 C0 07 3E F0 81 0F 7C E4
[21:15:32.175] ADDR:0xEE TYPE:RC_CHANNELS_PACKED        LEN:26 | EE 18 16 E0 C3 5E 2B B2 D7 8A 56 B4 02 7C E0 03 1F F8 C0 07 3E F0 81 0F 7C E4
[21:15:32.195] ADDR:0xEE TYPE:RC_CHANNELS_PACKED        LEN:26 | EE 18 16 E0 C3 5E 2B B2 D7 8A 56 B4 02 7C E0 03 1F F8 C0 07 3E F0 81 0F 7C E4
[21:15:32.205] ADDR:0xEE TYPE:RC_CHANNELS_PACKED        LEN:26 | EE 18 16 E0 BB 5E 2B AE D7 8A 56 B4 02 7C E0 03 1F F8 C0 07 3E F0 81 0F 7C D3
[21:15:32.226] ADDR:0xEE TYPE:RC_CHANNELS_PACKED        LEN:26 | EE 18 16 E0 C3 5E 2B B4 D7 8A 56 B4 02 7C E0 03 1F F8 C0 07 3E F0 81 0F 7C 60
[21:15:32.226] ADDR:0xEA TYPE:ELRS_STATUS               LEN:15 | EA 0D 3A EA EE 10 00 03 0D 40 00 00 00 1E 6F
[21:15:32.256] ADDR:0xEE TYPE:RC_CHANNELS_PACKED        LEN:26 | EE 18 16 E0 C3 5E 2B B2 D7 8A 56 B4 02 7C E0 03 1F F8 C0 07 3E F0 81 0F 7C E4
[21:15:32.276] ADDR:0xEE TYPE:RC_CHANNELS_PACKED        LEN:26 | EE 18 16 E0 C3 5E 2B B2 D7 8A 56 B4 02 7C E0 03 1F F8 C0 07 3E F0 81 0F 7C E4
[21:15:32.286] ADDR:0xEE TYPE:RC_CHANNELS_PACKED        LEN:26 | EE 18 16 E0 C3 5E 2B B2 D7 8A 56 B4 02 7C E0 03 1F F8 C0 07 3E F0 81 0F 7C E4
[21:15:32.307] ADDR:0xEE TYPE:RC_CHANNELS_PACKED        LEN:26 | EE 18 16 DF C3 5E 2B B2 D7 8A 56 B4 02 7C E0 03 1F F8 C0 07 3E F0 81 0F 7C 66
[21:15:32.337] ADDR:0xEE TYPE:RC_CHANNELS_PACKED        LEN:26 | EE 18 16 E0 C3 5E 2B B2 D7 8A 56 B4 02 7C E0 03 1F F8 C0 07 3E F0 81 0F 7C E4
[21:15:32.357] ADDR:0xEE TYPE:RC_CHANNELS_PACKED        LEN:26 | EE 18 16 E0 C3 5E 2B B2 D7 8A 56 B4 02 7C E0 03 1F F8 C0 07 3E F0 81 0F 7C E4
[21:15:32.368] ADDR:0xEE TYPE:RC_CHANNELS_PACKED        LEN:26 | EE 18 16 E0 BB 5E 2B B2 D7 8A 56 B4 02 7C E0 03 1F F8 C0 07 3E F0 81 0F 7C 44
[21:15:32.388] ADDR:0xEE TYPE:RC_CHANNELS_PACKED        LEN:26 | EE 18 16 E0 C3 5E 2B B2 D7 8A 56 B4 02 7C E0 03 1F F8 C0 07 3E F0 81 0F 7C E4
[21:15:32.418] ADDR:0xEE TYPE:RC_CHANNELS_PACKED        LEN:26 | EE 18 16 E0 C3 5E 2B B2 D7 8A 56 B4 02 7C E0 03 1F F8 C0 07 3E F0 81 0F 7C E4
[21:15:32.438] ADDR:0xEE TYPE:RC_CHANNELS_PACKED        LEN:26 | EE 18 16 E0 C3 5E 2B B0 D7 8A 56 B4 02 7C E0 03 1F F8 C0 07 3E F0 81 0F 7C 98
[21:15:32.439] ADDR:0xEA TYPE:ELRS_STATUS               LEN:15 | EA 0D 3A EA EE 10 00 03 0D 40 00 00 00 BE 24
[21:15:32.449] ADDR:0xEE TYPE:RC_CHANNELS_PACKED        LEN:26 | EE 18 16 E0 C3 5E 2B AE D7 8A 56 B4 02 7C E0 03 1F F8 C0 07 3E F0 81 0F 7C 73
[21:15:32.469] ADDR:0xEE TYPE:RC_CHANNELS_PACKED        LEN:26 | EE 18 16 E0 C3 5E 2B B2 D7 8A 56 B4 02 7C E0 03 1F F8 C0 07 3E F0 81 0F 7C E4
[21:15:32.499] ADDR:0xEE TYPE:RC_CHANNELS_PACKED        LEN:26 | EE 18 16 E0 D3 5E 2B B2 D7 8A 56 B4 02 7C E0 03 1F F8 C0 07 3E F0 81 0F 7C B5
[21:15:32.509] ADDR:0xEE TYPE:RC_CHANNELS_PACKED        LEN:26 | EE 18 16 E0 C3 5E 2B B2 D7 8A 56 B4 02 7C E0 03 1F F8 C0 07 3E F0 81 0F 7C E4
[21:15:32.530] ADDR:0xEE TYPE:RC_CHANNELS_PACKED        LEN:26 | EE 18 16 E0 C3 5E 2B B0 D7 8A 56 B4 02 7C E0 03 1F F8 C0 07 3E F0 81 0F 7C 98
[21:15:32.550] ADDR:0xEE TYPE:RC_CHANNELS_PACKED        LEN:26 | EE 18 16 E0 C3 5E 2B B0 D7 8A 56 B4 02 7C E0 03 1F F8 C0 07 3E F0 81 0F 7C 98
[21:15:32.580] ADDR:0xEE TYPE:RC_CHANNELS_PACKED        LEN:26 | EE 18 16 E0 BB 5E 2B B4 D7 8A 56 B4 02 7C E0 03 1F F8 C0 07 3E F0 81 0F 7C C0
[21:15:32.590] ADDR:0xEE TYPE:RC_CHANNELS_PACKED        LEN:26 | EE 18 16 E0 C3 5E 2B B2 D7 8A 56 B4 02 7C E0 03 1F F8 C0 07 3E F0 81 0F 7C E4
[21:15:32.611] ADDR:0xEE TYPE:RC_CHANNELS_PACKED        LEN:26 | EE 18 16 E0 C3 5E 2B B0 D7 8A 56 B4 02 7C E0 03 1F F8 C0 07 3E F0 81 0F 7C 98
[21:15:32.622] ADDR:0xEE TYPE:RC_CHANNELS_PACKED        LEN:26 | EE 18 16 E0 C3 5E 2B B2 D7 8A 56 B4 02 7C E0 03 1F F8 C0 07 3E F0 81 0F 7C E4
[21:15:32.622] ADDR:0xEA TYPE:ELRS_STATUS               LEN:15 | EA 0D 3A EA EE 10 00 03 0D 40 00 00 01 86 F0
[21:15:32.663] ADDR:0xEE TYPE:RC_CHANNELS_PACKED        LEN:26 | EE 18 16 E0 C3 5E 2B B2 D7 8A 56 B4 02 7C E0 03 1F F8 C0 07 3E F0 81 0F 7C E4
[21:15:32.673] ADDR:0xEE TYPE:RC_CHANNELS_PACKED        LEN:26 | EE 18 16 E0 C3 5E 2B B2 D7 8A 56 B4 02 7C E0 03 1F F8 C0 07 3E F0 81 0F 7C E4
[21:15:32.693] ADDR:0xEE TYPE:RC_CHANNELS_PACKED        LEN:26 | EE 18 16 E0 C3 5E 2B B2 D7 8A 56 B4 02 7C E0 03 1F F8 C0 07 3E F0 81 0F 7C E4
[21:15:32.703] ADDR:0xEE TYPE:RC_CHANNELS_PACKED        LEN:26 | EE 18 16 E0 C3 5E 2B B0 D7 8A 56 B4 02 7C E0 03 1F F8 C0 07 3E F0 81 0F 7C 98
[21:15:32.734] ADDR:0xEE TYPE:RC_CHANNELS_PACKED        LEN:26 | EE 18 16 E0 C3 5E 2B B2 D7 8A 56 B4 02 7C E0 03 1F F8 C0 07 3E F0 81 0F 7C E4
[21:15:32.754] ADDR:0xEE TYPE:RC_CHANNELS_PACKED        LEN:26 | EE 18 16 E0 C3 5E 2B B2 D7 8A 56 B4 02 7C E0 03 1F F8 C0 07 3E F0 81 0F 7C E4
[21:15:32.774] ADDR:0xEE TYPE:RC_CHANNELS_PACKED        LEN:26 | EE 18 16 E0 C3 5E 2B B2 D7 8A 56 B4 02 7C E0 03 1F F8 C0 07 3E F0 81 0F 7C E4
[21:15:32.784] ADDR:0xEE TYPE:RC_CHANNELS_PACKED        LEN:26 | EE 18 16 E0 C3 5E 2B B2 D7 8A 56 B4 02 7C E0 03 1F F8 C0 07 3E F0 81 0F 7C E4
[21:15:32.815] ADDR:0xEE TYPE:RC_CHANNELS_PACKED        LEN:26 | EE 18 16 E0 C3 5E 2B B2 D7 8A 56 B4 02 7C E0 03 1F F8 C0 07 3E F0 81 0F 7C E4
[21:15:32.835] ADDR:0xEE TYPE:RC_CHANNELS_PACKED        LEN:26 | EE 18 16 E0 C3 5E 2B B2 D7 8A 56 B4 02 7C E0 03 1F F8 C0 07 3E F0 81 0F 7C E4
[21:15:32.835] ADDR:0xEA TYPE:ELRS_STATUS               LEN:15 | EA 0D 3A EA EE 10 00 03 0D 40 00 00 00 D2 CA
[21:15:32.845] ADDR:0xEE TYPE:RC_CHANNELS_PACKED        LEN:26 | EE 18 16 E0 C3 5E 2B B2 D7 8A 56 B4 02 7C E0 03 1F F8 C0 07 3E F0 81 0F 7C E4
[21:15:32.865] ADDR:0xEE TYPE:RC_CHANNELS_PACKED        LEN:26 | EE 18 16 E0 C3 5E 2B B0 D7 8A 56 B4 02 7C E0 03 1F F8 C0 07 3E F0 81 0F 7C 98
[21:15:32.896] ADDR:0xEE TYPE:RC_CHANNELS_PACKED        LEN:26 | EE 18 16 E0 C3 5E 2B B2 D7 8A 56 B4 02 7C E0 03 1F F8 C0 07 3E F0 81 0F 7C E4
[21:15:32.916] ADDR:0xEE TYPE:RC_CHANNELS_PACKED        LEN:26 | EE 18 16 E0 C3 5E 2B B2 D7 8A 56 B4 02 7C E0 03 1F F8 C0 07 3E F0 81 0F 7C E4
[21:15:32.926] ADDR:0xEE TYPE:RC_CHANNELS_PACKED        LEN:26 | EE 18 16 E0 C3 5E 2B B2 D7 8A 56 B4 02 7C E0 03 1F F8 C0 07 3E F0 81 0F 7C E4
[21:15:32.947] ADDR:0xEE TYPE:RC_CHANNELS_PACKED        LEN:26 | EE 18 16 E0 C3 5E 2B B2 D7 8A 56 B4 02 7C E0 03 1F F8 C0 07 3E F0 81 0F 7C E4
[21:15:32.977] ADDR:0xEE TYPE:RC_CHANNELS_PACKED        LEN:26 | EE 18 16 E0 C3 5E 2B B2 D7 8A 56 B4 02 7C E0 03 1F F8 C0 07 3E F0 81 0F 7C E4
[21:15:32.997] ADDR:0xEE TYPE:RC_CHANNELS_PACKED        LEN:26 | EE 18 16 E0 BB 5E 2B B2 D7 8A 56 B4 02 7C E0 03 1F F8 C0 07 3E F0 81 0F 7C 44
[21:15:33.008] ADDR:0xEE TYPE:RC_CHANNELS_PACKED        LEN:26 | EE 18 16 E0 C3 5E 2B B2 D7 8A 56 B4 02 7C E0 03 1F F8 C0 07 3E F0 81 0F 7C E4
[21:15:33.028] ADDR:0xEE TYPE:RC_CHANNELS_PACKED        LEN:26 | EE 18 16 E0 C3 5E 2B B2 D7 8A 56 B4 02 7C E0 03 1F F8 C0 07 3E F0 81 0F 7C E4
[21:15:33.028] ADDR:0xEA TYPE:ELRS_STATUS               LEN:15 | EA 0D 3A EA EE 10 00 03 0D 40 FF FF FF BA 02
[21:15:33.058] ADDR:0xEE TYPE:RC_CHANNELS_PACKED        LEN:26 | EE 18 16 E0 C3 5E 2B B2 D7 8A 56 B4 02 7C E0 03 1F F8 C0 07 3E F0 81 0F 7C E4
[21:15:33.079] ADDR:0xEE TYPE:RC_CHANNELS_PACKED        LEN:26 | EE 18 16 E0 C3 5E 2B B2 D7 8A 56 B4 02 7C E0 03 1F F8 C0 07 3E F0 81 0F 7C E4
[21:15:33.089] ADDR:0xEE TYPE:RC_CHANNELS_PACKED        LEN:26 | EE 18 16 E0 C3 5E 2B B0 D7 8A 56 B4 02 7C E0 03 1F F8 C0 07 3E F0 81 0F 7C 98
[21:15:33.109] ADDR:0xEE TYPE:RC_CHANNELS_PACKED        LEN:26 | EE 18 16 E0 C3 5E 2B B2 D7 8A 56 B4 02 7C E0 03 1F F8 C0 07 3E F0 81 0F 7C E4
[21:15:33.140] ADDR:0xEE TYPE:RC_CHANNELS_PACKED        LEN:26 | EE 18 16 E0 C3 5E 2B B0 D7 8A 56 B4 02 7C E0 03 1F F8 C0 07 3E F0 81 0F 7C 98
[21:15:33.150] ADDR:0xEE TYPE:RC_CHANNELS_PACKED        LEN:26 | EE 18 16 E0 C3 5E 2B B2 D7 8A 56 B4 02 7C E0 03 1F F8 C0 07 3E F0 81 0F 7C E4
[21:15:33.170] ADDR:0xEE TYPE:RC_CHANNELS_PACKED        LEN:26 | EE 18 16 E0 C3 5E 2B B2 D7 8A 56 B4 02 7C E0 03 1F F8 C0 07 3E F0 81 0F 7C E4
[21:15:33.190] ADDR:0xEE TYPE:RC_CHANNELS_PACKED        LEN:26 | EE 18 16 E0 C3 5E 2B B2 D7 8A 56 B4 02 7C E0 03 1F F8 C0 07 3E F0 81 0F 7C E4
[21:15:33.221] ADDR:0xEE TYPE:RC_CHANNELS_PACKED        LEN:26 | EE 18 16 E0 C3 5E 2B AA D7 8A 56 B4 02 7C E0 03 1F F8 C0 07 3E F0 81 0F 7C 8B
[21:15:33.231] ADDR:0xEE TYPE:RC_CHANNELS_PACKED        LEN:26 | EE 18 16 E0 C3 5E 2B B2 D7 8A 56 B4 02 7C E0 03 1F F8 C0 07 3E F0 81 0F 7C E4
[21:15:33.231] ADDR:0xEA TYPE:ELRS_STATUS               LEN:15 | EA 0D 3A EA EE 10 00 03 0D 40 00 00 00 AA 88
[21:15:33.251] ADDR:0xEE TYPE:RC_CHANNELS_PACKED        LEN:26 | EE 18 16 E0 C3 5E 2B B0 D7 8A 56 B4 02 7C E0 03 1F F8 C0 07 3E F0 81 0F 7C 98
[21:15:33.262] ADDR:0xEE TYPE:RC_CHANNELS_PACKED        LEN:26 | EE 18 16 E0 C3 5E 2B B2 D7 8A 56 B4 02 7C E0 03 1F F8 C0 07 3E F0 81 0F 7C E4
[21:15:33.302] ADDR:0xEE TYPE:RC_CHANNELS_PACKED        LEN:26 | EE 18 16 E0 C3 5E 2B B0 D7 8A 56 B4 02 7C E0 03 1F F8 C0 07 3E F0 81 0F 7C 98
[21:15:33.312] ADDR:0xEE TYPE:RC_CHANNELS_PACKED        LEN:26 | EE 18 16 E0 C3 5E 2B B0 D7 8A 56 B4 02 7C E0 03 1F F8 C0 07 3E F0 81 0F 7C 98
[21:15:33.332] ADDR:0xEE TYPE:RC_CHANNELS_PACKED        LEN:26 | EE 18 16 E0 C3 5E 2B B2 D7 8A 56 B4 02 7C E0 03 1F F8 C0 07 3E F0 81 0F 7C E4
[21:15:33.343] ADDR:0xEE TYPE:RC_CHANNELS_PACKED        LEN:26 | EE 18 16 E0 C3 5E 2B B4 D7 8A 56 B4 02 7C E0 03 1F F8 C0 07 3E F0 81 0F 7C 60
[21:15:33.383] ADDR:0xEE TYPE:RC_CHANNELS_PACKED        LEN:26 | EE 18 16 E0 C3 5E 2B B0 D7 8A 56 B4 02 7C E0 03 1F F8 C0 07 3E F0 81 0F 7C 98
[21:15:33.393] ADDR:0xEE TYPE:RC_CHANNELS_PACKED        LEN:26 | EE 18 16 E0 C3 5E 2B B2 D7 8A 56 B4 02 7C E0 03 1F F8 C0 07 3E F0 81 0F 7C E4
[21:15:33.413] ADDR:0xEE TYPE:RC_CHANNELS_PACKED        LEN:26 | EE 18 16 E0 C3 5E 2B B2 D7 8A 56 B4 02 7C E0 03 1F F8 C0 07 3E F0 81 0F 7C E4
[21:15:33.424] ADDR:0xEE TYPE:RC_CHANNELS_PACKED        LEN:26 | EE 18 16 E0 C3 5E 2B AE D7 8A 56 B4 02 7C E0 03 1F F8 C0 07 3E F0 81 0F 7C 73
[21:15:33.424] ADDR:0xEA TYPE:ELRS_STATUS               LEN:15 | EA 0D 3A EA EE 10 00 03 0D 40 00 00 00 DC 62
[21:15:33.454] ADDR:0xEE TYPE:RC_CHANNELS_PACKED        LEN:26 | EE 18 16 E0 C3 5E 2B B2 D7 8A 56 B4 02 7C E0 03 1F F8 C0 07 3E F0 81 0F 7C E4
[21:15:33.474] ADDR:0xEE TYPE:RC_CHANNELS_PACKED        LEN:26 | EE 18 16 E0 C3 5E 2B B2 D7 8A 56 B4 02 7C E0 03 1F F8 C0 07 3E F0 81 0F 7C E4
[21:15:33.494] ADDR:0xEE TYPE:RC_CHANNELS_PACKED        LEN:26 | EE 18 16 E0 BB 5E 2B B2 D7 8A 56 B4 02 7C E0 03 1F F8 C0 07 3E F0 81 0F 7C 44
[21:15:33.505] ADDR:0xEE TYPE:RC_CHANNELS_PACKED        LEN:26 | EE 18 16 E0 C3 5E 2B B2 D7 8A 56 B4 02 7C E0 03 1F F8 C0 07 3E F0 81 0F 7C E4
[21:15:33.535] ADDR:0xEE TYPE:RC_CHANNELS_PACKED        LEN:26 | EE 18 16 E0 C3 5E 2B B2 D7 8A 56 B4 02 7C E0 03 1F F8 C0 07 3E F0 81 0F 7C E4
[21:15:33.555] ADDR:0xEE TYPE:RC_CHANNELS_PACKED        LEN:26 | EE 18 16 E0 C3 5E 2B B2 D7 8A 56 B4 02 7C E0 03 1F F8 C0 07 3E F0 81 0F 7C E4
[21:15:33.575] ADDR:0xEE TYPE:RC_CHANNELS_PACKED        LEN:26 | EE 18 16 E0 C3 5E 2B B2 D7 8A 56 B4 02 7C E0 03 1F F8 C0 07 3E F0 81 0F 7C E4
[21:15:33.586] ADDR:0xEE TYPE:RC_CHANNELS_PACKED        LEN:26 | EE 18 16 E0 C3 5E 2B B2 D7 8A 56 B4 02 7C E0 03 1F F8 C0 07 3E F0 81 0F 7C E4
[21:15:33.616] ADDR:0xEE TYPE:RC_CHANNELS_PACKED        LEN:26 | EE 18 16 E0 C3 5E 2B B2 D7 8A 56 B4 02 7C E0 03 1F F8 C0 07 3E F0 81 0F 7C E4
[21:15:33.636] ADDR:0xEE TYPE:RC_CHANNELS_PACKED        LEN:26 | EE 18 16 E0 C3 5E 2B B0 D7 8A 56 B4 02 7C E0 03 1F F8 C0 07 3E F0 81 0F 7C 98
[21:15:33.636] ADDR:0xEA TYPE:ELRS_STATUS               LEN:15 | EA 0D 3A EA EE 10 00 03 0D 40 00 00 00 D2 CA
[21:15:33.646] ADDR:0xEE TYPE:RC_CHANNELS_PACKED        LEN:26 | EE 18 16 E0 C3 5E 2B B2 D7 8A 56 B4 02 7C E0 03 1F F8 C0 07 3E F0 81 0F 7C E4
[21:15:33.667] ADDR:0xEE TYPE:RC_CHANNELS_PACKED        LEN:26 | EE 18 16 E0 C3 5E 2B B2 D7 8A 56 B4 02 7C E0 03 1F F8 C0 07 3E F0 81 0F 7C E4
[21:15:33.697] ADDR:0xEE TYPE:RC_CHANNELS_PACKED        LEN:26 | EE 18 16 E0 C3 5E 2B B0 D7 8A 56 B4 02 7C E0 03 1F F8 C0 07 3E F0 81 0F 7C 98
[21:15:33.718] ADDR:0xEE TYPE:RC_CHANNELS_PACKED        LEN:26 | EE 18 16 E0 C3 5E 2B B2 D7 8A 56 B4 02 7C E0 03 1F F8 C0 07 3E F0 81 0F 7C E4
[21:15:33.728] ADDR:0xEE TYPE:RC_CHANNELS_PACKED        LEN:26 | EE 18 16 E0 C3 5E 2B B2 D7 8A 56 B4 02 7C E0 03 1F F8 C0 07 3E F0 81 0F 7C E4
[21:15:33.748] ADDR:0xEE TYPE:RC_CHANNELS_PACKED        LEN:26 | EE 18 16 E0 C3 5E 2B B2 D7 8A 56 B4 02 7C E0 03 1F F8 C0 07 3E F0 81 0F 7C E4
[21:15:33.778] ADDR:0xEE TYPE:RC_CHANNELS_PACKED        LEN:26 | EE 18 16 E0 C3 5E 2B B2 D7 8A 56 B4 02 7C E0 03 1F F8 C0 07 3E F0 81 0F 7C E4
[21:15:33.799] ADDR:0xEE TYPE:RC_CHANNELS_PACKED        LEN:26 | EE 18 16 E0 C3 5E 2B B2 D7 8A 56 B4 02 7C E0 03 1F F8 C0 07 3E F0 81 0F 7C E4
[21:15:33.809] ADDR:0xEE TYPE:RC_CHANNELS_PACKED        LEN:26 | EE 18 16 E0 C3 5E 2B B2 D7 8A 56 B4 02 7C E0 03 1F F8 C0 07 3E F0 81 0F 7C E4
[21:15:33.829] ADDR:0xEE TYPE:RC_CHANNELS_PACKED        LEN:26 | EE 18 16 E0 C3 5E 2B B2 D7 8A 56 B4 02 7C E0 03 1F F8 C0 07 3E F0 81 0F 7C E4
[21:15:33.829] ADDR:0xEA TYPE:ELRS_STATUS               LEN:15 | EA 0D 3A EA EE 10 00 03 0D 40 00 00 00 B4 72
[21:15:33.859] ADDR:0xEE TYPE:RC_CHANNELS_PACKED        LEN:26 | EE 18 16 E0 C3 5E 2B B0 D7 8A 56 B4 02 7C E0 03 1F F8 C0 07 3E F0 81 0F 7C 98
[21:15:33.869] ADDR:0xEE TYPE:RC_CHANNELS_PACKED        LEN:26 | EE 18 16 E0 C3 5E 2B B0 D7 8A 56 B4 02 7C E0 03 1F F8 C0 07 3E F0 81 0F 7C 98
[21:15:33.890] ADDR:0xEE TYPE:RC_CHANNELS_PACKED        LEN:26 | EE 18 16 E0 BB 5E 2B AE D7 8A 56 B4 02 7C E0 03 1F F8 C0 07 3E F0 81 0F 7C D3
[21:15:33.910] ADDR:0xEE TYPE:RC_CHANNELS_PACKED        LEN:26 | EE 18 16 E0 C3 5E 2B B0 D7 8A 56 B4 02 7C E0 03 1F F8 C0 07 3E F0 81 0F 7C 98
[21:15:33.940] ADDR:0xEE TYPE:RC_CHANNELS_PACKED        LEN:26 | EE 18 16 E0 BB 5E 2B B2 D7 8A 56 B4 02 7C E0 03 1F F8 C0 07 3E F0 81 0F 7C 44
[21:15:33.950] ADDR:0xEE TYPE:RC_CHANNELS_PACKED        LEN:26 | EE 18 16 E0 C3 5E 2B B0 D7 8A 56 B4 02 7C E0 03 1F F8 C0 07 3E F0 81 0F 7C 98
[21:15:33.971] ADDR:0xEE TYPE:RC_CHANNELS_PACKED        LEN:26 | EE 18 16 E0 C3 5E 2B B4 D7 8A 56 B4 02 7C E0 03 1F F8 C0 07 3E F0 81 0F 7C 60
[21:15:33.991] ADDR:0xEE TYPE:RC_CHANNELS_PACKED        LEN:26 | EE 18 16 E0 C3 5E 2B B2 D7 8A 56 B4 02 7C E0 03 1F F8 C0 07 3E F0 81 0F 7C E4
[21:15:34.022] ADDR:0xEE TYPE:RC_CHANNELS_PACKED        LEN:26 | EE 18 16 E0 C3 5E 2B B2 D7 8A 56 B4 02 7C E0 03 1F F8 C0 07 3E F0 81 0F 7C E4
[21:15:34.032] ADDR:0xEE TYPE:RC_CHANNELS_PACKED        LEN:26 | EE 18 16 E0 C3 5E 2B B2 D7 8A 56 B4 02 7C E0 03 1F F8 C0 07 3E F0 81 0F 7C E4
[21:15:34.032] ADDR:0xEA TYPE:ELRS_STATUS               LEN:15 | EA 0D 3A EA EE 10 00 03 0D 40 00 00 00 0A C3
[21:15:34.052] ADDR:0xEE TYPE:RC_CHANNELS_PACKED        LEN:26 | EE 18 16 E0 C3 5E 2B B2 D7 8A 56 B4 02 7C E0 03 1F F8 C0 07 3E F0 81 0F 7C E4
[21:15:34.062] ADDR:0xEE TYPE:RC_CHANNELS_PACKED        LEN:26 | EE 18 16 E0 C3 5E 2B B2 D7 8A 56 B4 02 7C E0 03 1F F8 C0 07 3E F0 81 0F 7C E4
[21:15:34.103] ADDR:0xEE TYPE:RC_CHANNELS_PACKED        LEN:26 | EE 18 16 E0 C3 5E 2B B2 D7 8A 56 B4 02 7C E0 03 1F F8 C0 07 3E F0 81 0F 7C E4
[21:15:34.113] ADDR:0xEE TYPE:RC_CHANNELS_PACKED        LEN:26 | EE 18 16 E0 C3 5E 2B B2 D7 8A 56 B4 02 7C E0 03 1F F8 C0 07 3E F0 81 0F 7C E4
[21:15:34.133] ADDR:0xEE TYPE:RC_CHANNELS_PACKED        LEN:26 | EE 18 16 DF C3 5E 2B B2 D7 8A 56 B4 02 7C E0 03 1F F8 C0 07 3E F0 81 0F 7C 66
[21:15:34.143] ADDR:0xEE TYPE:RC_CHANNELS_PACKED        LEN:26 | EE 18 16 E0 C3 5E 2B B2 D7 8A 56 B4 02 7C E0 03 1F F8 C0 07 3E F0 81 0F 7C E4
[21:15:34.174] ADDR:0xEE TYPE:RC_CHANNELS_PACKED        LEN:26 | EE 18 16 E0 C3 5E 2B B2 D7 8A 56 B4 02 7C E0 03 1F F8 C0 07 3E F0 81 0F 7C E4
[21:15:34.194] ADDR:0xEE TYPE:RC_CHANNELS_PACKED        LEN:26 | EE 18 16 E0 C3 5E 2B B2 D7 8A 56 B4 02 7C E0 03 1F F8 C0 07 3E F0 81 0F 7C E4
[21:15:34.214] ADDR:0xEE TYPE:RC_CHANNELS_PACKED        LEN:26 | EE 18 16 E0 C3 5E 2B B2 D7 8A 56 B4 02 7C E0 03 1F F8 C0 07 3E F0 81 0F 7C E4
[21:15:34.225] ADDR:0xEE TYPE:RC_CHANNELS_PACKED        LEN:26 | EE 18 16 E0 C3 5E 2B B2 D7 8A 56 B4 02 7C E0 03 1F F8 C0 07 3E F0 81 0F 7C E4
[21:15:34.225] ADDR:0xEA TYPE:ELRS_STATUS               LEN:15 | EA 0D 3A EA EE 10 00 03 0D 40 00 00 00 F0 11
[21:15:34.255] ADDR:0xEE TYPE:RC_CHANNELS_PACKED        LEN:26 | EE 18 16 E0 BB 5E 2B B2 D7 8A 56 B4 02 7C E0 03 1F F8 C0 07 3E F0 81 0F 7C 44
[21:15:34.275] ADDR:0xEE TYPE:RC_CHANNELS_PACKED        LEN:26 | EE 18 16 E0 C3 5E 2B B0 D7 8A 56 B4 02 7C E0 03 1F F8 C0 07 3E F0 81 0F 7C 98
[21:15:34.286] ADDR:0xEE TYPE:RC_CHANNELS_PACKED        LEN:26 | EE 18 16 E0 C3 5E 2B B2 D7 8A 56 B4 02 7C E0 03 1F F8 C0 07 3E F0 81 0F 7C E4
[21:15:34.306] ADDR:0xEE TYPE:RC_CHANNELS_PACKED        LEN:26 | EE 18 16 E0 BB 5E 2B B2 D7 8A 56 B4 02 7C E0 03 1F F8 C0 07 3E F0 81 0F 7C 44
[21:15:34.337] ADDR:0xEE TYPE:RC_CHANNELS_PACKED        LEN:26 | EE 18 16 E0 C3 5E 2B B2 D7 8A 56 B4 02 7C E0 03 1F F8 C0 07 3E F0 81 0F 7C E4
[21:15:34.357] ADDR:0xEE TYPE:RC_CHANNELS_PACKED        LEN:26 | EE 18 16 E0 C3 5E 2B B2 D7 8A 56 B4 02 7C E0 03 1F F8 C0 07 3E F0 81 0F 7C E4
[21:15:34.367] ADDR:0xEE TYPE:RC_CHANNELS_PACKED        LEN:26 | EE 18 16 E0 C3 5E 2B B0 D7 8A 56 B4 02 7C E0 03 1F F8 C0 07 3E F0 81 0F 7C 98
[21:15:34.387] ADDR:0xEE TYPE:RC_CHANNELS_PACKED        LEN:26 | EE 18 16 E0 C3 5E 2B B2 D7 8A 56 B4 02 7C E0 03 1F F8 C0 07 3E F0 81 0F 7C E4
[21:15:34.418] ADDR:0xEE TYPE:RC_CHANNELS_PACKED        LEN:26 | EE 18 16 E0 C3 5E 2B B2 D7 8A 56 B4 02 7C E0 03 1F F8 C0 07 3E F0 81 0F 7C E4
[21:15:34.438] ADDR:0xEE TYPE:RC_CHANNELS_PACKED        LEN:26 | EE 18 16 E0 C3 5E 2B B2 D7 8A 56 B4 02 7C E0 03 1F F8 C0 07 3E F0 81 0F 7C E4
[21:15:34.438] ADDR:0xEA TYPE:ELRS_STATUS               LEN:15 | EA 0D 3A EA EE 10 00 03 0D 40 FF FF FF EC 4C
[21:15:34.448] ADDR:0xEE TYPE:RC_CHANNELS_PACKED        LEN:26 | EE 18 16 E0 C3 5E 2B B2 D7 8A 56 B4 02 7C E0 03 1F F8 C0 07 3E F0 81 0F 7C E4
[21:15:34.468] ADDR:0xEE TYPE:RC_CHANNELS_PACKED        LEN:26 | EE 18 16 E0 C3 5E 2B B2 D7 8A 56 B4 02 7C E0 03 1F F8 C0 07 3E F0 81 0F 7C E4
[21:15:34.499] ADDR:0xEE TYPE:RC_CHANNELS_PACKED        LEN:26 | EE 18 16 E0 BB 5E 2B B2 D7 8A 56 B4 02 7C E0 03 1F F8 C0 07 3E F0 81 0F 7C 44
[21:15:34.519] ADDR:0xEE TYPE:RC_CHANNELS_PACKED        LEN:26 | EE 18 16 E0 BB 5E 2B B2 D7 8A 56 B4 02 7C E0 03 1F F8 C0 07 3E F0 81 0F 7C 44
[21:15:34.529] ADDR:0xEE TYPE:RC_CHANNELS_PACKED        LEN:26 | EE 18 16 E0 C3 5E 2B B2 D7 8A 56 B4 02 7C E0 03 1F F8 C0 07 3E F0 81 0F 7C E4
[21:15:34.549] ADDR:0xEE TYPE:RC_CHANNELS_PACKED        LEN:26 | EE 18 16 E0 C3 5E 2B B2 D7 8A 56 B4 02 7C E0 03 1F F8 C0 07 3E F0 81 0F 7C E4
[21:15:34.580] ADDR:0xEE TYPE:RC_CHANNELS_PACKED        LEN:26 | EE 18 16 E0 C3 5E 2B B2 D7 8A 56 B4 02 7C E0 03 1F F8 C0 07 3E F0 81 0F 7C E4
[21:15:34.590] ADDR:0xEE TYPE:RC_CHANNELS_PACKED        LEN:26 | EE 18 16 E0 BB 5E 2B B2 D7 8A 56 B4 02 7C E0 03 1F F8 C0 07 3E F0 81 0F 7C 44
[21:15:34.610] ADDR:0xEE TYPE:RC_CHANNELS_PACKED        LEN:26 | EE 18 16 E0 C3 5E 2B B2 D7 8A 56 B4 02 7C E0 03 1F F8 C0 07 3E F0 81 0F 7C E4
[21:15:34.630] ADDR:0xEE TYPE:RC_CHANNELS_PACKED        LEN:26 | EE 18 16 E0 C3 5E 2B B2 D7 8A 56 B4 02 7C E0 03 1F F8 C0 07 3E F0 81 0F 7C E4
[21:15:34.631] ADDR:0xEA TYPE:ELRS_STATUS               LEN:15 | EA 0D 3A EA EE 10 00 03 0D 40 00 00 00 82 05
[21:15:34.661] ADDR:0xEE TYPE:RC_CHANNELS_PACKED        LEN:26 | EE 18 16 E0 C3 5E 2B B2 D7 8A 56 B4 02 7C E0 03 1F F8 C0 07 3E F0 81 0F 7C E4
[21:15:34.671] ADDR:0xEE TYPE:RC_CHANNELS_PACKED        LEN:26 | EE 18 16 DF D3 5E 2B B0 D7 8A 56 B4 02 7C E0 03 1F F8 C0 07 3E F0 81 0F 7C 4B
[21:15:34.692] ADDR:0xEE TYPE:RC_CHANNELS_PACKED        LEN:26 | EE 18 16 E0 C3 5E 2B B2 D7 8A 56 B4 02 7C E0 03 1F F8 C0 07 3E F0 81 0F 7C E4
[21:15:34.702] ADDR:0xEE TYPE:RC_CHANNELS_PACKED        LEN:26 | EE 18 16 E0 C3 5E 2B AE D7 8A 56 B4 02 7C E0 03 1F F8 C0 07 3E F0 81 0F 7C 73
[21:15:34.742] ADDR:0xEE TYPE:RC_CHANNELS_PACKED        LEN:26 | EE 18 16 E0 BB 5E 2B B0 D7 8A 56 B4 02 7C E0 03 1F F8 C0 07 3E F0 81 0F 7C 38
[21:15:34.753] ADDR:0xEE TYPE:RC_CHANNELS_PACKED        LEN:26 | EE 18 16 E0 C3 5E 2B B2 D7 8A 56 B4 02 7C E0 03 1F F8 C0 07 3E F0 81 0F 7C E4
[21:15:34.773] ADDR:0xEE TYPE:RC_CHANNELS_PACKED        LEN:26 | EE 18 16 E0 C3 5E 2B B2 D7 8A 56 B4 02 7C E0 03 1F F8 C0 07 3E F0 81 0F 7C E4
[21:15:34.783] ADDR:0xEE TYPE:RC_CHANNELS_PACKED        LEN:26 | EE 18 16 E0 C3 5E 2B B0 D7 8A 56 B4 02 7C E0 03 1F F8 C0 07 3E F0 81 0F 7C 98
[21:15:34.814] ADDR:0xEE TYPE:RC_CHANNELS_PACKED        LEN:26 | EE 18 16 E0 C3 5E 2B B2 D7 8A 56 B4 02 7C E0 03 1F F8 C0 07 3E F0 81 0F 7C E4
[21:15:34.834] ADDR:0xEE TYPE:RC_CHANNELS_PACKED        LEN:26 | EE 18 16 DF C3 5E 2B B2 D7 8A 56 B4 02 7C E0 03 1F F8 C0 07 3E F0 81 0F 7C 66
[21:15:34.834] ADDR:0xEA TYPE:ELRS_STATUS               LEN:15 | EA 0D 3A EA EE 10 00 03 0D 40 00 00 01 4A 55
[21:15:34.854] ADDR:0xEE TYPE:RC_CHANNELS_PACKED        LEN:26 | EE 18 16 E0 C3 5E 2B B0 D7 8A 56 B4 02 7C E0 03 1F F8 C0 07 3E F0 81 0F 7C 98
[21:15:34.864] ADDR:0xEE TYPE:RC_CHANNELS_PACKED        LEN:26 | EE 18 16 E0 BB 5E 2B AE D7 8A 56 B4 02 7C E0 03 1F F8 C0 07 3E F0 81 0F 7C D3
[21:15:34.895] ADDR:0xEE TYPE:RC_CHANNELS_PACKED        LEN:26 | EE 18 16 E0 C3 5E 2B AE D7 8A 56 B4 02 7C E0 03 1F F8 C0 07 3E F0 81 0F 7C 73
[21:15:34.915] ADDR:0xEE TYPE:RC_CHANNELS_PACKED        LEN:26 | EE 18 16 E0 C3 5E 2B B2 D7 8A 56 B4 02 7C E0 03 1F F8 C0 07 3E F0 81 0F 7C E4
[21:15:34.935] ADDR:0xEE TYPE:RC_CHANNELS_PACKED        LEN:26 | EE 18 16 E0 C3 5E 2B B2 D7 8A 56 B4 02 7C E0 03 1F F8 C0 07 3E F0 81 0F 7C E4
[21:15:34.945] ADDR:0xEE TYPE:RC_CHANNELS_PACKED        LEN:26 | EE 18 16 E0 C3 5E 2B AE D7 8A 56 B4 02 7C E0 03 1F F8 C0 07 3E F0 81 0F 7C 73
[21:15:34.976] ADDR:0xEE TYPE:RC_CHANNELS_PACKED        LEN:26 | EE 18 16 E0 C3 5E 2B B0 D7 8A 56 B4 02 7C E0 03 1F F8 C0 07 3E F0 81 0F 7C 98
[21:15:34.996] ADDR:0xEE TYPE:RC_CHANNELS_PACKED        LEN:26 | EE 18 16 E0 BB 5E 2B B2 D7 8A 56 B4 02 7C E0 03 1F F8 C0 07 3E F0 81 0F 7C 44
[21:15:35.006] ADDR:0xEE TYPE:RC_CHANNELS_PACKED        LEN:26 | EE 18 16 E0 C3 5E 2B B2 D7 8A 56 B4 02 7C E0 03 1F F8 C0 07 3E F0 81 0F 7C E4
[21:15:35.026] ADDR:0xEE TYPE:RC_CHANNELS_PACKED        LEN:26 | EE 18 16 E0 C3 5E 2B B0 D7 8A 56 B4 02 7C E0 03 1F F8 C0 07 3E F0 81 0F 7C 98
[21:15:35.026] ADDR:0xEA TYPE:ELRS_STATUS               LEN:15 | EA 0D 3A EA EE 10 00 03 0D 40 FF FF FF C4 C1
[21:15:35.057] ADDR:0xEE TYPE:RC_CHANNELS_PACKED        LEN:26 | EE 18 16 E0 C3 5E 2B B0 D7 8A 56 B4 02 7C E0 03 1F F8 C0 07 3E F0 81 0F 7C 98
[21:15:35.077] ADDR:0xEE TYPE:RC_CHANNELS_PACKED        LEN:26 | EE 18 16 E0 C3 5E 2B B4 D7 8A 56 B4 02 7C E0 03 1F F8 C0 07 3E F0 81 0F 7C 60
[21:15:35.087] ADDR:0xEE TYPE:RC_CHANNELS_PACKED        LEN:26 | EE 18 16 E0 C3 5E 2B B0 D7 8A 56 B4 02 7C E0 03 1F F8 C0 07 3E F0 81 0F 7C 98
[21:15:35.108] ADDR:0xEE TYPE:RC_CHANNELS_PACKED        LEN:26 | EE 18 16 E0 BB 5E 2B B4 D7 8A 56 B4 02 7C E0 03 1F F8 C0 07 3E F0 81 0F 7C C0
[21:15:35.138] ADDR:0xEE TYPE:RC_CHANNELS_PACKED        LEN:26 | EE 18 16 E0 C3 5E 2B B2 D7 8A 56 B4 02 7C E0 03 1F F8 C0 07 3E F0 81 0F 7C E4
[21:15:35.158] ADDR:0xEE TYPE:RC_CHANNELS_PACKED        LEN:26 | EE 18 16 E0 C3 5E 2B B2 D7 8A 56 B4 02 7C E0 03 1F F8 C0 07 3E F0 81 0F 7C E4
[21:15:35.168] ADDR:0xEE TYPE:RC_CHANNELS_PACKED        LEN:26 | EE 18 16 E0 BB 5E 2B B2 D7 8A 56 B4 02 7C E0 03 1F F8 C0 07 3E F0 81 0F 7C 44
[21:15:35.189] ADDR:0xEE TYPE:RC_CHANNELS_PACKED        LEN:26 | EE 18 16 E0 C3 5E 2B B2 D7 8A 56 B4 02 7C E0 03 1F F8 C0 07 3E F0 81 0F 7C E4
[21:15:35.219] ADDR:0xEE TYPE:RC_CHANNELS_PACKED        LEN:26 | EE 18 16 E0 C3 5E 2B B2 D7 8A 56 B4 02 7C E0 03 1F F8 C0 07 3E F0 81 0F 7C E4
[21:15:35.239] ADDR:0xEE TYPE:RC_CHANNELS_PACKED        LEN:26 | EE 18 16 E0 C3 5E 2B B2 D7 8A 56 B4 02 7C E0 03 1F F8 C0 07 3E F0 81 0F 7C E4
[21:15:35.239] ADDR:0xEA TYPE:ELRS_STATUS               LEN:15 | EA 0D 3A EA EE 10 00 03 0D 40 00 00 01 AE 7D
[21:15:35.249] ADDR:0xEE TYPE:RC_CHANNELS_PACKED        LEN:26 | EE 18 16 E0 C3 5E 2B B2 D7 8A 56 B4 02 7C E0 03 1F F8 C0 07 3E F0 81 0F 7C E4
[21:15:35.270] ADDR:0xEE TYPE:RC_CHANNELS_PACKED        LEN:26 | EE 18 16 E0 C3 5E 2B B4 D7 8A 56 B4 02 7C E0 03 1F F8 C0 07 3E F0 81 0F 7C 60
[21:15:35.300] ADDR:0xEE TYPE:RC_CHANNELS_PACKED        LEN:26 | EE 18 16 E0 C3 5E 2B B0 D7 8A 56 B4 02 7C E0 03 1F F8 C0 07 3E F0 81 0F 7C 98
[21:15:35.311] ADDR:0xEE TYPE:RC_CHANNELS_PACKED        LEN:26 | EE 18 16 E0 C3 5E 2B B2 D7 8A 56 B4 02 7C E0 03 1F F8 C0 07 3E F0 81 0F 7C E4
[21:15:35.331] ADDR:0xEE TYPE:RC_CHANNELS_PACKED        LEN:26 | EE 18 16 E0 C3 5E 2B B2 D7 8A 56 B4 02 7C E0 03 1F F8 C0 07 3E F0 81 0F 7C E4
[21:15:35.351] ADDR:0xEE TYPE:RC_CHANNELS_PACKED        LEN:26 | EE 18 16 E0 C3 5E 2B B2 D7 8A 56 B4 02 7C E0 03 1F F8 C0 07 3E F0 81 0F 7C E4
[21:15:35.382] ADDR:0xEE TYPE:RC_CHANNELS_PACKED        LEN:26 | EE 18 16 E0 C3 5E 2B B2 D7 8A 56 B4 02 7C E0 03 1F F8 C0 07 3E F0 81 0F 7C E4
[21:15:35.392] ADDR:0xEE TYPE:RC_CHANNELS_PACKED        LEN:26 | EE 18 16 E0 C3 5E 2B B0 D7 8A 56 B4 02 7C E0 03 1F F8 C0 07 3E F0 81 0F 7C 98
[21:15:35.412] ADDR:0xEE TYPE:RC_CHANNELS_PACKED        LEN:26 | EE 18 16 E0 C3 5E 2B B0 D7 8A 56 B4 02 7C E0 03 1F F8 C0 07 3E F0 81 0F 7C 98
[21:15:35.422] ADDR:0xEE TYPE:RC_CHANNELS_PACKED        LEN:26 | EE 18 16 E0 C3 5E 2B B0 D7 8A 56 B4 02 7C E0 03 1F F8 C0 07 3E F0 81 0F 7C 98
[21:15:35.422] ADDR:0xEA TYPE:ELRS_STATUS               LEN:15 | EA 0D 3A EA EE 10 00 03 0D 40 FF FF FF EC 4C
[21:15:35.463] ADDR:0xEE TYPE:RC_CHANNELS_PACKED        LEN:26 | EE 18 16 E0 C3 5E 2B B0 D7 8A 56 B4 02 7C E0 03 1F F8 C0 07 3E F0 81 0F 7C 98
[21:15:35.473] ADDR:0xEE TYPE:RC_CHANNELS_PACKED        LEN:26 | EE 18 16 E0 C3 5E 2B B4 D7 8A 56 B4 02 7C E0 03 1F F8 C0 07 3E F0 81 0F 7C 60
[21:15:35.493] ADDR:0xEE TYPE:RC_CHANNELS_PACKED        LEN:26 | EE 18 16 E0 C3 5E 2B B2 D7 8A 56 B4 02 7C E0 03 1F F8 C0 07 3E F0 81 0F 7C E4
[21:15:35.503] ADDR:0xEE TYPE:RC_CHANNELS_PACKED        LEN:26 | EE 18 16 E0 BB 5E 2B B2 D7 8A 56 B4 02 7C E0 03 1F F8 C0 07 3E F0 81 0F 7C 44
[21:15:35.543] ADDR:0xEE TYPE:RC_CHANNELS_PACKED        LEN:26 | EE 18 16 E0 C3 5E 2B B2 D7 8A 56 B4 02 7C E0 03 1F F8 C0 07 3E F0 81 0F 7C E4
[21:15:35.554] ADDR:0xEE TYPE:RC_CHANNELS_PACKED        LEN:26 | EE 18 16 E0 C3 5E 2B B0 D7 8A 56 B4 02 7C E0 03 1F F8 C0 07 3E F0 81 0F 7C 98
[21:15:35.574] ADDR:0xEE TYPE:RC_CHANNELS_PACKED        LEN:26 | EE 18 16 E0 C3 5E 2B B2 D7 8A 56 B4 02 7C E0 03 1F F8 C0 07 3E F0 81 0F 7C E4
[21:15:35.584] ADDR:0xEE TYPE:RC_CHANNELS_PACKED        LEN:26 | EE 18 16 E0 C3 5E 2B B2 D7 8A 56 B4 02 7C E0 03 1F F8 C0 07 3E F0 81 0F 7C E4
[21:15:35.614] ADDR:0xEE TYPE:RC_CHANNELS_PACKED        LEN:26 | EE 18 16 E0 C3 5E 2B B2 D7 8A 56 B4 02 7C E0 03 1F F8 C0 07 3E F0 81 0F 7C E4
[21:15:35.635] ADDR:0xEE TYPE:RC_CHANNELS_PACKED        LEN:26 | EE 18 16 E0 C3 5E 2B B2 D7 8A 56 B4 02 7C E0 03 1F F8 C0 07 3E F0 81 0F 7C E4
[21:15:35.635] ADDR:0xEA TYPE:ELRS_STATUS               LEN:15 | EA 0D 3A EA EE 10 00 03 0D 40 00 00 01 AE 7D
[21:15:35.655] ADDR:0xEE TYPE:RC_CHANNELS_PACKED        LEN:26 | EE 18 16 E0 C3 5E 2B B2 D7 8A 56 B4 02 7C E0 03 1F F8 C0 07 3E F0 81 0F 7C E4
[21:15:35.665] ADDR:0xEE TYPE:RC_CHANNELS_PACKED        LEN:26 | EE 18 16 E0 C3 5E 2B B2 D7 8A 56 B4 02 7C E0 03 1F F8 C0 07 3E F0 81 0F 7C E4
[21:15:35.696] ADDR:0xEE TYPE:RC_CHANNELS_PACKED        LEN:26 | EE 18 16 E0 C3 5E 2B B2 D7 8A 56 B4 02 7C E0 03 1F F8 C0 07 3E F0 81 0F 7C E4
[21:15:35.716] ADDR:0xEE TYPE:RC_CHANNELS_PACKED        LEN:26 | EE 18 16 E0 C3 5E 2B B2 D7 8A 56 B4 02 7C E0 03 1F F8 C0 07 3E F0 81 0F 7C E4
[21:15:35.727] ADDR:0xEE TYPE:RC_CHANNELS_PACKED        LEN:26 | EE 18 16 E0 BB 5E 2B B2 D7 8A 56 B4 02 7C E0 03 1F F8 C0 07 3E F0 81 0F 7C 44
[21:15:35.747] ADDR:0xEE TYPE:RC_CHANNELS_PACKED        LEN:26 | EE 18 16 DF C3 5E 2B B2 D7 8A 56 B4 02 7C E0 03 1F F8 C0 07 3E F0 81 0F 7C 66
[21:15:35.777] ADDR:0xEE TYPE:RC_CHANNELS_PACKED        LEN:26 | EE 18 16 E0 C3 5E 2B B2 D7 8A 56 B4 02 7C E0 03 1F F8 C0 07 3E F0 81 0F 7C E4
[21:15:35.797] ADDR:0xEE TYPE:RC_CHANNELS_PACKED        LEN:26 | EE 18 16 DF C3 5E 2B B0 D7 8A 56 B4 02 7C E0 03 1F F8 C0 07 3E F0 81 0F 7C 1A
[21:15:35.807] ADDR:0xEE TYPE:RC_CHANNELS_PACKED        LEN:26 | EE 18 16 E0 C3 5E 2B B2 D7 8A 56 B4 02 7C E0 03 1F F8 C0 07 3E F0 81 0F 7C E4
[21:15:35.828] ADDR:0xEE TYPE:RC_CHANNELS_PACKED        LEN:26 | EE 18 16 E0 C3 5E 2B B2 D7 8A 56 B4 02 7C E0 03 1F F8 C0 07 3E F0 81 0F 7C E4
[21:15:35.828] ADDR:0xEA TYPE:ELRS_STATUS               LEN:15 | EA 0D 3A EA EE 10 00 03 0D 40 00 00 00 1E 6F
[21:15:35.858] ADDR:0xEE TYPE:RC_CHANNELS_PACKED        LEN:26 | EE 18 16 E0 C3 5E 2B B2 D7 8A 56 B4 02 7C E0 03 1F F8 C0 07 3E F0 81 0F 7C E4
[21:15:35.878] ADDR:0xEE TYPE:RC_CHANNELS_PACKED        LEN:26 | EE 18 16 E0 C3 5E 2B B2 D7 8A 56 B4 02 7C E0 03 1F F8 C0 07 3E F0 81 0F 7C E4
[21:15:35.889] ADDR:0xEE TYPE:RC_CHANNELS_PACKED        LEN:26 | EE 18 16 E0 C3 5E 2B B2 D7 8A 56 B4 02 7C E0 03 1F F8 C0 07 3E F0 81 0F 7C E4
[21:15:35.909] ADDR:0xEE TYPE:RC_CHANNELS_PACKED        LEN:26 | EE 18 16 E0 C3 5E 2B B2 D7 8A 56 B4 02 7C E0 03 1F F8 C0 07 3E F0 81 0F 7C E4
[21:15:35.939] ADDR:0xEE TYPE:RC_CHANNELS_PACKED        LEN:26 | EE 18 16 E0 C3 5E 2B B2 D7 8A 56 B4 02 7C E0 03 1F F8 C0 07 3E F0 81 0F 7C E4
[21:15:35.950] ADDR:0xEE TYPE:RC_CHANNELS_PACKED        LEN:26 | EE 18 16 E0 C3 5E 2B B2 D7 8A 56 B4 02 7C E0 03 1F F8 C0 07 3E F0 81 0F 7C E4
[21:15:35.973] ADDR:0xEE TYPE:RC_CHANNELS_PACKED        LEN:26 | EE 18 16 E0 C3 5E 2B B2 D7 8A 56 B4 02 7C E0 03 1F F8 C0 07 3E F0 81 0F 7C E4
[21:15:35.983] ADDR:0xEE TYPE:RC_CHANNELS_PACKED        LEN:26 | EE 18 16 E0 C3 5E 2B B2 D7 8A 56 B4 02 7C E0 03 1F F8 C0 07 3E F0 81 0F 7C E4
[21:15:36.023] ADDR:0xEE TYPE:RC_CHANNELS_PACKED        LEN:26 | EE 18 16 E0 C3 5E 2B B2 D7 8A 56 B4 02 7C E0 03 1F F8 C0 07 3E F0 81 0F 7C E4
[21:15:36.033] ADDR:0xEE TYPE:RC_CHANNELS_PACKED        LEN:26 | EE 18 16 E0 BB 5E 2B B2 D7 8A 56 B4 02 7C E0 03 1F F8 C0 07 3E F0 81 0F 7C 44
[21:15:36.033] ADDR:0xEA TYPE:ELRS_STATUS               LEN:15 | EA 0D 3A EA EE 10 00 03 0D 40 FF FF FF EC 4C
[21:15:36.054] ADDR:0xEE TYPE:RC_CHANNELS_PACKED        LEN:26 | EE 18 16 E0 BB 5E 2B B2 D7 8A 56 B4 02 7C E0 03 1F F8 C0 07 3E F0 81 0F 7C 44
[21:15:36.064] ADDR:0xEE TYPE:RC_CHANNELS_PACKED        LEN:26 | EE 18 16 E0 C3 5E 2B B2 D7 8A 56 B4 02 7C E0 03 1F F8 C0 07 3E F0 81 0F 7C E4
[21:15:36.094] ADDR:0xEE TYPE:RC_CHANNELS_PACKED        LEN:26 | EE 18 16 E0 C3 5E 2B B2 D7 8A 56 B4 02 7C E0 03 1F F8 C0 07 3E F0 81 0F 7C E4
[21:15:36.114] ADDR:0xEE TYPE:RC_CHANNELS_PACKED        LEN:26 | EE 18 16 E0 C3 5E 2B B2 D7 8A 56 B4 02 7C E0 03 1F F8 C0 07 3E F0 81 0F 7C E4
[21:15:36.135] ADDR:0xEE TYPE:RC_CHANNELS_PACKED        LEN:26 | EE 18 16 E0 BB 5E 2B B2 D7 8A 56 B4 02 7C E0 03 1F F8 C0 07 3E F0 81 0F 7C 44
[21:15:36.145] ADDR:0xEE TYPE:RC_CHANNELS_PACKED        LEN:26 | EE 18 16 E0 C3 5E 2B B0 D7 8A 56 B4 02 7C E0 03 1F F8 C0 07 3E F0 81 0F 7C 98
[21:15:36.175] ADDR:0xEE TYPE:RC_CHANNELS_PACKED        LEN:26 | EE 18 16 E0 BB 5E 2B B4 D7 8A 56 B4 02 7C E0 03 1F F8 C0 07 3E F0 81 0F 7C C0
[21:15:36.195] ADDR:0xEE TYPE:RC_CHANNELS_PACKED        LEN:26 | EE 18 16 E0 C3 5E 2B B0 D7 8A 56 B4 02 7C E0 03 1F F8 C0 07 3E F0 81 0F 7C 98
[21:15:36.206] ADDR:0xEE TYPE:RC_CHANNELS_PACKED        LEN:26 | EE 18 16 DD C3 5E 2B B2 D7 8A 56 B4 02 7C E0 03 1F F8 C0 07 3E F0 81 0F 7C 10
[21:15:36.226] ADDR:0xEE TYPE:RC_CHANNELS_PACKED        LEN:26 | EE 18 16 E0 C3 5E 2B B2 D7 8A 56 B4 02 7C E0 03 1F F8 C0 07 3E F0 81 0F 7C E4
[21:15:36.226] ADDR:0xEA TYPE:ELRS_STATUS               LEN:15 | EA 0D 3A EA EE 10 00 03 0D 40 00 00 01 40 03
[21:15:36.256] ADDR:0xEE TYPE:RC_CHANNELS_PACKED        LEN:26 | EE 18 16 E0 C3 5E 2B B2 D7 8A 56 B4 02 7C E0 03 1F F8 C0 07 3E F0 81 0F 7C E4
[21:15:36.276] ADDR:0xEE TYPE:RC_CHANNELS_PACKED        LEN:26 | EE 18 16 E0 BB 5E 2B B2 D7 8A 56 B4 02 7C E0 03 1F F8 C0 07 3E F0 81 0F 7C 44
[21:15:36.287] ADDR:0xEE TYPE:RC_CHANNELS_PACKED        LEN:26 | EE 18 16 E0 BB 5E 2B B2 D7 8A 56 B4 02 7C E0 03 1F F8 C0 07 3E F0 81 0F 7C 44
[21:15:36.307] ADDR:0xEE TYPE:RC_CHANNELS_PACKED        LEN:26 | EE 18 16 E0 C3 5E 2B B2 D7 8A 56 B4 02 7C E0 03 1F F8 C0 07 3E F0 81 0F 7C E4
[21:15:36.338] ADDR:0xEE TYPE:RC_CHANNELS_PACKED        LEN:26 | EE 18 16 DF C3 5E 2B B2 D7 8A 56 B4 02 7C E0 03 1F F8 C0 07 3E F0 81 0F 7C 66
[21:15:36.358] ADDR:0xEE TYPE:RC_CHANNELS_PACKED        LEN:26 | EE 18 16 E0 C3 5E 2B B2 D7 8A 56 B4 02 7C E0 03 1F F8 C0 07 3E F0 81 0F 7C E4
[21:15:36.368] ADDR:0xEE TYPE:RC_CHANNELS_PACKED        LEN:26 | EE 18 16 E0 C3 5E 2B B0 D7 8A 56 B4 02 7C E0 03 1F F8 C0 07 3E F0 81 0F 7C 98
[21:15:36.389] ADDR:0xEE TYPE:RC_CHANNELS_PACKED        LEN:26 | EE 18 16 E0 C3 5E 2B B2 D7 8A 56 B4 02 7C E0 03 1F F8 C0 07 3E F0 81 0F 7C E4
[21:15:36.419] ADDR:0xEE TYPE:RC_CHANNELS_PACKED        LEN:26 | EE 18 16 DF C3 5E 2B B0 D7 8A 56 B4 02 7C E0 03 1F F8 C0 07 3E F0 81 0F 7C 1A
[21:15:36.439] ADDR:0xEE TYPE:RC_CHANNELS_PACKED        LEN:26 | EE 18 16 E0 C3 5E 2B B2 D7 8A 56 B4 02 7C E0 03 1F F8 C0 07 3E F0 81 0F 7C E4
[21:15:36.439] ADDR:0xEA TYPE:ELRS_STATUS               LEN:15 | EA 0D 3A EA EE 10 00 03 0D 40 00 00 00 46 89
[21:15:36.450] ADDR:0xEE TYPE:RC_CHANNELS_PACKED        LEN:26 | EE 18 16 E0 C3 5E 2B B4 D7 8A 56 B4 02 7C E0 03 1F F8 C0 07 3E F0 81 0F 7C 60
[21:15:36.470] ADDR:0xEE TYPE:RC_CHANNELS_PACKED        LEN:26 | EE 18 16 E0 C3 5E 2B B2 D7 8A 56 B4 02 7C E0 03 1F F8 C0 07 3E F0 81 0F 7C E4
[21:15:36.500] ADDR:0xEE TYPE:RC_CHANNELS_PACKED        LEN:26 | EE 18 16 E0 C3 5E 2B B2 D7 8A 56 B4 02 7C E0 03 1F F8 C0 07 3E F0 81 0F 7C E4
[21:15:36.511] ADDR:0xEE TYPE:RC_CHANNELS_PACKED        LEN:26 | EE 18 16 E0 C3 5E 2B B2 D7 8A 56 B4 02 7C E0 03 1F F8 C0 07 3E F0 81 0F 7C E4
[21:15:36.531] ADDR:0xEE TYPE:RC_CHANNELS_PACKED        LEN:26 | EE 18 16 E0 C3 5E 2B B2 D7 8A 56 B4 02 7C E0 03 1F F8 C0 07 3E F0 81 0F 7C E4
[21:15:36.551] ADDR:0xEE TYPE:RC_CHANNELS_PACKED        LEN:26 | EE 18 16 E0 C3 5E 2B B2 D7 8A 56 B4 02 7C E0 03 1F F8 C0 07 3E F0 81 0F 7C E4
[21:15:36.581] ADDR:0xEE TYPE:RC_CHANNELS_PACKED        LEN:26 | EE 18 16 E0 C3 5E 2B B2 D7 8A 56 B4 02 7C E0 03 1F F8 C0 07 3E F0 81 0F 7C E4
[21:15:36.592] ADDR:0xEE TYPE:RC_CHANNELS_PACKED        LEN:26 | EE 18 16 E0 C3 5E 2B B0 D7 8A 56 B4 02 7C E0 03 1F F8 C0 07 3E F0 81 0F 7C 98
[21:15:36.612] ADDR:0xEE TYPE:RC_CHANNELS_PACKED        LEN:26 | EE 18 16 E0 BB 5E 2B B0 D7 8A 56 B4 02 7C E0 03 1F F8 C0 07 3E F0 81 0F 7C 38
[21:15:36.622] ADDR:0xEE TYPE:RC_CHANNELS_PACKED        LEN:26 | EE 18 16 E0 C3 5E 2B B4 D7 8A 56 B4 02 7C E0 03 1F F8 C0 07 3E F0 81 0F 7C 60
[21:15:36.622] ADDR:0xEA TYPE:ELRS_STATUS               LEN:15 | EA 0D 3A EA EE 10 00 03 0D 40 00 00 01 04 60
[21:15:36.663] ADDR:0xEE TYPE:RC_CHANNELS_PACKED        LEN:26 | EE 18 16 E0 C3 5E 2B B2 D7 8A 56 B4 02 7C E0 03 1F F8 C0 07 3E F0 81 0F 7C E4
[21:15:36.673] ADDR:0xEE TYPE:RC_CHANNELS_PACKED        LEN:26 | EE 18 16 E0 C3 5E 2B B2 D7 8A 56 B4 02 7C E0 03 1F F8 C0 07 3E F0 81 0F 7C E4
[21:15:36.693] ADDR:0xEE TYPE:RC_CHANNELS_PACKED        LEN:26 | EE 18 16 E0 BB 5E 2B B0 D7 8A 56 B4 02 7C E0 03 1F F8 C0 07 3E F0 81 0F 7C 38
[21:15:36.704] ADDR:0xEE TYPE:RC_CHANNELS_PACKED        LEN:26 | EE 18 16 E0 C3 5E 2B B2 D7 8A 56 B4 02 7C E0 03 1F F8 C0 07 3E F0 81 0F 7C E4
[21:15:36.734] ADDR:0xEE TYPE:RC_CHANNELS_PACKED        LEN:26 | EE 18 16 E0 BB 5E 2B B2 D7 8A 56 B4 02 7C E0 03 1F F8 C0 07 3E F0 81 0F 7C 44
[21:15:36.755] ADDR:0xEE TYPE:RC_CHANNELS_PACKED        LEN:26 | EE 18 16 E0 BB 5E 2B B2 D7 8A 56 B4 02 7C E0 03 1F F8 C0 07 3E F0 81 0F 7C 44
[21:15:36.775] ADDR:0xEE TYPE:RC_CHANNELS_PACKED        LEN:26 | EE 18 16 E0 C3 5E 2B B2 D7 8A 56 B4 02 7C E0 03 1F F8 C0 07 3E F0 81 0F 7C E4
[21:15:36.785] ADDR:0xEE TYPE:RC_CHANNELS_PACKED        LEN:26 | EE 18 16 E0 C3 5E 2B B2 D7 8A 56 B4 02 7C E0 03 1F F8 C0 07 3E F0 81 0F 7C E4
[21:15:36.817] ADDR:0xEE TYPE:RC_CHANNELS_PACKED        LEN:26 | EE 18 16 E0 C3 5E 2B B2 D7 8A 56 B4 02 7C E0 03 1F F8 C0 07 3E F0 81 0F 7C E4
[21:15:36.837] ADDR:0xEE TYPE:RC_CHANNELS_PACKED        LEN:26 | EE 18 16 E0 BB 5E 2B B2 D7 8A 56 B4 02 7C E0 03 1F F8 C0 07 3E F0 81 0F 7C 44
[21:15:36.837] ADDR:0xEA TYPE:ELRS_STATUS               LEN:15 | EA 0D 3A EA EE 10 00 03 0D 40 00 00 01 36 E9
[21:15:36.847] ADDR:0xEE TYPE:RC_CHANNELS_PACKED        LEN:26 | EE 18 16 E0 C3 5E 2B B2 D7 8A 56 B4 02 7C E0 03 1F F8 C0 07 3E F0 81 0F 7C E4
[21:15:36.868] ADDR:0xEE TYPE:RC_CHANNELS_PACKED        LEN:26 | EE 18 16 E0 C3 5E 2B B0 D7 8A 56 B4 02 7C E0 03 1F F8 C0 07 3E F0 81 0F 7C 98
[21:15:36.898] ADDR:0xEE TYPE:RC_CHANNELS_PACKED        LEN:26 | EE 18 16 E0 C3 5E 2B B0 D7 8A 56 B4 02 7C E0 03 1F F8 C0 07 3E F0 81 0F 7C 98
[21:15:36.918] ADDR:0xEE TYPE:RC_CHANNELS_PACKED        LEN:26 | EE 18 16 E0 C3 5E 2B B2 D7 8A 56 B4 02 7C E0 03 1F F8 C0 07 3E F0 81 0F 7C E4
[21:15:36.929] ADDR:0xEE TYPE:RC_CHANNELS_PACKED        LEN:26 | EE 18 16 E0 C3 5E 2B B0 D7 8A 56 B4 02 7C E0 03 1F F8 C0 07 3E F0 81 0F 7C 98
[21:15:36.949] ADDR:0xEE TYPE:RC_CHANNELS_PACKED        LEN:26 | EE 18 16 E0 BB 5E 2B B0 D7 8A 56 B4 02 7C E0 03 1F F8 C0 07 3E F0 81 0F 7C 38
[21:15:36.979] ADDR:0xEE TYPE:RC_CHANNELS_PACKED        LEN:26 | EE 18 16 E0 BB 5E 2B B0 D7 8A 56 B4 02 7C E0 03 1F F8 C0 07 3E F0 81 0F 7C 38
[21:15:36.990] ADDR:0xEE TYPE:RC_CHANNELS_PACKED        LEN:26 | EE 18 16 E0 C3 5E 2B B2 D7 8A 56 B4 02 7C E0 03 1F F8 C0 07 3E F0 81 0F 7C E4
[21:15:37.010] ADDR:0xEE TYPE:RC_CHANNELS_PACKED        LEN:26 | EE 18 16 E0 C3 5E 2B B2 D7 8A 56 B4 02 7C E0 03 1F F8 C0 07 3E F0 81 0F 7C E4
[21:15:37.030] ADDR:0xEE TYPE:RC_CHANNELS_PACKED        LEN:26 | EE 18 16 E0 C3 5E 2B B2 D7 8A 56 B4 02 7C E0 03 1F F8 C0 07 3E F0 81 0F 7C E4
[21:15:37.030] ADDR:0xEA TYPE:ELRS_STATUS               LEN:15 | EA 0D 3A EA EE 10 00 03 0D 40 00 00 00 46 89
[21:15:37.060] ADDR:0xEE TYPE:RC_CHANNELS_PACKED        LEN:26 | EE 18 16 E0 C3 5E 2B B2 D7 8A 56 B4 02 7C E0 03 1F F8 C0 07 3E F0 81 0F 7C E4
[21:15:37.071] ADDR:0xEE TYPE:RC_CHANNELS_PACKED        LEN:26 | EE 18 16 E0 C3 5E 2B B2 D7 8A 56 B4 02 7C E0 03 1F F8 C0 07 3E F0 81 0F 7C E4
[21:15:37.091] ADDR:0xEE TYPE:RC_CHANNELS_PACKED        LEN:26 | EE 18 16 E0 C3 5E 2B B2 D7 8A 56 B4 02 7C E0 03 1F F8 C0 07 3E F0 81 0F 7C E4
[21:15:37.111] ADDR:0xEE TYPE:RC_CHANNELS_PACKED        LEN:26 | EE 18 16 E0 C3 5E 2B B2 D7 8A 56 B4 02 7C E0 03 1F F8 C0 07 3E F0 81 0F 7C E4
[21:15:37.142] ADDR:0xEE TYPE:RC_CHANNELS_PACKED        LEN:26 | EE 18 16 E0 C3 5E 2B B2 D7 8A 56 B4 02 7C E0 03 1F F8 C0 07 3E F0 81 0F 7C E4
[21:15:37.152] ADDR:0xEE TYPE:RC_CHANNELS_PACKED        LEN:26 | EE 18 16 E0 C3 5E 2B B2 D7 8A 56 B4 02 7C E0 03 1F F8 C0 07 3E F0 81 0F 7C E4
[21:15:37.172] ADDR:0xEE TYPE:RC_CHANNELS_PACKED        LEN:26 | EE 18 16 E0 C3 5E 2B B0 D7 8A 56 B4 02 7C E0 03 1F F8 C0 07 3E F0 81 0F 7C 98
[21:15:37.182] ADDR:0xEE TYPE:RC_CHANNELS_PACKED        LEN:26 | EE 18 16 E0 C3 5E 2B B0 D7 8A 56 B4 02 7C E0 03 1F F8 C0 07 3E F0 81 0F 7C 98
[21:15:37.223] ADDR:0xEE TYPE:RC_CHANNELS_PACKED        LEN:26 | EE 18 16 E0 BB 5E 2B B2 D7 8A 56 B4 02 7C E0 03 1F F8 C0 07 3E F0 81 0F 7C 44
[21:15:37.234] ADDR:0xEE TYPE:RC_CHANNELS_PACKED        LEN:26 | EE 18 16 E0 C3 5E 2B B0 D7 8A 56 B4 02 7C E0 03 1F F8 C0 07 3E F0 81 0F 7C 98
[21:15:37.234] ADDR:0xEA TYPE:ELRS_STATUS               LEN:15 | EA 0D 3A EA EE 10 00 03 0D 40 00 00 00 6E 04
[21:15:37.254] ADDR:0xEE TYPE:RC_CHANNELS_PACKED        LEN:26 | EE 18 16 E0 C3 5E 2B B2 D7 8A 56 B4 02 7C E0 03 1F F8 C0 07 3E F0 81 0F 7C E4
[21:15:37.264] ADDR:0xEE TYPE:RC_CHANNELS_PACKED        LEN:26 | EE 18 16 E0 C3 5E 2B B2 D7 8A 56 B4 02 7C E0 03 1F F8 C0 07 3E F0 81 0F 7C E4
[21:15:37.294] ADDR:0xEE TYPE:RC_CHANNELS_PACKED        LEN:26 | EE 18 16 E0 C3 5E 2B B2 D7 8A 56 B4 02 7C E0 03 1F F8 C0 07 3E F0 81 0F 7C E4
[21:15:37.315] ADDR:0xEE TYPE:RC_CHANNELS_PACKED        LEN:26 | EE 18 16 E0 C3 5E 2B B2 D7 8A 56 B4 02 7C E0 03 1F F8 C0 07 3E F0 81 0F 7C E4
[21:15:37.335] ADDR:0xEE TYPE:RC_CHANNELS_PACKED        LEN:26 | EE 18 16 E0 C3 5E 2B B0 D7 8A 56 B4 02 7C E0 03 1F F8 C0 07 3E F0 81 0F 7C 98
[21:15:37.345] ADDR:0xEE TYPE:RC_CHANNELS_PACKED        LEN:26 | EE 18 16 E0 C3 5E 2B B2 D7 8A 56 B4 02 7C E0 03 1F F8 C0 07 3E F0 81 0F 7C E4
[21:15:37.376] ADDR:0xEE TYPE:RC_CHANNELS_PACKED        LEN:26 | EE 18 16 E0 C3 5E 2B B2 D7 8A 56 B4 02 7C E0 03 1F F8 C0 07 3E F0 81 0F 7C E4
[21:15:37.396] ADDR:0xEE TYPE:RC_CHANNELS_PACKED        LEN:26 | EE 18 16 E0 C3 5E 2B B2 D7 8A 56 B4 02 7C E0 03 1F F8 C0 07 3E F0 81 0F 7C E4
[21:15:37.406] ADDR:0xEE TYPE:RC_CHANNELS_PACKED        LEN:26 | EE 18 16 E0 C3 5E 2B B0 D7 8A 56 B4 02 7C E0 03 1F F8 C0 07 3E F0 81 0F 7C 98
[21:15:37.426] ADDR:0xEE TYPE:RC_CHANNELS_PACKED        LEN:26 | EE 18 16 E0 C3 5E 2B B0 D7 8A 56 B4 02 7C E0 03 1F F8 C0 07 3E F0 81 0F 7C 98
[21:15:37.426] ADDR:0xEA TYPE:ELRS_STATUS               LEN:15 | EA 0D 3A EA EE 10 00 03 0D 40 00 00 00 6E 04
[21:15:37.457] ADDR:0xEE TYPE:RC_CHANNELS_PACKED        LEN:26 | EE 18 16 E0 C3 5E 2B B2 D7 8A 56 B4 02 7C E0 03 1F F8 C0 07 3E F0 81 0F 7C E4
[21:15:37.477] ADDR:0xEE TYPE:RC_CHANNELS_PACKED        LEN:26 | EE 18 16 E0 C3 5E 2B B2 D7 8A 56 B4 02 7C E0 03 1F F8 C0 07 3E F0 81 0F 7C E4
[21:15:37.487] ADDR:0xEE TYPE:RC_CHANNELS_PACKED        LEN:26 | EE 18 16 E0 C3 5E 2B B2 D7 8A 56 B4 02 7C E0 03 1F F8 C0 07 3E F0 81 0F 7C E4
[21:15:37.508] ADDR:0xEE TYPE:RC_CHANNELS_PACKED        LEN:26 | EE 18 16 E0 C3 5E 2B AE D7 8A 56 B4 02 7C E0 03 1F F8 C0 07 3E F0 81 0F 7C 73
[21:15:37.538] ADDR:0xEE TYPE:RC_CHANNELS_PACKED        LEN:26 | EE 18 16 E0 C3 5E 2B B2 D7 8A 56 B4 02 7C E0 03 1F F8 C0 07 3E F0 81 0F 7C E4
[21:15:37.558] ADDR:0xEE TYPE:RC_CHANNELS_PACKED        LEN:26 | EE 18 16 E0 BB 5E 2B B2 D7 8A 56 B4 02 7C E0 03 1F F8 C0 07 3E F0 81 0F 7C 44
[21:15:37.568] ADDR:0xEE TYPE:RC_CHANNELS_PACKED        LEN:26 | EE 18 16 E0 C3 5E 2B B2 D7 8A 56 B4 02 7C E0 03 1F F8 C0 07 3E F0 81 0F 7C E4
[21:15:37.589] ADDR:0xEE TYPE:RC_CHANNELS_PACKED        LEN:26 | EE 18 16 E0 C3 5E 2B B2 D7 8A 56 B4 02 7C E0 03 1F F8 C0 07 3E F0 81 0F 7C E4
[21:15:37.619] ADDR:0xEE TYPE:RC_CHANNELS_PACKED        LEN:26 | EE 18 16 E0 C3 5E 2B B2 D7 8A 56 B4 02 7C E0 03 1F F8 C0 07 3E F0 81 0F 7C E4
[21:15:37.639] ADDR:0xEE TYPE:RC_CHANNELS_PACKED        LEN:26 | EE 18 16 E0 C3 5E 2B B0 D7 8A 56 B4 02 7C E0 03 1F F8 C0 07 3E F0 81 0F 7C 98
[21:15:37.639] ADDR:0xEA TYPE:ELRS_STATUS               LEN:15 | EA 0D 3A EA EE 10 00 03 0D 40 00 00 01 0E 36
[21:15:37.649] ADDR:0xEE TYPE:RC_CHANNELS_PACKED        LEN:26 | EE 18 16 E0 C3 5E 2B B0 D7 8A 56 B4 02 7C E0 03 1F F8 C0 07 3E F0 81 0F 7C 98
[21:15:37.670] ADDR:0xEE TYPE:RC_CHANNELS_PACKED        LEN:26 | EE 18 16 E0 C3 5E 2B B2 D7 8A 56 B4 02 7C E0 03 1F F8 C0 07 3E F0 81 0F 7C E4
[21:15:37.700] ADDR:0xEE TYPE:RC_CHANNELS_PACKED        LEN:26 | EE 18 16 E0 C3 5E 2B AE D7 8A 56 B4 02 7C E0 03 1F F8 C0 07 3E F0 81 0F 7C 73
[21:15:37.711] ADDR:0xEE TYPE:RC_CHANNELS_PACKED        LEN:26 | EE 18 16 E0 C3 5E 2B B2 D7 8A 56 B4 02 7C E0 03 1F F8 C0 07 3E F0 81 0F 7C E4
[21:15:37.731] ADDR:0xEE TYPE:RC_CHANNELS_PACKED        LEN:26 | EE 18 16 E0 C3 5E 2B B2 D7 8A 56 B4 02 7C E0 03 1F F8 C0 07 3E F0 81 0F 7C E4
[21:15:37.751] ADDR:0xEE TYPE:RC_CHANNELS_PACKED        LEN:26 | EE 18 16 E0 C3 5E 2B B2 D7 8A 56 B4 02 7C E0 03 1F F8 C0 07 3E F0 81 0F 7C E4
[21:15:37.782] ADDR:0xEE TYPE:RC_CHANNELS_PACKED        LEN:26 | EE 18 16 E0 C3 5E 2B AE D7 8A 56 B4 02 7C E0 03 1F F8 C0 07 3E F0 81 0F 7C 73
[21:15:37.792] ADDR:0xEE TYPE:RC_CHANNELS_PACKED        LEN:26 | EE 18 16 E0 C3 5E 2B B0 D7 8A 56 B4 02 7C E0 03 1F F8 C0 07 3E F0 81 0F 7C 98
[21:15:37.812] ADDR:0xEE TYPE:RC_CHANNELS_PACKED        LEN:26 | EE 18 16 E0 C3 5E 2B B2 D7 8A 56 B4 02 7C E0 03 1F F8 C0 07 3E F0 81 0F 7C E4
[21:15:37.825] ADDR:0xEE TYPE:RC_CHANNELS_PACKED        LEN:26 | EE 18 16 E0 C3 5E 2B B2 D7 8A 56 B4 02 7C E0 03 1F F8 C0 07 3E F0 81 0F 7C E4
[21:15:37.825] ADDR:0xEA TYPE:ELRS_STATUS               LEN:15 | EA 0D 3A EA EE 10 00 03 0D 40 00 00 00 1E 6F
[21:15:37.855] ADDR:0xEE TYPE:RC_CHANNELS_PACKED        LEN:26 | EE 18 16 E0 C3 5E 2B B0 D7 8A 56 B4 02 7C E0 03 1F F8 C0 07 3E F0 81 0F 7C 98
[21:15:37.875] ADDR:0xEE TYPE:RC_CHANNELS_PACKED        LEN:26 | EE 18 16 E0 C3 5E 2B B0 D7 8A 56 B4 02 7C E0 03 1F F8 C0 07 3E F0 81 0F 7C 98
[21:15:37.886] ADDR:0xEE TYPE:RC_CHANNELS_PACKED        LEN:26 | EE 18 16 E0 C3 5E 2B B2 D7 8A 56 B4 02 7C E0 03 1F F8 C0 07 3E F0 81 0F 7C E4
[21:15:37.906] ADDR:0xEE TYPE:RC_CHANNELS_PACKED        LEN:26 | EE 18 16 E0 BB 5E 2B B2 D7 8A 56 B4 02 7C E0 03 1F F8 C0 07 3E F0 81 0F 7C 44
[21:15:37.936] ADDR:0xEE TYPE:RC_CHANNELS_PACKED        LEN:26 | EE 18 16 E0 C3 5E 2B B2 D7 8A 56 B4 02 7C E0 03 1F F8 C0 07 3E F0 81 0F 7C E4
[21:15:37.957] ADDR:0xEE TYPE:RC_CHANNELS_PACKED        LEN:26 | EE 18 16 E0 C3 5E 2B B2 D7 8A 56 B4 02 7C E0 03 1F F8 C0 07 3E F0 81 0F 7C E4
[21:15:37.967] ADDR:0xEE TYPE:RC_CHANNELS_PACKED        LEN:26 | EE 18 16 E0 C3 5E 2B B2 D7 8A 56 B4 02 7C E0 03 1F F8 C0 07 3E F0 81 0F 7C E4
[21:15:37.988] ADDR:0xEE TYPE:RC_CHANNELS_PACKED        LEN:26 | EE 18 16 E0 BB 5E 2B B4 D7 8A 56 B4 02 7C E0 03 1F F8 C0 07 3E F0 81 0F 7C C0
[21:15:38.018] ADDR:0xEE TYPE:RC_CHANNELS_PACKED        LEN:26 | EE 18 16 E0 C3 5E 2B B0 D7 8A 56 B4 02 7C E0 03 1F F8 C0 07 3E F0 81 0F 7C 98
[21:15:38.038] ADDR:0xEE TYPE:RC_CHANNELS_PACKED        LEN:26 | EE 18 16 E0 C3 5E 2B B0 D7 8A 56 B4 02 7C E0 03 1F F8 C0 07 3E F0 81 0F 7C 98
[21:15:38.038] ADDR:0xEA TYPE:ELRS_STATUS               LEN:15 | EA 0D 3A EA EE 10 00 03 0D 40 00 00 01 AE 7D
[21:15:38.049] ADDR:0xEE TYPE:RC_CHANNELS_PACKED        LEN:26 | EE 18 16 E0 C3 5E 2B B2 D7 8A 56 B4 02 7C E0 03 1F F8 C0 07 3E F0 81 0F 7C E4
[21:15:38.069] ADDR:0xEE TYPE:RC_CHANNELS_PACKED        LEN:26 | EE 18 16 E0 C3 5E 2B B0 D7 8A 56 B4 02 7C E0 03 1F F8 C0 07 3E F0 81 0F 7C 98
[21:15:38.099] ADDR:0xEE TYPE:RC_CHANNELS_PACKED        LEN:26 | EE 18 16 E0 C3 5E 2B B2 D7 8A 56 B4 02 7C E0 03 1F F8 C0 07 3E F0 81 0F 7C E4
[21:15:38.119] ADDR:0xEE TYPE:RC_CHANNELS_PACKED        LEN:26 | EE 18 16 E0 C3 5E 2B B2 D7 8A 56 B4 02 7C E0 03 1F F8 C0 07 3E F0 81 0F 7C E4
[21:15:38.130] ADDR:0xEE TYPE:RC_CHANNELS_PACKED        LEN:26 | EE 18 16 E0 C3 5E 2B B2 D7 8A 56 B4 02 7C E0 03 1F F8 C0 07 3E F0 81 0F 7C E4
[21:15:38.150] ADDR:0xEE TYPE:RC_CHANNELS_PACKED        LEN:26 | EE 18 16 E0 C3 5E 2B B2 D7 8A 56 B4 02 7C E0 03 1F F8 C0 07 3E F0 81 0F 7C E4
[21:15:38.180] ADDR:0xEE TYPE:RC_CHANNELS_PACKED        LEN:26 | EE 18 16 E0 C3 5E 2B B2 D7 8A 56 B4 02 7C E0 03 1F F8 C0 07 3E F0 81 0F 7C E4
[21:15:38.190] ADDR:0xEE TYPE:RC_CHANNELS_PACKED        LEN:26 | EE 18 16 E0 C3 5E 2B B2 D7 8A 56 B4 02 7C E0 03 1F F8 C0 07 3E F0 81 0F 7C E4
[21:15:38.211] ADDR:0xEE TYPE:RC_CHANNELS_PACKED        LEN:26 | EE 18 16 E0 C3 5E 2B B2 D7 8A 56 B4 02 7C E0 03 1F F8 C0 07 3E F0 81 0F 7C E4
[21:15:38.231] ADDR:0xEE TYPE:RC_CHANNELS_PACKED        LEN:26 | EE 18 16 E0 C3 5E 2B B2 D7 8A 56 B4 02 7C E0 03 1F F8 C0 07 3E F0 81 0F 7C E4
[21:15:38.231] ADDR:0xEA TYPE:ELRS_STATUS               LEN:15 | EA 0D 3A EA EE 10 00 03 0D 40 FF FF FF 2E 41
[21:15:38.261] ADDR:0xEE TYPE:RC_CHANNELS_PACKED        LEN:26 | EE 18 16 E0 C3 5E 2B B2 D7 8A 56 B4 02 7C E0 03 1F F8 C0 07 3E F0 81 0F 7C E4
[21:15:38.272] ADDR:0xEE TYPE:RC_CHANNELS_PACKED        LEN:26 | EE 18 16 E0 C3 5E 2B B2 D7 8A 56 B4 02 7C E0 03 1F F8 C0 07 3E F0 81 0F 7C E4
[21:15:38.292] ADDR:0xEE TYPE:RC_CHANNELS_PACKED        LEN:26 | EE 18 16 DF C3 5E 2B B2 D7 8A 56 B4 02 7C E0 03 1F F8 C0 07 3E F0 81 0F 7C 66
[21:15:38.302] ADDR:0xEE TYPE:RC_CHANNELS_PACKED        LEN:26 | EE 18 16 E0 C3 5E 2B B2 D7 8A 56 B4 02 7C E0 03 1F F8 C0 07 3E F0 81 0F 7C E4
[21:15:38.343] ADDR:0xEE TYPE:RC_CHANNELS_PACKED        LEN:26 | EE 18 16 E0 BB 5E 2B AA D7 8A 56 B4 02 7C E0 03 1F F8 C0 07 3E F0 81 0F 7C 2B
[21:15:38.353] ADDR:0xEE TYPE:RC_CHANNELS_PACKED        LEN:26 | EE 18 16 E0 C3 5E 2B B2 D7 8A 56 B4 02 7C E0 03 1F F8 C0 07 3E F0 81 0F 7C E4
[21:15:38.373] ADDR:0xEE TYPE:RC_CHANNELS_PACKED        LEN:26 | EE 18 16 E0 C3 5E 2B AE D7 8A 56 B4 02 7C E0 03 1F F8 C0 07 3E F0 81 0F 7C 73
[21:15:38.383] ADDR:0xEE TYPE:RC_CHANNELS_PACKED        LEN:26 | EE 18 16 E0 C3 5E 2B B2 D7 8A 56 B4 02 7C E0 03 1F F8 C0 07 3E F0 81 0F 7C E4
[21:15:38.424] ADDR:0xEE TYPE:RC_CHANNELS_PACKED        LEN:26 | EE 18 16 E0 C3 5E 2B B2 D7 8A 56 B4 02 7C E0 03 1F F8 C0 07 3E F0 81 0F 7C E4
[21:15:38.434] ADDR:0xEE TYPE:RC_CHANNELS_PACKED        LEN:26 | EE 18 16 E0 C3 5E 2B B2 D7 8A 56 B4 02 7C E0 03 1F F8 C0 07 3E F0 81 0F 7C E4
[21:15:38.454] ADDR:0xEE TYPE:RC_CHANNELS_PACKED        LEN:26 | EE 18 16 E0 C3 5E 2B B2 D7 8A 56 B4 02 7C E0 03 1F F8 C0 07 3E F0 81 0F 7C E4
[21:15:38.454] ADDR:0xEA TYPE:ELRS_STATUS               LEN:15 | EA 0D 3A EA EE 10 00 03 0D 40 00 00 01 2C ED
[21:15:38.464] ADDR:0xEE TYPE:RC_CHANNELS_PACKED        LEN:26 | EE 18 16 E0 C3 5E 2B B2 D7 8A 56 B4 02 7C E0 03 1F F8 C0 07 3E F0 81 0F 7C E4
[21:15:38.495] ADDR:0xEE TYPE:RC_CHANNELS_PACKED        LEN:26 | EE 18 16 E0 C3 5E 2B B2 D7 8A 56 B4 02 7C E0 03 1F F8 C0 07 3E F0 81 0F 7C E4
[21:15:38.515] ADDR:0xEE TYPE:RC_CHANNELS_PACKED        LEN:26 | EE 18 16 E0 C3 5E 2B B2 D7 8A 56 B4 02 7C E0 03 1F F8 C0 07 3E F0 81 0F 7C E4
[21:15:38.535] ADDR:0xEE TYPE:RC_CHANNELS_PACKED        LEN:26 | EE 18 16 E0 C3 5E 2B B2 D7 8A 56 B4 02 7C E0 03 1F F8 C0 07 3E F0 81 0F 7C E4
[21:15:38.545] ADDR:0xEE TYPE:RC_CHANNELS_PACKED        LEN:26 | EE 18 16 E0 C3 5E 2B B2 D7 8A 56 B4 02 7C E0 03 1F F8 C0 07 3E F0 81 0F 7C E4
[21:15:38.576] ADDR:0xEE TYPE:RC_CHANNELS_PACKED        LEN:26 | EE 18 16 E0 C3 5E 2B B2 D7 8A 56 B4 02 7C E0 03 1F F8 C0 07 3E F0 81 0F 7C E4
[21:15:38.596] ADDR:0xEE TYPE:RC_CHANNELS_PACKED        LEN:26 | EE 18 16 DF C3 5E 2B B2 D7 8A 56 B4 02 7C E0 03 1F F8 C0 07 3E F0 81 0F 7C 66
[21:15:38.606] ADDR:0xEE TYPE:RC_CHANNELS_PACKED        LEN:26 | EE 18 16 E0 C3 5E 2B B2 D7 8A 56 B4 02 7C E0 03 1F F8 C0 07 3E F0 81 0F 7C E4
[21:15:38.627] ADDR:0xEE TYPE:RC_CHANNELS_PACKED        LEN:26 | EE 18 16 E0 C3 5E 2B B2 D7 8A 56 B4 02 7C E0 03 1F F8 C0 07 3E F0 81 0F 7C E4
[21:15:38.657] ADDR:0xEE TYPE:RC_CHANNELS_PACKED        LEN:26 | EE 18 16 E0 C3 5E 2B B2 D7 8A 56 B4 02 7C E0 03 1F F8 C0 07 3E F0 81 0F 7C E4
[21:15:38.657] ADDR:0xEA TYPE:ELRS_STATUS               LEN:15 | EA 0D 3A EA EE 10 00 03 0D 40 00 00 00 DC 62
[21:15:38.677] ADDR:0xEE TYPE:RC_CHANNELS_PACKED        LEN:26 | EE 18 16 E0 C3 5E 2B B0 D7 8A 56 B4 02 7C E0 03 1F F8 C0 07 3E F0 81 0F 7C 98
[21:15:38.688] ADDR:0xEE TYPE:RC_CHANNELS_PACKED        LEN:26 | EE 18 16 E0 C3 5E 2B B2 D7 8A 56 B4 02 7C E0 03 1F F8 C0 07 3E F0 81 0F 7C E4
[21:15:38.708] ADDR:0xEE TYPE:RC_CHANNELS_PACKED        LEN:26 | EE 18 16 E0 C3 5E 2B B2 D7 8A 56 B4 02 7C E0 03 1F F8 C0 07 3E F0 81 0F 7C E4
[21:15:38.738] ADDR:0xEE TYPE:RC_CHANNELS_PACKED        LEN:26 | EE 18 16 E0 C3 5E 2B B2 D7 8A 56 B4 02 7C E0 03 1F F8 C0 07 3E F0 81 0F 7C E4
[21:15:38.759] ADDR:0xEE TYPE:RC_CHANNELS_PACKED        LEN:26 | EE 18 16 E0 C3 5E 2B AE D7 8A 56 B4 02 7C E0 03 1F F8 C0 07 3E F0 81 0F 7C 73
[21:15:38.769] ADDR:0xEE TYPE:RC_CHANNELS_PACKED        LEN:26 | EE 18 16 E0 BB 5E 2B B2 D7 8A 56 B4 02 7C E0 03 1F F8 C0 07 3E F0 81 0F 7C 44
[21:15:38.789] ADDR:0xEE TYPE:RC_CHANNELS_PACKED        LEN:26 | EE 18 16 E0 C3 5E 2B B2 D7 8A 56 B4 02 7C E0 03 1F F8 C0 07 3E F0 81 0F 7C E4
[21:15:38.819] ADDR:0xEE TYPE:RC_CHANNELS_PACKED        LEN:26 | EE 18 16 E0 C3 5E 2B B2 D7 8A 56 B4 02 7C E0 03 1F F8 C0 07 3E F0 81 0F 7C E4
[21:15:38.840] ADDR:0xEE TYPE:RC_CHANNELS_PACKED        LEN:26 | EE 18 16 E0 C3 5E 2B B4 D7 8A 56 B4 02 7C E0 03 1F F8 C0 07 3E F0 81 0F 7C 60
[21:15:38.850] ADDR:0xEE TYPE:RC_CHANNELS_PACKED        LEN:26 | EE 18 16 E0 C3 5E 2B B0 D7 8A 56 B4 02 7C E0 03 1F F8 C0 07 3E F0 81 0F 7C 98
[21:15:38.850] ADDR:0xEA TYPE:ELRS_STATUS               LEN:15 | EA 0D 3A EA EE 10 00 03 0D 40 00 00 00 6E 04
[21:15:38.870] ADDR:0xEE TYPE:RC_CHANNELS_PACKED        LEN:26 | EE 18 16 E0 C3 5E 2B B2 D7 8A 56 B4 02 7C E0 03 1F F8 C0 07 3E F0 81 0F 7C E4
[21:15:38.900] ADDR:0xEE TYPE:RC_CHANNELS_PACKED        LEN:26 | EE 18 16 E0 C3 5E 2B B2 D7 8A 56 B4 02 7C E0 03 1F F8 C0 07 3E F0 81 0F 7C E4
[21:15:38.911] ADDR:0xEE TYPE:RC_CHANNELS_PACKED        LEN:26 | EE 18 16 E0 C3 5E 2B B2 D7 8A 56 B4 02 7C E0 03 1F F8 C0 07 3E F0 81 0F 7C E4
[21:15:38.931] ADDR:0xEE TYPE:RC_CHANNELS_PACKED        LEN:26 | EE 18 16 E0 C3 5E 2B B2 D7 8A 56 B4 02 7C E0 03 1F F8 C0 07 3E F0 81 0F 7C E4
[21:15:38.951] ADDR:0xEE TYPE:RC_CHANNELS_PACKED        LEN:26 | EE 18 16 E0 C3 5E 2B B2 D7 8A 56 B4 02 7C E0 03 1F F8 C0 07 3E F0 81 0F 7C E4
[21:15:38.982] ADDR:0xEE TYPE:RC_CHANNELS_PACKED        LEN:26 | EE 18 16 E0 C3 5E 2B B2 D7 8A 56 B4 02 7C E0 03 1F F8 C0 07 3E F0 81 0F 7C E4
[21:15:38.992] ADDR:0xEE TYPE:RC_CHANNELS_PACKED        LEN:26 | EE 18 16 E0 C3 5E 2B B2 D7 8A 56 B4 02 7C E0 03 1F F8 C0 07 3E F0 81 0F 7C E4
[21:15:39.012] ADDR:0xEE TYPE:RC_CHANNELS_PACKED        LEN:26 | EE 18 16 E0 C3 5E 2B B2 D7 8A 56 B4 02 7C E0 03 1F F8 C0 07 3E F0 81 0F 7C E4
[21:15:39.022] ADDR:0xEE TYPE:RC_CHANNELS_PACKED        LEN:26 | EE 18 16 E0 BB 5E 2B B2 D7 8A 56 B4 02 7C E0 03 1F F8 C0 07 3E F0 81 0F 7C 44
[21:15:39.063] ADDR:0xEE TYPE:RC_CHANNELS_PACKED        LEN:26 | EE 18 16 E0 BB 5E 2B B2 D7 8A 56 B4 02 7C E0 03 1F F8 C0 07 3E F0 81 0F 7C 44
[21:15:39.063] ADDR:0xEA TYPE:ELRS_STATUS               LEN:15 | EA 0D 3A EA EE 10 00 03 0D 40 00 00 00 FA 47
[21:15:39.073] ADDR:0xEE TYPE:RC_CHANNELS_PACKED        LEN:26 | EE 18 16 DD C3 5E 2B B2 D7 8A 56 B4 02 7C E0 03 1F F8 C0 07 3E F0 81 0F 7C 10
[21:15:39.093] ADDR:0xEE TYPE:RC_CHANNELS_PACKED        LEN:26 | EE 18 16 E0 C3 5E 2B AE D7 8A 56 B4 02 7C E0 03 1F F8 C0 07 3E F0 81 0F 7C 73
[21:15:39.104] ADDR:0xEE TYPE:RC_CHANNELS_PACKED        LEN:26 | EE 18 16 E0 BB 5E 2B B2 D7 8A 56 B4 02 7C E0 03 1F F8 C0 07 3E F0 81 0F 7C 44
[21:15:39.134] ADDR:0xEE TYPE:RC_CHANNELS_PACKED        LEN:26 | EE 18 16 E0 BB 5E 2B B2 D7 8A 56 B4 02 7C E0 03 1F F8 C0 07 3E F0 81 0F 7C 44
[21:15:39.154] ADDR:0xEE TYPE:RC_CHANNELS_PACKED        LEN:26 | EE 18 16 E0 C3 5E 2B B2 D7 8A 56 B4 02 7C E0 03 1F F8 C0 07 3E F0 81 0F 7C E4
[21:15:39.174] ADDR:0xEE TYPE:RC_CHANNELS_PACKED        LEN:26 | EE 18 16 E0 C3 5E 2B B2 D7 8A 56 B4 02 7C E0 03 1F F8 C0 07 3E F0 81 0F 7C E4
[21:15:39.185] ADDR:0xEE TYPE:RC_CHANNELS_PACKED        LEN:26 | EE 18 16 E0 C3 5E 2B B2 D7 8A 56 B4 02 7C E0 03 1F F8 C0 07 3E F0 81 0F 7C E4
[21:15:39.215] ADDR:0xEE TYPE:RC_CHANNELS_PACKED        LEN:26 | EE 18 16 E0 C3 5E 2B B2 D7 8A 56 B4 02 7C E0 03 1F F8 C0 07 3E F0 81 0F 7C E4
[21:15:39.235] ADDR:0xEE TYPE:RC_CHANNELS_PACKED        LEN:26 | EE 18 16 E0 C3 5E 2B B2 D7 8A 56 B4 02 7C E0 03 1F F8 C0 07 3E F0 81 0F 7C E4
[21:15:39.255] ADDR:0xEE TYPE:RC_CHANNELS_PACKED        LEN:26 | EE 18 16 E0 C3 5E 2B B2 D7 8A 56 B4 02 7C E0 03 1F F8 C0 07 3E F0 81 0F 7C E4
[21:15:39.256] ADDR:0xEA TYPE:ELRS_STATUS               LEN:15 | EA 0D 3A EA EE 10 00 03 0D 40 00 00 00 14 39
[21:15:39.266] ADDR:0xEE TYPE:RC_CHANNELS_PACKED        LEN:26 | EE 18 16 E0 C3 5E 2B B2 D7 8A 56 B4 02 7C E0 03 1F F8 C0 07 3E F0 81 0F 7C E4
[21:15:39.296] ADDR:0xEE TYPE:RC_CHANNELS_PACKED        LEN:26 | EE 18 16 E0 C3 5E 2B B2 D7 8A 56 B4 02 7C E0 03 1F F8 C0 07 3E F0 81 0F 7C E4
[21:15:39.316] ADDR:0xEE TYPE:RC_CHANNELS_PACKED        LEN:26 | EE 18 16 E0 C3 5E 2B B2 D7 8A 56 B4 02 7C E0 03 1F F8 C0 07 3E F0 81 0F 7C E4
[21:15:39.327] ADDR:0xEE TYPE:RC_CHANNELS_PACKED        LEN:26 | EE 18 16 E0 C3 5E 2B B2 D7 8A 56 B4 02 7C E0 03 1F F8 C0 07 3E F0 81 0F 7C E4
[21:15:39.347] ADDR:0xEE TYPE:RC_CHANNELS_PACKED        LEN:26 | EE 18 16 E0 C3 5E 2B B0 D7 8A 56 B4 02 7C E0 03 1F F8 C0 07 3E F0 81 0F 7C 98
[21:15:39.377] ADDR:0xEE TYPE:RC_CHANNELS_PACKED        LEN:26 | EE 18 16 E0 C3 5E 2B B2 D7 8A 56 B4 02 7C E0 03 1F F8 C0 07 3E F0 81 0F 7C E4
[21:15:39.398] ADDR:0xEE TYPE:RC_CHANNELS_PACKED        LEN:26 | EE 18 16 E0 BB 5E 2B B0 D7 8A 56 B4 02 7C E0 03 1F F8 C0 07 3E F0 81 0F 7C 38
[21:15:39.408] ADDR:0xEE TYPE:RC_CHANNELS_PACKED        LEN:26 | EE 18 16 E0 D3 5E 2B B2 D7 8A 56 B4 02 7C E0 03 1F F8 C0 07 3E F0 81 0F 7C B5
[21:15:39.428] ADDR:0xEE TYPE:RC_CHANNELS_PACKED        LEN:26 | EE 18 16 E0 C3 5E 2B B2 D7 8A 56 B4 02 7C E0 03 1F F8 C0 07 3E F0 81 0F 7C E4
[21:15:39.458] ADDR:0xEE TYPE:RC_CHANNELS_PACKED        LEN:26 | EE 18 16 E0 C3 5E 2B B2 D7 8A 56 B4 02 7C E0 03 1F F8 C0 07 3E F0 81 0F 7C E4
[21:15:39.459] ADDR:0xEA TYPE:ELRS_STATUS               LEN:15 | EA 0D 3A EA EE 10 00 03 0D 40 00 00 01 A4 2B
[21:15:39.479] ADDR:0xEE TYPE:RC_CHANNELS_PACKED        LEN:26 | EE 18 16 E0 C3 5E 2B B0 D7 8A 56 B4 02 7C E0 03 1F F8 C0 07 3E F0 81 0F 7C 98
[21:15:39.489] ADDR:0xEE TYPE:RC_CHANNELS_PACKED        LEN:26 | EE 18 16 E0 C3 5E 2B B0 D7 8A 56 B4 02 7C E0 03 1F F8 C0 07 3E F0 81 0F 7C 98
[21:15:39.509] ADDR:0xEE TYPE:RC_CHANNELS_PACKED        LEN:26 | EE 18 16 E0 C3 5E 2B B2 D7 8A 56 B4 02 7C E0 03 1F F8 C0 07 3E F0 81 0F 7C E4
[21:15:39.540] ADDR:0xEE TYPE:RC_CHANNELS_PACKED        LEN:26 | EE 18 16 E0 C3 5E 2B B2 D7 8A 56 B4 02 7C E0 03 1F F8 C0 07 3E F0 81 0F 7C E4
[21:15:39.550] ADDR:0xEE TYPE:RC_CHANNELS_PACKED        LEN:26 | EE 18 16 E0 BB 5E 2B B2 D7 8A 56 B4 02 7C E0 03 1F F8 C0 07 3E F0 81 0F 7C 44
[21:15:39.570] ADDR:0xEE TYPE:RC_CHANNELS_PACKED        LEN:26 | EE 18 16 E0 C3 5E 2B B2 D7 8A 56 B4 02 7C E0 03 1F F8 C0 07 3E F0 81 0F 7C E4
[21:15:39.590] ADDR:0xEE TYPE:RC_CHANNELS_PACKED        LEN:26 | EE 18 16 E0 C3 5E 2B B2 D7 8A 56 B4 02 7C E0 03 1F F8 C0 07 3E F0 81 0F 7C E4
[21:15:39.621] ADDR:0xEE TYPE:RC_CHANNELS_PACKED        LEN:26 | EE 18 16 E0 C3 5E 2B B2 D7 8A 56 B4 02 7C E0 03 1F F8 C0 07 3E F0 81 0F 7C E4
[21:15:39.631] ADDR:0xEE TYPE:RC_CHANNELS_PACKED        LEN:26 | EE 18 16 E0 C3 5E 2B B2 D7 8A 56 B4 02 7C E0 03 1F F8 C0 07 3E F0 81 0F 7C E4
[21:15:39.651] ADDR:0xEE TYPE:RC_CHANNELS_PACKED        LEN:26 | EE 18 16 E0 C3 5E 2B B2 D7 8A 56 B4 02 7C E0 03 1F F8 C0 07 3E F0 81 0F 7C E4
[21:15:39.652] ADDR:0xEA TYPE:ELRS_STATUS               LEN:15 | EA 0D 3A EA EE 10 00 03 0D 40 00 00 00 32 1C
[21:15:39.662] ADDR:0xEE TYPE:RC_CHANNELS_PACKED        LEN:26 | EE 18 16 E0 C3 5E 2B B2 D7 8A 56 B4 02 7C E0 03 1F F8 C0 07 3E F0 81 0F 7C E4
[21:15:39.703] ADDR:0xEE TYPE:RC_CHANNELS_PACKED        LEN:26 | EE 18 16 E0 C3 5E 2B B2 D7 8A 56 B4 02 7C E0 03 1F F8 C0 07 3E F0 81 0F 7C E4
[21:15:39.713] ADDR:0xEE TYPE:RC_CHANNELS_PACKED        LEN:26 | EE 18 16 E0 C3 5E 2B B0 D7 8A 56 B4 02 7C E0 03 1F F8 C0 07 3E F0 81 0F 7C 98
[21:15:39.734] ADDR:0xEE TYPE:RC_CHANNELS_PACKED        LEN:26 | EE 18 16 E0 C3 5E 2B B4 D7 8A 56 B4 02 7C E0 03 1F F8 C0 07 3E F0 81 0F 7C 60
[21:15:39.744] ADDR:0xEE TYPE:RC_CHANNELS_PACKED        LEN:26 | EE 18 16 E0 C3 5E 2B B0 D7 8A 56 B4 02 7C E0 03 1F F8 C0 07 3E F0 81 0F 7C 98
[21:15:39.774] ADDR:0xEE TYPE:RC_CHANNELS_PACKED        LEN:26 | EE 18 16 E0 C3 5E 2B B2 D7 8A 56 B4 02 7C E0 03 1F F8 C0 07 3E F0 81 0F 7C E4
[21:15:39.794] ADDR:0xEE TYPE:RC_CHANNELS_PACKED        LEN:26 | EE 18 16 E0 C3 5E 2B B4 D7 8A 56 B4 02 7C E0 03 1F F8 C0 07 3E F0 81 0F 7C 60
[21:15:39.815] ADDR:0xEE TYPE:RC_CHANNELS_PACKED        LEN:26 | EE 18 16 E0 BB 5E 2B B2 D7 8A 56 B4 02 7C E0 03 1F F8 C0 07 3E F0 81 0F 7C 44
[21:15:39.825] ADDR:0xEE TYPE:RC_CHANNELS_PACKED        LEN:26 | EE 18 16 E0 C3 5E 2B B4 D7 8A 56 B4 02 7C E0 03 1F F8 C0 07 3E F0 81 0F 7C 60
[21:15:39.855] ADDR:0xEE TYPE:RC_CHANNELS_PACKED        LEN:26 | EE 18 16 E0 BB 5E 2B B2 D7 8A 56 B4 02 7C E0 03 1F F8 C0 07 3E F0 81 0F 7C 44
[21:15:39.855] ADDR:0xEA TYPE:ELRS_STATUS               LEN:15 | EA 0D 3A EA EE 10 00 03 0D 40 00 00 00 FA 47
[21:15:39.876] ADDR:0xEE TYPE:RC_CHANNELS_PACKED        LEN:26 | EE 18 16 E0 BB 5E 2B B2 D7 8A 56 B4 02 7C E0 03 1F F8 C0 07 3E F0 81 0F 7C 44
[21:15:39.886] ADDR:0xEE TYPE:RC_CHANNELS_PACKED        LEN:26 | EE 18 16 E0 C3 5E 2B B2 D7 8A 56 B4 02 7C E0 03 1F F8 C0 07 3E F0 81 0F 7C E4
[21:15:39.906] ADDR:0xEE TYPE:RC_CHANNELS_PACKED        LEN:26 | EE 18 16 E0 C3 5E 2B B2 D7 8A 56 B4 02 7C E0 03 1F F8 C0 07 3E F0 81 0F 7C E4
[21:15:39.936] ADDR:0xEE TYPE:RC_CHANNELS_PACKED        LEN:26 | EE 18 16 E0 C3 5E 2B B2 D7 8A 56 B4 02 7C E0 03 1F F8 C0 07 3E F0 81 0F 7C E4
[21:15:39.957] ADDR:0xEE TYPE:RC_CHANNELS_PACKED        LEN:26 | EE 18 16 E0 BB 5E 2B B2 D7 8A 56 B4 02 7C E0 03 1F F8 C0 07 3E F0 81 0F 7C 44
[21:15:39.967] ADDR:0xEE TYPE:RC_CHANNELS_PACKED        LEN:26 | EE 18 16 E0 C3 5E 2B B2 D7 8A 56 B4 02 7C E0 03 1F F8 C0 07 3E F0 81 0F 7C E4
[21:15:39.987] ADDR:0xEE TYPE:RC_CHANNELS_PACKED        LEN:26 | EE 18 16 E0 C3 5E 2B B2 D7 8A 56 B4 02 7C E0 03 1F F8 C0 07 3E F0 81 0F 7C E4
[21:15:40.018] ADDR:0xEE TYPE:RC_CHANNELS_PACKED        LEN:26 | EE 18 16 E0 C3 5E 2B B2 D7 8A 56 B4 02 7C E0 03 1F F8 C0 07 3E F0 81 0F 7C E4
[21:15:40.038] ADDR:0xEE TYPE:RC_CHANNELS_PACKED        LEN:26 | EE 18 16 E0 C3 5E 2B B0 D7 8A 56 B4 02 7C E0 03 1F F8 C0 07 3E F0 81 0F 7C 98
[21:15:40.048] ADDR:0xEE TYPE:RC_CHANNELS_PACKED        LEN:26 | EE 18 16 E0 C3 5E 2B B2 D7 8A 56 B4 02 7C E0 03 1F F8 C0 07 3E F0 81 0F 7C E4
[21:15:40.048] ADDR:0xEA TYPE:ELRS_STATUS               LEN:15 | EA 0D 3A EA EE 10 00 03 0D 40 FF FF FF 56 03
[21:15:40.068] ADDR:0xEE TYPE:RC_CHANNELS_PACKED        LEN:26 | EE 18 16 E0 C3 5E 2B B2 D7 8A 56 B4 02 7C E0 03 1F F8 C0 07 3E F0 81 0F 7C E4
[21:15:40.099] ADDR:0xEE TYPE:RC_CHANNELS_PACKED        LEN:26 | EE 18 16 E0 C3 5E 2B B2 D7 8A 56 B4 02 7C E0 03 1F F8 C0 07 3E F0 81 0F 7C E4
[21:15:40.119] ADDR:0xEE TYPE:RC_CHANNELS_PACKED        LEN:26 | EE 18 16 E0 C3 5E 2B B0 D7 8A 56 B4 02 7C E0 03 1F F8 C0 07 3E F0 81 0F 7C 98
[21:15:40.129] ADDR:0xEE TYPE:RC_CHANNELS_PACKED        LEN:26 | EE 18 16 E0 BB 5E 2B AE D7 8A 56 B4 02 7C E0 03 1F F8 C0 07 3E F0 81 0F 7C D3
[21:15:40.149] ADDR:0xEE TYPE:RC_CHANNELS_PACKED        LEN:26 | EE 18 16 E0 C3 5E 2B AE D7 8A 56 B4 02 7C E0 03 1F F8 C0 07 3E F0 81 0F 7C 73
[21:15:40.180] ADDR:0xEE TYPE:RC_CHANNELS_PACKED        LEN:26 | EE 18 16 E0 C3 5E 2B B2 D7 8A 56 B4 02 7C E0 03 1F F8 C0 07 3E F0 81 0F 7C E4
[21:15:40.190] ADDR:0xEE TYPE:RC_CHANNELS_PACKED        LEN:26 | EE 18 16 E0 C3 5E 2B B2 D7 8A 56 B4 02 7C E0 03 1F F8 C0 07 3E F0 81 0F 7C E4
[21:15:40.210] ADDR:0xEE TYPE:RC_CHANNELS_PACKED        LEN:26 | EE 18 16 E0 C3 5E 2B B2 D7 8A 56 B4 02 7C E0 03 1F F8 C0 07 3E F0 81 0F 7C E4
[21:15:40.231] ADDR:0xEE TYPE:RC_CHANNELS_PACKED        LEN:26 | EE 18 16 E0 C3 5E 2B B2 D7 8A 56 B4 02 7C E0 03 1F F8 C0 07 3E F0 81 0F 7C E4
[21:15:40.261] ADDR:0xEE TYPE:RC_CHANNELS_PACKED        LEN:26 | EE 18 16 E0 C3 5E 2B B2 D7 8A 56 B4 02 7C E0 03 1F F8 C0 07 3E F0 81 0F 7C E4
[21:15:40.261] ADDR:0xEA TYPE:ELRS_STATUS               LEN:15 | EA 0D 3A EA EE 10 00 03 0D 40 00 00 00 FA 47
[21:15:40.271] ADDR:0xEE TYPE:RC_CHANNELS_PACKED        LEN:26 | EE 18 16 E0 C3 5E 2B B2 D7 8A 56 B4 02 7C E0 03 1F F8 C0 07 3E F0 81 0F 7C E4
[21:15:40.292] ADDR:0xEE TYPE:RC_CHANNELS_PACKED        LEN:26 | EE 18 16 E0 C3 5E 2B B2 D7 8A 56 B4 02 7C E0 03 1F F8 C0 07 3E F0 81 0F 7C E4
[21:15:40.302] ADDR:0xEE TYPE:RC_CHANNELS_PACKED        LEN:26 | EE 18 16 E0 C3 5E 2B B2 D7 8A 56 B4 02 7C E0 03 1F F8 C0 07 3E F0 81 0F 7C E4
[21:15:40.342] ADDR:0xEE TYPE:RC_CHANNELS_PACKED        LEN:26 | EE 18 16 E0 C3 5E 2B B2 D7 8A 56 B4 02 7C E0 03 1F F8 C0 07 3E F0 81 0F 7C E4
[21:15:40.352] ADDR:0xEE TYPE:RC_CHANNELS_PACKED        LEN:26 | EE 18 16 E0 C3 5E 2B B2 D7 8A 56 B4 02 7C E0 03 1F F8 C0 07 3E F0 81 0F 7C E4
[21:15:40.373] ADDR:0xEE TYPE:RC_CHANNELS_PACKED        LEN:26 | EE 18 16 E0 C3 5E 2B B2 D7 8A 56 B4 02 7C E0 03 1F F8 C0 07 3E F0 81 0F 7C E4
[21:15:40.383] ADDR:0xEE TYPE:RC_CHANNELS_PACKED        LEN:26 | EE 18 16 E0 C3 5E 2B B2 D7 8A 56 B4 02 7C E0 03 1F F8 C0 07 3E F0 81 0F 7C E4
[21:15:40.423] ADDR:0xEE TYPE:RC_CHANNELS_PACKED        LEN:26 | EE 18 16 E0 C3 5E 2B B2 D7 8A 56 B4 02 7C E0 03 1F F8 C0 07 3E F0 81 0F 7C E4
[21:15:40.433] ADDR:0xEE TYPE:RC_CHANNELS_PACKED        LEN:26 | EE 18 16 E0 C3 5E 2B B2 D7 8A 56 B4 02 7C E0 03 1F F8 C0 07 3E F0 81 0F 7C E4
[21:15:40.454] ADDR:0xEE TYPE:RC_CHANNELS_PACKED        LEN:26 | EE 18 16 E0 C3 5E 2B B2 D7 8A 56 B4 02 7C E0 03 1F F8 C0 07 3E F0 81 0F 7C E4
[21:15:40.454] ADDR:0xEA TYPE:ELRS_STATUS               LEN:15 | EA 0D 3A EA EE 10 00 03 0D 40 00 00 01 D6 3F
[21:15:40.464] ADDR:0xEE TYPE:RC_CHANNELS_PACKED        LEN:26 | EE 18 16 E0 BB 5E 2B B2 D7 8A 56 B4 02 7C E0 03 1F F8 C0 07 3E F0 81 0F 7C 44
[21:15:40.494] ADDR:0xEE TYPE:RC_CHANNELS_PACKED        LEN:26 | EE 18 16 E0 C3 5E 2B B2 D7 8A 56 B4 02 7C E0 03 1F F8 C0 07 3E F0 81 0F 7C E4
[21:15:40.515] ADDR:0xEE TYPE:RC_CHANNELS_PACKED        LEN:26 | EE 18 16 E0 C3 5E 2B B2 D7 8A 56 B4 02 7C E0 03 1F F8 C0 07 3E F0 81 0F 7C E4
[21:15:40.535] ADDR:0xEE TYPE:RC_CHANNELS_PACKED        LEN:26 | EE 18 16 E0 C3 5E 2B AE D7 8A 56 B4 02 7C E0 03 1F F8 C0 07 3E F0 81 0F 7C 73
[21:15:40.545] ADDR:0xEE TYPE:RC_CHANNELS_PACKED        LEN:26 | EE 18 16 E0 C3 5E 2B B2 D7 8A 56 B4 02 7C E0 03 1F F8 C0 07 3E F0 81 0F 7C E4
[21:15:40.576] ADDR:0xEE TYPE:RC_CHANNELS_PACKED        LEN:26 | EE 18 16 E0 BB 5E 2B B2 D7 8A 56 B4 02 7C E0 03 1F F8 C0 07 3E F0 81 0F 7C 44
[21:15:40.596] ADDR:0xEE TYPE:RC_CHANNELS_PACKED        LEN:26 | EE 18 16 E0 C3 5E 2B AE D7 8A 56 B4 02 7C E0 03 1F F8 C0 07 3E F0 81 0F 7C 73
[21:15:40.606] ADDR:0xEE TYPE:RC_CHANNELS_PACKED        LEN:26 | EE 18 16 E0 D3 5E 2B B2 D7 8A 56 B4 02 7C E0 03 1F F8 C0 07 3E F0 81 0F 7C B5
[21:15:40.626] ADDR:0xEE TYPE:RC_CHANNELS_PACKED        LEN:26 | EE 18 16 E0 C3 5E 2B AE D7 8A 56 B4 02 7C E0 03 1F F8 C0 07 3E F0 81 0F 7C 73
[21:15:40.657] ADDR:0xEE TYPE:RC_CHANNELS_PACKED        LEN:26 | EE 18 16 E0 C3 5E 2B B0 D7 8A 56 B4 02 7C E0 03 1F F8 C0 07 3E F0 81 0F 7C 98
[21:15:40.657] ADDR:0xEA TYPE:ELRS_STATUS               LEN:15 | EA 0D 3A EA EE 10 00 03 0D 40 FF FF FF 38 92
[21:15:40.677] ADDR:0xEE TYPE:RC_CHANNELS_PACKED        LEN:26 | EE 18 16 E0 C3 5E 2B B2 D7 8A 56 B4 02 7C E0 03 1F F8 C0 07 3E F0 81 0F 7C E4
[21:15:40.687] ADDR:0xEE TYPE:RC_CHANNELS_PACKED        LEN:26 | EE 18 16 E0 C3 5E 2B B2 D7 8A 56 B4 02 7C E0 03 1F F8 C0 07 3E F0 81 0F 7C E4
[21:15:40.711] ADDR:0xEE TYPE:RC_CHANNELS_PACKED        LEN:26 | EE 18 16 E0 C3 5E 2B B2 D7 8A 56 B4 02 7C E0 03 1F F8 C0 07 3E F0 81 0F 7C E4
[21:15:40.741] ADDR:0xEE TYPE:RC_CHANNELS_PACKED        LEN:26 | EE 18 16 DF C3 5E 2B B2 D7 8A 56 B4 02 7C E0 03 1F F8 C0 07 3E F0 81 0F 7C 66
[21:15:40.752] ADDR:0xEE TYPE:RC_CHANNELS_PACKED        LEN:26 | EE 18 16 E0 C3 5E 2B B0 D7 8A 56 B4 02 7C E0 03 1F F8 C0 07 3E F0 81 0F 7C 98
[21:15:40.772] ADDR:0xEE TYPE:RC_CHANNELS_PACKED        LEN:26 | EE 18 16 E0 C3 5E 2B B2 D7 8A 56 B4 02 7C E0 03 1F F8 C0 07 3E F0 81 0F 7C E4
[21:15:40.782] ADDR:0xEE TYPE:RC_CHANNELS_PACKED        LEN:26 | EE 18 16 E0 C3 5E 2B B2 D7 8A 56 B4 02 7C E0 03 1F F8 C0 07 3E F0 81 0F 7C E4
[21:15:40.822] ADDR:0xEE TYPE:RC_CHANNELS_PACKED        LEN:26 | EE 18 16 E0 C3 5E 2B B2 D7 8A 56 B4 02 7C E0 03 1F F8 C0 07 3E F0 81 0F 7C E4
[21:15:40.833] ADDR:0xEE TYPE:RC_CHANNELS_PACKED        LEN:26 | EE 18 16 E0 C3 5E 2B B0 D7 8A 56 B4 02 7C E0 03 1F F8 C0 07 3E F0 81 0F 7C 98
[21:15:40.853] ADDR:0xEE TYPE:RC_CHANNELS_PACKED        LEN:26 | EE 18 16 E0 BB 5E 2B AE D7 8A 56 B4 02 7C E0 03 1F F8 C0 07 3E F0 81 0F 7C D3
[21:15:40.853] ADDR:0xEA TYPE:ELRS_STATUS               LEN:15 | EA 0D 3A EA EE 10 00 03 0D 40 00 00 01 CC 3B
[21:15:40.863] ADDR:0xEE TYPE:RC_CHANNELS_PACKED        LEN:26 | EE 18 16 DF C3 5E 2B B2 D7 8A 56 B4 02 7C E0 03 1F F8 C0 07 3E F0 81 0F 7C 66
[21:15:40.904] ADDR:0xEE TYPE:RC_CHANNELS_PACKED        LEN:26 | EE 18 16 E0 BB 5E 2B B0 D7 8A 56 B4 02 7C E0 03 1F F8 C0 07 3E F0 81 0F 7C 38
[21:15:40.914] ADDR:0xEE TYPE:RC_CHANNELS_PACKED        LEN:26 | EE 18 16 E0 C3 5E 2B B2 D7 8A 56 B4 02 7C E0 03 1F F8 C0 07 3E F0 81 0F 7C E4
[21:15:40.934] ADDR:0xEE TYPE:RC_CHANNELS_PACKED        LEN:26 | EE 18 16 E0 C3 5E 2B B2 D7 8A 56 B4 02 7C E0 03 1F F8 C0 07 3E F0 81 0F 7C E4
[21:15:40.944] ADDR:0xEE TYPE:RC_CHANNELS_PACKED        LEN:26 | EE 18 16 E0 C3 5E 2B B2 D7 8A 56 B4 02 7C E0 03 1F F8 C0 07 3E F0 81 0F 7C E4
[21:15:40.975] ADDR:0xEE TYPE:RC_CHANNELS_PACKED        LEN:26 | EE 18 16 E0 C3 5E 2B B2 D7 8A 56 B4 02 7C E0 03 1F F8 C0 07 3E F0 81 0F 7C E4
[21:15:40.995] ADDR:0xEE TYPE:RC_CHANNELS_PACKED        LEN:26 | EE 18 16 E0 C3 5E 2B B2 D7 8A 56 B4 02 7C E0 03 1F F8 C0 07 3E F0 81 0F 7C E4
[21:15:41.015] ADDR:0xEE TYPE:RC_CHANNELS_PACKED        LEN:26 | EE 18 16 E0 C3 5E 2B B0 D7 8A 56 B4 02 7C E0 03 1F F8 C0 07 3E F0 81 0F 7C 98
[21:15:41.025] ADDR:0xEE TYPE:RC_CHANNELS_PACKED        LEN:26 | EE 18 16 E0 C3 5E 2B B2 D7 8A 56 B4 02 7C E0 03 1F F8 C0 07 3E F0 81 0F 7C E4
[21:15:41.056] ADDR:0xEE TYPE:RC_CHANNELS_PACKED        LEN:26 | EE 18 16 E0 C3 5E 2B B2 D7 8A 56 B4 02 7C E0 03 1F F8 C0 07 3E F0 81 0F 7C E4
[21:15:41.056] ADDR:0xEA TYPE:ELRS_STATUS               LEN:15 | EA 0D 3A EA EE 10 00 03 0D 40 FF FF FF F6 48
[21:15:41.076] ADDR:0xEE TYPE:RC_CHANNELS_PACKED        LEN:26 | EE 18 16 E0 C3 5E 2B B2 D7 8A 56 B4 02 7C E0 03 1F F8 C0 07 3E F0 81 0F 7C E4
[21:15:41.086] ADDR:0xEE TYPE:RC_CHANNELS_PACKED        LEN:26 | EE 18 16 E0 BB 5E 2B B2 D7 8A 56 B4 02 7C E0 03 1F F8 C0 07 3E F0 81 0F 7C 44
[21:15:41.106] ADDR:0xEE TYPE:RC_CHANNELS_PACKED        LEN:26 | EE 18 16 E0 BB 5E 2B B0 D7 8A 56 B4 02 7C E0 03 1F F8 C0 07 3E F0 81 0F 7C 38
[21:15:41.137] ADDR:0xEE TYPE:RC_CHANNELS_PACKED        LEN:26 | EE 18 16 E0 C3 5E 2B B0 D7 8A 56 B4 02 7C E0 03 1F F8 C0 07 3E F0 81 0F 7C 98
[21:15:41.157] ADDR:0xEE TYPE:RC_CHANNELS_PACKED        LEN:26 | EE 18 16 E0 BB 5E 2B B0 D7 8A 56 B4 02 7C E0 03 1F F8 C0 07 3E F0 81 0F 7C 38
[21:15:41.167] ADDR:0xEE TYPE:RC_CHANNELS_PACKED        LEN:26 | EE 18 16 E0 C3 5E 2B B2 D7 8A 56 B4 02 7C E0 03 1F F8 C0 07 3E F0 81 0F 7C E4
[21:15:41.187] ADDR:0xEE TYPE:RC_CHANNELS_PACKED        LEN:26 | EE 18 16 E0 C3 5E 2B B0 D7 8A 56 B4 02 7C E0 03 1F F8 C0 07 3E F0 81 0F 7C 98
[21:15:41.218] ADDR:0xEE TYPE:RC_CHANNELS_PACKED        LEN:26 | EE 18 16 DF C3 5E 2B B0 D7 8A 56 B4 02 7C E0 03 1F F8 C0 07 3E F0 81 0F 7C 1A
[21:15:41.238] ADDR:0xEE TYPE:RC_CHANNELS_PACKED        LEN:26 | EE 18 16 DF C3 5E 2B B4 D7 8A 56 B4 02 7C E0 03 1F F8 C0 07 3E F0 81 0F 7C E2
[21:15:41.248] ADDR:0xEE TYPE:RC_CHANNELS_PACKED        LEN:26 | EE 18 16 E0 C3 5E 2B B2 D7 8A 56 B4 02 7C E0 03 1F F8 C0 07 3E F0 81 0F 7C E4
[21:15:41.249] ADDR:0xEA TYPE:ELRS_STATUS               LEN:15 | EA 0D 3A EA EE 10 00 03 0D 40 00 00 00 96 A9
[21:15:41.269] ADDR:0xEE TYPE:RC_CHANNELS_PACKED        LEN:26 | EE 18 16 E0 C3 5E 2B B0 D7 8A 56 B4 02 7C E0 03 1F F8 C0 07 3E F0 81 0F 7C 98
[21:15:41.299] ADDR:0xEE TYPE:RC_CHANNELS_PACKED        LEN:26 | EE 18 16 E0 C3 5E 2B AE D7 8A 56 B4 02 7C E0 03 1F F8 C0 07 3E F0 81 0F 7C 73
[21:15:41.319] ADDR:0xEE TYPE:RC_CHANNELS_PACKED        LEN:26 | EE 18 16 E0 C3 5E 2B B0 D7 8A 56 B4 02 7C E0 03 1F F8 C0 07 3E F0 81 0F 7C 98
[21:15:41.330] ADDR:0xEE TYPE:RC_CHANNELS_PACKED        LEN:26 | EE 18 16 E0 C3 5E 2B B2 D7 8A 56 B4 02 7C E0 03 1F F8 C0 07 3E F0 81 0F 7C E4
[21:15:41.350] ADDR:0xEE TYPE:RC_CHANNELS_PACKED        LEN:26 | EE 18 16 E0 C3 5E 2B AE D7 8A 56 B4 02 7C E0 03 1F F8 C0 07 3E F0 81 0F 7C 73
[21:15:41.380] ADDR:0xEE TYPE:RC_CHANNELS_PACKED        LEN:26 | EE 18 16 E0 C3 5E 2B B0 D7 8A 56 B4 02 7C E0 03 1F F8 C0 07 3E F0 81 0F 7C 98
[21:15:41.391] ADDR:0xEE TYPE:RC_CHANNELS_PACKED        LEN:26 | EE 18 16 E0 C3 5E 2B B0 D7 8A 56 B4 02 7C E0 03 1F F8 C0 07 3E F0 81 0F 7C 98
[21:15:41.411] ADDR:0xEE TYPE:RC_CHANNELS_PACKED        LEN:26 | EE 18 16 E0 C3 5E 2B B2 D7 8A 56 B4 02 7C E0 03 1F F8 C0 07 3E F0 81 0F 7C E4
[21:15:41.431] ADDR:0xEE TYPE:RC_CHANNELS_PACKED        LEN:26 | EE 18 16 E0 C3 5E 2B B0 D7 8A 56 B4 02 7C E0 03 1F F8 C0 07 3E F0 81 0F 7C 98
[21:15:41.461] ADDR:0xEE TYPE:RC_CHANNELS_PACKED        LEN:26 | EE 18 16 E0 C3 5E 2B B2 D7 8A 56 B4 02 7C E0 03 1F F8 C0 07 3E F0 81 0F 7C E4
[21:15:41.462] ADDR:0xEA TYPE:ELRS_STATUS               LEN:15 | EA 0D 3A EA EE 10 00 03 0D 40 FF FF FF E2 E4
[21:15:41.472] ADDR:0xEE TYPE:RC_CHANNELS_PACKED        LEN:26 | EE 18 16 E0 C3 5E 2B AA D7 8A 56 B4 02 7C E0 03 1F F8 C0 07 3E F0 81 0F 7C 8B
[21:15:41.492] ADDR:0xEE TYPE:RC_CHANNELS_PACKED        LEN:26 | EE 18 16 E0 C3 5E 2B B2 D7 8A 56 B4 02 7C E0 03 1F F8 C0 07 3E F0 81 0F 7C E4
[21:15:41.502] ADDR:0xEE TYPE:RC_CHANNELS_PACKED        LEN:26 | EE 18 16 E0 BB 5E 2B B2 D7 8A 56 B4 02 7C E0 03 1F F8 C0 07 3E F0 81 0F 7C 44
[21:15:41.543] ADDR:0xEE TYPE:RC_CHANNELS_PACKED        LEN:26 | EE 18 16 E0 C3 5E 2B B2 D7 8A 56 B4 02 7C E0 03 1F F8 C0 07 3E F0 81 0F 7C E4
[21:15:41.553] ADDR:0xEE TYPE:RC_CHANNELS_PACKED        LEN:26 | EE 18 16 E0 C3 5E 2B B2 D7 8A 56 B4 02 7C E0 03 1F F8 C0 07 3E F0 81 0F 7C E4
[21:15:41.573] ADDR:0xEE TYPE:RC_CHANNELS_PACKED        LEN:26 | EE 18 16 E0 C3 5E 2B B2 D7 8A 56 B4 02 7C E0 03 1F F8 C0 07 3E F0 81 0F 7C E4
[21:15:41.583] ADDR:0xEE TYPE:RC_CHANNELS_PACKED        LEN:26 | EE 18 16 E0 C3 5E 2B B2 D7 8A 56 B4 02 7C E0 03 1F F8 C0 07 3E F0 81 0F 7C E4
[21:15:41.614] ADDR:0xEE TYPE:RC_CHANNELS_PACKED        LEN:26 | EE 18 16 E0 C3 5E 2B B0 D7 8A 56 B4 02 7C E0 03 1F F8 C0 07 3E F0 81 0F 7C 98
[21:15:41.634] ADDR:0xEE TYPE:RC_CHANNELS_PACKED        LEN:26 | EE 18 16 E0 C3 5E 2B B2 D7 8A 56 B4 02 7C E0 03 1F F8 C0 07 3E F0 81 0F 7C E4
[21:15:41.654] ADDR:0xEE TYPE:RC_CHANNELS_PACKED        LEN:26 | EE 18 16 E0 C3 5E 2B B4 D7 8A 56 B4 02 7C E0 03 1F F8 C0 07 3E F0 81 0F 7C 60
[21:15:41.654] ADDR:0xEA TYPE:ELRS_STATUS               LEN:15 | EA 0D 3A EA EE 10 00 03 0D 40 00 00 01 90 23
[21:15:41.664] ADDR:0xEE TYPE:RC_CHANNELS_PACKED        LEN:26 | EE 18 16 E0 C3 5E 2B B0 D7 8A 56 B4 02 7C E0 03 1F F8 C0 07 3E F0 81 0F 7C 98
[21:15:41.695] ADDR:0xEE TYPE:RC_CHANNELS_PACKED        LEN:26 | EE 18 16 E0 C3 5E 2B B2 D7 8A 56 B4 02 7C E0 03 1F F8 C0 07 3E F0 81 0F 7C E4
[21:15:41.715] ADDR:0xEE TYPE:RC_CHANNELS_PACKED        LEN:26 | EE 18 16 E0 C3 5E 2B B2 D7 8A 56 B4 02 7C E0 03 1F F8 C0 07 3E F0 81 0F 7C E4
[21:15:41.735] ADDR:0xEE TYPE:RC_CHANNELS_PACKED        LEN:26 | EE 18 16 E0 C3 5E 2B B2 D7 8A 56 B4 02 7C E0 03 1F F8 C0 07 3E F0 81 0F 7C E4
[21:15:41.746] ADDR:0xEE TYPE:RC_CHANNELS_PACKED        LEN:26 | EE 18 16 DF C3 5E 2B B2 D7 8A 56 B4 02 7C E0 03 1F F8 C0 07 3E F0 81 0F 7C 66
[21:15:41.776] ADDR:0xEE TYPE:RC_CHANNELS_PACKED        LEN:26 | EE 18 16 E0 C3 5E 2B B2 D7 8A 56 B4 02 7C E0 03 1F F8 C0 07 3E F0 81 0F 7C E4
[21:15:41.796] ADDR:0xEE TYPE:RC_CHANNELS_PACKED        LEN:26 | EE 18 16 E0 C3 5E 2B B2 D7 8A 56 B4 02 7C E0 03 1F F8 C0 07 3E F0 81 0F 7C E4
[21:15:41.807] ADDR:0xEE TYPE:RC_CHANNELS_PACKED        LEN:26 | EE 18 16 E0 C3 5E 2B B2 D7 8A 56 B4 02 7C E0 03 1F F8 C0 07 3E F0 81 0F 7C E4
[21:15:41.827] ADDR:0xEE TYPE:RC_CHANNELS_PACKED        LEN:26 | EE 18 16 DF C3 5E 2B B2 D7 8A 56 B4 02 7C E0 03 1F F8 C0 07 3E F0 81 0F 7C 66
[21:15:41.857] ADDR:0xEE TYPE:RC_CHANNELS_PACKED        LEN:26 | EE 18 16 E0 C3 5E 2B B2 D7 8A 56 B4 02 7C E0 03 1F F8 C0 07 3E F0 81 0F 7C E4
[21:15:41.857] ADDR:0xEA TYPE:ELRS_STATUS               LEN:15 | EA 0D 3A EA EE 10 00 03 0D 40 00 00 00 50 5A
[21:15:41.878] ADDR:0xEE TYPE:RC_CHANNELS_PACKED        LEN:26 | EE 18 16 E0 C3 5E 2B B0 D7 8A 56 B4 02 7C E0 03 1F F8 C0 07 3E F0 81 0F 7C 98
[21:15:41.888] ADDR:0xEE TYPE:RC_CHANNELS_PACKED        LEN:26 | EE 18 16 E0 C3 5E 2B B0 D7 8A 56 B4 02 7C E0 03 1F F8 C0 07 3E F0 81 0F 7C 98
[21:15:41.908] ADDR:0xEE TYPE:RC_CHANNELS_PACKED        LEN:26 | EE 18 16 E0 C3 5E 2B B2 D7 8A 56 B4 02 7C E0 03 1F F8 C0 07 3E F0 81 0F 7C E4
[21:15:41.938] ADDR:0xEE TYPE:RC_CHANNELS_PACKED        LEN:26 | EE 18 16 E0 C3 5E 2B B2 D7 8A 56 B4 02 7C E0 03 1F F8 C0 07 3E F0 81 0F 7C E4
[21:15:41.959] ADDR:0xEE TYPE:RC_CHANNELS_PACKED        LEN:26 | EE 18 16 E0 C3 5E 2B B0 D7 8A 56 B4 02 7C E0 03 1F F8 C0 07 3E F0 81 0F 7C 98
[21:15:41.969] ADDR:0xEE TYPE:RC_CHANNELS_PACKED        LEN:26 | EE 18 16 E0 C3 5E 2B B2 D7 8A 56 B4 02 7C E0 03 1F F8 C0 07 3E F0 81 0F 7C E4
[21:15:41.989] ADDR:0xEE TYPE:RC_CHANNELS_PACKED        LEN:26 | EE 18 16 E0 C3 5E 2B B2 D7 8A 56 B4 02 7C E0 03 1F F8 C0 07 3E F0 81 0F 7C E4
[21:15:42.020] ADDR:0xEE TYPE:RC_CHANNELS_PACKED        LEN:26 | EE 18 16 E0 C3 5E 2B B2 D7 8A 56 B4 02 7C E0 03 1F F8 C0 07 3E F0 81 0F 7C E4
[21:15:42.030] ADDR:0xEE TYPE:RC_CHANNELS_PACKED        LEN:26 | EE 18 16 E0 C3 5E 2B B0 D7 8A 56 B4 02 7C E0 03 1F F8 C0 07 3E F0 81 0F 7C 98
[21:15:42.050] ADDR:0xEE TYPE:RC_CHANNELS_PACKED        LEN:26 | EE 18 16 E0 C3 5E 2B B2 D7 8A 56 B4 02 7C E0 03 1F F8 C0 07 3E F0 81 0F 7C E4
[21:15:42.050] ADDR:0xEA TYPE:ELRS_STATUS               LEN:15 | EA 0D 3A EA EE 10 00 03 0D 40 00 00 00 8C AD
[21:15:42.070] ADDR:0xEE TYPE:RC_CHANNELS_PACKED        LEN:26 | EE 18 16 E0 C3 5E 2B B2 D7 8A 56 B4 02 7C E0 03 1F F8 C0 07 3E F0 81 0F 7C E4
[21:15:42.101] ADDR:0xEE TYPE:RC_CHANNELS_PACKED        LEN:26 | EE 18 16 E0 C3 5E 2B B2 D7 8A 56 B4 02 7C E0 03 1F F8 C0 07 3E F0 81 0F 7C E4
[21:15:42.111] ADDR:0xEE TYPE:RC_CHANNELS_PACKED        LEN:26 | EE 18 16 E0 C3 5E 2B B2 D7 8A 56 B4 02 7C E0 03 1F F8 C0 07 3E F0 81 0F 7C E4
[21:15:42.131] ADDR:0xEE TYPE:RC_CHANNELS_PACKED        LEN:26 | EE 18 16 DF C3 5E 2B B2 D7 8A 56 B4 02 7C E0 03 1F F8 C0 07 3E F0 81 0F 7C 66
[21:15:42.151] ADDR:0xEE TYPE:RC_CHANNELS_PACKED        LEN:26 | EE 18 16 E0 C3 5E 2B B0 D7 8A 56 B4 02 7C E0 03 1F F8 C0 07 3E F0 81 0F 7C 98
[21:15:42.182] ADDR:0xEE TYPE:RC_CHANNELS_PACKED        LEN:26 | EE 18 16 E0 C3 5E 2B B2 D7 8A 56 B4 02 7C E0 03 1F F8 C0 07 3E F0 81 0F 7C E4
[21:15:42.192] ADDR:0xEE TYPE:RC_CHANNELS_PACKED        LEN:26 | EE 18 16 E0 C3 5E 2B B2 D7 8A 56 B4 02 7C E0 03 1F F8 C0 07 3E F0 81 0F 7C E4
[21:15:42.212] ADDR:0xEE TYPE:RC_CHANNELS_PACKED        LEN:26 | EE 18 16 E0 C3 5E 2B B2 D7 8A 56 B4 02 7C E0 03 1F F8 C0 07 3E F0 81 0F 7C E4
[21:15:42.223] ADDR:0xEE TYPE:RC_CHANNELS_PACKED        LEN:26 | EE 18 16 E0 BB 5E 2B B2 D7 8A 56 B4 02 7C E0 03 1F F8 C0 07 3E F0 81 0F 7C 44
[21:15:42.263] ADDR:0xEE TYPE:RC_CHANNELS_PACKED        LEN:26 | EE 18 16 E0 C3 5E 2B B2 D7 8A 56 B4 02 7C E0 03 1F F8 C0 07 3E F0 81 0F 7C E4
[21:15:42.263] ADDR:0xEA TYPE:ELRS_STATUS               LEN:15 | EA 0D 3A EA EE 10 00 03 0D 40 FF FF FF E2 E4
[21:15:42.273] ADDR:0xEE TYPE:RC_CHANNELS_PACKED        LEN:26 | EE 18 16 E0 C3 5E 2B B2 D7 8A 56 B4 02 7C E0 03 1F F8 C0 07 3E F0 81 0F 7C E4
[21:15:42.293] ADDR:0xEE TYPE:RC_CHANNELS_PACKED        LEN:26 | EE 18 16 E0 C3 5E 2B B2 D7 8A 56 B4 02 7C E0 03 1F F8 C0 07 3E F0 81 0F 7C E4
[21:15:42.304] ADDR:0xEE TYPE:RC_CHANNELS_PACKED        LEN:26 | EE 18 16 E0 C3 5E 2B B2 D7 8A 56 B4 02 7C E0 03 1F F8 C0 07 3E F0 81 0F 7C E4
[21:15:42.334] ADDR:0xEE TYPE:RC_CHANNELS_PACKED        LEN:26 | EE 18 16 E0 C3 5E 2B B4 D7 8A 56 B4 02 7C E0 03 1F F8 C0 07 3E F0 81 0F 7C 60
[21:15:42.354] ADDR:0xEE TYPE:RC_CHANNELS_PACKED        LEN:26 | EE 18 16 E0 C3 5E 2B B2 D7 8A 56 B4 02 7C E0 03 1F F8 C0 07 3E F0 81 0F 7C E4
[21:15:42.375] ADDR:0xEE TYPE:RC_CHANNELS_PACKED        LEN:26 | EE 18 16 E0 C3 5E 2B B0 D7 8A 56 B4 02 7C E0 03 1F F8 C0 07 3E F0 81 0F 7C 98
[21:15:42.385] ADDR:0xEE TYPE:RC_CHANNELS_PACKED        LEN:26 | EE 18 16 E0 C3 5E 2B B2 D7 8A 56 B4 02 7C E0 03 1F F8 C0 07 3E F0 81 0F 7C E4
[21:15:42.415] ADDR:0xEE TYPE:RC_CHANNELS_PACKED        LEN:26 | EE 18 16 E0 C3 5E 2B AE D7 8A 56 B4 02 7C E0 03 1F F8 C0 07 3E F0 81 0F 7C 73
[21:15:42.435] ADDR:0xEE TYPE:RC_CHANNELS_PACKED        LEN:26 | EE 18 16 E0 C3 5E 2B B2 D7 8A 56 B4 02 7C E0 03 1F F8 C0 07 3E F0 81 0F 7C E4
[21:15:42.456] ADDR:0xEE TYPE:RC_CHANNELS_PACKED        LEN:26 | EE 18 16 E0 C3 5E 2B B2 D7 8A 56 B4 02 7C E0 03 1F F8 C0 07 3E F0 81 0F 7C E4
[21:15:42.456] ADDR:0xEA TYPE:ELRS_STATUS               LEN:15 | EA 0D 3A EA EE 10 00 03 0D 40 00 00 01 7C 22
[21:15:42.466] ADDR:0xEE TYPE:RC_CHANNELS_PACKED        LEN:26 | EE 18 16 E0 C3 5E 2B AE D7 8A 56 B4 02 7C E0 03 1F F8 C0 07 3E F0 81 0F 7C 73
[21:15:42.497] ADDR:0xEE TYPE:RC_CHANNELS_PACKED        LEN:26 | EE 18 16 E0 C3 5E 2B B2 D7 8A 56 B4 02 7C E0 03 1F F8 C0 07 3E F0 81 0F 7C E4
[21:15:42.517] ADDR:0xEE TYPE:RC_CHANNELS_PACKED        LEN:26 | EE 18 16 E0 C3 5E 2B B0 D7 8A 56 B4 02 7C E0 03 1F F8 C0 07 3E F0 81 0F 7C 98
[21:15:42.527] ADDR:0xEE TYPE:RC_CHANNELS_PACKED        LEN:26 | EE 18 16 E0 C3 5E 2B AE D7 8A 56 B4 02 7C E0 03 1F F8 C0 07 3E F0 81 0F 7C 73
[21:15:42.548] ADDR:0xEE TYPE:RC_CHANNELS_PACKED        LEN:26 | EE 18 16 E0 C3 5E 2B B2 D7 8A 56 B4 02 7C E0 03 1F F8 C0 07 3E F0 81 0F 7C E4
[21:15:42.578] ADDR:0xEE TYPE:RC_CHANNELS_PACKED        LEN:26 | EE 18 16 E0 C3 5E 2B B2 D7 8A 56 B4 02 7C E0 03 1F F8 C0 07 3E F0 81 0F 7C E4
[21:15:42.598] ADDR:0xEE TYPE:RC_CHANNELS_PACKED        LEN:26 | EE 18 16 E0 C3 5E 2B B0 D7 8A 56 B4 02 7C E0 03 1F F8 C0 07 3E F0 81 0F 7C 98
[21:15:42.608] ADDR:0xEE TYPE:RC_CHANNELS_PACKED        LEN:26 | EE 18 16 E0 C3 5E 2B B2 D7 8A 56 B4 02 7C E0 03 1F F8 C0 07 3E F0 81 0F 7C E4
[21:15:42.629] ADDR:0xEE TYPE:RC_CHANNELS_PACKED        LEN:26 | EE 18 16 E0 C3 5E 2B B0 D7 8A 56 B4 02 7C E0 03 1F F8 C0 07 3E F0 81 0F 7C 98
[21:15:42.659] ADDR:0xEE TYPE:RC_CHANNELS_PACKED        LEN:26 | EE 18 16 E0 C3 5E 2B B2 D7 8A 56 B4 02 7C E0 03 1F F8 C0 07 3E F0 81 0F 7C E4
[21:15:42.659] ADDR:0xEA TYPE:ELRS_STATUS               LEN:15 | EA 0D 3A EA EE 10 00 03 0D 40 00 00 00 28 18
[21:15:42.679] ADDR:0xEE TYPE:RC_CHANNELS_PACKED        LEN:26 | EE 18 16 E0 AB 5E 2B B2 D7 8A 56 B4 02 7C E0 03 1F F8 C0 07 3E F0 81 0F 7C 15
[21:15:42.689] ADDR:0xEE TYPE:RC_CHANNELS_PACKED        LEN:26 | EE 18 16 DF C3 5E 2B B2 D7 8A 56 B4 02 7C E0 03 1F F8 C0 07 3E F0 81 0F 7C 66
[21:15:42.709] ADDR:0xEE TYPE:RC_CHANNELS_PACKED        LEN:26 | EE 18 16 E0 C3 5E 2B B2 D7 8A 56 B4 02 7C E0 03 1F F8 C0 07 3E F0 81 0F 7C E4
[21:15:42.740] ADDR:0xEE TYPE:RC_CHANNELS_PACKED        LEN:26 | EE 18 16 E0 C3 5E 2B B2 D7 8A 56 B4 02 7C E0 03 1F F8 C0 07 3E F0 81 0F 7C E4
[21:15:42.750] ADDR:0xEE TYPE:RC_CHANNELS_PACKED        LEN:26 | EE 18 16 E0 C3 5E 2B B2 D7 8A 56 B4 02 7C E0 03 1F F8 C0 07 3E F0 81 0F 7C E4
[21:15:42.770] ADDR:0xEE TYPE:RC_CHANNELS_PACKED        LEN:26 | EE 18 16 E0 C3 5E 2B B2 D7 8A 56 B4 02 7C E0 03 1F F8 C0 07 3E F0 81 0F 7C E4
[21:15:42.791] ADDR:0xEE TYPE:RC_CHANNELS_PACKED        LEN:26 | EE 18 16 E0 C3 5E 2B B2 D7 8A 56 B4 02 7C E0 03 1F F8 C0 07 3E F0 81 0F 7C E4
[21:15:42.821] ADDR:0xEE TYPE:RC_CHANNELS_PACKED        LEN:26 | EE 18 16 E0 C3 5E 2B B2 D7 8A 56 B4 02 7C E0 03 1F F8 C0 07 3E F0 81 0F 7C E4
[21:15:42.831] ADDR:0xEE TYPE:RC_CHANNELS_PACKED        LEN:26 | EE 18 16 E0 C3 5E 2B B2 D7 8A 56 B4 02 7C E0 03 1F F8 C0 07 3E F0 81 0F 7C E4
[21:15:42.852] ADDR:0xEE TYPE:RC_CHANNELS_PACKED        LEN:26 | EE 18 16 E0 C3 5E 2B AE D7 8A 56 B4 02 7C E0 03 1F F8 C0 07 3E F0 81 0F 7C 73
[21:15:42.852] ADDR:0xEA TYPE:ELRS_STATUS               LEN:15 | EA 0D 3A EA EE 10 00 03 0D 40 00 00 01 90 23
[21:15:42.862] ADDR:0xEE TYPE:RC_CHANNELS_PACKED        LEN:26 | EE 18 16 DF C3 5E 2B B2 D7 8A 56 B4 02 7C E0 03 1F F8 C0 07 3E F0 81 0F 7C 66
[21:15:42.905] ADDR:0xEE TYPE:RC_CHANNELS_PACKED        LEN:26 | EE 18 16 E0 C3 5E 2B B0 D7 8A 56 B4 02 7C E0 03 1F F8 C0 07 3E F0 81 0F 7C 98
[21:15:42.915] ADDR:0xEE TYPE:RC_CHANNELS_PACKED        LEN:26 | EE 18 16 E0 BB 5E 2B B2 D7 8A 56 B4 02 7C E0 03 1F F8 C0 07 3E F0 81 0F 7C 44
[21:15:42.935] ADDR:0xEE TYPE:RC_CHANNELS_PACKED        LEN:26 | EE 18 16 E0 C3 5E 2B B2 D7 8A 56 B4 02 7C E0 03 1F F8 C0 07 3E F0 81 0F 7C E4
[21:15:42.946] ADDR:0xEE TYPE:RC_CHANNELS_PACKED        LEN:26 | EE 18 16 E0 C3 5E 2B B2 D7 8A 56 B4 02 7C E0 03 1F F8 C0 07 3E F0 81 0F 7C E4
[21:15:42.976] ADDR:0xEE TYPE:RC_CHANNELS_PACKED        LEN:26 | EE 18 16 E0 C3 5E 2B B2 D7 8A 56 B4 02 7C E0 03 1F F8 C0 07 3E F0 81 0F 7C E4
[21:15:42.996] ADDR:0xEE TYPE:RC_CHANNELS_PACKED        LEN:26 | EE 18 16 E0 C3 5E 2B B2 D7 8A 56 B4 02 7C E0 03 1F F8 C0 07 3E F0 81 0F 7C E4
[21:15:43.006] ADDR:0xEE TYPE:RC_CHANNELS_PACKED        LEN:26 | EE 18 16 E0 C3 5E 2B B2 D7 8A 56 B4 02 7C E0 03 1F F8 C0 07 3E F0 81 0F 7C E4
[21:15:43.027] ADDR:0xEE TYPE:RC_CHANNELS_PACKED        LEN:26 | EE 18 16 E0 C3 5E 2B B2 D7 8A 56 B4 02 7C E0 03 1F F8 C0 07 3E F0 81 0F 7C E4
[21:15:43.057] ADDR:0xEE TYPE:RC_CHANNELS_PACKED        LEN:26 | EE 18 16 DF C3 5E 2B B2 D7 8A 56 B4 02 7C E0 03 1F F8 C0 07 3E F0 81 0F 7C 66
[21:15:43.057] ADDR:0xEA TYPE:ELRS_STATUS               LEN:15 | EA 0D 3A EA EE 10 00 03 0D 40 FF FF FF E2 E4
[21:15:43.077] ADDR:0xEE TYPE:RC_CHANNELS_PACKED        LEN:26 | EE 18 16 E0 C3 5E 2B B2 D7 8A 56 B4 02 7C E0 03 1F F8 C0 07 3E F0 81 0F 7C E4
[21:15:43.087] ADDR:0xEE TYPE:RC_CHANNELS_PACKED        LEN:26 | EE 18 16 E0 C3 5E 2B B2 D7 8A 56 B4 02 7C E0 03 1F F8 C0 07 3E F0 81 0F 7C E4
[21:15:43.108] ADDR:0xEE TYPE:RC_CHANNELS_PACKED        LEN:26 | EE 18 16 E0 C3 5E 2B B2 D7 8A 56 B4 02 7C E0 03 1F F8 C0 07 3E F0 81 0F 7C E4
[21:15:43.138] ADDR:0xEE TYPE:RC_CHANNELS_PACKED        LEN:26 | EE 18 16 E0 C3 5E 2B B2 D7 8A 56 B4 02 7C E0 03 1F F8 C0 07 3E F0 81 0F 7C E4
[21:15:43.158] ADDR:0xEE TYPE:RC_CHANNELS_PACKED        LEN:26 | EE 18 16 E0 C3 5E 2B B2 D7 8A 56 B4 02 7C E0 03 1F F8 C0 07 3E F0 81 0F 7C E4
[21:15:43.168] ADDR:0xEE TYPE:RC_CHANNELS_PACKED        LEN:26 | EE 18 16 E0 C3 5E 2B B2 D7 8A 56 B4 02 7C E0 03 1F F8 C0 07 3E F0 81 0F 7C E4
[21:15:43.189] ADDR:0xEE TYPE:RC_CHANNELS_PACKED        LEN:26 | EE 18 16 E0 C3 5E 2B B2 D7 8A 56 B4 02 7C E0 03 1F F8 C0 07 3E F0 81 0F 7C E4
[21:15:43.219] ADDR:0xEE TYPE:RC_CHANNELS_PACKED        LEN:26 | EE 18 16 E0 C3 5E 2B B2 D7 8A 56 B4 02 7C E0 03 1F F8 C0 07 3E F0 81 0F 7C E4
[21:15:43.240] ADDR:0xEE TYPE:RC_CHANNELS_PACKED        LEN:26 | EE 18 16 E0 C3 5E 2B B2 D7 8A 56 B4 02 7C E0 03 1F F8 C0 07 3E F0 81 0F 7C E4
[21:15:43.250] ADDR:0xEE TYPE:RC_CHANNELS_PACKED        LEN:26 | EE 18 16 E0 C3 5E 2B B2 D7 8A 56 B4 02 7C E0 03 1F F8 C0 07 3E F0 81 0F 7C E4
[21:15:43.250] ADDR:0xEA TYPE:ELRS_STATUS               LEN:15 | EA 0D 3A EA EE 10 00 03 0D 40 00 00 01 90 23
[21:15:43.270] ADDR:0xEE TYPE:RC_CHANNELS_PACKED        LEN:26 | EE 18 16 E0 C3 5E 2B B2 D7 8A 56 B4 02 7C E0 03 1F F8 C0 07 3E F0 81 0F 7C E4
[21:15:43.300] ADDR:0xEE TYPE:RC_CHANNELS_PACKED        LEN:26 | EE 18 16 E0 C3 5E 2B B2 D7 8A 56 B4 02 7C E0 03 1F F8 C0 07 3E F0 81 0F 7C E4
[21:15:43.311] ADDR:0xEE TYPE:RC_CHANNELS_PACKED        LEN:26 | EE 18 16 E0 C3 5E 2B B2 D7 8A 56 B4 02 7C E0 03 1F F8 C0 07 3E F0 81 0F 7C E4
[21:15:43.331] ADDR:0xEE TYPE:RC_CHANNELS_PACKED        LEN:26 | EE 18 16 E0 C3 5E 2B B2 D7 8A 56 B4 02 7C E0 03 1F F8 C0 07 3E F0 81 0F 7C E4
[21:15:43.351] ADDR:0xEE TYPE:RC_CHANNELS_PACKED        LEN:26 | EE 18 16 E0 C3 5E 2B B2 D7 8A 56 B4 02 7C E0 03 1F F8 C0 07 3E F0 81 0F 7C E4
[21:15:43.381] ADDR:0xEE TYPE:RC_CHANNELS_PACKED        LEN:26 | EE 18 16 E0 C3 5E 2B B2 D7 8A 56 B4 02 7C E0 03 1F F8 C0 07 3E F0 81 0F 7C E4
[21:15:43.392] ADDR:0xEE TYPE:RC_CHANNELS_PACKED        LEN:26 | EE 18 16 E0 C3 5E 2B B2 D7 8A 56 B4 02 7C E0 03 1F F8 C0 07 3E F0 81 0F 7C E4
[21:15:43.412] ADDR:0xEE TYPE:RC_CHANNELS_PACKED        LEN:26 | EE 18 16 E0 C3 5E 2B B2 D7 8A 56 B4 02 7C E0 03 1F F8 C0 07 3E F0 81 0F 7C E4
[21:15:43.422] ADDR:0xEE TYPE:RC_CHANNELS_PACKED        LEN:26 | EE 18 16 E0 C3 5E 2B B2 D7 8A 56 B4 02 7C E0 03 1F F8 C0 07 3E F0 81 0F 7C E4
[21:15:43.463] ADDR:0xEE TYPE:RC_CHANNELS_PACKED        LEN:26 | EE 18 16 E0 C3 5E 2B B2 D7 8A 56 B4 02 7C E0 03 1F F8 C0 07 3E F0 81 0F 7C E4
[21:15:43.463] ADDR:0xEA TYPE:ELRS_STATUS               LEN:15 | EA 0D 3A EA EE 10 00 03 0D 40 00 00 00 46 89
[21:15:43.473] ADDR:0xEE TYPE:RC_CHANNELS_PACKED        LEN:26 | EE 18 16 E0 C3 5E 2B B2 D7 8A 56 B4 02 7C E0 03 1F F8 C0 07 3E F0 81 0F 7C E4
[21:15:43.493] ADDR:0xEE TYPE:RC_CHANNELS_PACKED        LEN:26 | EE 18 16 E0 C3 5E 2B B0 D7 8A 56 B4 02 7C E0 03 1F F8 C0 07 3E F0 81 0F 7C 98
[21:15:43.503] ADDR:0xEE TYPE:RC_CHANNELS_PACKED        LEN:26 | EE 18 16 E0 C3 5E 2B B4 D7 8A 56 B4 02 7C E0 03 1F F8 C0 07 3E F0 81 0F 7C 60
[21:15:43.536] ADDR:0xEE TYPE:RC_CHANNELS_PACKED        LEN:26 | EE 18 16 E0 C3 5E 2B B2 D7 8A 56 B4 02 7C E0 03 1F F8 C0 07 3E F0 81 0F 7C E4
[21:15:43.556] ADDR:0xEE TYPE:RC_CHANNELS_PACKED        LEN:26 | EE 18 16 E0 C3 5E 2B B2 D7 8A 56 B4 02 7C E0 03 1F F8 C0 07 3E F0 81 0F 7C E4
[21:15:43.566] ADDR:0xEE TYPE:RC_CHANNELS_PACKED        LEN:26 | EE 18 16 E0 C3 5E 2B B2 D7 8A 56 B4 02 7C E0 03 1F F8 C0 07 3E F0 81 0F 7C E4
[21:15:43.587] ADDR:0xEE TYPE:RC_CHANNELS_PACKED        LEN:26 | EE 18 16 E0 C3 5E 2B B2 D7 8A 56 B4 02 7C E0 03 1F F8 C0 07 3E F0 81 0F 7C E4
[21:15:43.617] ADDR:0xEE TYPE:RC_CHANNELS_PACKED        LEN:26 | EE 18 16 E0 C3 5E 2B B2 D7 8A 56 B4 02 7C E0 03 1F F8 C0 07 3E F0 81 0F 7C E4
[21:15:43.637] ADDR:0xEE TYPE:RC_CHANNELS_PACKED        LEN:26 | EE 18 16 E0 BB 5E 2B B2 D7 8A 56 B4 02 7C E0 03 1F F8 C0 07 3E F0 81 0F 7C 44
[21:15:43.647] ADDR:0xEE TYPE:RC_CHANNELS_PACKED        LEN:26 | EE 18 16 E0 C3 5E 2B B0 D7 8A 56 B4 02 7C E0 03 1F F8 C0 07 3E F0 81 0F 7C 98
[21:15:43.648] ADDR:0xEA TYPE:ELRS_STATUS               LEN:15 | EA 0D 3A EA EE 10 00 03 0D 40 00 00 00 6E 04
[21:15:43.668] ADDR:0xEE TYPE:RC_CHANNELS_PACKED        LEN:26 | EE 18 16 E0 C3 5E 2B B2 D7 8A 56 B4 02 7C E0 03 1F F8 C0 07 3E F0 81 0F 7C E4
[21:15:43.698] ADDR:0xEE TYPE:RC_CHANNELS_PACKED        LEN:26 | EE 18 16 E0 C3 5E 2B B2 D7 8A 56 B4 02 7C E0 03 1F F8 C0 07 3E F0 81 0F 7C E4
[21:15:43.718] ADDR:0xEE TYPE:RC_CHANNELS_PACKED        LEN:26 | EE 18 16 E0 C3 5E 2B B0 D7 8A 56 B4 02 7C E0 03 1F F8 C0 07 3E F0 81 0F 7C 98
[21:15:43.729] ADDR:0xEE TYPE:RC_CHANNELS_PACKED        LEN:26 | EE 18 16 E0 BB 5E 2B B2 D7 8A 56 B4 02 7C E0 03 1F F8 C0 07 3E F0 81 0F 7C 44
[21:15:43.749] ADDR:0xEE TYPE:RC_CHANNELS_PACKED        LEN:26 | EE 18 16 E0 C3 5E 2B B2 D7 8A 56 B4 02 7C E0 03 1F F8 C0 07 3E F0 81 0F 7C E4
[21:15:43.779] ADDR:0xEE TYPE:RC_CHANNELS_PACKED        LEN:26 | EE 18 16 E0 C3 5E 2B B2 D7 8A 56 B4 02 7C E0 03 1F F8 C0 07 3E F0 81 0F 7C E4
[21:15:43.800] ADDR:0xEE TYPE:RC_CHANNELS_PACKED        LEN:26 | EE 18 16 E0 C3 5E 2B B4 D7 8A 56 B4 02 7C E0 03 1F F8 C0 07 3E F0 81 0F 7C 60
[21:15:43.810] ADDR:0xEE TYPE:RC_CHANNELS_PACKED        LEN:26 | EE 18 16 DF C3 5E 2B B2 D7 8A 56 B4 02 7C E0 03 1F F8 C0 07 3E F0 81 0F 7C 66
[21:15:43.830] ADDR:0xEE TYPE:RC_CHANNELS_PACKED        LEN:26 | EE 18 16 E0 BB 5E 2B B2 D7 8A 56 B4 02 7C E0 03 1F F8 C0 07 3E F0 81 0F 7C 44
[21:15:43.862] ADDR:0xEE TYPE:RC_CHANNELS_PACKED        LEN:26 | EE 18 16 E0 C3 5E 2B B2 D7 8A 56 B4 02 7C E0 03 1F F8 C0 07 3E F0 81 0F 7C E4
[21:15:43.862] ADDR:0xEA TYPE:ELRS_STATUS               LEN:15 | EA 0D 3A EA EE 10 00 03 0D 40 00 00 00 46 89
[21:15:43.873] ADDR:0xEE TYPE:RC_CHANNELS_PACKED        LEN:26 | EE 18 16 E0 C3 5E 2B B2 D7 8A 56 B4 02 7C E0 03 1F F8 C0 07 3E F0 81 0F 7C E4
[21:15:43.893] ADDR:0xEE TYPE:RC_CHANNELS_PACKED        LEN:26 | EE 18 16 E0 C3 5E 2B B2 D7 8A 56 B4 02 7C E0 03 1F F8 C0 07 3E F0 81 0F 7C E4
[21:15:43.903] ADDR:0xEE TYPE:RC_CHANNELS_PACKED        LEN:26 | EE 18 16 E0 C3 5E 2B B2 D7 8A 56 B4 02 7C E0 03 1F F8 C0 07 3E F0 81 0F 7C E4
[21:15:43.943] ADDR:0xEE TYPE:RC_CHANNELS_PACKED        LEN:26 | EE 18 16 E0 C3 5E 2B B2 D7 8A 56 B4 02 7C E0 03 1F F8 C0 07 3E F0 81 0F 7C E4
[21:15:43.955] ADDR:0xEE TYPE:RC_CHANNELS_PACKED        LEN:26 | EE 18 16 E0 C3 5E 2B B0 D7 8A 56 B4 02 7C E0 03 1F F8 C0 07 3E F0 81 0F 7C 98
[21:15:43.975] ADDR:0xEE TYPE:RC_CHANNELS_PACKED        LEN:26 | EE 18 16 E0 BB 5E 2B B4 D7 8A 56 B4 02 7C E0 03 1F F8 C0 07 3E F0 81 0F 7C C0
[21:15:43.985] ADDR:0xEE TYPE:RC_CHANNELS_PACKED        LEN:26 | EE 18 16 E0 C3 5E 2B B2 D7 8A 56 B4 02 7C E0 03 1F F8 C0 07 3E F0 81 0F 7C E4
[21:15:44.015] ADDR:0xEE TYPE:RC_CHANNELS_PACKED        LEN:26 | EE 18 16 E0 C3 5E 2B B2 D7 8A 56 B4 02 7C E0 03 1F F8 C0 07 3E F0 81 0F 7C E4
[21:15:44.036] ADDR:0xEE TYPE:RC_CHANNELS_PACKED        LEN:26 | EE 18 16 DF C3 5E 2B B2 D7 8A 56 B4 02 7C E0 03 1F F8 C0 07 3E F0 81 0F 7C 66
[21:15:44.046] ADDR:0xEE TYPE:RC_CHANNELS_PACKED        LEN:26 | EE 18 16 E0 C3 5E 2B B2 D7 8A 56 B4 02 7C E0 03 1F F8 C0 07 3E F0 81 0F 7C E4
[21:15:44.046] ADDR:0xEA TYPE:ELRS_STATUS               LEN:15 | EA 0D 3A EA EE 10 00 03 0D 40 00 00 01 90 23
[21:15:44.066] ADDR:0xEE TYPE:RC_CHANNELS_PACKED        LEN:26 | EE 18 16 E0 BB 5E 2B AE D7 8A 56 B4 02 7C E0 03 1F F8 C0 07 3E F0 81 0F 7C D3
[21:15:44.096] ADDR:0xEE TYPE:RC_CHANNELS_PACKED        LEN:26 | EE 18 16 E0 C3 5E 2B B2 D7 8A 56 B4 02 7C E0 03 1F F8 C0 07 3E F0 81 0F 7C E4
[21:15:44.117] ADDR:0xEE TYPE:RC_CHANNELS_PACKED        LEN:26 | EE 18 16 E0 C3 5E 2B B0 D7 8A 56 B4 02 7C E0 03 1F F8 C0 07 3E F0 81 0F 7C 98
[21:15:44.127] ADDR:0xEE TYPE:RC_CHANNELS_PACKED        LEN:26 | EE 18 16 E0 C3 5E 2B B0 D7 8A 56 B4 02 7C E0 03 1F F8 C0 07 3E F0 81 0F 7C 98
[21:15:44.147] ADDR:0xEE TYPE:RC_CHANNELS_PACKED        LEN:26 | EE 18 16 E0 C3 5E 2B AE D7 8A 56 B4 02 7C E0 03 1F F8 C0 07 3E F0 81 0F 7C 73
[21:15:44.178] ADDR:0xEE TYPE:RC_CHANNELS_PACKED        LEN:26 | EE 18 16 E0 C3 5E 2B B2 D7 8A 56 B4 02 7C E0 03 1F F8 C0 07 3E F0 81 0F 7C E4
[21:15:44.198] ADDR:0xEE TYPE:RC_CHANNELS_PACKED        LEN:26 | EE 18 16 E0 C3 5E 2B B2 D7 8A 56 B4 02 7C E0 03 1F F8 C0 07 3E F0 81 0F 7C E4
[21:15:44.208] ADDR:0xEE TYPE:RC_CHANNELS_PACKED        LEN:26 | EE 18 16 E0 C3 5E 2B AE D7 8A 56 B4 02 7C E0 03 1F F8 C0 07 3E F0 81 0F 7C 73
[21:15:44.228] ADDR:0xEE TYPE:RC_CHANNELS_PACKED        LEN:26 | EE 18 16 E0 C3 5E 2B B2 D7 8A 56 B4 02 7C E0 03 1F F8 C0 07 3E F0 81 0F 7C E4
[21:15:44.259] ADDR:0xEE TYPE:RC_CHANNELS_PACKED        LEN:26 | EE 18 16 E0 C3 5E 2B B2 D7 8A 56 B4 02 7C E0 03 1F F8 C0 07 3E F0 81 0F 7C E4
[21:15:44.259] ADDR:0xEA TYPE:ELRS_STATUS               LEN:15 | EA 0D 3A EA EE 10 00 03 0D 40 00 00 00 6E 04
[21:15:44.279] ADDR:0xEE TYPE:RC_CHANNELS_PACKED        LEN:26 | EE 18 16 E0 C3 5E 2B AE D7 8A 56 B4 02 7C E0 03 1F F8 C0 07 3E F0 81 0F 7C 73
[21:15:44.289] ADDR:0xEE TYPE:RC_CHANNELS_PACKED        LEN:26 | EE 18 16 E0 C3 5E 2B B2 D7 8A 56 B4 02 7C E0 03 1F F8 C0 07 3E F0 81 0F 7C E4
[21:15:44.309] ADDR:0xEE TYPE:RC_CHANNELS_PACKED        LEN:26 | EE 18 16 E0 C3 5E 2B B4 D7 8A 56 B4 02 7C E0 03 1F F8 C0 07 3E F0 81 0F 7C 60
[21:15:44.340] ADDR:0xEE TYPE:RC_CHANNELS_PACKED        LEN:26 | EE 18 16 E0 C3 5E 2B B4 D7 8A 56 B4 02 7C E0 03 1F F8 C0 07 3E F0 81 0F 7C 60
[21:15:44.350] ADDR:0xEE TYPE:RC_CHANNELS_PACKED        LEN:26 | EE 18 16 E0 C3 5E 2B B2 D7 8A 56 B4 02 7C E0 03 1F F8 C0 07 3E F0 81 0F 7C E4
[21:15:44.370] ADDR:0xEE TYPE:RC_CHANNELS_PACKED        LEN:26 | EE 18 16 E0 C3 5E 2B B2 D7 8A 56 B4 02 7C E0 03 1F F8 C0 07 3E F0 81 0F 7C E4
[21:15:44.390] ADDR:0xEE TYPE:RC_CHANNELS_PACKED        LEN:26 | EE 18 16 E0 C3 5E 2B B0 D7 8A 56 B4 02 7C E0 03 1F F8 C0 07 3E F0 81 0F 7C 98
[21:15:44.421] ADDR:0xEE TYPE:RC_CHANNELS_PACKED        LEN:26 | EE 18 16 E0 C3 5E 2B B2 D7 8A 56 B4 02 7C E0 03 1F F8 C0 07 3E F0 81 0F 7C E4
[21:15:44.431] ADDR:0xEE TYPE:RC_CHANNELS_PACKED        LEN:26 | EE 18 16 E0 C3 5E 2B B2 D7 8A 56 B4 02 7C E0 03 1F F8 C0 07 3E F0 81 0F 7C E4
[21:15:44.451] ADDR:0xEE TYPE:RC_CHANNELS_PACKED        LEN:26 | EE 18 16 E0 C3 5E 2B B2 D7 8A 56 B4 02 7C E0 03 1F F8 C0 07 3E F0 81 0F 7C E4
[21:15:44.451] ADDR:0xEA TYPE:ELRS_STATUS               LEN:15 | EA 0D 3A EA EE 10 00 03 0D 40 00 00 00 6E 04
[21:15:44.473] ADDR:0xEE TYPE:RC_CHANNELS_PACKED        LEN:26 | EE 18 16 E0 C3 5E 2B B2 D7 8A 56 B4 02 7C E0 03 1F F8 C0 07 3E F0 81 0F 7C E4
[21:15:44.503] ADDR:0xEE TYPE:RC_CHANNELS_PACKED        LEN:26 | EE 18 16 E0 C3 5E 2B B2 D7 8A 56 B4 02 7C E0 03 1F F8 C0 07 3E F0 81 0F 7C E4
[21:15:44.514] ADDR:0xEE TYPE:RC_CHANNELS_PACKED        LEN:26 | EE 18 16 E0 C3 5E 2B B2 D7 8A 56 B4 02 7C E0 03 1F F8 C0 07 3E F0 81 0F 7C E4
[21:15:44.534] ADDR:0xEE TYPE:RC_CHANNELS_PACKED        LEN:26 | EE 18 16 E0 C3 5E 2B B0 D7 8A 56 B4 02 7C E0 03 1F F8 C0 07 3E F0 81 0F 7C 98
[21:15:44.544] ADDR:0xEE TYPE:RC_CHANNELS_PACKED        LEN:26 | EE 18 16 E0 BB 5E 2B B2 D7 8A 56 B4 02 7C E0 03 1F F8 C0 07 3E F0 81 0F 7C 44
[21:15:44.575] ADDR:0xEE TYPE:RC_CHANNELS_PACKED        LEN:26 | EE 18 16 E0 C3 5E 2B B2 D7 8A 56 B4 02 7C E0 03 1F F8 C0 07 3E F0 81 0F 7C E4
[21:15:44.595] ADDR:0xEE TYPE:RC_CHANNELS_PACKED        LEN:26 | EE 18 16 E0 BB 5E 2B B2 D7 8A 56 B4 02 7C E0 03 1F F8 C0 07 3E F0 81 0F 7C 44
[21:15:44.615] ADDR:0xEE TYPE:RC_CHANNELS_PACKED        LEN:26 | EE 18 16 E0 C3 5E 2B B2 D7 8A 56 B4 02 7C E0 03 1F F8 C0 07 3E F0 81 0F 7C E4
[21:15:44.625] ADDR:0xEE TYPE:RC_CHANNELS_PACKED        LEN:26 | EE 18 16 E0 C3 5E 2B B0 D7 8A 56 B4 02 7C E0 03 1F F8 C0 07 3E F0 81 0F 7C 98
[21:15:44.656] ADDR:0xEE TYPE:RC_CHANNELS_PACKED        LEN:26 | EE 18 16 E0 C3 5E 2B B2 D7 8A 56 B4 02 7C E0 03 1F F8 C0 07 3E F0 81 0F 7C E4
[21:15:44.656] ADDR:0xEA TYPE:ELRS_STATUS               LEN:15 | EA 0D 3A EA EE 10 00 03 0D 40 00 00 00 6E 04
[21:15:44.676] ADDR:0xEE TYPE:RC_CHANNELS_PACKED        LEN:26 | EE 18 16 E0 C3 5E 2B B2 D7 8A 56 B4 02 7C E0 03 1F F8 C0 07 3E F0 81 0F 7C E4
[21:15:44.686] ADDR:0xEE TYPE:RC_CHANNELS_PACKED        LEN:26 | EE 18 16 E0 C3 5E 2B B2 D7 8A 56 B4 02 7C E0 03 1F F8 C0 07 3E F0 81 0F 7C E4
[21:15:44.706] ADDR:0xEE TYPE:RC_CHANNELS_PACKED        LEN:26 | EE 18 16 E0 C3 5E 2B B0 D7 8A 56 B4 02 7C E0 03 1F F8 C0 07 3E F0 81 0F 7C 98
[21:15:44.737] ADDR:0xEE TYPE:RC_CHANNELS_PACKED        LEN:26 | EE 18 16 E0 C3 5E 2B B2 D7 8A 56 B4 02 7C E0 03 1F F8 C0 07 3E F0 81 0F 7C E4
[21:15:44.757] ADDR:0xEE TYPE:RC_CHANNELS_PACKED        LEN:26 | EE 18 16 E0 BB 5E 2B B0 D7 8A 56 B4 02 7C E0 03 1F F8 C0 07 3E F0 81 0F 7C 38
[21:15:44.767] ADDR:0xEE TYPE:RC_CHANNELS_PACKED        LEN:26 | EE 18 16 E0 C3 5E 2B B2 D7 8A 56 B4 02 7C E0 03 1F F8 C0 07 3E F0 81 0F 7C E4
[21:15:44.787] ADDR:0xEE TYPE:RC_CHANNELS_PACKED        LEN:26 | EE 18 16 E0 C3 5E 2B B0 D7 8A 56 B4 02 7C E0 03 1F F8 C0 07 3E F0 81 0F 7C 98
[21:15:44.818] ADDR:0xEE TYPE:RC_CHANNELS_PACKED        LEN:26 | EE 18 16 E0 C3 5E 2B B2 D7 8A 56 B4 02 7C E0 03 1F F8 C0 07 3E F0 81 0F 7C E4
[21:15:44.838] ADDR:0xEE TYPE:RC_CHANNELS_PACKED        LEN:26 | EE 18 16 E0 C3 5E 2B B2 D7 8A 56 B4 02 7C E0 03 1F F8 C0 07 3E F0 81 0F 7C E4
[21:15:44.848] ADDR:0xEE TYPE:RC_CHANNELS_PACKED        LEN:26 | EE 18 16 E0 C3 5E 2B B4 D7 8A 56 B4 02 7C E0 03 1F F8 C0 07 3E F0 81 0F 7C 60
[21:15:44.849] ADDR:0xEA TYPE:ELRS_STATUS               LEN:15 | EA 0D 3A EA EE 10 00 03 0D 40 00 00 00 1E 6F
[21:15:44.869] ADDR:0xEE TYPE:RC_CHANNELS_PACKED        LEN:26 | EE 18 16 E0 BB 5E 2B B2 D7 8A 56 B4 02 7C E0 03 1F F8 C0 07 3E F0 81 0F 7C 44
[21:15:44.899] ADDR:0xEE TYPE:RC_CHANNELS_PACKED        LEN:26 | EE 18 16 E0 C3 5E 2B B2 D7 8A 56 B4 02 7C E0 03 1F F8 C0 07 3E F0 81 0F 7C E4
[21:15:44.919] ADDR:0xEE TYPE:RC_CHANNELS_PACKED        LEN:26 | EE 18 16 E0 C3 5E 2B B2 D7 8A 56 B4 02 7C E0 03 1F F8 C0 07 3E F0 81 0F 7C E4
[21:15:44.929] ADDR:0xEE TYPE:RC_CHANNELS_PACKED        LEN:26 | EE 18 16 E0 C3 5E 2B B2 D7 8A 56 B4 02 7C E0 03 1F F8 C0 07 3E F0 81 0F 7C E4
[21:15:44.950] ADDR:0xEE TYPE:RC_CHANNELS_PACKED        LEN:26 | EE 18 16 E0 C3 5E 2B B4 D7 8A 56 B4 02 7C E0 03 1F F8 C0 07 3E F0 81 0F 7C 60
[21:15:44.980] ADDR:0xEE TYPE:RC_CHANNELS_PACKED        LEN:26 | EE 18 16 E0 C3 5E 2B B2 D7 8A 56 B4 02 7C E0 03 1F F8 C0 07 3E F0 81 0F 7C E4
[21:15:44.990] ADDR:0xEE TYPE:RC_CHANNELS_PACKED        LEN:26 | EE 18 16 E0 C3 5E 2B B2 D7 8A 56 B4 02 7C E0 03 1F F8 C0 07 3E F0 81 0F 7C E4
[21:15:45.011] ADDR:0xEE TYPE:RC_CHANNELS_PACKED        LEN:26 | EE 18 16 E0 C3 5E 2B B2 D7 8A 56 B4 02 7C E0 03 1F F8 C0 07 3E F0 81 0F 7C E4
[21:15:45.031] ADDR:0xEE TYPE:RC_CHANNELS_PACKED        LEN:26 | EE 18 16 E0 C3 5E 2B B0 D7 8A 56 B4 02 7C E0 03 1F F8 C0 07 3E F0 81 0F 7C 98
[21:15:45.061] ADDR:0xEE TYPE:RC_CHANNELS_PACKED        LEN:26 | EE 18 16 E0 C3 5E 2B B2 D7 8A 56 B4 02 7C E0 03 1F F8 C0 07 3E F0 81 0F 7C E4
[21:15:45.061] ADDR:0xEA TYPE:ELRS_STATUS               LEN:15 | EA 0D 3A EA EE 10 00 03 0D 40 00 00 01 18 E5
[21:15:45.071] ADDR:0xEE TYPE:RC_CHANNELS_PACKED        LEN:26 | EE 18 16 E0 C3 5E 2B B2 D7 8A 56 B4 02 7C E0 03 1F F8 C0 07 3E F0 81 0F 7C E4
[21:15:45.092] ADDR:0xEE TYPE:RC_CHANNELS_PACKED        LEN:26 | EE 18 16 E0 C3 5E 2B B2 D7 8A 56 B4 02 7C E0 03 1F F8 C0 07 3E F0 81 0F 7C E4
[21:15:45.112] ADDR:0xEE TYPE:RC_CHANNELS_PACKED        LEN:26 | EE 18 16 E0 C3 5E 2B B2 D7 8A 56 B4 02 7C E0 03 1F F8 C0 07 3E F0 81 0F 7C E4
[21:15:45.142] ADDR:0xEE TYPE:RC_CHANNELS_PACKED        LEN:26 | EE 18 16 E0 C3 5E 2B B2 D7 8A 56 B4 02 7C E0 03 1F F8 C0 07 3E F0 81 0F 7C E4
[21:15:45.152] ADDR:0xEE TYPE:RC_CHANNELS_PACKED        LEN:26 | EE 18 16 E0 C3 5E 2B B2 D7 8A 56 B4 02 7C E0 03 1F F8 C0 07 3E F0 81 0F 7C E4
[21:15:45.173] ADDR:0xEE TYPE:RC_CHANNELS_PACKED        LEN:26 | EE 18 16 E0 C3 5E 2B B2 D7 8A 56 B4 02 7C E0 03 1F F8 C0 07 3E F0 81 0F 7C E4
[21:15:45.183] ADDR:0xEE TYPE:RC_CHANNELS_PACKED        LEN:26 | EE 18 16 E0 C3 5E 2B B0 D7 8A 56 B4 02 7C E0 03 1F F8 C0 07 3E F0 81 0F 7C 98
[21:15:45.223] ADDR:0xEE TYPE:RC_CHANNELS_PACKED        LEN:26 | EE 18 16 E0 C3 5E 2B B2 D7 8A 56 B4 02 7C E0 03 1F F8 C0 07 3E F0 81 0F 7C E4
[21:15:45.234] ADDR:0xEE TYPE:RC_CHANNELS_PACKED        LEN:26 | EE 18 16 E0 BB 5E 2B AE D7 8A 56 B4 02 7C E0 03 1F F8 C0 07 3E F0 81 0F 7C D3
[21:15:45.254] ADDR:0xEE TYPE:RC_CHANNELS_PACKED        LEN:26 | EE 18 16 E0 C3 5E 2B B2 D7 8A 56 B4 02 7C E0 03 1F F8 C0 07 3E F0 81 0F 7C E4
[21:15:45.254] ADDR:0xEA TYPE:ELRS_STATUS               LEN:15 | EA 0D 3A EA EE 10 00 03 0D 40 00 00 00 14 39
[21:15:45.264] ADDR:0xEE TYPE:RC_CHANNELS_PACKED        LEN:26 | EE 18 16 E0 C3 5E 2B B2 D7 8A 56 B4 02 7C E0 03 1F F8 C0 07 3E F0 81 0F 7C E4
[21:15:45.294] ADDR:0xEE TYPE:RC_CHANNELS_PACKED        LEN:26 | EE 18 16 E0 BB 5E 2B B2 D7 8A 56 B4 02 7C E0 03 1F F8 C0 07 3E F0 81 0F 7C 44
[21:15:45.315] ADDR:0xEE TYPE:RC_CHANNELS_PACKED        LEN:26 | EE 18 16 E0 C3 5E 2B B2 D7 8A 56 B4 02 7C E0 03 1F F8 C0 07 3E F0 81 0F 7C E4
[21:15:45.335] ADDR:0xEE TYPE:RC_CHANNELS_PACKED        LEN:26 | EE 18 16 E0 C3 5E 2B B2 D7 8A 56 B4 02 7C E0 03 1F F8 C0 07 3E F0 81 0F 7C E4
[21:15:45.345] ADDR:0xEE TYPE:RC_CHANNELS_PACKED        LEN:26 | EE 18 16 E0 C3 5E 2B B2 D7 8A 56 B4 02 7C E0 03 1F F8 C0 07 3E F0 81 0F 7C E4
[21:15:45.375] ADDR:0xEE TYPE:RC_CHANNELS_PACKED        LEN:26 | EE 18 16 E0 BB 5E 2B B2 D7 8A 56 B4 02 7C E0 03 1F F8 C0 07 3E F0 81 0F 7C 44
[21:15:45.395] ADDR:0xEE TYPE:RC_CHANNELS_PACKED        LEN:26 | EE 18 16 E0 C3 5E 2B B2 D7 8A 56 B4 02 7C E0 03 1F F8 C0 07 3E F0 81 0F 7C E4
[21:15:45.416] ADDR:0xEE TYPE:RC_CHANNELS_PACKED        LEN:26 | EE 18 16 E0 C3 5E 2B B2 D7 8A 56 B4 02 7C E0 03 1F F8 C0 07 3E F0 81 0F 7C E4
[21:15:45.426] ADDR:0xEE TYPE:RC_CHANNELS_PACKED        LEN:26 | EE 18 16 E0 C3 5E 2B B2 D7 8A 56 B4 02 7C E0 03 1F F8 C0 07 3E F0 81 0F 7C E4
[21:15:45.456] ADDR:0xEE TYPE:RC_CHANNELS_PACKED        LEN:26 | EE 18 16 E0 C3 5E 2B B4 D7 8A 56 B4 02 7C E0 03 1F F8 C0 07 3E F0 81 0F 7C 60
[21:15:45.456] ADDR:0xEA TYPE:ELRS_STATUS               LEN:15 | EA 0D 3A EA EE 10 00 03 0D 40 00 00 01 18 E5
[21:15:45.476] ADDR:0xEE TYPE:RC_CHANNELS_PACKED        LEN:26 | EE 18 16 E0 C3 5E 2B B2 D7 8A 56 B4 02 7C E0 03 1F F8 C0 07 3E F0 81 0F 7C E4
[21:15:45.487] ADDR:0xEE TYPE:RC_CHANNELS_PACKED        LEN:26 | EE 18 16 E0 C3 5E 2B B2 D7 8A 56 B4 02 7C E0 03 1F F8 C0 07 3E F0 81 0F 7C E4
[21:15:45.507] ADDR:0xEE TYPE:RC_CHANNELS_PACKED        LEN:26 | EE 18 16 E0 C3 5E 2B B2 D7 8A 56 B4 02 7C E0 03 1F F8 C0 07 3E F0 81 0F 7C E4
[21:15:45.537] ADDR:0xEE TYPE:RC_CHANNELS_PACKED        LEN:26 | EE 18 16 DF BB 5E 2B B2 D7 8A 56 B4 02 7C E0 03 1F F8 C0 07 3E F0 81 0F 7C C6
[21:15:45.558] ADDR:0xEE TYPE:RC_CHANNELS_PACKED        LEN:26 | EE 18 16 E0 C3 5E 2B B2 D7 8A 56 B4 02 7C E0 03 1F F8 C0 07 3E F0 81 0F 7C E4
[21:15:45.568] ADDR:0xEE TYPE:RC_CHANNELS_PACKED        LEN:26 | EE 18 16 E0 C3 5E 2B B2 D7 8A 56 B4 02 7C E0 03 1F F8 C0 07 3E F0 81 0F 7C E4
[21:15:45.588] ADDR:0xEE TYPE:RC_CHANNELS_PACKED        LEN:26 | EE 18 16 E0 C3 5E 2B B2 D7 8A 56 B4 02 7C E0 03 1F F8 C0 07 3E F0 81 0F 7C E4
[21:15:45.619] ADDR:0xEE TYPE:RC_CHANNELS_PACKED        LEN:26 | EE 18 16 E0 C3 5E 2B B2 D7 8A 56 B4 02 7C E0 03 1F F8 C0 07 3E F0 81 0F 7C E4
[21:15:45.639] ADDR:0xEE TYPE:RC_CHANNELS_PACKED        LEN:26 | EE 18 16 E0 C3 5E 2B B2 D7 8A 56 B4 02 7C E0 03 1F F8 C0 07 3E F0 81 0F 7C E4
[21:15:45.649] ADDR:0xEE TYPE:RC_CHANNELS_PACKED        LEN:26 | EE 18 16 E0 C3 5E 2B B0 D7 8A 56 B4 02 7C E0 03 1F F8 C0 07 3E F0 81 0F 7C 98
[21:15:45.649] ADDR:0xEA TYPE:ELRS_STATUS               LEN:15 | EA 0D 3A EA EE 10 00 03 0D 40 00 00 00 DC 62
[21:15:45.669] ADDR:0xEE TYPE:RC_CHANNELS_PACKED        LEN:26 | EE 18 16 E0 C3 5E 2B B0 D7 8A 56 B4 02 7C E0 03 1F F8 C0 07 3E F0 81 0F 7C 98
[21:15:45.699] ADDR:0xEE TYPE:RC_CHANNELS_PACKED        LEN:26 | EE 18 16 E0 BB 5E 2B AE D7 8A 56 B4 02 7C E0 03 1F F8 C0 07 3E F0 81 0F 7C D3