================================================================================
CRSF Raw Logger - nasłuchiwanie na /dev/ttyUSB1 @ 420000 baud
Anti false-sync: włączona (loguje tylko ramki z CRC OK)
Naciśnij Ctrl+C aby zakończyć
================================================================================
[21:17:15.180] ADDR:0xEE TYPE:RC_CHANNELS_PACKED        LEN:26 | EE 18 16 E0 BB 5E 2B B2 D7 8A 56 B4 02 7C E0 03 1F F8 C0 07 3E F0 81 0F 7C 44
[21:17:15.180] ADDR:0xEE TYPE:RC_CHANNELS_PACKED        LEN:26 | EE 18 16 E0 C3 5E 2B B2 D7 8A 56 B4 02 7C E0 03 1F F8 C0 07 3E F0 81 0F 7C E4
[21:17:15.181] ADDR:0xEE TYPE:RC_CHANNELS_PACKED        LEN:26 | EE 18 16 E0 C3 5E 2B B2 D7 8A 56 B4 02 7C E0 03 1F F8 C0 07 3E F0 81 0F 7C E4
[21:17:15.181] ADDR:0xEE TYPE:RC_CHANNELS_PACKED        LEN:26 | EE 18 16 E0 C3 5E 2B B2 D7 8A 56 B4 02 7C E0 03 1F F8 C0 07 3E F0 81 0F 7C E4
[21:17:15.181] ADDR:0xEE TYPE:RC_CHANNELS_PACKED        LEN:26 | EE 18 16 E0 BB 5E 2B B2 D7 8A 56 B4 02 7C E0 03 1F F8 C0 07 3E F0 81 0F 7C 44
[21:17:15.181] ADDR:0xEE TYPE:RC_CHANNELS_PACKED        LEN:26 | EE 18 16 E0 C3 5E 2B B4 D7 8A 56 B4 02 7C E0 03 1F F8 C0 07 3E F0 81 0F 7C 60
[21:17:15.181] ADDR:0xEE TYPE:RC_CHANNELS_PACKED        LEN:26 | EE 18 16 E0 C3 5E 2B B2 D7 8A 56 B4 02 7C E0 03 1F F8 C0 07 3E F0 81 0F 7C E4
[21:17:15.181] ADDR:0xEE TYPE:RC_CHANNELS_PACKED        LEN:26 | EE 18 16 E0 C3 5E 2B B4 D7 8A 56 B4 02 7C E0 03 1F F8 C0 07 3E F0 81 0F 7C 60
[21:17:15.181] ADDR:0xEE TYPE:RC_CHANNELS_PACKED        LEN:26 | EE 18 16 E0 C3 5E 2B B2 D7 8A 56 B4 02 7C E0 03 1F F8 C0 07 3E F0 81 0F 7C E4
[21:17:15.181] ADDR:0xEA TYPE:ELRS_STATUS               LEN:15 | EA 0D 3A EA EE 10 00 03 0D 40 FF FF FE 5C 5E
[21:17:15.181] ADDR:0xEE TYPE:RC_CHANNELS_PACKED        LEN:26 | EE 18 16 E0 BB 5E 2B B2 D7 8A 56 B4 02 7C E0 03 1F F8 C0 07 3E F0 81 0F 7C 44
[21:17:15.181] ADDR:0xEE TYPE:RC_CHANNELS_PACKED        LEN:26 | EE 18 16 E0 BB 5E 2B B2 D7 8A 56 B4 02 7C E0 03 1F F8 C0 07 3E F0 81 0F 7C 44
[21:17:15.181] ADDR:0xEE TYPE:RC_CHANNELS_PACKED        LEN:26 | EE 18 16 E0 C3 5E 2B AE D7 8A 56 B4 02 7C E0 03 1F F8 C0 07 3E F0 81 0F 7C 73
[21:17:15.181] ADDR:0xEE TYPE:RC_CHANNELS_PACKED        LEN:26 | EE 18 16 E0 C3 5E 2B B2 D7 8A 56 B4 02 7C E0 03 1F F8 C0 07 3E F0 81 0F 7C E4
[21:17:15.181] ADDR:0xEE TYPE:RC_CHANNELS_PACKED        LEN:26 | EE 18 16 E0 C3 5E 2B B2 D7 8A 56 B4 02 7C E0 03 1F F8 C0 07 3E F0 81 0F 7C E4
[21:17:15.181] ADDR:0xEE TYPE:RC_CHANNELS_PACKED        LEN:26 | EE 18 16 E0 C3 5E 2B B2 D7 8A 56 B4 02 7C E0 03 1F F8 C0 07 3E F0 81 0F 7C E4
[21:17:15.181] ADDR:0xEE TYPE:RC_CHANNELS_PACKED        LEN:26 | EE 18 16 E0 C3 5E 2B B2 D7 8A 56 B4 02 7C E0 03 1F F8 C0 07 3E F0 81 0F 7C E4
[21:17:15.181] ADDR:0xEE TYPE:RC_CHANNELS_PACKED        LEN:26 | EE 18 16 E0 C3 5E 2B B0 D7 8A 56 B4 02 7C E0 03 1F F8 C0 07 3E F0 81 0F 7C 98
[21:17:15.181] ADDR:0xEE TYPE:RC_CHANNELS_PACKED        LEN:26 | EE 18 16 E0 C3 5E 2B AE D7 8A 56 B4 02 7C E0 03 1F F8 C0 07 3E F0 81 0F 7C 73
[21:17:15.192] ADDR:0xEE TYPE:RC_CHANNELS_PACKED        LEN:26 | EE 18 16 E0 C3 5E 2B B2 D7 8A 56 B4 02 7C E0 03 1F F8 C0 07 3E F0 81 0F 7C E4
[21:17:15.192] ADDR:0xEA TYPE:ELRS_STATUS               LEN:15 | EA 0D 3A EA EE 10 00 03 0D 40 00 00 01 A4 2B
[21:17:15.192] ADDR:0xEE TYPE:RC_CHANNELS_PACKED        LEN:26 | EE 18 16 E0 C3 5E 2B B0 D7 8A 56 B4 02 7C E0 03 1F F8 C0 07 3E F0 81 0F 7C 98
[21:17:15.192] ADDR:0xEE TYPE:RC_CHANNELS_PACKED        LEN:26 | EE 18 16 E0 C3 5E 2B B2 D7 8A 56 B4 02 7C E0 03 1F F8 C0 07 3E F0 81 0F 7C E4
[21:17:15.192] ADDR:0xEE TYPE:RC_CHANNELS_PACKED        LEN:26 | EE 18 16 E0 C3 5E 2B B0 D7 8A 56 B4 02 7C E0 03 1F F8 C0 07 3E F0 81 0F 7C 98
[21:17:15.192] ADDR:0xEE TYPE:RC_CHANNELS_PACKED        LEN:26 | EE 18 16 E0 C3 5E 2B B2 D7 8A 56 B4 02 7C E0 03 1F F8 C0 07 3E F0 81 0F 7C E4
[21:17:15.213] ADDR:0xEE TYPE:PARAMETER_READ            LEN:08 | EE 06 2C EE EA 0E 00 EF
[21:17:15.223] ADDR:0xEE TYPE:RC_CHANNELS_PACKED        LEN:26 | EE 18 16 E0 C3 5E 2B B2 D7 8A 56 B4 02 7C E0 03 1F F8 C0 07 3E F0 81 0F 7C E4
[21:17:15.223] ADDR:0xEA TYPE:PARAMETER_SETTINGS_ENTRY  LEN:64 | EA 3E 2B EA EE 0E 02 0A 89 50 69 74 6D 6F 64 65 00 4F 66 66 3B 4F 6E 3B 41 55 58 31 C0 3B 41 55 58 31 C1 3B 41 55 58 32 C0 3B 41 55 58 32 C1 3B 41 55 58 33 C0 3B 41 55 58 33 C1 3B 41 55 58 F1
[21:17:15.243] ADDR:0xEE TYPE:RC_CHANNELS_PACKED        LEN:26 | EE 18 16 E0 C3 5E 2B B2 D7 8A 56 B4 02 7C E0 03 1F F8 C0 07 3E F0 81 0F 7C E4
[21:17:15.254] ADDR:0xEE TYPE:RC_CHANNELS_PACKED        LEN:26 | EE 18 16 E0 C3 5E 2B B2 D7 8A 56 B4 02 7C E0 03 1F F8 C0 07 3E F0 81 0F 7C E4
[21:17:15.254] ADDR:0xEA TYPE:ELRS_STATUS               LEN:15 | EA 0D 3A EA EE 10 00 03 0D 40 00 00 01 18 E5
[21:17:15.274] ADDR:0xEE TYPE:RC_CHANNELS_PACKED        LEN:26 | EE 18 16 E0 C3 5E 2B B2 D7 8A 56 B4 02 7C E0 03 1F F8 C0 07 3E F0 81 0F 7C E4
[21:17:15.294] ADDR:0xEE TYPE:PARAMETER_READ            LEN:08 | EE 06 2C EE EA 0E 01 3A
[21:17:15.324] ADDR:0xEE TYPE:RC_CHANNELS_PACKED        LEN:26 | EE 18 16 E0 C3 5E 2B B2 D7 8A 56 B4 02 7C E0 03 1F F8 C0 07 3E F0 81 0F 7C E4
[21:17:15.324] ADDR:0xEA TYPE:PARAMETER_SETTINGS_ENTRY  LEN:64 | EA 3E 2B EA EE 0E 01 34 C0 3B 41 55 58 34 C1 3B 41 55 58 35 C0 3B 41 55 58 35 C1 3B 41 55 58 36 C0 3B 41 55 58 36 C1 3B 41 55 58 37 C0 3B 41 55 58 37 C1 3B 41 55 58 38 C0 3B 41 55 58 38 C1 00
[21:17:15.345] ADDR:0xEE TYPE:RC_CHANNELS_PACKED        LEN:26 | EE 18 16 DD C3 5E 2B B2 D7 8A 56 B4 02 7C E0 03 1F F8 C0 07 3E F0 81 0F 7C 10
[21:17:15.355] ADDR:0xEE TYPE:RC_CHANNELS_PACKED        LEN:26 | EE 18 16 E0 BB 5E 2B B2 D7 8A 56 B4 02 7C E0 03 1F F8 C0 07 3E F0 81 0F 7C 44
[21:17:15.375] ADDR:0xEE TYPE:RC_CHANNELS_PACKED        LEN:26 | EE 18 16 E0 C3 5E 2B B2 D7 8A 56 B4 02 7C E0 03 1F F8 C0 07 3E F0 81 0F 7C E4
[21:17:15.386] ADDR:0xEE TYPE:PARAMETER_READ            LEN:08 | EE 06 2C EE EA 0E 02 90
[21:17:15.426] ADDR:0xEE TYPE:RC_CHANNELS_PACKED        LEN:26 | EE 18 16 E0 C3 5E 2B B2 D7 8A 56 B4 02 7C E0 03 1F F8 C0 07 3E F0 81 0F 7C E4
[21:17:15.426] ADDR:0xEA TYPE:PARAMETER_SETTINGS_ENTRY  LEN:40 | EA 26 2B EA EE 0E 00 3B 41 55 58 39 C0 3B 41 55 58 39 C1 3B 41 55 58 31 30 C0 3B 41 55 58 31 30 C1 00 00 00 15 00 00 97
[21:17:15.446] ADDR:0xEE TYPE:RC_CHANNELS_PACKED        LEN:26 | EE 18 16 E0 C3 5E 2B B0 D7 8A 56 B4 02 7C E0 03 1F F8 C0 07 3E F0 81 0F 7C 98
[21:17:15.457] ADDR:0xEE TYPE:RC_CHANNELS_PACKED        LEN:26 | EE 18 16 E0 C3 5E 2B B2 D7 8A 56 B4 02 7C E0 03 1F F8 C0 07 3E F0 81 0F 7C E4
[21:17:15.457] ADDR:0xEA TYPE:ELRS_STATUS               LEN:15 | EA 0D 3A EA EE 10 00 03 0D 40 00 00 00 5A 0C
[21:17:15.477] ADDR:0xEE TYPE:RC_CHANNELS_PACKED        LEN:26 | EE 18 16 E0 C3 5E 2B B2 D7 8A 56 B4 02 7C E0 03 1F F8 C0 07 3E F0 81 0F 7C E4
[21:17:15.487] ADDR:0xEE TYPE:PARAMETER_READ            LEN:08 | EE 06 2C EE EA 0F 00 E4
[21:17:15.517] ADDR:0xEE TYPE:RC_CHANNELS_PACKED        LEN:26 | EE 18 16 E0 C3 5E 2B B2 D7 8A 56 B4 02 7C E0 03 1F F8 C0 07 3E F0 81 0F 7C E4
[21:17:15.517] ADDR:0xEA TYPE:PARAMETER_SETTINGS_ENTRY  LEN:22 | EA 14 2B EA EE 0F 00 0A 0D 53 65 6E 64 20 56 54 78 00 00 C8 00 01
[21:17:15.538] ADDR:0xEE TYPE:RC_CHANNELS_PACKED        LEN:26 | EE 18 16 E0 C3 5E 2B B2 D7 8A 56 B4 02 7C E0 03 1F F8 C0 07 3E F0 81 0F 7C E4
[21:17:15.558] ADDR:0xEE TYPE:RC_CHANNELS_PACKED        LEN:26 | EE 18 16 E0 C3 5E 2B B2 D7 8A 56 B4 02 7C E0 03 1F F8 C0 07 3E F0 81 0F 7C E4
[21:17:15.568] ADDR:0xEE TYPE:RC_CHANNELS_PACKED        LEN:26 | EE 18 16 E0 C3 5E 2B B0 D7 8A 56 B4 02 7C E0 03 1F F8 C0 07 3E F0 81 0F 7C 98
[21:17:15.598] ADDR:0xEE TYPE:PARAMETER_READ            LEN:08 | EE 06 2C EE EA 10 00 3D
[21:17:15.619] ADDR:0xEE TYPE:RC_CHANNELS_PACKED        LEN:26 | EE 18 16 E0 BB 5E 2B AE D7 8A 56 B4 02 7C E0 03 1F F8 C0 07 3E F0 81 0F 7C D3
[21:17:15.619] ADDR:0xEA TYPE:PARAMETER_SETTINGS_ENTRY  LEN:33 | EA 1F 2B EA EE 10 00 00 0B 57 69 46 69 20 43 6F 6E 6E 65 63 74 69 76 69 74 79 00 11 12 13 14 FF 05
[21:17:15.629] ADDR:0xEE TYPE:RC_CHANNELS_PACKED        LEN:26 | EE 18 16 E0 C3 5E 2B B2 D7 8A 56 B4 02 7C E0 03 1F F8 C0 07 3E F0 81 0F 7C E4
[21:17:15.649] ADDR:0xEE TYPE:RC_CHANNELS_PACKED        LEN:26 | EE 18 16 E0 C3 5E 2B B0 D7 8A 56 B4 02 7C E0 03 1F F8 C0 07 3E F0 81 0F 7C 98
[21:17:15.670] ADDR:0xEA TYPE:ELRS_STATUS               LEN:15 | EA 0D 3A EA EE 10 00 03 0D 40 FF FF FF B0 54
[21:17:15.680] ADDR:0xEE TYPE:RC_CHANNELS_PACKED        LEN:26 | EE 18 16 E0 C3 5E 2B B0 D7 8A 56 B4 02 7C E0 03 1F F8 C0 07 3E F0 81 0F 7C 98
[21:17:15.700] ADDR:0xEE TYPE:PARAMETER_READ            LEN:08 | EE 06 2C EE EA 11 00 36
[21:17:15.711] ADDR:0xEE TYPE:RC_CHANNELS_PACKED        LEN:26 | EE 18 16 E0 C3 5E 2B B2 D7 8A 56 B4 02 7C E0 03 1F F8 C0 07 3E F0 81 0F 7C E4
[21:17:15.711] ADDR:0xEA TYPE:PARAMETER_SETTINGS_ENTRY  LEN:25 | EA 17 2B EA EE 11 00 10 0D 45 6E 61 62 6C 65 20 57 69 46 69 00 00 C8 00 92
[21:17:15.731] ADDR:0xEE TYPE:RC_CHANNELS_PACKED        LEN:26 | EE 18 16 E0 C3 5E 2B B2 D7 8A 56 B4 02 7C E0 03 1F F8 C0 07 3E F0 81 0F 7C E4
[21:17:15.761] ADDR:0xEE TYPE:RC_CHANNELS_PACKED        LEN:26 | EE 18 16 DF BB 5E 2B B2 D7 8A 56 B4 02 7C E0 03 1F F8 C0 07 3E F0 81 0F 7C C6
[21:17:15.782] ADDR:0xEE TYPE:RC_CHANNELS_PACKED        LEN:26 | EE 18 16 E0 C3 5E 2B B2 D7 8A 56 B4 02 7C E0 03 1F F8 C0 07 3E F0 81 0F 7C E4
[21:17:15.792] ADDR:0xEE TYPE:PARAMETER_READ            LEN:08 | EE 06 2C EE EA 12 00 2B
[21:17:15.812] ADDR:0xEE TYPE:RC_CHANNELS_PACKED        LEN:26 | EE 18 16 E0 C3 5E 2B B2 D7 8A 56 B4 02 7C E0 03 1F F8 C0 07 3E F0 81 0F 7C E4
[21:17:15.822] ADDR:0xEA TYPE:PARAMETER_SETTINGS_ENTRY  LEN:28 | EA 1A 2B EA EE 12 00 10 0D 45 6E 61 62 6C 65 20 52 78 20 57 69 46 69 00 00 C8 00 43
[21:17:15.843] ADDR:0xEE TYPE:RC_CHANNELS_PACKED        LEN:26 | EE 18 16 E0 BB 5E 2B B0 D7 8A 56 B4 02 7C E0 03 1F F8 C0 07 3E F0 81 0F 7C 38
[21:17:15.853] ADDR:0xEE TYPE:RC_CHANNELS_PACKED        LEN:26 | EE 18 16 E0 C3 5E 2B B2 D7 8A 56 B4 02 7C E0 03 1F F8 C0 07 3E F0 81 0F 7C E4
[21:17:15.853] ADDR:0xEA TYPE:ELRS_STATUS               LEN:15 | EA 0D 3A EA EE 10 00 03 0D 40 00 00 01 04 60
[21:17:15.874] ADDR:0xEE TYPE:RC_CHANNELS_PACKED        LEN:26 | EE 18 16 E0 C3 5E 2B B0 D7 8A 56 B4 02 7C E0 03 1F F8 C0 07 3E F0 81 0F 7C 98
[21:17:15.894] ADDR:0xEE TYPE:PARAMETER_READ            LEN:08 | EE 06 2C EE EA 13 00 20
[21:17:15.924] ADDR:0xEE TYPE:RC_CHANNELS_PACKED        LEN:26 | EE 18 16 E0 C3 5E 2B B2 D7 8A 56 B4 02 7C E0 03 1F F8 C0 07 3E F0 81 0F 7C E4
[21:17:15.925] ADDR:0xEA TYPE:PARAMETER_SETTINGS_ENTRY  LEN:34 | EA 20 2B EA EE 13 00 10 0D 45 6E 61 62 6C 65 20 42 61 63 6B 70 61 63 6B 20 57 69 46 69 00 00 C8 00 4B
[21:17:15.935] ADDR:0xEE TYPE:RC_CHANNELS_PACKED        LEN:26 | EE 18 16 E0 C3 5E 2B AE D7 8A 56 B4 02 7C E0 03 1F F8 C0 07 3E F0 81 0F 7C 73
[21:17:15.955] ADDR:0xEE TYPE:RC_CHANNELS_PACKED        LEN:26 | EE 18 16 E0 C3 5E 2B B2 D7 8A 56 B4 02 7C E0 03 1F F8 C0 07 3E F0 81 0F 7C E4
[21:17:15.965] ADDR:0xEE TYPE:RC_CHANNELS_PACKED        LEN:26 | EE 18 16 E0 BB 5E 2B B2 D7 8A 56 B4 02 7C E0 03 1F F8 C0 07 3E F0 81 0F 7C 44
[21:17:16.005] ADDR:0xEE TYPE:PARAMETER_READ            LEN:08 | EE 06 2C EE EA 14 00 11
[21:17:16.016] ADDR:0xEE TYPE:RC_CHANNELS_PACKED        LEN:26 | EE 18 16 E0 BB 5E 2B B2 D7 8A 56 B4 02 7C E0 03 1F F8 C0 07 3E F0 81 0F 7C 44
[21:17:16.016] ADDR:0xEA TYPE:PARAMETER_SETTINGS_ENTRY  LEN:29 | EA 1B 2B EA EE 14 00 10 0D 45 6E 61 62 6C 65 20 56 52 78 20 57 69 46 69 00 00 C8 00 EC
[21:17:16.036] ADDR:0xEE TYPE:RC_CHANNELS_PACKED        LEN:26 | EE 18 16 E0 C3 5E 2B B2 D7 8A 56 B4 02 7C E0 03 1F F8 C0 07 3E F0 81 0F 7C E4
[21:17:16.046] ADDR:0xEE TYPE:RC_CHANNELS_PACKED        LEN:26 | EE 18 16 E0 C3 5E 2B B2 D7 8A 56 B4 02 7C E0 03 1F F8 C0 07 3E F0 81 0F 7C E4
[21:17:16.046] ADDR:0xEA TYPE:ELRS_STATUS               LEN:15 | EA 0D 3A EA EE 10 00 03 0D 40 00 00 00 F0 11
[21:17:16.076] ADDR:0xEE TYPE:RC_CHANNELS_PACKED        LEN:26 | EE 18 16 E0 C3 5E 2B B2 D7 8A 56 B4 02 7C E0 03 1F F8 C0 07 3E F0 81 0F 7C E4
[21:17:16.097] ADDR:0xEE TYPE:PARAMETER_READ            LEN:08 | EE 06 2C EE EA 15 00 1A
[21:17:16.117] ADDR:0xEE TYPE:RC_CHANNELS_PACKED        LEN:26 | EE 18 16 E0 C3 5E 2B B0 D7 8A 56 B4 02 7C E0 03 1F F8 C0 07 3E F0 81 0F 7C 98
[21:17:16.117] ADDR:0xEA TYPE:PARAMETER_SETTINGS_ENTRY  LEN:27 | EA 19 2B EA EE 15 00 00 0B 42 61 63 6B 70 61 63 6B 00 16 17 18 19 1A 1B 1C FF EE
[21:17:16.127] ADDR:0xEE TYPE:RC_CHANNELS_PACKED        LEN:26 | EE 18 16 E0 C3 5E 2B B2 D7 8A 56 B4 02 7C E0 03 1F F8 C0 07 3E F0 81 0F 7C E4
[21:17:16.158] ADDR:0xEE TYPE:RC_CHANNELS_PACKED        LEN:26 | EE 18 16 E0 C3 5E 2B B2 D7 8A 56 B4 02 7C E0 03 1F F8 C0 07 3E F0 81 0F 7C E4
[21:17:16.178] ADDR:0xEE TYPE:RC_CHANNELS_PACKED        LEN:26 | EE 18 16 E0 C3 5E 2B B2 D7 8A 56 B4 02 7C E0 03 1F F8 C0 07 3E F0 81 0F 7C E4
[21:17:16.198] ADDR:0xEE TYPE:PARAMETER_READ            LEN:08 | EE 06 2C EE EA 16 00 07
[21:17:16.208] ADDR:0xEE TYPE:RC_CHANNELS_PACKED        LEN:26 | EE 18 16 E0 BB 5E 2B B2 D7 8A 56 B4 02 7C E0 03 1F F8 C0 07 3E F0 81 0F 7C 44
[21:17:16.229] ADDR:0xEA TYPE:PARAMETER_SETTINGS_ENTRY  LEN:64 | EA 3E 2B EA EE 16 02 15 09 44 56 52 20 52 65 63 00 4F 66 66 3B 41 55 58 31 C0 3B 41 55 58 31 C1 3B 41 55 58 32 C0 3B 41 55 58 32 C1 3B 41 55 58 33 C0 3B 41 55 58 33 C1 3B 41 55 58 34 C0 3B AD
[21:17:16.239] ADDR:0xEE TYPE:RC_CHANNELS_PACKED        LEN:26 | EE 18 16 E0 C3 5E 2B B2 D7 8A 56 B4 02 7C E0 03 1F F8 C0 07 3E F0 81 0F 7C E4
[21:17:16.259] ADDR:0xEE TYPE:RC_CHANNELS_PACKED        LEN:26 | EE 18 16 E0 C3 5E 2B AE D7 8A 56 B4 02 7C E0 03 1F F8 C0 07 3E F0 81 0F 7C 73
[21:17:16.259] ADDR:0xEA TYPE:ELRS_STATUS               LEN:15 | EA 0D 3A EA EE 10 00 03 0D 40 00 00 00 BE 24
[21:17:16.270] ADDR:0xEE TYPE:RC_CHANNELS_PACKED        LEN:26 | EE 18 16 E0 C3 5E 2B B2 D7 8A 56 B4 02 7C E0 03 1F F8 C0 07 3E F0 81 0F 7C E4
[21:17:16.290] ADDR:0xEE TYPE:PARAMETER_READ            LEN:08 | EE 06 2C EE EA 16 01 D2
[21:17:16.330] ADDR:0xEE TYPE:RC_CHANNELS_PACKED        LEN:26 | EE 18 16 E0 C3 5E 2B B0 D7 8A 56 B4 02 7C E0 03 1F F8 C0 07 3E F0 81 0F 7C 98
[21:17:16.330] ADDR:0xEA TYPE:PARAMETER_SETTINGS_ENTRY  LEN:64 | EA 3E 2B EA EE 16 01 41 55 58 34 C1 3B 41 55 58 35 C0 3B 41 55 58 35 C1 3B 41 55 58 36 C0 3B 41 55 58 36 C1 3B 41 55 58 37 C0 3B 41 55 58 37 C1 3B 41 55 58 38 C0 3B 41 55 58 38 C1 3B 41 55 BA
[21:17:16.341] ADDR:0xEE TYPE:RC_CHANNELS_PACKED        LEN:26 | EE 18 16 E0 C3 5E 2B B2 D7 8A 56 B4 02 7C E0 03 1F F8 C0 07 3E F0 81 0F 7C E4
[21:17:16.361] ADDR:0xEE TYPE:RC_CHANNELS_PACKED        LEN:26 | EE 18 16 E0 C3 5E 2B B2 D7 8A 56 B4 02 7C E0 03 1F F8 C0 07 3E F0 81 0F 7C E4
[21:17:16.371] ADDR:0xEE TYPE:RC_CHANNELS_PACKED        LEN:26 | EE 18 16 E0 BB 5E 2B B2 D7 8A 56 B4 02 7C E0 03 1F F8 C0 07 3E F0 81 0F 7C 44
[21:17:16.391] ADDR:0xEE TYPE:PARAMETER_READ            LEN:08 | EE 06 2C EE EA 16 02 78
[21:17:16.442] ADDR:0xEE TYPE:RC_CHANNELS_PACKED        LEN:26 | EE 18 16 E0 C3 5E 2B B0 D7 8A 56 B4 02 7C E0 03 1F F8 C0 07 3E F0 81 0F 7C 98
[21:17:16.442] ADDR:0xEA TYPE:PARAMETER_SETTINGS_ENTRY  LEN:37 | EA 23 2B EA EE 16 00 58 39 C0 3B 41 55 58 39 C1 3B 41 55 58 31 30 C0 3B 41 55 58 31 30 C1 00 00 00 14 00 00 20
[21:17:16.442] ADDR:0xEE TYPE:RC_CHANNELS_PACKED        LEN:26 | EE 18 16 E0 C3 5E 2B B2 D7 8A 56 B4 02 7C E0 03 1F F8 C0 07 3E F0 81 0F 7C E4
[21:17:16.452] ADDR:0xEE TYPE:RC_CHANNELS_PACKED        LEN:26 | EE 18 16 E0 C3 5E 2B B2 D7 8A 56 B4 02 7C E0 03 1F F8 C0 07 3E F0 81 0F 7C E4
[21:17:16.452] ADDR:0xEA TYPE:ELRS_STATUS               LEN:15 | EA 0D 3A EA EE 10 00 03 0D 40 00 00 00 B4 72
[21:17:16.473] ADDR:0xEE TYPE:PARAMETER_WRITE           LEN:08 | EE 06 2D EE EA 11 01 55
[21:17:16.505] ADDR:0xEE TYPE:RC_CHANNELS_PACKED        LEN:26 | EE 18 16 E0 C3 5E 2B B2 D7 8A 56 B4 02 7C E0 03 1F F8 C0 07 3E F0 81 0F 7C E4
[21:17:16.505] ADDR:0xEA TYPE:PARAMETER_SETTINGS_ENTRY  LEN:40 | EA 26 2B EA EE 11 00 10 0D 45 6E 61 62 6C 65 20 57 69 46 69 00 02 C8 57 69 46 69 20 52 75 6E 6E 69 6E 67 2E 2E 2E 00 9E
[21:17:16.529] ADDR:0xEE TYPE:RC_CHANNELS_PACKED        LEN:26 | EE 18 16 E0 C3 5E 2B B2 D7 8A 56 B4 02 7C E0 03 1F F8 C0 07 3E F0 81 0F 7C E4
[21:17:16.539] ADDR:0xEE TYPE:RC_CHANNELS_PACKED        LEN:26 | EE 18 16 DF C3 5E 2B B0 D7 8A 56 B4 02 7C E0 03 1F F8 C0 07 3E F0 81 0F 7C 1A
[21:17:16.549] ADDR:0xEE TYPE:RC_CHANNELS_PACKED        LEN:26 | EE 18 16 E0 C3 5E 2B B2 D7 8A 56 B4 02 7C E0 03 1F F8 C0 07 3E F0 81 0F 7C E4
[21:17:16.570] ADDR:0xEE TYPE:PARAMETER_WRITE           LEN:08 | EE 06 2D EE EA 11 06 01
[21:17:16.610] ADDR:0xEE TYPE:RC_CHANNELS_PACKED        LEN:26 | EE 18 16 E0 C3 5E 2B B0 D7 8A 56 B4 02 7C E0 03 1F F8 C0 07 3E F0 81 0F 7C 98
[21:17:16.610] ADDR:0xEA TYPE:PARAMETER_SETTINGS_ENTRY  LEN:40 | EA 26 2B EA EE 11 00 10 0D 45 6E 61 62 6C 65 20 57 69 46 69 00 02 C8 57 69 46 69 20 52 75 6E 6E 69 6E 67 2E 2E 2E 00 9E
[21:17:16.620] ADDR:0xEE TYPE:RC_CHANNELS_PACKED        LEN:26 | EE 18 16 E0 C3 5E 2B B2 D7 8A 56 B4 02 7C E0 03 1F F8 C0 07 3E F0 81 0F 7C E4
[21:17:16.641] ADDR:0xEE TYPE:RC_CHANNELS_PACKED        LEN:26 | EE 18 16 E0 C3 5E 2B B2 D7 8A 56 B4 02 7C E0 03 1F F8 C0 07 3E F0 81 0F 7C E4
[21:17:16.651] ADDR:0xEE TYPE:RC_CHANNELS_PACKED        LEN:26 | EE 18 16 DF C3 5E 2B B2 D7 8A 56 B4 02 7C E0 03 1F F8 C0 07 3E F0 81 0F 7C 66
[21:17:16.651] ADDR:0xEA TYPE:ELRS_STATUS               LEN:15 | EA 0D 3A EA EE 10 00 03 0D 40 00 00 11 F8 83
[21:17:16.671] ADDR:0xEE TYPE:PARAMETER_WRITE           LEN:08 | EE 06 2D EE EA 11 06 01
[21:17:16.701] ADDR:0xEE TYPE:RC_CHANNELS_PACKED        LEN:26 | EE 18 16 E0 C3 5E 2B B2 D7 8A 56 B4 02 7C E0 03 1F F8 C0 07 3E F0 81 0F 7C E4
[21:17:16.702] ADDR:0xEA TYPE:PARAMETER_SETTINGS_ENTRY  LEN:40 | EA 26 2B EA EE 11 00 10 0D 45 6E 61 62 6C 65 20 57 69 46 69 00 02 C8 57 69 46 69 20 52 75 6E 6E 69 6E 67 2E 2E 2E 00 9E
[21:17:16.722] ADDR:0xEE TYPE:RC_CHANNELS_PACKED        LEN:26 | EE 18 16 E0 BB 5E 2B B2 D7 8A 56 B4 02 7C E0 03 1F F8 C0 07 3E F0 81 0F 7C 44
[21:17:16.742] ADDR:0xEE TYPE:RC_CHANNELS_PACKED        LEN:26 | EE 18 16 E0 C3 5E 2B B2 D7 8A 56 B4 02 7C E0 03 1F F8 C0 07 3E F0 81 0F 7C E4
[21:17:16.752] ADDR:0xEE TYPE:RC_CHANNELS_PACKED        LEN:26 | EE 18 16 E0 BB 5E 2B B2 D7 8A 56 B4 02 7C E0 03 1F F8 C0 07 3E F0 81 0F 7C 44
[21:17:16.773] ADDR:0xEE TYPE:PARAMETER_WRITE           LEN:08 | EE 06 2D EE EA 11 06 01
[21:17:16.803] ADDR:0xEE TYPE:RC_CHANNELS_PACKED        LEN:26 | EE 18 16 E0 C3 5E 2B B0 D7 8A 56 B4 02 7C E0 03 1F F8 C0 07 3E F0 81 0F 7C 98
[21:17:16.803] ADDR:0xEA TYPE:PARAMETER_SETTINGS_ENTRY  LEN:40 | EA 26 2B EA EE 11 00 10 0D 45 6E 61 62 6C 65 20 57 69 46 69 00 02 C8 57 69 46 69 20 52 75 6E 6E 69 6E 67 2E 2E 2E 00 9E
[21:17:16.823] ADDR:0xEE TYPE:RC_CHANNELS_PACKED        LEN:26 | EE 18 16 E0 C3 5E 2B B2 D7 8A 56 B4 02 7C E0 03 1F F8 C0 07 3E F0 81 0F 7C E4
[21:17:16.834] ADDR:0xEE TYPE:RC_CHANNELS_PACKED        LEN:26 | EE 18 16 E0 C3 5E 2B B2 D7 8A 56 B4 02 7C E0 03 1F F8 C0 07 3E F0 81 0F 7C E4
[21:17:16.854] ADDR:0xEE TYPE:RC_CHANNELS_PACKED        LEN:26 | EE 18 16 E0 C3 5E 2B B2 D7 8A 56 B4 02 7C E0 03 1F F8 C0 07 3E F0 81 0F 7C E4
[21:17:16.854] ADDR:0xEA TYPE:ELRS_STATUS               LEN:15 | EA 0D 3A EA EE 10 00 03 0D 40 00 00 11 F8 83
[21:17:16.874] ADDR:0xEE TYPE:PARAMETER_WRITE           LEN:08 | EE 06 2D EE EA 11 06 01
[21:17:16.905] ADDR:0xEE TYPE:RC_CHANNELS_PACKED        LEN:26 | EE 18 16 E0 C3 5E 2B B2 D7 8A 56 B4 02 7C E0 03 1F F8 C0 07 3E F0 81 0F 7C E4
[21:17:16.905] ADDR:0xEA TYPE:PARAMETER_SETTINGS_ENTRY  LEN:40 | EA 26 2B EA EE 11 00 10 0D 45 6E 61 62 6C 65 20 57 69 46 69 00 02 C8 57 69 46 69 20 52 75 6E 6E 69 6E 67 2E 2E 2E 00 9E
[21:17:16.925] ADDR:0xEE TYPE:RC_CHANNELS_PACKED        LEN:26 | EE 18 16 E0 C3 5E 2B B2 D7 8A 56 B4 02 7C E0 03 1F F8 C0 07 3E F0 81 0F 7C E4
[21:17:16.935] ADDR:0xEE TYPE:RC_CHANNELS_PACKED        LEN:26 | EE 18 16 E0 C3 5E 2B AE D7 8A 56 B4 02 7C E0 03 1F F8 C0 07 3E F0 81 0F 7C 73
[21:17:16.955] ADDR:0xEE TYPE:RC_CHANNELS_PACKED        LEN:26 | EE 18 16 E0 C3 5E 2B B2 D7 8A 56 B4 02 7C E0 03 1F F8 C0 07 3E F0 81 0F 7C E4
[21:17:16.966] ADDR:0xEE TYPE:PARAMETER_WRITE           LEN:08 | EE 06 2D EE EA 11 06 01
[21:17:17.006] ADDR:0xEE TYPE:RC_CHANNELS_PACKED        LEN:26 | EE 18 16 E0 BB 5E 2B B2 D7 8A 56 B4 02 7C E0 03 1F F8 C0 07 3E F0 81 0F 7C 44
[21:17:17.006] ADDR:0xEA TYPE:PARAMETER_SETTINGS_ENTRY  LEN:40 | EA 26 2B EA EE 11 00 10 0D 45 6E 61 62 6C 65 20 57 69 46 69 00 02 C8 57 69 46 69 20 52 75 6E 6E 69 6E 67 2E 2E 2E 00 9E
[21:17:17.026] ADDR:0xEE TYPE:RC_CHANNELS_PACKED        LEN:26 | EE 18 16 E0 C3 5E 2B B2 D7 8A 56 B4 02 7C E0 03 1F F8 C0 07 3E F0 81 0F 7C E4
[21:17:17.037] ADDR:0xEE TYPE:RC_CHANNELS_PACKED        LEN:26 | EE 18 16 E0 C3 5E 2B B2 D7 8A 56 B4 02 7C E0 03 1F F8 C0 07 3E F0 81 0F 7C E4
[21:17:17.057] ADDR:0xEE TYPE:RC_CHANNELS_PACKED        LEN:26 | EE 18 16 E0 C3 5E 2B B2 D7 8A 56 B4 02 7C E0 03 1F F8 C0 07 3E F0 81 0F 7C E4
[21:17:17.057] ADDR:0xEA TYPE:ELRS_STATUS               LEN:15 | EA 0D 3A EA EE 10 00 03 0D 40 00 00 11 F8 83
[21:17:17.067] ADDR:0xEE TYPE:PARAMETER_WRITE           LEN:08 | EE 06 2D EE EA 11 06 01
[21:17:17.108] ADDR:0xEE TYPE:RC_CHANNELS_PACKED        LEN:26 | EE 18 16 E0 C3 5E 2B B2 D7 8A 56 B4 02 7C E0 03 1F F8 C0 07 3E F0 81 0F 7C E4
[21:17:17.108] ADDR:0xEA TYPE:PARAMETER_SETTINGS_ENTRY  LEN:40 | EA 26 2B EA EE 11 00 10 0D 45 6E 61 62 6C 65 20 57 69 46 69 00 02 C8 57 69 46 69 20 52 75 6E 6E 69 6E 67 2E 2E 2E 00 9E
[21:17:17.118] ADDR:0xEE TYPE:RC_CHANNELS_PACKED        LEN:26 | EE 18 16 DF C3 5E 2B B0 D7 8A 56 B4 02 7C E0 03 1F F8 C0 07 3E F0 81 0F 7C 1A
[21:17:17.138] ADDR:0xEE TYPE:RC_CHANNELS_PACKED        LEN:26 | EE 18 16 E0 C3 5E 2B B2 D7 8A 56 B4 02 7C E0 03 1F F8 C0 07 3E F0 81 0F 7C E4
[21:17:17.158] ADDR:0xEE TYPE:RC_CHANNELS_PACKED        LEN:26 | EE 18 16 E0 C3 5E 2B B2 D7 8A 56 B4 02 7C E0 03 1F F8 C0 07 3E F0 81 0F 7C E4
[21:17:17.169] ADDR:0xEE TYPE:PARAMETER_WRITE           LEN:08 | EE 06 2D EE EA 11 06 01
[21:17:17.209] ADDR:0xEE TYPE:RC_CHANNELS_PACKED        LEN:26 | EE 18 16 E0 C3 5E 2B B2 D7 8A 56 B4 02 7C E0 03 1F F8 C0 07 3E F0 81 0F 7C E4
[21:17:17.209] ADDR:0xEA TYPE:PARAMETER_SETTINGS_ENTRY  LEN:40 | EA 26 2B EA EE 11 00 10 0D 45 6E 61 62 6C 65 20 57 69 46 69 00 02 C8 57 69 46 69 20 52 75 6E 6E 69 6E 67 2E 2E 2E 00 9E
[21:17:17.220] ADDR:0xEE TYPE:RC_CHANNELS_PACKED        LEN:26 | EE 18 16 E0 C3 5E 2B B2 D7 8A 56 B4 02 7C E0 03 1F F8 C0 07 3E F0 81 0F 7C E4
[21:17:17.240] ADDR:0xEE TYPE:RC_CHANNELS_PACKED        LEN:26 | EE 18 16 E0 C3 5E 2B B2 D7 8A 56 B4 02 7C E0 03 1F F8 C0 07 3E F0 81 0F 7C E4
[21:17:17.260] ADDR:0xEE TYPE:RC_CHANNELS_PACKED        LEN:26 | EE 18 16 E0 BB 5E 2B B2 D7 8A 56 B4 02 7C E0 03 1F F8 C0 07 3E F0 81 0F 7C 44
[21:17:17.260] ADDR:0xEA TYPE:ELRS_STATUS               LEN:15 | EA 0D 3A EA EE 10 00 03 0D 40 00 00 11 F8 83
[21:17:17.270] ADDR:0xEE TYPE:PARAMETER_WRITE           LEN:08 | EE 06 2D EE EA 11 06 01
[21:17:17.313] ADDR:0xEE TYPE:RC_CHANNELS_PACKED        LEN:26 | EE 18 16 E0 C3 5E 2B B2 D7 8A 56 B4 02 7C E0 03 1F F8 C0 07 3E F0 81 0F 7C E4
[21:17:17.313] ADDR:0xEA TYPE:PARAMETER_SETTINGS_ENTRY  LEN:40 | EA 26 2B EA EE 11 00 10 0D 45 6E 61 62 6C 65 20 57 69 46 69 00 02 C8 57 69 46 69 20 52 75 6E 6E 69 6E 67 2E 2E 2E 00 9E
[21:17:17.323] ADDR:0xEE TYPE:RC_CHANNELS_PACKED        LEN:26 | EE 18 16 E0 C3 5E 2B B0 D7 8A 56 B4 02 7C E0 03 1F F8 C0 07 3E F0 81 0F 7C 98
[21:17:17.335] ADDR:0xEE TYPE:RC_CHANNELS_PACKED        LEN:26 | EE 18 16 E0 C3 5E 2B B2 D7 8A 56 B4 02 7C E0 03 1F F8 C0 07 3E F0 81 0F 7C E4
[21:17:17.355] ADDR:0xEE TYPE:RC_CHANNELS_PACKED        LEN:26 | EE 18 16 E0 BB 5E 2B B2 D7 8A 56 B4 02 7C E0 03 1F F8 C0 07 3E F0 81 0F 7C 44
[21:17:17.375] ADDR:0xEE TYPE:PARAMETER_WRITE           LEN:08 | EE 06 2D EE EA 11 06 01
[21:17:17.407] ADDR:0xEE TYPE:RC_CHANNELS_PACKED        LEN:26 | EE 18 16 E0 C3 5E 2B B2 D7 8A 56 B4 02 7C E0 03 1F F8 C0 07 3E F0 81 0F 7C E4
[21:17:17.407] ADDR:0xEA TYPE:PARAMETER_SETTINGS_ENTRY  LEN:40 | EA 26 2B EA EE 11 00 10 0D 45 6E 61 62 6C 65 20 57 69 46 69 00 02 C8 57 69 46 69 20 52 75 6E 6E 69 6E 67 2E 2E 2E 00 9E
[21:17:17.427] ADDR:0xEE TYPE:RC_CHANNELS_PACKED        LEN:26 | EE 18 16 E0 C3 5E 2B B2 D7 8A 56 B4 02 7C E0 03 1F F8 C0 07 3E F0 81 0F 7C E4
[21:17:17.437] ADDR:0xEE TYPE:RC_CHANNELS_PACKED        LEN:26 | EE 18 16 E0 C3 5E 2B B2 D7 8A 56 B4 02 7C E0 03 1F F8 C0 07 3E F0 81 0F 7C E4
[21:17:17.458] ADDR:0xEE TYPE:RC_CHANNELS_PACKED        LEN:26 | EE 18 16 E0 C3 5E 2B B2 D7 8A 56 B4 02 7C E0 03 1F F8 C0 07 3E F0 81 0F 7C E4
[21:17:17.458] ADDR:0xEA TYPE:ELRS_STATUS               LEN:15 | EA 0D 3A EA EE 10 00 03 0D 40 00 00 11 F8 83
[21:17:17.468] ADDR:0xEE TYPE:PARAMETER_WRITE           LEN:08 | EE 06 2D EE EA 11 06 01
[21:17:17.509] ADDR:0xEE TYPE:RC_CHANNELS_PACKED        LEN:26 | EE 18 16 E0 C3 5E 2B B2 D7 8A 56 B4 02 7C E0 03 1F F8 C0 07 3E F0 81 0F 7C E4
[21:17:17.509] ADDR:0xEA TYPE:PARAMETER_SETTINGS_ENTRY  LEN:40 | EA 26 2B EA EE 11 00 10 0D 45 6E 61 62 6C 65 20 57 69 46 69 00 02 C8 57 69 46 69 20 52 75 6E 6E 69 6E 67 2E 2E 2E 00 9E
[21:17:17.520] ADDR:0xEE TYPE:RC_CHANNELS_PACKED        LEN:26 | EE 18 16 E0 C3 5E 2B B4 D7 8A 56 B4 02 7C E0 03 1F F8 C0 07 3E F0 81 0F 7C 60
[21:17:17.540] ADDR:0xEE TYPE:RC_CHANNELS_PACKED        LEN:26 | EE 18 16 E0 C3 5E 2B B2 D7 8A 56 B4 02 7C E0 03 1F F8 C0 07 3E F0 81 0F 7C E4
[21:17:17.550] ADDR:0xEE TYPE:RC_CHANNELS_PACKED        LEN:26 | EE 18 16 E0 C3 5E 2B B2 D7 8A 56 B4 02 7C E0 03 1F F8 C0 07 3E F0 81 0F 7C E4
[21:17:17.571] ADDR:0xEE TYPE:PARAMETER_WRITE           LEN:08 | EE 06 2D EE EA 11 06 01
[21:17:17.611] ADDR:0xEE TYPE:RC_CHANNELS_PACKED        LEN:26 | EE 18 16 E0 C3 5E 2B B2 D7 8A 56 B4 02 7C E0 03 1F F8 C0 07 3E F0 81 0F 7C E4
[21:17:17.612] ADDR:0xEA TYPE:PARAMETER_SETTINGS_ENTRY  LEN:40 | EA 26 2B EA EE 11 00 10 0D 45 6E 61 62 6C 65 20 57 69 46 69 00 02 C8 57 69 46 69 20 52 75 6E 6E 69 6E 67 2E 2E 2E 00 9E
[21:17:17.622] ADDR:0xEE TYPE:RC_CHANNELS_PACKED        LEN:26 | EE 18 16 E0 BB 5E 2B B2 D7 8A 56 B4 02 7C E0 03 1F F8 C0 07 3E F0 81 0F 7C 44
[21:17:17.642] ADDR:0xEE TYPE:RC_CHANNELS_PACKED        LEN:26 | EE 18 16 E0 C3 5E 2B B0 D7 8A 56 B4 02 7C E0 03 1F F8 C0 07 3E F0 81 0F 7C 98
[21:17:17.652] ADDR:0xEE TYPE:RC_CHANNELS_PACKED        LEN:26 | EE 18 16 E0 C3 5E 2B B2 D7 8A 56 B4 02 7C E0 03 1F F8 C0 07 3E F0 81 0F 7C E4
[21:17:17.652] ADDR:0xEA TYPE:ELRS_STATUS               LEN:15 | EA 0D 3A EA EE 10 00 03 0D 40 00 00 11 F8 83
[21:17:17.672] ADDR:0xEE TYPE:PARAMETER_WRITE           LEN:08 | EE 06 2D EE EA 11 06 01
[21:17:17.703] ADDR:0xEE TYPE:RC_CHANNELS_PACKED        LEN:26 | EE 18 16 E0 BB 5E 2B B2 D7 8A 56 B4 02 7C E0 03 1F F8 C0 07 3E F0 81 0F 7C 44
[21:17:17.703] ADDR:0xEA TYPE:PARAMETER_SETTINGS_ENTRY  LEN:40 | EA 26 2B EA EE 11 00 10 0D 45 6E 61 62 6C 65 20 57 69 46 69 00 02 C8 57 69 46 69 20 52 75 6E 6E 69 6E 67 2E 2E 2E 00 9E
[21:17:17.723] ADDR:0xEE TYPE:RC_CHANNELS_PACKED        LEN:26 | EE 18 16 E0 C3 5E 2B AE D7 8A 56 B4 02 7C E0 03 1F F8 C0 07 3E F0 81 0F 7C 73
[21:17:17.744] ADDR:0xEE TYPE:RC_CHANNELS_PACKED        LEN:26 | EE 18 16 E0 C3 5E 2B B2 D7 8A 56 B4 02 7C E0 03 1F F8 C0 07 3E F0 81 0F 7C E4
[21:17:17.754] ADDR:0xEE TYPE:RC_CHANNELS_PACKED        LEN:26 | EE 18 16 E0 C3 5E 2B B0 D7 8A 56 B4 02 7C E0 03 1F F8 C0 07 3E F0 81 0F 7C 98
[21:17:17.774] ADDR:0xEE TYPE:PARAMETER_WRITE           LEN:08 | EE 06 2D EE EA 11 06 01
[21:17:17.804] ADDR:0xEE TYPE:RC_CHANNELS_PACKED        LEN:26 | EE 18 16 E0 BB 5E 2B B2 D7 8A 56 B4 02 7C E0 03 1F F8 C0 07 3E F0 81 0F 7C 44
[21:17:17.805] ADDR:0xEA TYPE:PARAMETER_SETTINGS_ENTRY  LEN:40 | EA 26 2B EA EE 11 00 10 0D 45 6E 61 62 6C 65 20 57 69 46 69 00 02 C8 57 69 46 69 20 52 75 6E 6E 69 6E 67 2E 2E 2E 00 9E
[21:17:17.825] ADDR:0xEE TYPE:RC_CHANNELS_PACKED        LEN:26 | EE 18 16 E0 C3 5E 2B B0 D7 8A 56 B4 02 7C E0 03 1F F8 C0 07 3E F0 81 0F 7C 98
[21:17:17.845] ADDR:0xEE TYPE:RC_CHANNELS_PACKED        LEN:26 | EE 18 16 E0 C3 5E 2B B0 D7 8A 56 B4 02 7C E0 03 1F F8 C0 07 3E F0 81 0F 7C 98
[21:17:17.856] ADDR:0xEE TYPE:RC_CHANNELS_PACKED        LEN:26 | EE 18 16 E0 BB 5E 2B B0 D7 8A 56 B4 02 7C E0 03 1F F8 C0 07 3E F0 81 0F 7C 38
[21:17:17.856] ADDR:0xEA TYPE:ELRS_STATUS               LEN:15 | EA 0D 3A EA EE 10 00 03 0D 40 00 00 11 F8 83
[21:17:17.876] ADDR:0xEE TYPE:PARAMETER_WRITE           LEN:08 | EE 06 2D EE EA 11 06 01
[21:17:17.907] ADDR:0xEE TYPE:RC_CHANNELS_PACKED        LEN:26 | EE 18 16 E0 C3 5E 2B B2 D7 8A 56 B4 02 7C E0 03 1F F8 C0 07 3E F0 81 0F 7C E4
[21:17:17.907] ADDR:0xEA TYPE:PARAMETER_SETTINGS_ENTRY  LEN:40 | EA 26 2B EA EE 11 00 10 0D 45 6E 61 62 6C 65 20 57 69 46 69 00 02 C8 57 69 46 69 20 52 75 6E 6E 69 6E 67 2E 2E 2E 00 9E
[21:17:17.927] ADDR:0xEE TYPE:RC_CHANNELS_PACKED        LEN:26 | EE 18 16 E0 BB 5E 2B B2 D7 8A 56 B4 02 7C E0 03 1F F8 C0 07 3E F0 81 0F 7C 44
[21:17:17.937] ADDR:0xEE TYPE:RC_CHANNELS_PACKED        LEN:26 | EE 18 16 E0 C3 5E 2B B2 D7 8A 56 B4 02 7C E0 03 1F F8 C0 07 3E F0 81 0F 7C E4
[21:17:17.958] ADDR:0xEE TYPE:RC_CHANNELS_PACKED        LEN:26 | EE 18 16 E0 C3 5E 2B B2 D7 8A 56 B4 02 7C E0 03 1F F8 C0 07 3E F0 81 0F 7C E4
[21:17:17.968] ADDR:0xEE TYPE:PARAMETER_WRITE           LEN:08 | EE 06 2D EE EA 11 06 01
[21:17:18.008] ADDR:0xEE TYPE:RC_CHANNELS_PACKED        LEN:26 | EE 18 16 E0 C3 5E 2B B2 D7 8A 56 B4 02 7C E0 03 1F F8 C0 07 3E F0 81 0F 7C E4
[21:17:18.008] ADDR:0xEA TYPE:PARAMETER_SETTINGS_ENTRY  LEN:40 | EA 26 2B EA EE 11 00 10 0D 45 6E 61 62 6C 65 20 57 69 46 69 00 02 C8 57 69 46 69 20 52 75 6E 6E 69 6E 67 2E 2E 2E 00 9E
[21:17:18.029] ADDR:0xEE TYPE:RC_CHANNELS_PACKED        LEN:26 | EE 18 16 E0 C3 5E 2B B2 D7 8A 56 B4 02 7C E0 03 1F F8 C0 07 3E F0 81 0F 7C E4
[21:17:18.039] ADDR:0xEE TYPE:RC_CHANNELS_PACKED        LEN:26 | EE 18 16 E0 C3 5E 2B B2 D7 8A 56 B4 02 7C E0 03 1F F8 C0 07 3E F0 81 0F 7C E4
[21:17:18.059] ADDR:0xEE TYPE:RC_CHANNELS_PACKED        LEN:26 | EE 18 16 E0 C3 5E 2B B2 D7 8A 56 B4 02 7C E0 03 1F F8 C0 07 3E F0 81 0F 7C E4
[21:17:18.059] ADDR:0xEA TYPE:ELRS_STATUS               LEN:15 | EA 0D 3A EA EE 10 00 03 0D 40 00 00 11 F8 83
[21:17:18.069] ADDR:0xEE TYPE:PARAMETER_WRITE           LEN:08 | EE 06 2D EE EA 11 06 01
[21:17:18.110] ADDR:0xEE TYPE:RC_CHANNELS_PACKED        LEN:26 | EE 18 16 E0 C3 5E 2B B0 D7 8A 56 B4 02 7C E0 03 1F F8 C0 07 3E F0 81 0F 7C 98
[21:17:18.110] ADDR:0xEA TYPE:PARAMETER_SETTINGS_ENTRY  LEN:40 | EA 26 2B EA EE 11 00 10 0D 45 6E 61 62 6C 65 20 57 69 46 69 00 02 C8 57 69 46 69 20 52 75 6E 6E 69 6E 67 2E 2E 2E 00 9E
[21:17:18.120] ADDR:0xEE TYPE:RC_CHANNELS_PACKED        LEN:26 | EE 18 16 E0 C3 5E 2B B0 D7 8A 56 B4 02 7C E0 03 1F F8 C0 07 3E F0 81 0F 7C 98
[21:17:18.140] ADDR:0xEE TYPE:RC_CHANNELS_PACKED        LEN:26 | EE 18 16 E0 C3 5E 2B B2 D7 8A 56 B4 02 7C E0 03 1F F8 C0 07 3E F0 81 0F 7C E4
[21:17:18.161] ADDR:0xEE TYPE:RC_CHANNELS_PACKED        LEN:26 | EE 18 16 E0 BB 5E 2B B0 D7 8A 56 B4 02 7C E0 03 1F F8 C0 07 3E F0 81 0F 7C 38
[21:17:18.171] ADDR:0xEE TYPE:PARAMETER_WRITE           LEN:08 | EE 06 2D EE EA 11 06 01
[21:17:18.211] ADDR:0xEE TYPE:RC_CHANNELS_PACKED        LEN:26 | EE 18 16 E0 BB 5E 2B B0 D7 8A 56 B4 02 7C E0 03 1F F8 C0 07 3E F0 81 0F 7C 38
[21:17:18.212] ADDR:0xEA TYPE:PARAMETER_SETTINGS_ENTRY  LEN:40 | EA 26 2B EA EE 11 00 10 0D 45 6E 61 62 6C 65 20 57 69 46 69 00 02 C8 57 69 46 69 20 52 75 6E 6E 69 6E 67 2E 2E 2E 00 9E
[21:17:18.222] ADDR:0xEE TYPE:RC_CHANNELS_PACKED        LEN:26 | EE 18 16 E0 C3 5E 2B B2 D7 8A 56 B4 02 7C E0 03 1F F8 C0 07 3E F0 81 0F 7C E4
[21:17:18.242] ADDR:0xEE TYPE:RC_CHANNELS_PACKED        LEN:26 | EE 18 16 E0 C3 5E 2B B0 D7 8A 56 B4 02 7C E0 03 1F F8 C0 07 3E F0 81 0F 7C 98
[21:17:18.262] ADDR:0xEE TYPE:RC_CHANNELS_PACKED        LEN:26 | EE 18 16 E0 C3 5E 2B B2 D7 8A 56 B4 02 7C E0 03 1F F8 C0 07 3E F0 81 0F 7C E4
[21:17:18.262] ADDR:0xEA TYPE:ELRS_STATUS               LEN:15 | EA 0D 3A EA EE 10 00 03 0D 40 00 00 11 F8 83
[21:17:18.272] ADDR:0xEE TYPE:PARAMETER_WRITE           LEN:08 | EE 06 2D EE EA 11 06 01
[21:17:18.313] ADDR:0xEE TYPE:RC_CHANNELS_PACKED        LEN:26 | EE 18 16 E0 C3 5E 2B B2 D7 8A 56 B4 02 7C E0 03 1F F8 C0 07 3E F0 81 0F 7C E4
[21:17:18.313] ADDR:0xEA TYPE:PARAMETER_SETTINGS_ENTRY  LEN:40 | EA 26 2B EA EE 11 00 10 0D 45 6E 61 62 6C 65 20 57 69 46 69 00 02 C8 57 69 46 69 20 52 75 6E 6E 69 6E 67 2E 2E 2E 00 9E
[21:17:18.323] ADDR:0xEE TYPE:RC_CHANNELS_PACKED        LEN:26 | EE 18 16 E0 C3 5E 2B B2 D7 8A 56 B4 02 7C E0 03 1F F8 C0 07 3E F0 81 0F 7C E4
[21:17:18.343] ADDR:0xEE TYPE:RC_CHANNELS_PACKED        LEN:26 | EE 18 16 E0 C3 5E 2B B2 D7 8A 56 B4 02 7C E0 03 1F F8 C0 07 3E F0 81 0F 7C E4
[21:17:18.354] ADDR:0xEE TYPE:RC_CHANNELS_PACKED        LEN:26 | EE 18 16 E0 C3 5E 2B B4 D7 8A 56 B4 02 7C E0 03 1F F8 C0 07 3E F0 81 0F 7C 60
[21:17:18.374] ADDR:0xEE TYPE:PARAMETER_WRITE           LEN:08 | EE 06 2D EE EA 11 06 01
[21:17:18.414] ADDR:0xEE TYPE:RC_CHANNELS_PACKED        LEN:26 | EE 18 16 E0 C3 5E 2B B2 D7 8A 56 B4 02 7C E0 03 1F F8 C0 07 3E F0 81 0F 7C E4
[21:17:18.415] ADDR:0xEA TYPE:PARAMETER_SETTINGS_ENTRY  LEN:40 | EA 26 2B EA EE 11 00 10 0D 45 6E 61 62 6C 65 20 57 69 46 69 00 02 C8 57 69 46 69 20 52 75 6E 6E 69 6E 67 2E 2E 2E 00 9E
[21:17:18.425] ADDR:0xEE TYPE:RC_CHANNELS_PACKED        LEN:26 | EE 18 16 E0 C3 5E 2B B2 D7 8A 56 B4 02 7C E0 03 1F F8 C0 07 3E F0 81 0F 7C E4
[21:17:18.445] ADDR:0xEE TYPE:RC_CHANNELS_PACKED        LEN:26 | EE 18 16 E0 C3 5E 2B B2 D7 8A 56 B4 02 7C E0 03 1F F8 C0 07 3E F0 81 0F 7C E4
[21:17:18.455] ADDR:0xEE TYPE:RC_CHANNELS_PACKED        LEN:26 | EE 18 16 E0 C3 5E 2B B2 D7 8A 56 B4 02 7C E0 03 1F F8 C0 07 3E F0 81 0F 7C E4
[21:17:18.455] ADDR:0xEA TYPE:ELRS_STATUS               LEN:15 | EA 0D 3A EA EE 10 00 03 0D 40 00 00 11 F8 83
[21:17:18.476] ADDR:0xEE TYPE:PARAMETER_WRITE           LEN:08 | EE 06 2D EE EA 11 06 01
[21:17:18.506] ADDR:0xEE TYPE:RC_CHANNELS_PACKED        LEN:26 | EE 18 16 E0 BB 5E 2B AE D7 8A 56 B4 02 7C E0 03 1F F8 C0 07 3E F0 81 0F 7C D3
[21:17:18.506] ADDR:0xEA TYPE:PARAMETER_SETTINGS_ENTRY  LEN:40 | EA 26 2B EA EE 11 00 10 0D 45 6E 61 62 6C 65 20 57 69 46 69 00 02 C8 57 69 46 69 20 52 75 6E 6E 69 6E 67 2E 2E 2E 00 9E
[21:17:18.526] ADDR:0xEE TYPE:RC_CHANNELS_PACKED        LEN:26 | EE 18 16 E0 C3 5E 2B B2 D7 8A 56 B4 02 7C E0 03 1F F8 C0 07 3E F0 81 0F 7C E4
[21:17:18.537] ADDR:0xEE TYPE:RC_CHANNELS_PACKED        LEN:26 | EE 18 16 E0 C3 5E 2B B2 D7 8A 56 B4 02 7C E0 03 1F F8 C0 07 3E F0 81 0F 7C E4
[21:17:18.557] ADDR:0xEE TYPE:RC_CHANNELS_PACKED        LEN:26 | EE 18 16 E0 BB 5E 2B B2 D7 8A 56 B4 02 7C E0 03 1F F8 C0 07 3E F0 81 0F 7C 44
[21:17:18.577] ADDR:0xEE TYPE:PARAMETER_WRITE           LEN:08 | EE 06 2D EE EA 11 06 01
[21:17:18.608] ADDR:0xEE TYPE:RC_CHANNELS_PACKED        LEN:26 | EE 18 16 E0 C3 5E 2B B2 D7 8A 56 B4 02 7C E0 03 1F F8 C0 07 3E F0 81 0F 7C E4
[21:17:18.608] ADDR:0xEA TYPE:PARAMETER_SETTINGS_ENTRY  LEN:40 | EA 26 2B EA EE 11 00 10 0D 45 6E 61 62 6C 65 20 57 69 46 69 00 02 C8 57 69 46 69 20 52 75 6E 6E 69 6E 67 2E 2E 2E 00 9E
[21:17:18.628] ADDR:0xEE TYPE:RC_CHANNELS_PACKED        LEN:26 | EE 18 16 E0 C3 5E 2B B2 D7 8A 56 B4 02 7C E0 03 1F F8 C0 07 3E F0 81 0F 7C E4
[21:17:18.638] ADDR:0xEE TYPE:RC_CHANNELS_PACKED        LEN:26 | EE 18 16 E0 C3 5E 2B B2 D7 8A 56 B4 02 7C E0 03 1F F8 C0 07 3E F0 81 0F 7C E4
[21:17:18.659] ADDR:0xEE TYPE:RC_CHANNELS_PACKED        LEN:26 | EE 18 16 E0 C3 5E 2B B2 D7 8A 56 B4 02 7C E0 03 1F F8 C0 07 3E F0 81 0F 7C E4
[21:17:18.659] ADDR:0xEA TYPE:ELRS_STATUS               LEN:15 | EA 0D 3A EA EE 10 00 03 0D 40 00 00 11 F8 83
[21:17:18.679] ADDR:0xEE TYPE:PARAMETER_WRITE           LEN:08 | EE 06 2D EE EA 11 06 01
[21:17:18.709] ADDR:0xEE TYPE:RC_CHANNELS_PACKED        LEN:26 | EE 18 16 E0 BB 5E 2B B2 D7 8A 56 B4 02 7C E0 03 1F F8 C0 07 3E F0 81 0F 7C 44
[21:17:18.709] ADDR:0xEA TYPE:PARAMETER_SETTINGS_ENTRY  LEN:40 | EA 26 2B EA EE 11 00 10 0D 45 6E 61 62 6C 65 20 57 69 46 69 00 02 C8 57 69 46 69 20 52 75 6E 6E 69 6E 67 2E 2E 2E 00 9E
[21:17:18.730] ADDR:0xEE TYPE:RC_CHANNELS_PACKED        LEN:26 | EE 18 16 E0 C3 5E 2B B2 D7 8A 56 B4 02 7C E0 03 1F F8 C0 07 3E F0 81 0F 7C E4
[21:17:18.740] ADDR:0xEE TYPE:RC_CHANNELS_PACKED        LEN:26 | EE 18 16 E0 C3 5E 2B B2 D7 8A 56 B4 02 7C E0 03 1F F8 C0 07 3E F0 81 0F 7C E4
[21:17:18.760] ADDR:0xEE TYPE:RC_CHANNELS_PACKED        LEN:26 | EE 18 16 E0 C3 5E 2B B0 D7 8A 56 B4 02 7C E0 03 1F F8 C0 07 3E F0 81 0F 7C 98
[21:17:18.770] ADDR:0xEE TYPE:PARAMETER_WRITE           LEN:08 | EE 06 2D EE EA 11 06 01
[21:17:18.811] ADDR:0xEE TYPE:RC_CHANNELS_PACKED        LEN:26 | EE 18 16 E0 C3 5E 2B B2 D7 8A 56 B4 02 7C E0 03 1F F8 C0 07 3E F0 81 0F 7C E4
[21:17:18.811] ADDR:0xEA TYPE:PARAMETER_SETTINGS_ENTRY  LEN:40 | EA 26 2B EA EE 11 00 10 0D 45 6E 61 62 6C 65 20 57 69 46 69 00 02 C8 57 69 46 69 20 52 75 6E 6E 69 6E 67 2E 2E 2E 00 9E
[21:17:18.831] ADDR:0xEE TYPE:RC_CHANNELS_PACKED        LEN:26 | EE 18 16 E0 BB 5E 2B B0 D7 8A 56 B4 02 7C E0 03 1F F8 C0 07 3E F0 81 0F 7C 38
[21:17:18.842] ADDR:0xEE TYPE:RC_CHANNELS_PACKED        LEN:26 | EE 18 16 E0 C3 5E 2B B2 D7 8A 56 B4 02 7C E0 03 1F F8 C0 07 3E F0 81 0F 7C E4
[21:17:18.862] ADDR:0xEE TYPE:RC_CHANNELS_PACKED        LEN:26 | EE 18 16 E0 C3 5E 2B B2 D7 8A 56 B4 02 7C E0 03 1F F8 C0 07 3E F0 81 0F 7C E4
[21:17:18.862] ADDR:0xEA TYPE:ELRS_STATUS               LEN:15 | EA 0D 3A EA EE 10 00 03 0D 40 00 00 11 F8 83
[21:17:18.872] ADDR:0xEE TYPE:PARAMETER_WRITE           LEN:08 | EE 06 2D EE EA 11 06 01
[21:17:18.913] ADDR:0xEE TYPE:RC_CHANNELS_PACKED        LEN:26 | EE 18 16 E0 C3 5E 2B B2 D7 8A 56 B4 02 7C E0 03 1F F8 C0 07 3E F0 81 0F 7C E4
[21:17:18.913] ADDR:0xEA TYPE:PARAMETER_SETTINGS_ENTRY  LEN:40 | EA 26 2B EA EE 11 00 10 0D 45 6E 61 62 6C 65 20 57 69 46 69 00 02 C8 57 69 46 69 20 52 75 6E 6E 69 6E 67 2E 2E 2E 00 9E
[21:17:18.923] ADDR:0xEE TYPE:RC_CHANNELS_PACKED        LEN:26 | EE 18 16 E0 C3 5E 2B B2 D7 8A 56 B4 02 7C E0 03 1F F8 C0 07 3E F0 81 0F 7C E4
[21:17:18.944] ADDR:0xEE TYPE:RC_CHANNELS_PACKED        LEN:26 | EE 18 16 E0 C3 5E 2B B2 D7 8A 56 B4 02 7C E0 03 1F F8 C0 07 3E F0 81 0F 7C E4
[21:17:18.954] ADDR:0xEE TYPE:RC_CHANNELS_PACKED        LEN:26 | EE 18 16 E0 C3 5E 2B B2 D7 8A 56 B4 02 7C E0 03 1F F8 C0 07 3E F0 81 0F 7C E4
[21:17:18.975] ADDR:0xEE TYPE:PARAMETER_WRITE           LEN:08 | EE 06 2D EE EA 11 06 01
[21:17:19.015] ADDR:0xEE TYPE:RC_CHANNELS_PACKED        LEN:26 | EE 18 16 E0 C3 5E 2B AE D7 8A 56 B4 02 7C E0 03 1F F8 C0 07 3E F0 81 0F 7C 73
[21:17:19.015] ADDR:0xEA TYPE:PARAMETER_SETTINGS_ENTRY  LEN:40 | EA 26 2B EA EE 11 00 10 0D 45 6E 61 62 6C 65 20 57 69 46 69 00 02 C8 57 69 46 69 20 52 75 6E 6E 69 6E 67 2E 2E 2E 00 9E
[21:17:19.025] ADDR:0xEE TYPE:RC_CHANNELS_PACKED        LEN:26 | EE 18 16 DF C3 5E 2B B2 D7 8A 56 B4 02 7C E0 03 1F F8 C0 07 3E F0 81 0F 7C 66
[21:17:19.046] ADDR:0xEE TYPE:RC_CHANNELS_PACKED        LEN:26 | EE 18 16 E0 C3 5E 2B B2 D7 8A 56 B4 02 7C E0 03 1F F8 C0 07 3E F0 81 0F 7C E4
[21:17:19.056] ADDR:0xEE TYPE:RC_CHANNELS_PACKED        LEN:26 | EE 18 16 E0 C3 5E 2B B2 D7 8A 56 B4 02 7C E0 03 1F F8 C0 07 3E F0 81 0F 7C E4
[21:17:19.056] ADDR:0xEA TYPE:ELRS_STATUS               LEN:15 | EA 0D 3A EA EE 10 00 03 0D 40 00 00 11 F8 83
[21:17:19.076] ADDR:0xEE TYPE:PARAMETER_WRITE           LEN:08 | EE 06 2D EE EA 11 06 01
[21:17:19.116] ADDR:0xEE TYPE:RC_CHANNELS_PACKED        LEN:26 | EE 18 16 E0 BB 5E 2B B2 D7 8A 56 B4 02 7C E0 03 1F F8 C0 07 3E F0 81 0F 7C 44
[21:17:19.117] ADDR:0xEA TYPE:PARAMETER_SETTINGS_ENTRY  LEN:40 | EA 26 2B EA EE 11 00 10 0D 45 6E 61 62 6C 65 20 57 69 46 69 00 02 C8 57 69 46 69 20 52 75 6E 6E 69 6E 67 2E 2E 2E 00 9E
[21:17:19.127] ADDR:0xEE TYPE:RC_CHANNELS_PACKED        LEN:26 | EE 18 16 E0 C3 5E 2B B2 D7 8A 56 B4 02 7C E0 03 1F F8 C0 07 3E F0 81 0F 7C E4
[21:17:19.147] ADDR:0xEE TYPE:RC_CHANNELS_PACKED        LEN:26 | EE 18 16 E0 C3 5E 2B B2 D7 8A 56 B4 02 7C E0 03 1F F8 C0 07 3E F0 81 0F 7C E4
[21:17:19.158] ADDR:0xEE TYPE:RC_CHANNELS_PACKED        LEN:26 | EE 18 16 E0 C3 5E 2B AE D7 8A 56 B4 02 7C E0 03 1F F8 C0 07 3E F0 81 0F 7C 73
[21:17:19.178] ADDR:0xEE TYPE:PARAMETER_WRITE           LEN:08 | EE 06 2D EE EA 11 06 01
[21:17:19.209] ADDR:0xEE TYPE:RC_CHANNELS_PACKED        LEN:26 | EE 18 16 E0 C3 5E 2B B2 D7 8A 56 B4 02 7C E0 03 1F F8 C0 07 3E F0 81 0F 7C E4
[21:17:19.209] ADDR:0xEA TYPE:PARAMETER_SETTINGS_ENTRY  LEN:40 | EA 26 2B EA EE 11 00 10 0D 45 6E 61 62 6C 65 20 57 69 46 69 00 02 C8 57 69 46 69 20 52 75 6E 6E 69 6E 67 2E 2E 2E 00 9E
[21:17:19.231] ADDR:0xEE TYPE:RC_CHANNELS_PACKED        LEN:26 | EE 18 16 E0 C3 5E 2B B0 D7 8A 56 B4 02 7C E0 03 1F F8 C0 07 3E F0 81 0F 7C 98
[21:17:19.241] ADDR:0xEE TYPE:RC_CHANNELS_PACKED        LEN:26 | EE 18 16 E0 C3 5E 2B B2 D7 8A 56 B4 02 7C E0 03 1F F8 C0 07 3E F0 81 0F 7C E4
[21:17:19.261] ADDR:0xEE TYPE:RC_CHANNELS_PACKED        LEN:26 | EE 18 16 E0 C3 5E 2B B2 D7 8A 56 B4 02 7C E0 03 1F F8 C0 07 3E F0 81 0F 7C E4
[21:17:19.261] ADDR:0xEA TYPE:ELRS_STATUS               LEN:15 | EA 0D 3A EA EE 10 00 03 0D 40 00 00 11 F8 83
[21:17:19.272] ADDR:0xEE TYPE:PARAMETER_WRITE           LEN:08 | EE 06 2D EE EA 11 06 01
[21:17:19.312] ADDR:0xEE TYPE:RC_CHANNELS_PACKED        LEN:26 | EE 18 16 E0 BB 5E 2B B2 D7 8A 56 B4 02 7C E0 03 1F F8 C0 07 3E F0 81 0F 7C 44
[21:17:19.312] ADDR:0xEA TYPE:PARAMETER_SETTINGS_ENTRY  LEN:40 | EA 26 2B EA EE 11 00 10 0D 45 6E 61 62 6C 65 20 57 69 46 69 00 02 C8 57 69 46 69 20 52 75 6E 6E 69 6E 67 2E 2E 2E 00 9E
[21:17:19.332] ADDR:0xEE TYPE:RC_CHANNELS_PACKED        LEN:26 | EE 18 16 E0 BB 5E 2B B2 D7 8A 56 B4 02 7C E0 03 1F F8 C0 07 3E F0 81 0F 7C 44
[21:17:19.343] ADDR:0xEE TYPE:RC_CHANNELS_PACKED        LEN:26 | EE 18 16 E0 C3 5E 2B B2 D7 8A 56 B4 02 7C E0 03 1F F8 C0 07 3E F0 81 0F 7C E4
[21:17:19.363] ADDR:0xEE TYPE:RC_CHANNELS_PACKED        LEN:26 | EE 18 16 E0 C3 5E 2B B2 D7 8A 56 B4 02 7C E0 03 1F F8 C0 07 3E F0 81 0F 7C E4
[21:17:19.373] ADDR:0xEE TYPE:PARAMETER_WRITE           LEN:08 | EE 06 2D EE EA 11 06 01
[21:17:19.414] ADDR:0xEE TYPE:RC_CHANNELS_PACKED        LEN:26 | EE 18 16 E0 C3 5E 2B AA D7 8A 56 B4 02 7C E0 03 1F F8 C0 07 3E F0 81 0F 7C 8B
[21:17:19.414] ADDR:0xEA TYPE:PARAMETER_SETTINGS_ENTRY  LEN:40 | EA 26 2B EA EE 11 00 10 0D 45 6E 61 62 6C 65 20 57 69 46 69 00 02 C8 57 69 46 69 20 52 75 6E 6E 69 6E 67 2E 2E 2E 00 9E
[21:17:19.424] ADDR:0xEE TYPE:PARAMETER_WRITE           LEN:08 | EE 06 2D EE EA 11 05 AB
[21:17:19.444] ADDR:0xEE TYPE:RC_CHANNELS_PACKED        LEN:26 | EE 18 16 E0 C3 5E 2B B2 D7 8A 56 B4 02 7C E0 03 1F F8 C0 07 3E F0 81 0F 7C E4
[21:17:19.444] ADDR:0xEA TYPE:PARAMETER_SETTINGS_ENTRY  LEN:25 | EA 17 2B EA EE 11 00 10 0D 45 6E 61 62 6C 65 20 57 69 46 69 00 00 C8 00 92
[21:17:19.465] ADDR:0xEE TYPE:RC_CHANNELS_PACKED        LEN:26 | EE 18 16 E0 BB 5E 2B B2 D7 8A 56 B4 02 7C E0 03 1F F8 C0 07 3E F0 81 0F 7C 44
[21:17:19.465] ADDR:0xEA TYPE:ELRS_STATUS               LEN:15 | EA 0D 3A EA EE 10 00 03 0D 40 00 00 11 F8 83
[21:17:19.477] ADDR:0xEE TYPE:RC_CHANNELS_PACKED        LEN:26 | EE 18 16 E0 C3 5E 2B B2 D7 8A 56 B4 02 7C E0 03 1F F8 C0 07 3E F0 81 0F 7C E4
[21:17:19.508] ADDR:0xEE TYPE:RC_CHANNELS_PACKED        LEN:26 | EE 18 16 E0 BB 5E 2B B2 D7 8A 56 B4 02 7C E0 03 1F F8 C0 07 3E F0 81 0F 7C 44
[21:17:19.528] ADDR:0xEE TYPE:RC_CHANNELS_PACKED        LEN:26 | EE 18 16 E0 C3 5E 2B B2 D7 8A 56 B4 02 7C E0 03 1F F8 C0 07 3E F0 81 0F 7C E4
[21:17:19.538] ADDR:0xEE TYPE:PARAMETER_READ            LEN:08 | EE 06 2C EE EA 12 00 2B
[21:17:19.558] ADDR:0xEE TYPE:RC_CHANNELS_PACKED        LEN:26 | EE 18 16 E0 BB 5E 2B B2 D7 8A 56 B4 02 7C E0 03 1F F8 C0 07 3E F0 81 0F 7C 44
[21:17:19.569] ADDR:0xEA TYPE:PARAMETER_SETTINGS_ENTRY  LEN:28 | EA 1A 2B EA EE 12 00 10 0D 45 6E 61 62 6C 65 20 52 78 20 57 69 46 69 00 00 C8 00 43
[21:17:19.589] ADDR:0xEE TYPE:RC_CHANNELS_PACKED        LEN:26 | EE 18 16 E0 C3 5E 2B B0 D7 8A 56 B4 02 7C E0 03 1F F8 C0 07 3E F0 81 0F 7C 98
[21:17:19.599] ADDR:0xEE TYPE:RC_CHANNELS_PACKED        LEN:26 | EE 18 16 E0 C3 5E 2B B0 D7 8A 56 B4 02 7C E0 03 1F F8 C0 07 3E F0 81 0F 7C 98
[21:17:19.619] ADDR:0xEE TYPE:RC_CHANNELS_PACKED        LEN:26 | EE 18 16 DF BB 5E 2B B2 D7 8A 56 B4 02 7C E0 03 1F F8 C0 07 3E F0 81 0F 7C C6
[21:17:19.640] ADDR:0xEE TYPE:PARAMETER_READ            LEN:08 | EE 06 2C EE EA 13 00 20
[21:17:19.670] ADDR:0xEE TYPE:RC_CHANNELS_PACKED        LEN:26 | EE 18 16 E0 C3 5E 2B B2 D7 8A 56 B4 02 7C E0 03 1F F8 C0 07 3E F0 81 0F 7C E4
[21:17:19.670] ADDR:0xEA TYPE:PARAMETER_SETTINGS_ENTRY  LEN:34 | EA 20 2B EA EE 13 00 10 0D 45 6E 61 62 6C 65 20 42 61 63 6B 70 61 63 6B 20 57 69 46 69 00 00 C8 00 4B
[21:17:19.680] ADDR:0xEE TYPE:RC_CHANNELS_PACKED        LEN:26 | EE 18 16 E0 C3 5E 2B B2 D7 8A 56 B4 02 7C E0 03 1F F8 C0 07 3E F0 81 0F 7C E4
[21:17:19.680] ADDR:0xEA TYPE:ELRS_STATUS               LEN:15 | EA 0D 3A EA EE 10 00 03 0D 40 00 00 11 F8 83
[21:17:19.700] ADDR:0xEE TYPE:RC_CHANNELS_PACKED        LEN:26 | EE 18 16 E0 C3 5E 2B B2 D7 8A 56 B4 02 7C E0 03 1F F8 C0 07 3E F0 81 0F 7C E4
[21:17:19.711] ADDR:0xEE TYPE:RC_CHANNELS_PACKED        LEN:26 | EE 18 16 E0 C3 5E 2B B0 D7 8A 56 B4 02 7C E0 03 1F F8 C0 07 3E F0 81 0F 7C 98
[21:17:19.751] ADDR:0xEE TYPE:PARAMETER_READ            LEN:08 | EE 06 2C EE EA 14 00 11
[21:17:19.761] ADDR:0xEE TYPE:RC_CHANNELS_PACKED        LEN:26 | EE 18 16 E0 BB 5E 2B B2 D7 8A 56 B4 02 7C E0 03 1F F8 C0 07 3E F0 81 0F 7C 44
[21:17:19.761] ADDR:0xEA TYPE:PARAMETER_SETTINGS_ENTRY  LEN:29 | EA 1B 2B EA EE 14 00 10 0D 45 6E 61 62 6C 65 20 56 52 78 20 57 69 46 69 00 00 C8 00 EC
[21:17:19.781] ADDR:0xEE TYPE:RC_CHANNELS_PACKED        LEN:26 | EE 18 16 E0 BB 5E 2B B2 D7 8A 56 B4 02 7C E0 03 1F F8 C0 07 3E F0 81 0F 7C 44
[21:17:19.812] ADDR:0xEE TYPE:RC_CHANNELS_PACKED        LEN:26 | EE 18 16 E0 C3 5E 2B B2 D7 8A 56 B4 02 7C E0 03 1F F8 C0 07 3E F0 81 0F 7C E4
[21:17:19.823] ADDR:0xEE TYPE:RC_CHANNELS_PACKED        LEN:26 | EE 18 16 E0 C3 5E 2B B2 D7 8A 56 B4 02 7C E0 03 1F F8 C0 07 3E F0 81 0F 7C E4
[21:17:19.843] ADDR:0xEE TYPE:PARAMETER_READ            LEN:08 | EE 06 2C EE EA 15 00 1A
[21:17:19.863] ADDR:0xEE TYPE:RC_CHANNELS_PACKED        LEN:26 | EE 18 16 E0 C3 5E 2B B0 D7 8A 56 B4 02 7C E0 03 1F F8 C0 07 3E F0 81 0F 7C 98
[21:17:19.894] ADDR:0xEE TYPE:RC_CHANNELS_PACKED        LEN:26 | EE 18 16 E0 C3 5E 2B AE D7 8A 56 B4 02 7C E0 03 1F F8 C0 07 3E F0 81 0F 7C 73
[21:17:19.904] ADDR:0xEE TYPE:RC_CHANNELS_PACKED        LEN:26 | EE 18 16 E0 C3 5E 2B B2 D7 8A 56 B4 02 7C E0 03 1F F8 C0 07 3E F0 81 0F 7C E4
[21:17:19.924] ADDR:0xEE TYPE:RC_CHANNELS_PACKED        LEN:26 | EE 18 16 E0 C3 5E 2B B2 D7 8A 56 B4 02 7C E0 03 1F F8 C0 07 3E F0 81 0F 7C E4
[21:17:19.945] ADDR:0xEE TYPE:RC_CHANNELS_PACKED        LEN:26 | EE 18 16 E0 C3 5E 2B B2 D7 8A 56 B4 02 7C E0 03 1F F8 C0 07 3E F0 81 0F 7C E4
[21:17:19.975] ADDR:0xEE TYPE:RC_CHANNELS_PACKED        LEN:26 | EE 18 16 E0 C3 5E 2B B0 D7 8A 56 B4 02 7C E0 03 1F F8 C0 07 3E F0 81 0F 7C 98
[21:17:19.985] ADDR:0xEE TYPE:RC_CHANNELS_PACKED        LEN:26 | EE 18 16 E0 C3 5E 2B B2 D7 8A 56 B4 02 7C E0 03 1F F8 C0 07 3E F0 81 0F 7C E4
[21:17:20.006] ADDR:0xEE TYPE:RC_CHANNELS_PACKED        LEN:26 | EE 18 16 E0 D3 5E 2B B2 D7 8A 56 B4 02 7C E0 03 1F F8 C0 07 3E F0 81 0F 7C B5
[21:17:20.016] ADDR:0xEE TYPE:RC_CHANNELS_PACKED        LEN:26 | EE 18 16 E0 C3 5E 2B B2 D7 8A 56 B4 02 7C E0 03 1F F8 C0 07 3E F0 81 0F 7C E4
[21:17:20.047] ADDR:0xEE TYPE:RC_CHANNELS_PACKED        LEN:26 | EE 18 16 E0 BB 5E 2B B2 D7 8A 56 B4 02 7C E0 03 1F F8 C0 07 3E F0 81 0F 7C 44
[21:17:20.067] ADDR:0xEE TYPE:RC_CHANNELS_PACKED        LEN:26 | EE 18 16 E0 BB 5E 2B B2 D7 8A 56 B4 02 7C E0 03 1F F8 C0 07 3E F0 81 0F 7C 44
[21:17:20.087] ADDR:0xEE TYPE:RC_CHANNELS_PACKED        LEN:26 | EE 18 16 E0 C3 5E 2B B2 D7 8A 56 B4 02 7C E0 03 1F F8 C0 07 3E F0 81 0F 7C E4
[21:17:20.097] ADDR:0xEE TYPE:RC_CHANNELS_PACKED        LEN:26 | EE 18 16 E0 C3 5E 2B B2 D7 8A 56 B4 02 7C E0 03 1F F8 C0 07 3E F0 81 0F 7C E4
[21:17:20.128] ADDR:0xEE TYPE:RC_CHANNELS_PACKED        LEN:26 | EE 18 16 E0 C3 5E 2B B0 D7 8A 56 B4 02 7C E0 03 1F F8 C0 07 3E F0 81 0F 7C 98
[21:17:20.149] ADDR:0xEE TYPE:RC_CHANNELS_PACKED        LEN:26 | EE 18 16 E0 BB 5E 2B B2 D7 8A 56 B4 02 7C E0 03 1F F8 C0 07 3E F0 81 0F 7C 44
[21:17:20.159] ADDR:0xEE TYPE:RC_CHANNELS_PACKED        LEN:26 | EE 18 16 E0 C3 5E 2B B2 D7 8A 56 B4 02 7C E0 03 1F F8 C0 07 3E F0 81 0F 7C E4
[21:17:20.180] ADDR:0xEE TYPE:RC_CHANNELS_PACKED        LEN:26 | EE 18 16 E0 C3 5E 2B B2 D7 8A 56 B4 02 7C E0 03 1F F8 C0 07 3E F0 81 0F 7C E4
[21:17:20.210] ADDR:0xEE TYPE:RC_CHANNELS_PACKED        LEN:26 | EE 18 16 E0 C3 5E 2B B2 D7 8A 56 B4 02 7C E0 03 1F F8 C0 07 3E F0 81 0F 7C E4
[21:17:20.230] ADDR:0xEE TYPE:RC_CHANNELS_PACKED        LEN:26 | EE 18 16 E0 C3 5E 2B B2 D7 8A 56 B4 02 7C E0 03 1F F8 C0 07 3E F0 81 0F 7C E4
[21:17:20.241] ADDR:0xEE TYPE:RC_CHANNELS_PACKED        LEN:26 | EE 18 16 E0 C3 5E 2B B2 D7 8A 56 B4 02 7C E0 03 1F F8 C0 07 3E F0 81 0F 7C E4
[21:17:20.261] ADDR:0xEE TYPE:RC_CHANNELS_PACKED        LEN:26 | EE 18 16 E0 C3 5E 2B B2 D7 8A 56 B4 02 7C E0 03 1F F8 C0 07 3E F0 81 0F 7C E4
[21:17:20.291] ADDR:0xEE TYPE:RC_CHANNELS_PACKED        LEN:26 | EE 18 16 DF BB 5E 2B B2 D7 8A 56 B4 02 7C E0 03 1F F8 C0 07 3E F0 81 0F 7C C6
[21:17:20.312] ADDR:0xEE TYPE:RC_CHANNELS_PACKED        LEN:26 | EE 18 16 E0 C3 5E 2B B2 D7 8A 56 B4 02 7C E0 03 1F F8 C0 07 3E F0 81 0F 7C E4
[21:17:20.322] ADDR:0xEE TYPE:DEVICE_PING               LEN:06 | EE 04 28 00 EA 54
[21:17:20.342] ADDR:0xEE TYPE:RC_CHANNELS_PACKED        LEN:26 | EE 18 16 E0 C3 5E 2B B2 D7 8A 56 B4 02 7C E0 03 1F F8 C0 07 3E F0 81 0F 7C E4
[21:17:20.372] ADDR:0xEE TYPE:RC_CHANNELS_PACKED        LEN:26 | EE 18 16 E0 BB 5E 2B B2 D7 8A 56 B4 02 7C E0 03 1F F8 C0 07 3E F0 81 0F 7C 44
[21:17:20.383] ADDR:0xEE TYPE:RC_CHANNELS_PACKED        LEN:26 | EE 18 16 E0 BB 5E 2B B2 D7 8A 56 B4 02 7C E0 03 1F F8 C0 07 3E F0 81 0F 7C 44
[21:17:20.403] ADDR:0xEE TYPE:RC_CHANNELS_PACKED        LEN:26 | EE 18 16 E0 BB 5E 2B B2 D7 8A 56 B4 02 7C E0 03 1F F8 C0 07 3E F0 81 0F 7C 44
[21:17:20.423] ADDR:0xEE TYPE:RC_CHANNELS_PACKED        LEN:26 | EE 18 16 E0 BB 5E 2B B2 D7 8A 56 B4 02 7C E0 03 1F F8 C0 07 3E F0 81 0F 7C 44
[21:17:20.454] ADDR:0xEE TYPE:RC_CHANNELS_PACKED        LEN:26 | EE 18 16 E0 BB 5E 2B AE D7 8A 56 B4 02 7C E0 03 1F F8 C0 07 3E F0 81 0F 7C D3
[21:17:20.464] ADDR:0xEE TYPE:RC_CHANNELS_PACKED        LEN:26 | EE 18 16 E0 C3 5E 2B B2 D7 8A 56 B4 02 7C E0 03 1F F8 C0 07 3E F0 81 0F 7C E4
[21:17:20.484] ADDR:0xEE TYPE:RC_CHANNELS_PACKED        LEN:26 | EE 18 16 E0 C3 5E 2B B2 D7 8A 56 B4 02 7C E0 03 1F F8 C0 07 3E F0 81 0F 7C E4
[21:17:20.505] ADDR:0xEE TYPE:RC_CHANNELS_PACKED        LEN:26 | EE 18 16 E0 C3 5E 2B B2 D7 8A 56 B4 02 7C E0 03 1F F8 C0 07 3E F0 81 0F 7C E4
[21:17:20.535] ADDR:0xEE TYPE:RC_CHANNELS_PACKED        LEN:26 | EE 18 16 E0 BB 5E 2B B2 D7 8A 56 B4 02 7C E0 03 1F F8 C0 07 3E F0 81 0F 7C 44
[21:17:20.545] ADDR:0xEE TYPE:RC_CHANNELS_PACKED        LEN:26 | EE 18 16 E0 C3 5E 2B B2 D7 8A 56 B4 02 7C E0 03 1F F8 C0 07 3E F0 81 0F 7C E4
[21:17:20.566] ADDR:0xEE TYPE:RC_CHANNELS_PACKED        LEN:26 | EE 18 16 DF C3 5E 2B B0 D7 8A 56 B4 02 7C E0 03 1F F8 C0 07 3E F0 81 0F 7C 1A
[21:17:20.576] ADDR:0xEE TYPE:RC_CHANNELS_PACKED        LEN:26 | EE 18 16 DF C3 5E 2B AE D7 8A 56 B4 02 7C E0 03 1F F8 C0 07 3E F0 81 0F 7C F1
[21:17:20.617] ADDR:0xEE TYPE:RC_CHANNELS_PACKED        LEN:26 | EE 18 16 E0 C3 5E 2B B0 D7 8A 56 B4 02 7C E0 03 1F F8 C0 07 3E F0 81 0F 7C 98
[21:17:20.627] ADDR:0xEE TYPE:RC_CHANNELS_PACKED        LEN:26 | EE 18 16 E0 BB 5E 2B B2 D7 8A 56 B4 02 7C E0 03 1F F8 C0 07 3E F0 81 0F 7C 44
[21:17:20.647] ADDR:0xEE TYPE:RC_CHANNELS_PACKED        LEN:26 | EE 18 16 E0 C3 5E 2B AE D7 8A 56 B4 02 7C E0 03 1F F8 C0 07 3E F0 81 0F 7C 73
[21:17:20.657] ADDR:0xEE TYPE:RC_CHANNELS_PACKED        LEN:26 | EE 18 16 E0 C3 5E 2B B2 D7 8A 56 B4 02 7C E0 03 1F F8 C0 07 3E F0 81 0F 7C E4
[21:17:20.687] ADDR:0xEE TYPE:RC_CHANNELS_PACKED        LEN:26 | EE 18 16 E0 BB 5E 2B B0 D7 8A 56 B4 02 7C E0 03 1F F8 C0 07 3E F0 81 0F 7C 38
[21:17:20.708] ADDR:0xEE TYPE:RC_CHANNELS_PACKED        LEN:26 | EE 18 16 E0 C3 5E 2B B0 D7 8A 56 B4 02 7C E0 03 1F F8 C0 07 3E F0 81 0F 7C 98
[21:17:20.728] ADDR:0xEE TYPE:RC_CHANNELS_PACKED        LEN:26 | EE 18 16 E0 C3 5E 2B B2 D7 8A 56 B4 02 7C E0 03 1F F8 C0 07 3E F0 81 0F 7C E4
[21:17:20.738] ADDR:0xEE TYPE:RC_CHANNELS_PACKED        LEN:26 | EE 18 16 E0 C3 5E 2B B2 D7 8A 56 B4 02 7C E0 03 1F F8 C0 07 3E F0 81 0F 7C E4
[21:17:20.769] ADDR:0xEE TYPE:RC_CHANNELS_PACKED        LEN:26 | EE 18 16 E0 C3 5E 2B B2 D7 8A 56 B4 02 7C E0 03 1F F8 C0 07 3E F0 81 0F 7C E4
[21:17:20.789] ADDR:0xEE TYPE:RC_CHANNELS_PACKED        LEN:26 | EE 18 16 E0 C3 5E 2B B2 D7 8A 56 B4 02 7C E0 03 1F F8 C0 07 3E F0 81 0F 7C E4
[21:17:20.799] ADDR:0xEE TYPE:RC_CHANNELS_PACKED        LEN:26 | EE 18 16 E0 BB 5E 2B B2 D7 8A 56 B4 02 7C E0 03 1F F8 C0 07 3E F0 81 0F 7C 44
[21:17:20.820] ADDR:0xEE TYPE:RC_CHANNELS_PACKED        LEN:26 | EE 18 16 E0 C3 5E 2B B2 D7 8A 56 B4 02 7C E0 03 1F F8 C0 07 3E F0 81 0F 7C E4
[21:17:20.850] ADDR:0xEE TYPE:RC_CHANNELS_PACKED        LEN:26 | EE 18 16 E0 C3 5E 2B B2 D7 8A 56 B4 02 7C E0 03 1F F8 C0 07 3E F0 81 0F 7C E4
[21:17:20.870] ADDR:0xEE TYPE:RC_CHANNELS_PACKED        LEN:26 | EE 18 16 E0 C3 5E 2B B2 D7 8A 56 B4 02 7C E0 03 1F F8 C0 07 3E F0 81 0F 7C E4
[21:17:20.881] ADDR:0xEE TYPE:RC_CHANNELS_PACKED        LEN:26 | EE 18 16 E0 BB 5E 2B B2 D7 8A 56 B4 02 7C E0 03 1F F8 C0 07 3E F0 81 0F 7C 44
[21:17:20.901] ADDR:0xEE TYPE:RC_CHANNELS_PACKED        LEN:26 | EE 18 16 E0 C3 5E 2B B2 D7 8A 56 B4 02 7C E0 03 1F F8 C0 07 3E F0 81 0F 7C E4
[21:17:20.931] ADDR:0xEE TYPE:RC_CHANNELS_PACKED        LEN:26 | EE 18 16 E0 BB 5E 2B B2 D7 8A 56 B4 02 7C E0 03 1F F8 C0 07 3E F0 81 0F 7C 44
[21:17:20.951] ADDR:0xEE TYPE:RC_CHANNELS_PACKED        LEN:26 | EE 18 16 E0 C3 5E 2B B2 D7 8A 56 B4 02 7C E0 03 1F F8 C0 07 3E F0 81 0F 7C E4
[21:17:20.962] ADDR:0xEE TYPE:RC_CHANNELS_PACKED        LEN:26 | EE 18 16 E0 BB 5E 2B B2 D7 8A 56 B4 02 7C E0 03 1F F8 C0 07 3E F0 81 0F 7C 44
[21:17:20.982] ADDR:0xEE TYPE:RC_CHANNELS_PACKED        LEN:26 | EE 18 16 E0 C3 5E 2B B2 D7 8A 56 B4 02 7C E0 03 1F F8 C0 07 3E F0 81 0F 7C E4
[21:17:21.012] ADDR:0xEE TYPE:RC_CHANNELS_PACKED        LEN:26 | EE 18 16 E0 C3 5E 2B B2 D7 8A 56 B4 02 7C E0 03 1F F8 C0 07 3E F0 81 0F 7C E4
[21:17:21.033] ADDR:0xEE TYPE:RC_CHANNELS_PACKED        LEN:26 | EE 18 16 E0 BB 5E 2B B2 D7 8A 56 B4 02 7C E0 03 1F F8 C0 07 3E F0 81 0F 7C 44
[21:17:21.043] ADDR:0xEE TYPE:RC_CHANNELS_PACKED        LEN:26 | EE 18 16 E0 C3 5E 2B B2 D7 8A 56 B4 02 7C E0 03 1F F8 C0 07 3E F0 81 0F 7C E4
[21:17:21.063] ADDR:0xEE TYPE:RC_CHANNELS_PACKED        LEN:26 | EE 18 16 E0 BB 5E 2B B2 D7 8A 56 B4 02 7C E0 03 1F F8 C0 07 3E F0 81 0F 7C 44
[21:17:21.093] ADDR:0xEE TYPE:RC_CHANNELS_PACKED        LEN:26 | EE 18 16 E0 C3 5E 2B B2 D7 8A 56 B4 02 7C E0 03 1F F8 C0 07 3E F0 81 0F 7C E4
[21:17:21.104] ADDR:0xEE TYPE:RC_CHANNELS_PACKED        LEN:26 | EE 18 16 E0 C3 5E 2B B2 D7 8A 56 B4 02 7C E0 03 1F F8 C0 07 3E F0 81 0F 7C E4
[21:17:21.124] ADDR:0xEE TYPE:RC_CHANNELS_PACKED        LEN:26 | EE 18 16 E0 BB 5E 2B B0 D7 8A 56 B4 02 7C E0 03 1F F8 C0 07 3E F0 81 0F 7C 38
[21:17:21.144] ADDR:0xEE TYPE:RC_CHANNELS_PACKED        LEN:26 | EE 18 16 E0 C3 5E 2B B2 D7 8A 56 B4 02 7C E0 03 1F F8 C0 07 3E F0 81 0F 7C E4
[21:17:21.175] ADDR:0xEE TYPE:RC_CHANNELS_PACKED        LEN:26 | EE 18 16 E0 C3 5E 2B B4 D7 8A 56 B4 02 7C E0 03 1F F8 C0 07 3E F0 81 0F 7C 60
[21:17:21.185] ADDR:0xEE TYPE:RC_CHANNELS_PACKED        LEN:26 | EE 18 16 E0 C3 5E 2B B2 D7 8A 56 B4 02 7C E0 03 1F F8 C0 07 3E F0 81 0F 7C E4
[21:17:21.205] ADDR:0xEE TYPE:RC_CHANNELS_PACKED        LEN:26 | EE 18 16 E0 C3 5E 2B B2 D7 8A 56 B4 02 7C E0 03 1F F8 C0 07 3E F0 81 0F 7C E4
[21:17:21.216] ADDR:0xEE TYPE:RC_CHANNELS_PACKED        LEN:26 | EE 18 16 E0 C3 5E 2B B0 D7 8A 56 B4 02 7C E0 03 1F F8 C0 07 3E F0 81 0F 7C 98
[21:17:21.256] ADDR:0xEE TYPE:RC_CHANNELS_PACKED        LEN:26 | EE 18 16 E0 C3 5E 2B B4 D7 8A 56 B4 02 7C E0 03 1F F8 C0 07 3E F0 81 0F 7C 60
[21:17:21.266] ADDR:0xEE TYPE:RC_CHANNELS_PACKED        LEN:26 | EE 18 16 E0 C3 5E 2B B2 D7 8A 56 B4 02 7C E0 03 1F F8 C0 07 3E F0 81 0F 7C E4
[21:17:21.287] ADDR:0xEE TYPE:RC_CHANNELS_PACKED        LEN:26 | EE 18 16 E0 C3 5E 2B B0 D7 8A 56 B4 02 7C E0 03 1F F8 C0 07 3E F0 81 0F 7C 98
[21:17:21.297] ADDR:0xEE TYPE:RC_CHANNELS_PACKED        LEN:26 | EE 18 16 E0 C3 5E 2B AE D7 8A 56 B4 02 7C E0 03 1F F8 C0 07 3E F0 81 0F 7C 73
[21:17:21.327] ADDR:0xEE TYPE:RC_CHANNELS_PACKED        LEN:26 | EE 18 16 E0 C3 5E 2B B2 D7 8A 56 B4 02 7C E0 03 1F F8 C0 07 3E F0 81 0F 7C E4
[21:17:21.347] ADDR:0xEE TYPE:RC_CHANNELS_PACKED        LEN:26 | EE 18 16 E0 C3 5E 2B B2 D7 8A 56 B4 02 7C E0 03 1F F8 C0 07 3E F0 81 0F 7C E4
[21:17:21.368] ADDR:0xEE TYPE:RC_CHANNELS_PACKED        LEN:26 | EE 18 16 E0 C3 5E 2B B2 D7 8A 56 B4 02 7C E0 03 1F F8 C0 07 3E F0 81 0F 7C E4
[21:17:21.378] ADDR:0xEE TYPE:RC_CHANNELS_PACKED        LEN:26 | EE 18 16 E0 C3 5E 2B B2 D7 8A 56 B4 02 7C E0 03 1F F8 C0 07 3E F0 81 0F 7C E4
[21:17:21.408] ADDR:0xEE TYPE:RC_CHANNELS_PACKED        LEN:26 | EE 18 16 E0 C3 5E 2B B2 D7 8A 56 B4 02 7C E0 03 1F F8 C0 07 3E F0 81 0F 7C E4
[21:17:21.428] ADDR:0xEE TYPE:RC_CHANNELS_PACKED        LEN:26 | EE 18 16 E0 C3 5E 2B AE D7 8A 56 B4 02 7C E0 03 1F F8 C0 07 3E F0 81 0F 7C 73
[21:17:21.439] ADDR:0xEE TYPE:RC_CHANNELS_PACKED        LEN:26 | EE 18 16 E0 C3 5E 2B B2 D7 8A 56 B4 02 7C E0 03 1F F8 C0 07 3E F0 81 0F 7C E4
[21:17:21.459] ADDR:0xEE TYPE:RC_CHANNELS_PACKED        LEN:26 | EE 18 16 E0 C3 5E 2B B2 D7 8A 56 B4 02 7C E0 03 1F F8 C0 07 3E F0 81 0F 7C E4
[21:17:21.489] ADDR:0xEE TYPE:RC_CHANNELS_PACKED        LEN:26 | EE 18 16 E0 C3 5E 2B B2 D7 8A 56 B4 02 7C E0 03 1F F8 C0 07 3E F0 81 0F 7C E4
[21:17:21.510] ADDR:0xEE TYPE:RC_CHANNELS_PACKED        LEN:26 | EE 18 16 E0 C3 5E 2B AE D7 8A 56 B4 02 7C E0 03 1F F8 C0 07 3E F0 81 0F 7C 73
[21:17:21.520] ADDR:0xEE TYPE:RC_CHANNELS_PACKED        LEN:26 | EE 18 16 DF BB 5E 2B B2 D7 8A 56 B4 02 7C E0 03 1F F8 C0 07 3E F0 81 0F 7C C6
[21:17:21.540] ADDR:0xEE TYPE:RC_CHANNELS_PACKED        LEN:26 | EE 18 16 E0 C3 5E 2B B2 D7 8A 56 B4 02 7C E0 03 1F F8 C0 07 3E F0 81 0F 7C E4
[21:17:21.571] ADDR:0xEE TYPE:RC_CHANNELS_PACKED        LEN:26 | EE 18 16 E0 C3 5E 2B B2 D7 8A 56 B4 02 7C E0 03 1F F8 C0 07 3E F0 81 0F 7C E4
[21:17:21.591] ADDR:0xEE TYPE:RC_CHANNELS_PACKED        LEN:26 | EE 18 16 E0 C3 5E 2B B0 D7 8A 56 B4 02 7C E0 03 1F F8 C0 07 3E F0 81 0F 7C 98
[21:17:21.601] ADDR:0xEE TYPE:RC_CHANNELS_PACKED        LEN:26 | EE 18 16 E0 C3 5E 2B B2 D7 8A 56 B4 02 7C E0 03 1F F8 C0 07 3E F0 81 0F 7C E4
[21:17:21.622] ADDR:0xEE TYPE:RC_CHANNELS_PACKED        LEN:26 | EE 18 16 E0 BB 5E 2B B0 D7 8A 56 B4 02 7C E0 03 1F F8 C0 07 3E F0 81 0F 7C 38
[21:17:21.652] ADDR:0xEE TYPE:RC_CHANNELS_PACKED        LEN:26 | EE 18 16 E0 C3 5E 2B B0 D7 8A 56 B4 02 7C E0 03 1F F8 C0 07 3E F0 81 0F 7C 98
[21:17:21.673] ADDR:0xEE TYPE:RC_CHANNELS_PACKED        LEN:26 | EE 18 16 E0 C3 5E 2B AE D7 8A 56 B4 02 7C E0 03 1F F8 C0 07 3E F0 81 0F 7C 73
[21:17:21.683] ADDR:0xEE TYPE:RC_CHANNELS_PACKED        LEN:26 | EE 18 16 E0 C3 5E 2B B2 D7 8A 56 B4 02 7C E0 03 1F F8 C0 07 3E F0 81 0F 7C E4
[21:17:21.703] ADDR:0xEE TYPE:RC_CHANNELS_PACKED        LEN:26 | EE 18 16 E0 C3 5E 2B B2 D7 8A 56 B4 02 7C E0 03 1F F8 C0 07 3E F0 81 0F 7C E4
[21:17:21.794] ADDR:0xEE TYPE:RC_CHANNELS_PACKED        LEN:26 | EE 18 16 E0 C3 5E 2B B2 D7 8A 56 B4 02 7C E0 03 1F F8 C0 07 3E F0 81 0F 7C E4
[21:17:21.794] ADDR:0xEE TYPE:RC_CHANNELS_PACKED        LEN:26 | EE 18 16 E0 C3 5E 2B B2 D7 8A 56 B4 02 7C E0 03 1F F8 C0 07 3E F0 81 0F 7C E4
[21:17:21.794] ADDR:0xEE TYPE:RC_CHANNELS_PACKED        LEN:26 | EE 18 16 E0 C3 5E 2B B2 D7 8A 56 B4 02 7C E0 03 1F F8 C0 07 3E F0 81 0F 7C E4
[21:17:21.794] ADDR:0xEE TYPE:RC_CHANNELS_PACKED        LEN:26 | EE 18 16 E0 C3 5E 2B B2 D7 8A 56 B4 02 7C E0 03 1F F8 C0 07 3E F0 81 0F 7C E4
[21:17:21.794] ADDR:0xEE TYPE:RC_CHANNELS_PACKED        LEN:26 | EE 18 16 E0 BB 5E 2B B2 D7 8A 56 B4 02 7C E0 03 1F F8 C0 07 3E F0 81 0F 7C 44
[21:17:21.794] ADDR:0xEE TYPE:RC_CHANNELS_PACKED        LEN:26 | EE 18 16 E0 C3 5E 2B B2 D7 8A 56 B4 02 7C E0 03 1F F8 C0 07 3E F0 81 0F 7C E4
[21:17:21.794] ADDR:0xEE TYPE:RC_CHANNELS_PACKED        LEN:26 | EE 18 16 E0 C3 5E 2B B2 D7 8A 56 B4 02 7C E0 03 1F F8 C0 07 3E F0 81 0F 7C E4
[21:17:21.794] ADDR:0xEE TYPE:RC_CHANNELS_PACKED        LEN:26 | EE 18 16 E0 C3 5E 2B B2 D7 8A 56 B4 02 7C E0 03 1F F8 C0 07 3E F0 81 0F 7C E4
[21:17:21.794] ADDR:0xEE TYPE:RC_CHANNELS_PACKED        LEN:26 | EE 18 16 E0 C3 5E 2B B2 D7 8A 56 B4 02 7C E0 03 1F F8 C0 07 3E F0 81 0F 7C E4
[21:17:21.794] ADDR:0xEE TYPE:RC_CHANNELS_PACKED        LEN:26 | EE 18 16 E0 C3 5E 2B B2 D7 8A 56 B4 02 7C E0 03 1F F8 C0 07 3E F0 81 0F 7C E4
[21:17:21.795] ADDR:0xEE TYPE:RC_CHANNELS_PACKED        LEN:26 | EE 18 16 E0 C3 5E 2B B2 D7 8A 56 B4 02 7C E0 03 1F F8 C0 07 3E F0 81 0F 7C E4
[21:17:21.795] ADDR:0xEE TYPE:RC_CHANNELS_PACKED        LEN:26 | EE 18 16 E0 C3 5E 2B B0 D7 8A 56 B4 02 7C E0 03 1F F8 C0 07 3E F0 81 0F 7C 98
[21:17:21.795] ADDR:0xEE TYPE:RC_CHANNELS_PACKED        LEN:26 | EE 18 16 E0 C3 5E 2B AA D7 8A 56 B4 02 7C E0 03 1F F8 C0 07 3E F0 81 0F 7C 8B
[21:17:21.795] ADDR:0xEE TYPE:RC_CHANNELS_PACKED        LEN:26 | EE 18 16 E0 C3 5E 2B B2 D7 8A 56 B4 02 7C E0 03 1F F8 C0 07 3E F0 81 0F 7C E4
[21:17:21.795] ADDR:0xEE TYPE:RC_CHANNELS_PACKED        LEN:26 | EE 18 16 E0 C3 5E 2B B2 D7 8A 56 B4 02 7C E0 03 1F F8 C0 07 3E F0 81 0F 7C E4
[21:17:21.795] ADDR:0xEE TYPE:RC_CHANNELS_PACKED        LEN:26 | EE 18 16 E0 C3 5E 2B B2 D7 8A 56 B4 02 7C E0 03 1F F8 C0 07 3E F0 81 0F 7C E4
[21:17:21.795] ADDR:0xEE TYPE:RC_CHANNELS_PACKED        LEN:26 | EE 18 16 E0 C3 5E 2B B2 D7 8A 56 B4 02 7C E0 03 1F F8 C0 07 3E F0 81 0F 7C E4
[21:17:21.795] ADDR:0xEE TYPE:RC_CHANNELS_PACKED        LEN:26 | EE 18 16 E0 BB 5E 2B B2 D7 8A 56 B4 02 7C E0 03 1F F8 C0 07 3E F0 81 0F 7C 44
[21:17:21.795] ADDR:0xEE TYPE:RC_CHANNELS_PACKED        LEN:26 | EE 18 16 E0 C3 5E 2B B2 D7 8A 56 B4 02 7C E0 03 1F F8 C0 07 3E F0 81 0F 7C E4
[21:17:21.867] ADDR:0xEE TYPE:RC_CHANNELS_PACKED        LEN:26 | EE 18 16 E0 C3 5E 2B B2 D7 8A 56 B4 02 7C E0 03 1F F8 C0 07 3E F0 81 0F 7C E4
[21:17:21.867] ADDR:0xEE TYPE:RC_CHANNELS_PACKED        LEN:26 | EE 18 16 E0 C3 5E 2B B2 D7 8A 56 B4 02 7C E0 03 1F F8 C0 07 3E F0 81 0F 7C E4
[21:17:21.867] ADDR:0xEE TYPE:RC_CHANNELS_PACKED        LEN:26 | EE 18 16 E0 BB 5E 2B A8 D7 8A 56 B4 02 7C E0 03 1F F8 C0 07 3E F0 81 0F 7C 57
[21:17:21.868] ADDR:0xEE TYPE:RC_CHANNELS_PACKED        LEN:26 | EE 18 16 E0 C3 5E 2B B2 D7 8A 56 B4 02 7C E0 03 1F F8 C0 07 3E F0 81 0F 7C E4
[21:17:21.868] ADDR:0xEE TYPE:RC_CHANNELS_PACKED        LEN:26 | EE 18 16 E0 C3 5E 2B B4 D7 8A 56 B4 02 7C E0 03 1F F8 C0 07 3E F0 81 0F 7C 60
[21:17:21.868] ADDR:0xEE TYPE:RC_CHANNELS_PACKED        LEN:26 | EE 18 16 E0 C3 5E 2B AE D7 8A 56 B4 02 7C E0 03 1F F8 C0 07 3E F0 81 0F 7C 73
[21:17:21.868] ADDR:0xEE TYPE:RC_CHANNELS_PACKED        LEN:26 | EE 18 16 E0 C3 5E 2B B2 D7 8A 56 B4 02 7C E0 03 1F F8 C0 07 3E F0 81 0F 7C E4
[21:17:21.868] ADDR:0xEE TYPE:RC_CHANNELS_PACKED        LEN:26 | EE 18 16 E0 BB 5E 2B B2 D7 8A 56 B4 02 7C E0 03 1F F8 C0 07 3E F0 81 0F 7C 44
[21:17:21.868] ADDR:0xEE TYPE:RC_CHANNELS_PACKED        LEN:26 | EE 18 16 E0 C3 5E 2B B2 D7 8A 56 B4 02 7C E0 03 1F F8 C0 07 3E F0 81 0F 7C E4
[21:17:21.868] ADDR:0xEE TYPE:RC_CHANNELS_PACKED        LEN:26 | EE 18 16 E0 C3 5E 2B B2 D7 8A 56 B4 02 7C E0 03 1F F8 C0 07 3E F0 81 0F 7C E4
[21:17:21.868] ADDR:0xEE TYPE:RC_CHANNELS_PACKED        LEN:26 | EE 18 16 E0 C3 5E 2B AE D7 8A 56 B4 02 7C E0 03 1F F8 C0 07 3E F0 81 0F 7C 73
[21:17:21.868] ADDR:0xEE TYPE:RC_CHANNELS_PACKED        LEN:26 | EE 18 16 E0 C3 5E 2B B2 D7 8A 56 B4 02 7C E0 03 1F F8 C0 07 3E F0 81 0F 7C E4
[21:17:21.868] ADDR:0xEE TYPE:RC_CHANNELS_PACKED        LEN:26 | EE 18 16 E0 C3 5E 2B B2 D7 8A 56 B4 02 7C E0 03 1F F8 C0 07 3E F0 81 0F 7C E4
[21:17:21.868] ADDR:0xEE TYPE:RC_CHANNELS_PACKED        LEN:26 | EE 18 16 E0 C3 5E 2B B2 D7 8A 56 B4 02 7C E0 03 1F F8 C0 07 3E F0 81 0F 7C E4
[21:17:21.868] ADDR:0xEE TYPE:RC_CHANNELS_PACKED        LEN:26 | EE 18 16 E0 C3 5E 2B B0 D7 8A 56 B4 02 7C E0 03 1F F8 C0 07 3E F0 81 0F 7C 98
[21:17:21.868] ADDR:0xEE TYPE:RC_CHANNELS_PACKED        LEN:26 | EE 18 16 E0 C3 5E 2B B2 D7 8A 56 B4 02 7C E0 03 1F F8 C0 07 3E F0 81 0F 7C E4
[21:17:21.868] ADDR:0xEE TYPE:RC_CHANNELS_PACKED        LEN:26 | EE 18 16 E0 C3 5E 2B B2 D7 8A 56 B4 02 7C E0 03 1F F8 C0 07 3E F0 81 0F 7C E4
[21:17:21.868] ADDR:0xEE TYPE:RC_CHANNELS_PACKED        LEN:26 | EE 18 16 E0 C3 5E 2B AE D7 8A 56 B4 02 7C E0 03 1F F8 C0 07 3E F0 81 0F 7C 73
[21:17:21.868] ADDR:0xEE TYPE:RC_CHANNELS_PACKED        LEN:26 | EE 18 16 E0 C3 5E 2B B2 D7 8A 56 B4 02 7C E0 03 1F F8 C0 07 3E F0 81 0F 7C E4
[21:17:21.939] ADDR:0xEE TYPE:RC_CHANNELS_PACKED        LEN:26 | EE 18 16 E0 C3 5E 2B B0 D7 8A 56 B4 02 7C E0 03 1F F8 C0 07 3E F0 81 0F 7C 98
[21:17:21.939] ADDR:0xEE TYPE:RC_CHANNELS_PACKED        LEN:26 | EE 18 16 E0 C3 5E 2B B2 D7 8A 56 B4 02 7C E0 03 1F F8 C0 07 3E F0 81 0F 7C E4
[21:17:21.939] ADDR:0xEE TYPE:RC_CHANNELS_PACKED        LEN:26 | EE 18 16 E0 C3 5E 2B B2 D7 8A 56 B4 02 7C E0 03 1F F8 C0 07 3E F0 81 0F 7C E4
[21:17:21.939] ADDR:0xEE TYPE:RC_CHANNELS_PACKED        LEN:26 | EE 18 16 E0 C3 5E 2B B0 D7 8A 56 B4 02 7C E0 03 1F F8 C0 07 3E F0 81 0F 7C 98
[21:17:21.939] ADDR:0xEE TYPE:RC_CHANNELS_PACKED        LEN:26 | EE 18 16 E0 C3 5E 2B B0 D7 8A 56 B4 02 7C E0 03 1F F8 C0 07 3E F0 81 0F 7C 98
[21:17:21.939] ADDR:0xEE TYPE:RC_CHANNELS_PACKED        LEN:26 | EE 18 16 E0 C3 5E 2B B2 D7 8A 56 B4 02 7C E0 03 1F F8 C0 07 3E F0 81 0F 7C E4
[21:17:21.939] ADDR:0xEE TYPE:RC_CHANNELS_PACKED        LEN:26 | EE 18 16 E0 C3 5E 2B B2 D7 8A 56 B4 02 7C E0 03 1F F8 C0 07 3E F0 81 0F 7C E4
[21:17:21.940] ADDR:0xEE TYPE:RC_CHANNELS_PACKED        LEN:26 | EE 18 16 E0 C3 5E 2B B2 D7 8A 56 B4 02 7C E0 03 1F F8 C0 07 3E F0 81 0F 7C E4
[21:17:21.940] ADDR:0xEE TYPE:RC_CHANNELS_PACKED        LEN:26 | EE 18 16 E0 C3 5E 2B AE D7 8A 56 B4 02 7C E0 03 1F F8 C0 07 3E F0 81 0F 7C 73
[21:17:21.940] ADDR:0xEE TYPE:RC_CHANNELS_PACKED        LEN:26 | EE 18 16 E0 C3 5E 2B B2 D7 8A 56 B4 02 7C E0 03 1F F8 C0 07 3E F0 81 0F 7C E4
[21:17:21.940] ADDR:0xEE TYPE:RC_CHANNELS_PACKED        LEN:26 | EE 18 16 E0 C3 5E 2B B2 D7 8A 56 B4 02 7C E0 03 1F F8 C0 07 3E F0 81 0F 7C E4
[21:17:21.940] ADDR:0xEE TYPE:RC_CHANNELS_PACKED        LEN:26 | EE 18 16 E0 C3 5E 2B B0 D7 8A 56 B4 02 7C E0 03 1F F8 C0 07 3E F0 81 0F 7C 98
[21:17:21.940] ADDR:0xEE TYPE:RC_CHANNELS_PACKED        LEN:26 | EE 18 16 E0 C3 5E 2B B2 D7 8A 56 B4 02 7C E0 03 1F F8 C0 07 3E F0 81 0F 7C E4
[21:17:21.940] ADDR:0xEE TYPE:RC_CHANNELS_PACKED        LEN:26 | EE 18 16 E0 C3 5E 2B AE D7 8A 56 B4 02 7C E0 03 1F F8 C0 07 3E F0 81 0F 7C 73
[21:17:21.940] ADDR:0xEE TYPE:RC_CHANNELS_PACKED        LEN:26 | EE 18 16 E0 C3 5E 2B B2 D7 8A 56 B4 02 7C E0 03 1F F8 C0 07 3E F0 81 0F 7C E4
[21:17:21.940] ADDR:0xEE TYPE:RC_CHANNELS_PACKED        LEN:26 | EE 18 16 E0 BB 5E 2B B2 D7 8A 56 B4 02 7C E0 03 1F F8 C0 07 3E F0 81 0F 7C 44
[21:17:21.940] ADDR:0xEE TYPE:RC_CHANNELS_PACKED        LEN:26 | EE 18 16 E0 C3 5E 2B B0 D7 8A 56 B4 02 7C E0 03 1F F8 C0 07 3E F0 81 0F 7C 98
[21:17:21.940] ADDR:0xEE TYPE:RC_CHANNELS_PACKED        LEN:26 | EE 18 16 E0 C3 5E 2B B0 D7 8A 56 B4 02 7C E0 03 1F F8 C0 07 3E F0 81 0F 7C 98
[21:17:21.940] ADDR:0xEE TYPE:RC_CHANNELS_PACKED        LEN:26 | EE 18 16 E0 C3 5E 2B AE D7 8A 56 B4 02 7C E0 03 1F F8 C0 07 3E F0 81 0F 7C 73
[21:17:22.021] ADDR:0xEE TYPE:RC_CHANNELS_PACKED        LEN:26 | EE 18 16 E0 C3 5E 2B B2 D7 8A 56 B4 02 7C E0 03 1F F8 C0 07 3E F0 81 0F 7C E4
[21:17:22.021] ADDR:0xEE TYPE:RC_CHANNELS_PACKED        LEN:26 | EE 18 16 E0 C3 5E 2B B2 D7 8A 56 B4 02 7C E0 03 1F F8 C0 07 3E F0 81 0F 7C E4
[21:17:22.021] ADDR:0xEE TYPE:RC_CHANNELS_PACKED        LEN:26 | EE 18 16 E0 C3 5E 2B B2 D7 8A 56 B4 02 7C E0 03 1F F8 C0 07 3E F0 81 0F 7C E4
[21:17:22.021] ADDR:0xEE TYPE:RC_CHANNELS_PACKED        LEN:26 | EE 18 16 E0 C3 5E 2B B2 D7 8A 56 B4 02 7C E0 03 1F F8 C0 07 3E F0 81 0F 7C E4
[21:17:22.021] ADDR:0xEE TYPE:RC_CHANNELS_PACKED        LEN:26 | EE 18 16 E0 C3 5E 2B B2 D7 8A 56 B4 02 7C E0 03 1F F8 C0 07 3E F0 81 0F 7C E4
[21:17:22.021] ADDR:0xEE TYPE:RC_CHANNELS_PACKED        LEN:26 | EE 18 16 E0 BB 5E 2B B2 D7 8A 56 B4 02 7C E0 03 1F F8 C0 07 3E F0 81 0F 7C 44
[21:17:22.022] ADDR:0xEE TYPE:RC_CHANNELS_PACKED        LEN:26 | EE 18 16 DF C3 5E 2B B2 D7 8A 56 B4 02 7C E0 03 1F F8 C0 07 3E F0 81 0F 7C 66
[21:17:22.022] ADDR:0xEE TYPE:RC_CHANNELS_PACKED        LEN:26 | EE 18 16 E0 C3 5E 2B B2 D7 8A 56 B4 02 7C E0 03 1F F8 C0 07 3E F0 81 0F 7C E4
[21:17:22.022] ADDR:0xEE TYPE:RC_CHANNELS_PACKED        LEN:26 | EE 18 16 E0 C3 5E 2B B0 D7 8A 56 B4 02 7C E0 03 1F F8 C0 07 3E F0 81 0F 7C 98
[21:17:22.022] ADDR:0xEE TYPE:RC_CHANNELS_PACKED        LEN:26 | EE 18 16 E0 C3 5E 2B B2 D7 8A 56 B4 02 7C E0 03 1F F8 C0 07 3E F0 81 0F 7C E4
[21:17:22.022] ADDR:0xEE TYPE:RC_CHANNELS_PACKED        LEN:26 | EE 18 16 E0 C3 5E 2B B2 D7 8A 56 B4 02 7C E0 03 1F F8 C0 07 3E F0 81 0F 7C E4
[21:17:22.022] ADDR:0xEE TYPE:RC_CHANNELS_PACKED        LEN:26 | EE 18 16 E0 C3 5E 2B B2 D7 8A 56 B4 02 7C E0 03 1F F8 C0 07 3E F0 81 0F 7C E4
[21:17:22.022] ADDR:0xEE TYPE:RC_CHANNELS_PACKED        LEN:26 | EE 18 16 E0 C3 5E 2B B2 D7 8A 56 B4 02 7C E0 03 1F F8 C0 07 3E F0 81 0F 7C E4
[21:17:22.022] ADDR:0xEE TYPE:RC_CHANNELS_PACKED        LEN:26 | EE 18 16 E0 C3 5E 2B B2 D7 8A 56 B4 02 7C E0 03 1F F8 C0 07 3E F0 81 0F 7C E4
[21:17:22.022] ADDR:0xEE TYPE:RC_CHANNELS_PACKED        LEN:26 | EE 18 16 E0 C3 5E 2B AE D7 8A 56 B4 02 7C E0 03 1F F8 C0 07 3E F0 81 0F 7C 73
[21:17:22.022] ADDR:0xEE TYPE:RC_CHANNELS_PACKED        LEN:26 | EE 18 16 E0 AB 5E 2B B2 D7 8A 56 B4 02 7C E0 03 1F F8 C0 07 3E F0 81 0F 7C 15
[21:17:22.022] ADDR:0xEE TYPE:RC_CHANNELS_PACKED        LEN:26 | EE 18 16 E0 C3 5E 2B B4 D7 8A 56 B4 02 7C E0 03 1F F8 C0 07 3E F0 81 0F 7C 60
[21:17:22.022] ADDR:0xEE TYPE:RC_CHANNELS_PACKED        LEN:26 | EE 18 16 E0 C3 5E 2B AE D7 8A 56 B4 02 7C E0 03 1F F8 C0 07 3E F0 81 0F 7C 73
[21:17:22.022] ADDR:0xEE TYPE:RC_CHANNELS_PACKED        LEN:26 | EE 18 16 DF C3 5E 2B B2 D7 8A 56 B4 02 7C E0 03 1F F8 C0 07 3E F0 81 0F 7C 66
[21:17:22.094] ADDR:0xEE TYPE:RC_CHANNELS_PACKED        LEN:26 | EE 18 16 E0 C3 5E 2B B2 D7 8A 56 B4 02 7C E0 03 1F F8 C0 07 3E F0 81 0F 7C E4
[21:17:22.094] ADDR:0xEE TYPE:RC_CHANNELS_PACKED        LEN:26 | EE 18 16 E0 C3 5E 2B B2 D7 8A 56 B4 02 7C E0 03 1F F8 C0 07 3E F0 81 0F 7C E4
[21:17:22.094] ADDR:0xEE TYPE:RC_CHANNELS_PACKED        LEN:26 | EE 18 16 E0 C3 5E 2B B0 D7 8A 56 B4 02 7C E0 03 1F F8 C0 07 3E F0 81 0F 7C 98
[21:17:22.094] ADDR:0xEE TYPE:RC_CHANNELS_PACKED        LEN:26 | EE 18 16 E0 C3 5E 2B B2 D7 8A 56 B4 02 7C E0 03 1F F8 C0 07 3E F0 81 0F 7C E4
[21:17:22.094] ADDR:0xEE TYPE:RC_CHANNELS_PACKED        LEN:26 | EE 18 16 E0 C3 5E 2B B2 D7 8A 56 B4 02 7C E0 03 1F F8 C0 07 3E F0 81 0F 7C E4
[21:17:22.095] ADDR:0xEE TYPE:RC_CHANNELS_PACKED        LEN:26 | EE 18 16 E0 C3 5E 2B B2 D7 8A 56 B4 02 7C E0 03 1F F8 C0 07 3E F0 81 0F 7C E4
[21:17:22.095] ADDR:0xEE TYPE:RC_CHANNELS_PACKED        LEN:26 | EE 18 16 E0 C3 5E 2B B2 D7 8A 56 B4 02 7C E0 03 1F F8 C0 07 3E F0 81 0F 7C E4
[21:17:22.095] ADDR:0xEE TYPE:RC_CHANNELS_PACKED        LEN:26 | EE 18 16 E0 BB 5E 2B B2 D7 8A 56 B4 02 7C E0 03 1F F8 C0 07 3E F0 81 0F 7C 44
[21:17:22.095] ADDR:0xEE TYPE:RC_CHANNELS_PACKED        LEN:26 | EE 18 16 E0 C3 5E 2B B2 D7 8A 56 B4 02 7C E0 03 1F F8 C0 07 3E F0 81 0F 7C E4
[21:17:22.095] ADDR:0xEE TYPE:RC_CHANNELS_PACKED        LEN:26 | EE 18 16 E0 C3 5E 2B B2 D7 8A 56 B4 02 7C E0 03 1F F8 C0 07 3E F0 81 0F 7C E4
[21:17:22.095] ADDR:0xEE TYPE:RC_CHANNELS_PACKED        LEN:26 | EE 18 16 E0 C3 5E 2B B2 D7 8A 56 B4 02 7C E0 03 1F F8 C0 07 3E F0 81 0F 7C E4
[21:17:22.095] ADDR:0xEE TYPE:RC_CHANNELS_PACKED        LEN:26 | EE 18 16 E0 C3 5E 2B B4 D7 8A 56 B4 02 7C E0 03 1F F8 C0 07 3E F0 81 0F 7C 60
[21:17:22.095] ADDR:0xEE TYPE:RC_CHANNELS_PACKED        LEN:26 | EE 18 16 E0 C3 5E 2B B2 D7 8A 56 B4 02 7C E0 03 1F F8 C0 07 3E F0 81 0F 7C E4
[21:17:22.095] ADDR:0xEE TYPE:RC_CHANNELS_PACKED        LEN:26 | EE 18 16 E0 C3 5E 2B B2 D7 8A 56 B4 02 7C E0 03 1F F8 C0 07 3E F0 81 0F 7C E4
[21:17:22.095] ADDR:0xEE TYPE:RC_CHANNELS_PACKED        LEN:26 | EE 18 16 E0 C3 5E 2B B2 D7 8A 56 B4 02 7C E0 03 1F F8 C0 07 3E F0 81 0F 7C E4
[21:17:22.095] ADDR:0xEE TYPE:RC_CHANNELS_PACKED        LEN:26 | EE 18 16 E0 C3 5E 2B B2 D7 8A 56 B4 02 7C E0 03 1F F8 C0 07 3E F0 81 0F 7C E4
[21:17:22.095] ADDR:0xEE TYPE:RC_CHANNELS_PACKED        LEN:26 | EE 18 16 E0 C3 5E 2B AE D7 8A 56 B4 02 7C E0 03 1F F8 C0 07 3E F0 81 0F 7C 73
[21:17:22.095] ADDR:0xEA TYPE:ELRS_STATUS               LEN:15 | EA 0D 3A EA EE 10 00 03 0D 40 FF FF FC 18 2B
[21:17:22.095] ADDR:0xEE TYPE:RC_CHANNELS_PACKED        LEN:26 | EE 18 16 E0 C3 5E 2B B2 D7 8A 56 B4 02 7C E0 03 1F F8 C0 07 3E F0 81 0F 7C E4
[21:17:22.095] ADDR:0xEE TYPE:RC_CHANNELS_PACKED        LEN:26 | EE 18 16 E0 C3 5E 2B B2 D7 8A 56 B4 02 7C E0 03 1F F8 C0 07 3E F0 81 0F 7C E4
[21:17:22.117] ADDR:0xEE TYPE:RC_CHANNELS_PACKED        LEN:26 | EE 18 16 E0 C3 5E 2B B2 D7 8A 56 B4 02 7C E0 03 1F F8 C0 07 3E F0 81 0F 7C E4
[21:17:22.127] ADDR:0xEE TYPE:RC_CHANNELS_PACKED        LEN:26 | EE 18 16 E0 C3 5E 2B AE D7 8A 56 B4 02 7C E0 03 1F F8 C0 07 3E F0 81 0F 7C 73
[21:17:22.147] ADDR:0xEE TYPE:RC_CHANNELS_PACKED        LEN:26 | EE 18 16 E0 C3 5E 2B B2 D7 8A 56 B4 02 7C E0 03 1F F8 C0 07 3E F0 81 0F 7C E4
[21:17:22.158] ADDR:0xEE TYPE:RC_CHANNELS_PACKED        LEN:26 | EE 18 16 E0 C3 5E 2B B2 D7 8A 56 B4 02 7C E0 03 1F F8 C0 07 3E F0 81 0F 7C E4
[21:17:22.188] ADDR:0xEE TYPE:RC_CHANNELS_PACKED        LEN:26 | EE 18 16 E0 BB 5E 2B B2 D7 8A 56 B4 02 7C E0 03 1F F8 C0 07 3E F0 81 0F 7C 44
[21:17:22.209] ADDR:0xEE TYPE:RC_CHANNELS_PACKED        LEN:26 | EE 18 16 E0 C3 5E 2B B2 D7 8A 56 B4 02 7C E0 03 1F F8 C0 07 3E F0 81 0F 7C E4
[21:17:22.219] ADDR:0xEE TYPE:RC_CHANNELS_PACKED        LEN:26 | EE 18 16 E0 C3 5E 2B B2 D7 8A 56 B4 02 7C E0 03 1F F8 C0 07 3E F0 81 0F 7C E4
[21:17:22.239] ADDR:0xEE TYPE:RC_CHANNELS_PACKED        LEN:26 | EE 18 16 E0 BB 5E 2B B2 D7 8A 56 B4 02 7C E0 03 1F F8 C0 07 3E F0 81 0F 7C 44
[21:17:22.269] ADDR:0xEE TYPE:RC_CHANNELS_PACKED        LEN:26 | EE 18 16 E0 C3 5E 2B B2 D7 8A 56 B4 02 7C E0 03 1F F8 C0 07 3E F0 81 0F 7C E4
[21:17:22.290] ADDR:0xEE TYPE:RC_CHANNELS_PACKED        LEN:26 | EE 18 16 E0 C3 5E 2B B2 D7 8A 56 B4 02 7C E0 03 1F F8 C0 07 3E F0 81 0F 7C E4
[21:17:22.300] ADDR:0xEE TYPE:RC_CHANNELS_PACKED        LEN:26 | EE 18 16 E0 BB 5E 2B B2 D7 8A 56 B4 02 7C E0 03 1F F8 C0 07 3E F0 81 0F 7C 44
[21:17:22.300] ADDR:0xEA TYPE:ELRS_STATUS               LEN:15 | EA 0D 3A EA EE 10 00 03 0D 40 00 01 40 82 39
[21:17:22.320] ADDR:0xEE TYPE:RC_CHANNELS_PACKED        LEN:26 | EE 18 16 E0 C3 5E 2B B2 D7 8A 56 B4 02 7C E0 03 1F F8 C0 07 3E F0 81 0F 7C E4
[21:17:22.351] ADDR:0xEE TYPE:RC_CHANNELS_PACKED        LEN:26 | EE 18 16 E0 C3 5E 2B B2 D7 8A 56 B4 02 7C E0 03 1F F8 C0 07 3E F0 81 0F 7C E4
[21:17:22.371] ADDR:0xEE TYPE:RC_CHANNELS_PACKED        LEN:26 | EE 18 16 E0 C3 5E 2B B2 D7 8A 56 B4 02 7C E0 03 1F F8 C0 07 3E F0 81 0F 7C E4
[21:17:22.401] ADDR:0xEE TYPE:RC_CHANNELS_PACKED        LEN:26 | EE 18 16 E0 C3 5E 2B B2 D7 8A 56 B4 02 7C E0 03 1F F8 C0 07 3E F0 81 0F 7C E4
[21:17:22.412] ADDR:0xEE TYPE:RC_CHANNELS_PACKED        LEN:26 | EE 18 16 E0 C3 5E 2B B2 D7 8A 56 B4 02 7C E0 03 1F F8 C0 07 3E F0 81 0F 7C E4
[21:17:22.432] ADDR:0xEE TYPE:RC_CHANNELS_PACKED        LEN:26 | EE 18 16 E0 C3 5E 2B AE D7 8A 56 B4 02 7C E0 03 1F F8 C0 07 3E F0 81 0F 7C 73
[21:17:22.442] ADDR:0xEE TYPE:RC_CHANNELS_PACKED        LEN:26 | EE 18 16 E0 C3 5E 2B B2 D7 8A 56 B4 02 7C E0 03 1F F8 C0 07 3E F0 81 0F 7C E4
[21:17:22.483] ADDR:0xEE TYPE:RC_CHANNELS_PACKED        LEN:26 | EE 18 16 E0 C3 5E 2B B2 D7 8A 56 B4 02 7C E0 03 1F F8 C0 07 3E F0 81 0F 7C E4
[21:17:22.493] ADDR:0xEE TYPE:RC_CHANNELS_PACKED        LEN:26 | EE 18 16 E0 C3 5E 2B B0 D7 8A 56 B4 02 7C E0 03 1F F8 C0 07 3E F0 81 0F 7C 98
[21:17:22.514] ADDR:0xEE TYPE:RC_CHANNELS_PACKED        LEN:26 | EE 18 16 E0 C3 5E 2B B2 D7 8A 56 B4 02 7C E0 03 1F F8 C0 07 3E F0 81 0F 7C E4
[21:17:22.514] ADDR:0xEA TYPE:ELRS_STATUS               LEN:15 | EA 0D 3A EA EE 10 00 03 0D 40 FF FF FF D8 44
[21:17:22.524] ADDR:0xEE TYPE:RC_CHANNELS_PACKED        LEN:26 | EE 18 16 E0 C3 5E 2B B2 D7 8A 56 B4 02 7C E0 03 1F F8 C0 07 3E F0 81 0F 7C E4
[21:17:22.554] ADDR:0xEE TYPE:RC_CHANNELS_PACKED        LEN:26 | EE 18 16 E0 C3 5E 2B AE D7 8A 56 B4 02 7C E0 03 1F F8 C0 07 3E F0 81 0F 7C 73
[21:17:22.575] ADDR:0xEE TYPE:RC_CHANNELS_PACKED        LEN:26 | EE 18 16 E0 BB 5E 2B B2 D7 8A 56 B4 02 7C E0 03 1F F8 C0 07 3E F0 81 0F 7C 44
[21:17:22.595] ADDR:0xEE TYPE:RC_CHANNELS_PACKED        LEN:26 | EE 18 16 E0 BB 5E 2B B0 D7 8A 56 B4 02 7C E0 03 1F F8 C0 07 3E F0 81 0F 7C 38
[21:17:22.605] ADDR:0xEE TYPE:RC_CHANNELS_PACKED        LEN:26 | EE 18 16 E0 C3 5E 2B B2 D7 8A 56 B4 02 7C E0 03 1F F8 C0 07 3E F0 81 0F 7C E4
[21:17:22.635] ADDR:0xEE TYPE:RC_CHANNELS_PACKED        LEN:26 | EE 18 16 E0 C3 5E 2B B2 D7 8A 56 B4 02 7C E0 03 1F F8 C0 07 3E F0 81 0F 7C E4
[21:17:22.656] ADDR:0xEE TYPE:RC_CHANNELS_PACKED        LEN:26 | EE 18 16 E0 C3 5E 2B B2 D7 8A 56 B4 02 7C E0 03 1F F8 C0 07 3E F0 81 0F 7C E4
[21:17:22.666] ADDR:0xEE TYPE:RC_CHANNELS_PACKED        LEN:26 | EE 18 16 E0 C3 5E 2B AE D7 8A 56 B4 02 7C E0 03 1F F8 C0 07 3E F0 81 0F 7C 73
[21:17:22.686] ADDR:0xEE TYPE:RC_CHANNELS_PACKED        LEN:26 | EE 18 16 E0 C3 5E 2B B2 D7 8A 56 B4 02 7C E0 03 1F F8 C0 07 3E F0 81 0F 7C E4
[21:17:22.717] ADDR:0xEE TYPE:RC_CHANNELS_PACKED        LEN:26 | EE 18 16 E0 C3 5E 2B B0 D7 8A 56 B4 02 7C E0 03 1F F8 C0 07 3E F0 81 0F 7C 98
[21:17:22.717] ADDR:0xEA TYPE:ELRS_STATUS               LEN:15 | EA 0D 3A EA EE 10 00 03 0D 40 00 00 01 54 AF
[21:17:22.737] ADDR:0xEE TYPE:RC_CHANNELS_PACKED        LEN:26 | EE 18 16 E0 C3 5E 2B B2 D7 8A 56 B4 02 7C E0 03 1F F8 C0 07 3E F0 81 0F 7C E4
[21:17:22.747] ADDR:0xEE TYPE:RC_CHANNELS_PACKED        LEN:26 | EE 18 16 E0 C3 5E 2B B0 D7 8A 56 B4 02 7C E0 03 1F F8 C0 07 3E F0 81 0F 7C 98
[21:17:22.768] ADDR:0xEE TYPE:RC_CHANNELS_PACKED        LEN:26 | EE 18 16 E0 C3 5E 2B B0 D7 8A 56 B4 02 7C E0 03 1F F8 C0 07 3E F0 81 0F 7C 98
[21:17:22.798] ADDR:0xEE TYPE:RC_CHANNELS_PACKED        LEN:26 | EE 18 16 E0 C3 5E 2B B4 D7 8A 56 B4 02 7C E0 03 1F F8 C0 07 3E F0 81 0F 7C 60
[21:17:22.818] ADDR:0xEE TYPE:RC_CHANNELS_PACKED        LEN:26 | EE 18 16 E0 C3 5E 2B B2 D7 8A 56 B4 02 7C E0 03 1F F8 C0 07 3E F0 81 0F 7C E4
[21:17:22.829] ADDR:0xEE TYPE:RC_CHANNELS_PACKED        LEN:26 | EE 18 16 E0 C3 5E 2B B0 D7 8A 56 B4 02 7C E0 03 1F F8 C0 07 3E F0 81 0F 7C 98
[21:17:22.849] ADDR:0xEE TYPE:RC_CHANNELS_PACKED        LEN:26 | EE 18 16 E0 C3 5E 2B B0 D7 8A 56 B4 02 7C E0 03 1F F8 C0 07 3E F0 81 0F 7C 98
[21:17:22.879] ADDR:0xEE TYPE:RC_CHANNELS_PACKED        LEN:26 | EE 18 16 E0 C3 5E 2B B2 D7 8A 56 B4 02 7C E0 03 1F F8 C0 07 3E F0 81 0F 7C E4
[21:17:22.900] ADDR:0xEE TYPE:RC_CHANNELS_PACKED        LEN:26 | EE 18 16 E0 C3 5E 2B B0 D7 8A 56 B4 02 7C E0 03 1F F8 C0 07 3E F0 81 0F 7C 98
[21:17:22.910] ADDR:0xEE TYPE:RC_CHANNELS_PACKED        LEN:26 | EE 18 16 E0 C3 5E 2B B2 D7 8A 56 B4 02 7C E0 03 1F F8 C0 07 3E F0 81 0F 7C E4
[21:17:22.910] ADDR:0xEA TYPE:ELRS_STATUS               LEN:15 | EA 0D 3A EA EE 10 00 03 0D 40 FF FF FF D8 44
[21:17:22.930] ADDR:0xEE TYPE:RC_CHANNELS_PACKED        LEN:26 | EE 18 16 E0 C3 5E 2B B2 D7 8A 56 B4 02 7C E0 03 1F F8 C0 07 3E F0 81 0F 7C E4
[21:17:22.961] ADDR:0xEE TYPE:RC_CHANNELS_PACKED        LEN:26 | EE 18 16 E0 C3 5E 2B B2 D7 8A 56 B4 02 7C E0 03 1F F8 C0 07 3E F0 81 0F 7C E4
[21:17:22.971] ADDR:0xEE TYPE:RC_CHANNELS_PACKED        LEN:26 | EE 18 16 E0 C3 5E 2B B2 D7 8A 56 B4 02 7C E0 03 1F F8 C0 07 3E F0 81 0F 7C E4
[21:17:22.991] ADDR:0xEE TYPE:RC_CHANNELS_PACKED        LEN:26 | EE 18 16 E0 C3 5E 2B B2 D7 8A 56 B4 02 7C E0 03 1F F8 C0 07 3E F0 81 0F 7C E4
[21:17:23.011] ADDR:0xEE TYPE:RC_CHANNELS_PACKED        LEN:26 | EE 18 16 E0 C3 5E 2B B2 D7 8A 56 B4 02 7C E0 03 1F F8 C0 07 3E F0 81 0F 7C E4
[21:17:23.042] ADDR:0xEE TYPE:RC_CHANNELS_PACKED        LEN:26 | EE 18 16 E0 C3 5E 2B B2 D7 8A 56 B4 02 7C E0 03 1F F8 C0 07 3E F0 81 0F 7C E4
[21:17:23.052] ADDR:0xEE TYPE:RC_CHANNELS_PACKED        LEN:26 | EE 18 16 E0 C3 5E 2B B2 D7 8A 56 B4 02 7C E0 03 1F F8 C0 07 3E F0 81 0F 7C E4
[21:17:23.073] ADDR:0xEE TYPE:RC_CHANNELS_PACKED        LEN:26 | EE 18 16 E0 C3 5E 2B B2 D7 8A 56 B4 02 7C E0 03 1F F8 C0 07 3E F0 81 0F 7C E4
[21:17:23.083] ADDR:0xEE TYPE:RC_CHANNELS_PACKED        LEN:26 | EE 18 16 E0 C3 5E 2B B2 D7 8A 56 B4 02 7C E0 03 1F F8 C0 07 3E F0 81 0F 7C E4
[21:17:23.124] ADDR:0xEE TYPE:RC_CHANNELS_PACKED        LEN:26 | EE 18 16 E0 C3 5E 2B B2 D7 8A 56 B4 02 7C E0 03 1F F8 C0 07 3E F0 81 0F 7C E4
[21:17:23.124] ADDR:0xEA TYPE:ELRS_STATUS               LEN:15 | EA 0D 3A EA EE 10 00 03 0D 40 00 00 00 96 A9
[21:17:23.134] ADDR:0xEE TYPE:RC_CHANNELS_PACKED        LEN:26 | EE 18 16 E0 C3 5E 2B B2 D7 8A 56 B4 02 7C E0 03 1F F8 C0 07 3E F0 81 0F 7C E4
[21:17:23.154] ADDR:0xEE TYPE:RC_CHANNELS_PACKED        LEN:26 | EE 18 16 E0 C3 5E 2B B0 D7 8A 56 B4 02 7C E0 03 1F F8 C0 07 3E F0 81 0F 7C 98
[21:17:23.165] ADDR:0xEE TYPE:RC_CHANNELS_PACKED        LEN:26 | EE 18 16 E0 C3 5E 2B B2 D7 8A 56 B4 02 7C E0 03 1F F8 C0 07 3E F0 81 0F 7C E4
[21:17:23.195] ADDR:0xEE TYPE:RC_CHANNELS_PACKED        LEN:26 | EE 18 16 E0 C3 5E 2B B0 D7 8A 56 B4 02 7C E0 03 1F F8 C0 07 3E F0 81 0F 7C 98
[21:17:23.215] ADDR:0xEE TYPE:RC_CHANNELS_PACKED        LEN:26 | EE 18 16 E0 BB 5E 2B B2 D7 8A 56 B4 02 7C E0 03 1F F8 C0 07 3E F0 81 0F 7C 44
[21:17:23.237] ADDR:0xEE TYPE:RC_CHANNELS_PACKED        LEN:26 | EE 18 16 E0 C3 5E 2B B2 D7 8A 56 B4 02 7C E0 03 1F F8 C0 07 3E F0 81 0F 7C E4
[21:17:23.247] ADDR:0xEE TYPE:RC_CHANNELS_PACKED        LEN:26 | EE 18 16 E0 C3 5E 2B B2 D7 8A 56 B4 02 7C E0 03 1F F8 C0 07 3E F0 81 0F 7C E4
[21:17:23.277] ADDR:0xEE TYPE:RC_CHANNELS_PACKED        LEN:26 | EE 18 16 E0 BB 5E 2B B2 D7 8A 56 B4 02 7C E0 03 1F F8 C0 07 3E F0 81 0F 7C 44
[21:17:23.298] ADDR:0xEE TYPE:RC_CHANNELS_PACKED        LEN:26 | EE 18 16 E0 C3 5E 2B B2 D7 8A 56 B4 02 7C E0 03 1F F8 C0 07 3E F0 81 0F 7C E4
[21:17:23.308] ADDR:0xEE TYPE:RC_CHANNELS_PACKED        LEN:26 | EE 18 16 E0 C3 5E 2B B0 D7 8A 56 B4 02 7C E0 03 1F F8 C0 07 3E F0 81 0F 7C 98
[21:17:23.308] ADDR:0xEA TYPE:ELRS_STATUS               LEN:15 | EA 0D 3A EA EE 10 00 03 0D 40 00 00 00 F0 11
[21:17:23.328] ADDR:0xEE TYPE:RC_CHANNELS_PACKED        LEN:26 | EE 18 16 E0 C3 5E 2B B2 D7 8A 56 B4 02 7C E0 03 1F F8 C0 07 3E F0 81 0F 7C E4
[21:17:23.359] ADDR:0xEE TYPE:RC_CHANNELS_PACKED        LEN:26 | EE 18 16 E0 C3 5E 2B B2 D7 8A 56 B4 02 7C E0 03 1F F8 C0 07 3E F0 81 0F 7C E4
[21:17:23.379] ADDR:0xEE TYPE:RC_CHANNELS_PACKED        LEN:26 | EE 18 16 E0 C3 5E 2B B2 D7 8A 56 B4 02 7C E0 03 1F F8 C0 07 3E F0 81 0F 7C E4
[21:17:23.389] ADDR:0xEE TYPE:RC_CHANNELS_PACKED        LEN:26 | EE 18 16 E0 C3 5E 2B B2 D7 8A 56 B4 02 7C E0 03 1F F8 C0 07 3E F0 81 0F 7C E4
[21:17:23.410] ADDR:0xEE TYPE:RC_CHANNELS_PACKED        LEN:26 | EE 18 16 E0 C3 5E 2B B0 D7 8A 56 B4 02 7C E0 03 1F F8 C0 07 3E F0 81 0F 7C 98
[21:17:23.440] ADDR:0xEE TYPE:RC_CHANNELS_PACKED        LEN:26 | EE 18 16 E0 C3 5E 2B B2 D7 8A 56 B4 02 7C E0 03 1F F8 C0 07 3E F0 81 0F 7C E4
[21:17:23.450] ADDR:0xEE TYPE:RC_CHANNELS_PACKED        LEN:26 | EE 18 16 E0 C3 5E 2B B2 D7 8A 56 B4 02 7C E0 03 1F F8 C0 07 3E F0 81 0F 7C E4
[21:17:23.471] ADDR:0xEE TYPE:RC_CHANNELS_PACKED        LEN:26 | EE 18 16 E0 BB 5E 2B B2 D7 8A 56 B4 02 7C E0 03 1F F8 C0 07 3E F0 81 0F 7C 44
[21:17:23.491] ADDR:0xEE TYPE:RC_CHANNELS_PACKED        LEN:26 | EE 18 16 E0 BB 5E 2B B2 D7 8A 56 B4 02 7C E0 03 1F F8 C0 07 3E F0 81 0F 7C 44
[21:17:23.522] ADDR:0xEE TYPE:RC_CHANNELS_PACKED        LEN:26 | EE 18 16 E0 C3 5E 2B AE D7 8A 56 B4 02 7C E0 03 1F F8 C0 07 3E F0 81 0F 7C 73
[21:17:23.522] ADDR:0xEA TYPE:ELRS_STATUS               LEN:15 | EA 0D 3A EA EE 10 00 03 0D 40 FF FF FF EC 4C
[21:17:23.532] ADDR:0xEE TYPE:RC_CHANNELS_PACKED        LEN:26 | EE 18 16 DF C3 5E 2B B2 D7 8A 56 B4 02 7C E0 03 1F F8 C0 07 3E F0 81 0F 7C 66
[21:17:23.552] ADDR:0xEE TYPE:RC_CHANNELS_PACKED        LEN:26 | EE 18 16 E0 C3 5E 2B B2 D7 8A 56 B4 02 7C E0 03 1F F8 C0 07 3E F0 81 0F 7C E4
[21:17:23.563] ADDR:0xEE TYPE:RC_CHANNELS_PACKED        LEN:26 | EE 18 16 E0 C3 5E 2B B2 D7 8A 56 B4 02 7C E0 03 1F F8 C0 07 3E F0 81 0F 7C E4
[21:17:23.603] ADDR:0xEE TYPE:RC_CHANNELS_PACKED        LEN:26 | EE 18 16 E0 C3 5E 2B B2 D7 8A 56 B4 02 7C E0 03 1F F8 C0 07 3E F0 81 0F 7C E4
[21:17:23.613] ADDR:0xEE TYPE:RC_CHANNELS_PACKED        LEN:26 | EE 18 16 E0 C3 5E 2B B2 D7 8A 56 B4 02 7C E0 03 1F F8 C0 07 3E F0 81 0F 7C E4
[21:17:23.634] ADDR:0xEE TYPE:RC_CHANNELS_PACKED        LEN:26 | EE 18 16 E0 C3 5E 2B B2 D7 8A 56 B4 02 7C E0 03 1F F8 C0 07 3E F0 81 0F 7C E4
[21:17:23.644] ADDR:0xEE TYPE:RC_CHANNELS_PACKED        LEN:26 | EE 18 16 E0 C3 5E 2B B2 D7 8A 56 B4 02 7C E0 03 1F F8 C0 07 3E F0 81 0F 7C E4
[21:17:23.674] ADDR:0xEE TYPE:RC_CHANNELS_PACKED        LEN:26 | EE 18 16 E0 C3 5E 2B B0 D7 8A 56 B4 02 7C E0 03 1F F8 C0 07 3E F0 81 0F 7C 98
[21:17:23.694] ADDR:0xEE TYPE:RC_CHANNELS_PACKED        LEN:26 | EE 18 16 DF C3 5E 2B B2 D7 8A 56 B4 02 7C E0 03 1F F8 C0 07 3E F0 81 0F 7C 66
[21:17:23.715] ADDR:0xEE TYPE:RC_CHANNELS_PACKED        LEN:26 | EE 18 16 E0 C3 5E 2B B2 D7 8A 56 B4 02 7C E0 03 1F F8 C0 07 3E F0 81 0F 7C E4
[21:17:23.715] ADDR:0xEA TYPE:ELRS_STATUS               LEN:15 | EA 0D 3A EA EE 10 00 03 0D 40 00 00 00 96 A9
[21:17:23.725] ADDR:0xEE TYPE:RC_CHANNELS_PACKED        LEN:26 | EE 18 16 E0 C3 5E 2B B2 D7 8A 56 B4 02 7C E0 03 1F F8 C0 07 3E F0 81 0F 7C E4
[21:17:23.755] ADDR:0xEE TYPE:RC_CHANNELS_PACKED        LEN:26 | EE 18 16 E0 C3 5E 2B B2 D7 8A 56 B4 02 7C E0 03 1F F8 C0 07 3E F0 81 0F 7C E4
[21:17:23.776] ADDR:0xEE TYPE:RC_CHANNELS_PACKED        LEN:26 | EE 18 16 E0 C3 5E 2B B2 D7 8A 56 B4 02 7C E0 03 1F F8 C0 07 3E F0 81 0F 7C E4
[21:17:23.786] ADDR:0xEE TYPE:RC_CHANNELS_PACKED        LEN:26 | EE 18 16 E0 C3 5E 2B B0 D7 8A 56 B4 02 7C E0 03 1F F8 C0 07 3E F0 81 0F 7C 98
[21:17:23.809] ADDR:0xEE TYPE:RC_CHANNELS_PACKED        LEN:26 | EE 18 16 E0 BB 5E 2B B2 D7 8A 56 B4 02 7C E0 03 1F F8 C0 07 3E F0 81 0F 7C 44
[21:17:23.839] ADDR:0xEE TYPE:RC_CHANNELS_PACKED        LEN:26 | EE 18 16 E0 C3 5E 2B B2 D7 8A 56 B4 02 7C E0 03 1F F8 C0 07 3E F0 81 0F 7C E4
[21:17:23.860] ADDR:0xEE TYPE:RC_CHANNELS_PACKED        LEN:26 | EE 18 16 E0 C3 5E 2B B2 D7 8A 56 B4 02 7C E0 03 1F F8 C0 07 3E F0 81 0F 7C E4
[21:17:23.870] ADDR:0xEE TYPE:RC_CHANNELS_PACKED        LEN:26 | EE 18 16 E0 C3 5E 2B B2 D7 8A 56 B4 02 7C E0 03 1F F8 C0 07 3E F0 81 0F 7C E4
[21:17:23.890] ADDR:0xEE TYPE:RC_CHANNELS_PACKED        LEN:26 | EE 18 16 DF C3 5E 2B B2 D7 8A 56 B4 02 7C E0 03 1F F8 C0 07 3E F0 81 0F 7C 66
[21:17:23.921] ADDR:0xEE TYPE:RC_CHANNELS_PACKED        LEN:26 | EE 18 16 E0 C3 5E 2B B2 D7 8A 56 B4 02 7C E0 03 1F F8 C0 07 3E F0 81 0F 7C E4
[21:17:23.921] ADDR:0xEA TYPE:ELRS_STATUS               LEN:15 | EA 0D 3A EA EE 10 00 03 0D 40 00 00 00 96 A9
[21:17:23.931] ADDR:0xEE TYPE:RC_CHANNELS_PACKED        LEN:26 | EE 18 16 E0 C3 5E 2B B2 D7 8A 56 B4 02 7C E0 03 1F F8 C0 07 3E F0 81 0F 7C E4
[21:17:23.951] ADDR:0xEE TYPE:RC_CHANNELS_PACKED        LEN:26 | EE 18 16 E0 C3 5E 2B B2 D7 8A 56 B4 02 7C E0 03 1F F8 C0 07 3E F0 81 0F 7C E4
[21:17:23.971] ADDR:0xEE TYPE:RC_CHANNELS_PACKED        LEN:26 | EE 18 16 E0 C3 5E 2B B0 D7 8A 56 B4 02 7C E0 03 1F F8 C0 07 3E F0 81 0F 7C 98
[21:17:24.002] ADDR:0xEE TYPE:RC_CHANNELS_PACKED        LEN:26 | EE 18 16 E0 BB 5E 2B B2 D7 8A 56 B4 02 7C E0 03 1F F8 C0 07 3E F0 81 0F 7C 44
[21:17:24.012] ADDR:0xEE TYPE:RC_CHANNELS_PACKED        LEN:26 | EE 18 16 E0 C3 5E 2B B2 D7 8A 56 B4 02 7C E0 03 1F F8 C0 07 3E F0 81 0F 7C E4
[21:17:24.032] ADDR:0xEE TYPE:RC_CHANNELS_PACKED        LEN:26 | EE 18 16 E0 C3 5E 2B AE D7 8A 56 B4 02 7C E0 03 1F F8 C0 07 3E F0 81 0F 7C 73
[21:17:24.042] ADDR:0xEE TYPE:RC_CHANNELS_PACKED        LEN:26 | EE 18 16 E0 C3 5E 2B B2 D7 8A 56 B4 02 7C E0 03 1F F8 C0 07 3E F0 81 0F 7C E4
[21:17:24.083] ADDR:0xEE TYPE:RC_CHANNELS_PACKED        LEN:26 | EE 18 16 E0 C3 5E 2B B2 D7 8A 56 B4 02 7C E0 03 1F F8 C0 07 3E F0 81 0F 7C E4
[21:17:24.093] ADDR:0xEE TYPE:RC_CHANNELS_PACKED        LEN:26 | EE 18 16 E0 BB 5E 2B B2 D7 8A 56 B4 02 7C E0 03 1F F8 C0 07 3E F0 81 0F 7C 44
[21:17:24.113] ADDR:0xEE TYPE:RC_CHANNELS_PACKED        LEN:26 | EE 18 16 E0 BB 5E 2B B2 D7 8A 56 B4 02 7C E0 03 1F F8 C0 07 3E F0 81 0F 7C 44
[21:17:24.113] ADDR:0xEA TYPE:ELRS_STATUS               LEN:15 | EA 0D 3A EA EE 10 00 03 0D 40 00 00 01 54 AF
[21:17:24.124] ADDR:0xEE TYPE:RC_CHANNELS_PACKED        LEN:26 | EE 18 16 E0 C3 5E 2B B2 D7 8A 56 B4 02 7C E0 03 1F F8 C0 07 3E F0 81 0F 7C E4
[21:17:24.154] ADDR:0xEE TYPE:RC_CHANNELS_PACKED        LEN:26 | EE 18 16 E0 C3 5E 2B B0 D7 8A 56 B4 02 7C E0 03 1F F8 C0 07 3E F0 81 0F 7C 98
[21:17:24.174] ADDR:0xEE TYPE:RC_CHANNELS_PACKED        LEN:26 | EE 18 16 E0 C3 5E 2B B2 D7 8A 56 B4 02 7C E0 03 1F F8 C0 07 3E F0 81 0F 7C E4
[21:17:24.195] ADDR:0xEE TYPE:RC_CHANNELS_PACKED        LEN:26 | EE 18 16 E0 C3 5E 2B B2 D7 8A 56 B4 02 7C E0 03 1F F8 C0 07 3E F0 81 0F 7C E4
[21:17:24.205] ADDR:0xEE TYPE:RC_CHANNELS_PACKED        LEN:26 | EE 18 16 DF C3 5E 2B B2 D7 8A 56 B4 02 7C E0 03 1F F8 C0 07 3E F0 81 0F 7C 66
[21:17:24.235] ADDR:0xEE TYPE:RC_CHANNELS_PACKED        LEN:26 | EE 18 16 E0 C3 5E 2B B0 D7 8A 56 B4 02 7C E0 03 1F F8 C0 07 3E F0 81 0F 7C 98
[21:17:24.256] ADDR:0xEE TYPE:RC_CHANNELS_PACKED        LEN:26 | EE 18 16 E0 C3 5E 2B B2 D7 8A 56 B4 02 7C E0 03 1F F8 C0 07 3E F0 81 0F 7C E4
[21:17:24.276] ADDR:0xEE TYPE:RC_CHANNELS_PACKED        LEN:26 | EE 18 16 E0 C3 5E 2B B2 D7 8A 56 B4 02 7C E0 03 1F F8 C0 07 3E F0 81 0F 7C E4
[21:17:24.286] ADDR:0xEE TYPE:RC_CHANNELS_PACKED        LEN:26 | EE 18 16 E0 C3 5E 2B B2 D7 8A 56 B4 02 7C E0 03 1F F8 C0 07 3E F0 81 0F 7C E4
[21:17:24.316] ADDR:0xEE TYPE:RC_CHANNELS_PACKED        LEN:26 | EE 18 16 E0 BB 5E 2B B2 D7 8A 56 B4 02 7C E0 03 1F F8 C0 07 3E F0 81 0F 7C 44
[21:17:24.317] ADDR:0xEA TYPE:ELRS_STATUS               LEN:15 | EA 0D 3A EA EE 10 00 03 0D 40 00 00 00 96 A9
[21:17:24.337] ADDR:0xEE TYPE:RC_CHANNELS_PACKED        LEN:26 | EE 18 16 E0 C3 5E 2B B2 D7 8A 56 B4 02 7C E0 03 1F F8 C0 07 3E F0 81 0F 7C E4
[21:17:24.347] ADDR:0xEE TYPE:RC_CHANNELS_PACKED        LEN:26 | EE 18 16 E0 C3 5E 2B B2 D7 8A 56 B4 02 7C E0 03 1F F8 C0 07 3E F0 81 0F 7C E4
[21:17:24.367] ADDR:0xEE TYPE:RC_CHANNELS_PACKED        LEN:26 | EE 18 16 E0 C3 5E 2B B2 D7 8A 56 B4 02 7C E0 03 1F F8 C0 07 3E F0 81 0F 7C E4
[21:17:24.398] ADDR:0xEE TYPE:RC_CHANNELS_PACKED        LEN:26 | EE 18 16 E0 C3 5E 2B B2 D7 8A 56 B4 02 7C E0 03 1F F8 C0 07 3E F0 81 0F 7C E4
[21:17:24.418] ADDR:0xEE TYPE:RC_CHANNELS_PACKED        LEN:26 | EE 18 16 E0 C3 5E 2B AE D7 8A 56 B4 02 7C E0 03 1F F8 C0 07 3E F0 81 0F 7C 73
[21:17:24.428] ADDR:0xEE TYPE:RC_CHANNELS_PACKED        LEN:26 | EE 18 16 E0 C3 5E 2B B2 D7 8A 56 B4 02 7C E0 03 1F F8 C0 07 3E F0 81 0F 7C E4
[21:17:24.449] ADDR:0xEE TYPE:RC_CHANNELS_PACKED        LEN:26 | EE 18 16 E0 C3 5E 2B B2 D7 8A 56 B4 02 7C E0 03 1F F8 C0 07 3E F0 81 0F 7C E4
[21:17:24.479] ADDR:0xEE TYPE:RC_CHANNELS_PACKED        LEN:26 | EE 18 16 E0 C3 5E 2B B2 D7 8A 56 B4 02 7C E0 03 1F F8 C0 07 3E F0 81 0F 7C E4
[21:17:24.499] ADDR:0xEE TYPE:RC_CHANNELS_PACKED        LEN:26 | EE 18 16 E0 C3 5E 2B B2 D7 8A 56 B4 02 7C E0 03 1F F8 C0 07 3E F0 81 0F 7C E4
[21:17:24.510] ADDR:0xEE TYPE:RC_CHANNELS_PACKED        LEN:26 | EE 18 16 E0 C3 5E 2B B2 D7 8A 56 B4 02 7C E0 03 1F F8 C0 07 3E F0 81 0F 7C E4
[21:17:24.510] ADDR:0xEA TYPE:ELRS_STATUS               LEN:15 | EA 0D 3A EA EE 10 00 03 0D 40 00 00 00 F0 11
[21:17:24.530] ADDR:0xEE TYPE:RC_CHANNELS_PACKED        LEN:26 | EE 18 16 DF C3 5E 2B B2 D7 8A 56 B4 02 7C E0 03 1F F8 C0 07 3E F0 81 0F 7C 66
[21:17:24.560] ADDR:0xEE TYPE:RC_CHANNELS_PACKED        LEN:26 | EE 18 16 E0 BB 5E 2B B2 D7 8A 56 B4 02 7C E0 03 1F F8 C0 07 3E F0 81 0F 7C 44
[21:17:24.571] ADDR:0xEE TYPE:RC_CHANNELS_PACKED        LEN:26 | EE 18 16 E0 C3 5E 2B B2 D7 8A 56 B4 02 7C E0 03 1F F8 C0 07 3E F0 81 0F 7C E4
[21:17:24.592] ADDR:0xEE TYPE:RC_CHANNELS_PACKED        LEN:26 | EE 18 16 E0 C3 5E 2B AE D7 8A 56 B4 02 7C E0 03 1F F8 C0 07 3E F0 81 0F 7C 73
[21:17:24.602] ADDR:0xEE TYPE:RC_CHANNELS_PACKED        LEN:26 | EE 18 16 E0 C3 5E 2B B2 D7 8A 56 B4 02 7C E0 03 1F F8 C0 07 3E F0 81 0F 7C E4
[21:17:24.643] ADDR:0xEE TYPE:RC_CHANNELS_PACKED        LEN:26 | EE 18 16 E0 C3 5E 2B B2 D7 8A 56 B4 02 7C E0 03 1F F8 C0 07 3E F0 81 0F 7C E4
[21:17:24.653] ADDR:0xEE TYPE:RC_CHANNELS_PACKED        LEN:26 | EE 18 16 E0 BB 5E 2B B2 D7 8A 56 B4 02 7C E0 03 1F F8 C0 07 3E F0 81 0F 7C 44
[21:17:24.673] ADDR:0xEE TYPE:RC_CHANNELS_PACKED        LEN:26 | EE 18 16 E0 C3 5E 2B B2 D7 8A 56 B4 02 7C E0 03 1F F8 C0 07 3E F0 81 0F 7C E4
[21:17:24.683] ADDR:0xEE TYPE:RC_CHANNELS_PACKED        LEN:26 | EE 18 16 E0 BB 5E 2B B0 D7 8A 56 B4 02 7C E0 03 1F F8 C0 07 3E F0 81 0F 7C 38
[21:17:24.724] ADDR:0xEE TYPE:RC_CHANNELS_PACKED        LEN:26 | EE 18 16 E0 AB 5E 2B B0 D7 8A 56 B4 02 7C E0 03 1F F8 C0 07 3E F0 81 0F 7C 69
[21:17:24.724] ADDR:0xEA TYPE:ELRS_STATUS               LEN:15 | EA 0D 3A EA EE 10 00 03 0D 40 00 00 00 96 A9
[21:17:24.734] ADDR:0xEE TYPE:RC_CHANNELS_PACKED        LEN:26 | EE 18 16 E0 C3 5E 2B B0 D7 8A 56 B4 02 7C E0 03 1F F8 C0 07 3E F0 81 0F 7C 98
[21:17:24.754] ADDR:0xEE TYPE:RC_CHANNELS_PACKED        LEN:26 | EE 18 16 E0 C3 5E 2B B2 D7 8A 56 B4 02 7C E0 03 1F F8 C0 07 3E F0 81 0F 7C E4
[21:17:24.765] ADDR:0xEE TYPE:RC_CHANNELS_PACKED        LEN:26 | EE 18 16 E0 C3 5E 2B AE D7 8A 56 B4 02 7C E0 03 1F F8 C0 07 3E F0 81 0F 7C 73
[21:17:24.795] ADDR:0xEE TYPE:RC_CHANNELS_PACKED        LEN:26 | EE 18 16 E0 C3 5E 2B B2 D7 8A 56 B4 02 7C E0 03 1F F8 C0 07 3E F0 81 0F 7C E4
[21:17:24.815] ADDR:0xEE TYPE:RC_CHANNELS_PACKED        LEN:26 | EE 18 16 E0 C3 5E 2B AE D7 8A 56 B4 02 7C E0 03 1F F8 C0 07 3E F0 81 0F 7C 73
[21:17:24.836] ADDR:0xEE TYPE:RC_CHANNELS_PACKED        LEN:26 | EE 18 16 E0 C3 5E 2B B0 D7 8A 56 B4 02 7C E0 03 1F F8 C0 07 3E F0 81 0F 7C 98
[21:17:24.846] ADDR:0xEE TYPE:RC_CHANNELS_PACKED        LEN:26 | EE 18 16 E0 C3 5E 2B B2 D7 8A 56 B4 02 7C E0 03 1F F8 C0 07 3E F0 81 0F 7C E4
[21:17:24.877] ADDR:0xEE TYPE:RC_CHANNELS_PACKED        LEN:26 | EE 18 16 E0 C3 5E 2B B2 D7 8A 56 B4 02 7C E0 03 1F F8 C0 07 3E F0 81 0F 7C E4
[21:17:24.897] ADDR:0xEE TYPE:RC_CHANNELS_PACKED        LEN:26 | EE 18 16 E0 C3 5E 2B B4 D7 8A 56 B4 02 7C E0 03 1F F8 C0 07 3E F0 81 0F 7C 60
[21:17:24.907] ADDR:0xEE TYPE:RC_CHANNELS_PACKED        LEN:26 | EE 18 16 E0 C3 5E 2B B2 D7 8A 56 B4 02 7C E0 03 1F F8 C0 07 3E F0 81 0F 7C E4
[21:17:24.907] ADDR:0xEA TYPE:ELRS_STATUS               LEN:15 | EA 0D 3A EA EE 10 00 03 0D 40 FF FF FF D8 44
[21:17:24.928] ADDR:0xEE TYPE:RC_CHANNELS_PACKED        LEN:26 | EE 18 16 E0 C3 5E 2B B2 D7 8A 56 B4 02 7C E0 03 1F F8 C0 07 3E F0 81 0F 7C E4
[21:17:24.958] ADDR:0xEE TYPE:RC_CHANNELS_PACKED        LEN:26 | EE 18 16 E0 C3 5E 2B B2 D7 8A 56 B4 02 7C E0 03 1F F8 C0 07 3E F0 81 0F 7C E4
[21:17:24.979] ADDR:0xEE TYPE:RC_CHANNELS_PACKED        LEN:26 | EE 18 16 E0 C3 5E 2B B2 D7 8A 56 B4 02 7C E0 03 1F F8 C0 07 3E F0 81 0F 7C E4
[21:17:24.989] ADDR:0xEE TYPE:RC_CHANNELS_PACKED        LEN:26 | EE 18 16 E0 C3 5E 2B B2 D7 8A 56 B4 02 7C E0 03 1F F8 C0 07 3E F0 81 0F 7C E4
[21:17:25.009] ADDR:0xEE TYPE:RC_CHANNELS_PACKED        LEN:26 | EE 18 16 E0 C3 5E 2B B2 D7 8A 56 B4 02 7C E0 03 1F F8 C0 07 3E F0 81 0F 7C E4
[21:17:25.039] ADDR:0xEE TYPE:RC_CHANNELS_PACKED        LEN:26 | EE 18 16 E0 C3 5E 2B B2 D7 8A 56 B4 02 7C E0 03 1F F8 C0 07 3E F0 81 0F 7C E4
[21:17:25.060] ADDR:0xEE TYPE:RC_CHANNELS_PACKED        LEN:26 | EE 18 16 E0 C3 5E 2B B0 D7 8A 56 B4 02 7C E0 03 1F F8 C0 07 3E F0 81 0F 7C 98
[21:17:25.070] ADDR:0xEE TYPE:RC_CHANNELS_PACKED        LEN:26 | EE 18 16 DF BB 5E 2B AE D7 8A 56 B4 02 7C E0 03 1F F8 C0 07 3E F0 81 0F 7C 51
[21:17:25.091] ADDR:0xEE TYPE:RC_CHANNELS_PACKED        LEN:26 | EE 18 16 E0 C3 5E 2B B2 D7 8A 56 B4 02 7C E0 03 1F F8 C0 07 3E F0 81 0F 7C E4
[21:17:25.121] ADDR:0xEE TYPE:RC_CHANNELS_PACKED        LEN:26 | EE 18 16 E0 C3 5E 2B B2 D7 8A 56 B4 02 7C E0 03 1F F8 C0 07 3E F0 81 0F 7C E4
[21:17:25.122] ADDR:0xEA TYPE:ELRS_STATUS               LEN:15 | EA 0D 3A EA EE 10 00 03 0D 40 00 00 01 54 AF
[21:17:25.132] ADDR:0xEE TYPE:RC_CHANNELS_PACKED        LEN:26 | EE 18 16 E0 C3 5E 2B B0 D7 8A 56 B4 02 7C E0 03 1F F8 C0 07 3E F0 81 0F 7C 98
[21:17:25.152] ADDR:0xEE TYPE:RC_CHANNELS_PACKED        LEN:26 | EE 18 16 E0 C3 5E 2B B2 D7 8A 56 B4 02 7C E0 03 1F F8 C0 07 3E F0 81 0F 7C E4
[21:17:25.163] ADDR:0xEE TYPE:RC_CHANNELS_PACKED        LEN:26 | EE 18 16 E0 C3 5E 2B B2 D7 8A 56 B4 02 7C E0 03 1F F8 C0 07 3E F0 81 0F 7C E4
[21:17:25.203] ADDR:0xEE TYPE:RC_CHANNELS_PACKED        LEN:26 | EE 18 16 E0 C3 5E 2B B2 D7 8A 56 B4 02 7C E0 03 1F F8 C0 07 3E F0 81 0F 7C E4
[21:17:25.217] ADDR:0xEE TYPE:RC_CHANNELS_PACKED        LEN:26 | EE 18 16 E0 C3 5E 2B B2 D7 8A 56 B4 02 7C E0 03 1F F8 C0 07 3E F0 81 0F 7C E4
[21:17:25.227] ADDR:0xEE TYPE:RC_CHANNELS_PACKED        LEN:26 | EE 18 16 E0 C3 5E 2B B2 D7 8A 56 B4 02 7C E0 03 1F F8 C0 07 3E F0 81 0F 7C E4
[21:17:25.249] ADDR:0xEE TYPE:RC_CHANNELS_PACKED        LEN:26 | EE 18 16 E0 C3 5E 2B B2 D7 8A 56 B4 02 7C E0 03 1F F8 C0 07 3E F0 81 0F 7C E4
[21:17:25.280] ADDR:0xEE TYPE:RC_CHANNELS_PACKED        LEN:26 | EE 18 16 E0 C3 5E 2B B2 D7 8A 56 B4 02 7C E0 03 1F F8 C0 07 3E F0 81 0F 7C E4
[21:17:25.290] ADDR:0xEE TYPE:RC_CHANNELS_PACKED        LEN:26 | EE 18 16 E0 C3 5E 2B B2 D7 8A 56 B4 02 7C E0 03 1F F8 C0 07 3E F0 81 0F 7C E4
[21:17:25.311] ADDR:0xEE TYPE:RC_CHANNELS_PACKED        LEN:26 | EE 18 16 E0 C3 5E 2B B2 D7 8A 56 B4 02 7C E0 03 1F F8 C0 07 3E F0 81 0F 7C E4
[21:17:25.311] ADDR:0xEA TYPE:ELRS_STATUS               LEN:15 | EA 0D 3A EA EE 10 00 03 0D 40 FF FF FF D8 44
[21:17:25.331] ADDR:0xEE TYPE:RC_CHANNELS_PACKED        LEN:26 | EE 18 16 E0 BB 5E 2B B2 D7 8A 56 B4 02 7C E0 03 1F F8 C0 07 3E F0 81 0F 7C 44
[21:17:25.361] ADDR:0xEE TYPE:RC_CHANNELS_PACKED        LEN:26 | EE 18 16 E0 C3 5E 2B B0 D7 8A 56 B4 02 7C E0 03 1F F8 C0 07 3E F0 81 0F 7C 98
[21:17:25.372] ADDR:0xEE TYPE:RC_CHANNELS_PACKED        LEN:26 | EE 18 16 E0 C3 5E 2B B2 D7 8A 56 B4 02 7C E0 03 1F F8 C0 07 3E F0 81 0F 7C E4
[21:17:25.392] ADDR:0xEE TYPE:RC_CHANNELS_PACKED        LEN:26 | EE 18 16 E0 C3 5E 2B B2 D7 8A 56 B4 02 7C E0 03 1F F8 C0 07 3E F0 81 0F 7C E4
[21:17:25.402] ADDR:0xEE TYPE:RC_CHANNELS_PACKED        LEN:26 | EE 18 16 E0 C3 5E 2B B2 D7 8A 56 B4 02 7C E0 03 1F F8 C0 07 3E F0 81 0F 7C E4
[21:17:25.443] ADDR:0xEE TYPE:RC_CHANNELS_PACKED        LEN:26 | EE 18 16 E0 BB 5E 2B B2 D7 8A 56 B4 02 7C E0 03 1F F8 C0 07 3E F0 81 0F 7C 44
[21:17:25.453] ADDR:0xEE TYPE:RC_CHANNELS_PACKED        LEN:26 | EE 18 16 E0 C3 5E 2B B2 D7 8A 56 B4 02 7C E0 03 1F F8 C0 07 3E F0 81 0F 7C E4
[21:17:25.473] ADDR:0xEE TYPE:RC_CHANNELS_PACKED        LEN:26 | EE 18 16 E0 C3 5E 2B B0 D7 8A 56 B4 02 7C E0 03 1F F8 C0 07 3E F0 81 0F 7C 98
[21:17:25.484] ADDR:0xEE TYPE:RC_CHANNELS_PACKED        LEN:26 | EE 18 16 E0 C3 5E 2B B2 D7 8A 56 B4 02 7C E0 03 1F F8 C0 07 3E F0 81 0F 7C E4
[21:17:25.514] ADDR:0xEE TYPE:RC_CHANNELS_PACKED        LEN:26 | EE 18 16 E0 C3 5E 2B B2 D7 8A 56 B4 02 7C E0 03 1F F8 C0 07 3E F0 81 0F 7C E4
[21:17:25.514] ADDR:0xEA TYPE:ELRS_STATUS               LEN:15 | EA 0D 3A EA EE 10 00 03 0D 40 00 00 01 54 AF
[21:17:25.534] ADDR:0xEE TYPE:RC_CHANNELS_PACKED        LEN:26 | EE 18 16 E0 C3 5E 2B B0 D7 8A 56 B4 02 7C E0 03 1F F8 C0 07 3E F0 81 0F 7C 98
[21:17:25.555] ADDR:0xEE TYPE:RC_CHANNELS_PACKED        LEN:26 | EE 18 16 E0 C3 5E 2B B2 D7 8A 56 B4 02 7C E0 03 1F F8 C0 07 3E F0 81 0F 7C E4
[21:17:25.565] ADDR:0xEE TYPE:RC_CHANNELS_PACKED        LEN:26 | EE 18 16 E0 C3 5E 2B B2 D7 8A 56 B4 02 7C E0 03 1F F8 C0 07 3E F0 81 0F 7C E4
[21:17:25.597] ADDR:0xEE TYPE:RC_CHANNELS_PACKED        LEN:26 | EE 18 16 E0 C3 5E 2B AE D7 8A 56 B4 02 7C E0 03 1F F8 C0 07 3E F0 81 0F 7C 73
[21:17:25.617] ADDR:0xEE TYPE:RC_CHANNELS_PACKED        LEN:26 | EE 18 16 E0 C3 5E 2B B2 D7 8A 56 B4 02 7C E0 03 1F F8 C0 07 3E F0 81 0F 7C E4
[21:17:25.627] ADDR:0xEE TYPE:RC_CHANNELS_PACKED        LEN:26 | EE 18 16 E0 C3 5E 2B B2 D7 8A 56 B4 02 7C E0 03 1F F8 C0 07 3E F0 81 0F 7C E4
[21:17:25.648] ADDR:0xEE TYPE:RC_CHANNELS_PACKED        LEN:26 | EE 18 16 DF C3 5E 2B B0 D7 8A 56 B4 02 7C E0 03 1F F8 C0 07 3E F0 81 0F 7C 1A
[21:17:25.678] ADDR:0xEE TYPE:RC_CHANNELS_PACKED        LEN:26 | EE 18 16 E0 C3 5E 2B B2 D7 8A 56 B4 02 7C E0 03 1F F8 C0 07 3E F0 81 0F 7C E4
[21:17:25.698] ADDR:0xEE TYPE:RC_CHANNELS_PACKED        LEN:26 | EE 18 16 E0 C3 5E 2B B2 D7 8A 56 B4 02 7C E0 03 1F F8 C0 07 3E F0 81 0F 7C E4
[21:17:25.708] ADDR:0xEE TYPE:RC_CHANNELS_PACKED        LEN:26 | EE 18 16 E0 C3 5E 2B B2 D7 8A 56 B4 02 7C E0 03 1F F8 C0 07 3E F0 81 0F 7C E4
[21:17:25.708] ADDR:0xEA TYPE:ELRS_STATUS               LEN:15 | EA 0D 3A EA EE 10 00 03 0D 40 00 00 00 32 1C
[21:17:25.729] ADDR:0xEE TYPE:RC_CHANNELS_PACKED        LEN:26 | EE 18 16 E0 C3 5E 2B B2 D7 8A 56 B4 02 7C E0 03 1F F8 C0 07 3E F0 81 0F 7C E4
[21:17:25.759] ADDR:0xEE TYPE:RC_CHANNELS_PACKED        LEN:26 | EE 18 16 E0 C3 5E 2B B0 D7 8A 56 B4 02 7C E0 03 1F F8 C0 07 3E F0 81 0F 7C 98
[21:17:25.780] ADDR:0xEE TYPE:RC_CHANNELS_PACKED        LEN:26 | EE 18 16 E0 C3 5E 2B B2 D7 8A 56 B4 02 7C E0 03 1F F8 C0 07 3E F0 81 0F 7C E4
[21:17:25.790] ADDR:0xEE TYPE:RC_CHANNELS_PACKED        LEN:26 | EE 18 16 DF C3 5E 2B B2 D7 8A 56 B4 02 7C E0 03 1F F8 C0 07 3E F0 81 0F 7C 66
[21:17:25.810] ADDR:0xEE TYPE:RC_CHANNELS_PACKED        LEN:26 | EE 18 16 E0 C3 5E 2B B2 D7 8A 56 B4 02 7C E0 03 1F F8 C0 07 3E F0 81 0F 7C E4
[21:17:25.841] ADDR:0xEE TYPE:RC_CHANNELS_PACKED        LEN:26 | EE 18 16 E0 C3 5E 2B B2 D7 8A 56 B4 02 7C E0 03 1F F8 C0 07 3E F0 81 0F 7C E4
[21:17:25.851] ADDR:0xEE TYPE:RC_CHANNELS_PACKED        LEN:26 | EE 18 16 E0 C3 5E 2B B2 D7 8A 56 B4 02 7C E0 03 1F F8 C0 07 3E F0 81 0F 7C E4
[21:17:25.871] ADDR:0xEE TYPE:RC_CHANNELS_PACKED        LEN:26 | EE 18 16 E0 C3 5E 2B B2 D7 8A 56 B4 02 7C E0 03 1F F8 C0 07 3E F0 81 0F 7C E4
[21:17:25.892] ADDR:0xEE TYPE:RC_CHANNELS_PACKED        LEN:26 | EE 18 16 E0 C3 5E 2B B2 D7 8A 56 B4 02 7C E0 03 1F F8 C0 07 3E F0 81 0F 7C E4
[21:17:25.922] ADDR:0xEE TYPE:RC_CHANNELS_PACKED        LEN:26 | EE 18 16 E0 C3 5E 2B B0 D7 8A 56 B4 02 7C E0 03 1F F8 C0 07 3E F0 81 0F 7C 98
[21:17:25.922] ADDR:0xEA TYPE:ELRS_STATUS               LEN:15 | EA 0D 3A EA EE 10 00 03 0D 40 00 00 00 F0 11
[21:17:25.932] ADDR:0xEE TYPE:RC_CHANNELS_PACKED        LEN:26 | EE 18 16 E0 C3 5E 2B B2 D7 8A 56 B4 02 7C E0 03 1F F8 C0 07 3E F0 81 0F 7C E4
[21:17:25.953] ADDR:0xEE TYPE:RC_CHANNELS_PACKED        LEN:26 | EE 18 16 E0 C3 5E 2B B2 D7 8A 56 B4 02 7C E0 03 1F F8 C0 07 3E F0 81 0F 7C E4
[21:17:25.963] ADDR:0xEE TYPE:RC_CHANNELS_PACKED        LEN:26 | EE 18 16 E0 BB 5E 2B B2 D7 8A 56 B4 02 7C E0 03 1F F8 C0 07 3E F0 81 0F 7C 44
[21:17:26.003] ADDR:0xEE TYPE:RC_CHANNELS_PACKED        LEN:26 | EE 18 16 E0 AB 5E 2B B2 D7 8A 56 B4 02 7C E0 03 1F F8 C0 07 3E F0 81 0F 7C 15
[21:17:26.014] ADDR:0xEE TYPE:RC_CHANNELS_PACKED        LEN:26 | EE 18 16 E0 C3 5E 2B B2 D7 8A 56 B4 02 7C E0 03 1F F8 C0 07 3E F0 81 0F 7C E4
[21:17:26.034] ADDR:0xEE TYPE:RC_CHANNELS_PACKED        LEN:26 | EE 18 16 E0 BB 5E 2B B2 D7 8A 56 B4 02 7C E0 03 1F F8 C0 07 3E F0 81 0F 7C 44
[21:17:26.044] ADDR:0xEE TYPE:RC_CHANNELS_PACKED        LEN:26 | EE 18 16 E0 C3 5E 2B B2 D7 8A 56 B4 02 7C E0 03 1F F8 C0 07 3E F0 81 0F 7C E4
[21:17:26.075] ADDR:0xEE TYPE:RC_CHANNELS_PACKED        LEN:26 | EE 18 16 E0 C3 5E 2B B2 D7 8A 56 B4 02 7C E0 03 1F F8 C0 07 3E F0 81 0F 7C E4
[21:17:26.095] ADDR:0xEE TYPE:RC_CHANNELS_PACKED        LEN:26 | EE 18 16 E0 C3 5E 2B B2 D7 8A 56 B4 02 7C E0 03 1F F8 C0 07 3E F0 81 0F 7C E4
[21:17:26.115] ADDR:0xEE TYPE:RC_CHANNELS_PACKED        LEN:26 | EE 18 16 E0 BB 5E 2B B0 D7 8A 56 B4 02 7C E0 03 1F F8 C0 07 3E F0 81 0F 7C 38
[21:17:26.115] ADDR:0xEA TYPE:ELRS_STATUS               LEN:15 | EA 0D 3A EA EE 10 00 03 0D 40 00 00 00 96 A9
[21:17:26.125] ADDR:0xEE TYPE:RC_CHANNELS_PACKED        LEN:26 | EE 18 16 E0 C3 5E 2B B0 D7 8A 56 B4 02 7C E0 03 1F F8 C0 07 3E F0 81 0F 7C 98
[21:17:26.156] ADDR:0xEE TYPE:RC_CHANNELS_PACKED        LEN:26 | EE 18 16 E0 C3 5E 2B B2 D7 8A 56 B4 02 7C E0 03 1F F8 C0 07 3E F0 81 0F 7C E4
[21:17:26.176] ADDR:0xEE TYPE:RC_CHANNELS_PACKED        LEN:26 | EE 18 16 E0 C3 5E 2B B2 D7 8A 56 B4 02 7C E0 03 1F F8 C0 07 3E F0 81 0F 7C E4
[21:17:26.186] ADDR:0xEE TYPE:RC_CHANNELS_PACKED        LEN:26 | EE 18 16 E0 C3 5E 2B B2 D7 8A 56 B4 02 7C E0 03 1F F8 C0 07 3E F0 81 0F 7C E4
[21:17:26.207] ADDR:0xEE TYPE:RC_CHANNELS_PACKED        LEN:26 | EE 18 16 E0 C3 5E 2B B2 D7 8A 56 B4 02 7C E0 03 1F F8 C0 07 3E F0 81 0F 7C E4
[21:17:26.237] ADDR:0xEE TYPE:RC_CHANNELS_PACKED        LEN:26 | EE 18 16 E0 BB 5E 2B B2 D7 8A 56 B4 02 7C E0 03 1F F8 C0 07 3E F0 81 0F 7C 44
[21:17:26.258] ADDR:0xEE TYPE:RC_CHANNELS_PACKED        LEN:26 | EE 18 16 E0 C3 5E 2B B2 D7 8A 56 B4 02 7C E0 03 1F F8 C0 07 3E F0 81 0F 7C E4
[21:17:26.269] ADDR:0xEE TYPE:RC_CHANNELS_PACKED        LEN:26 | EE 18 16 E0 C3 5E 2B B0 D7 8A 56 B4 02 7C E0 03 1F F8 C0 07 3E F0 81 0F 7C 98
[21:17:26.289] ADDR:0xEE TYPE:RC_CHANNELS_PACKED        LEN:26 | EE 18 16 E0 C3 5E 2B B0 D7 8A 56 B4 02 7C E0 03 1F F8 C0 07 3E F0 81 0F 7C 98
[21:17:26.319] ADDR:0xEE TYPE:RC_CHANNELS_PACKED        LEN:26 | EE 18 16 E0 C3 5E 2B B2 D7 8A 56 B4 02 7C E0 03 1F F8 C0 07 3E F0 81 0F 7C E4
[21:17:26.319] ADDR:0xEA TYPE:ELRS_STATUS               LEN:15 | EA 0D 3A EA EE 10 00 03 0D 40 FF FF FF 06 CC
[21:17:26.340] ADDR:0xEE TYPE:RC_CHANNELS_PACKED        LEN:26 | EE 18 16 DF BB 5E 2B B0 D7 8A 56 B4 02 7C E0 03 1F F8 C0 07 3E F0 81 0F 7C BA
[21:17:26.350] ADDR:0xEE TYPE:RC_CHANNELS_PACKED        LEN:26 | EE 18 16 E0 C3 5E 2B B2 D7 8A 56 B4 02 7C E0 03 1F F8 C0 07 3E F0 81 0F 7C E4
[21:17:26.370] ADDR:0xEE TYPE:RC_CHANNELS_PACKED        LEN:26 | EE 18 16 E0 C3 5E 2B B2 D7 8A 56 B4 02 7C E0 03 1F F8 C0 07 3E F0 81 0F 7C E4
[21:17:26.400] ADDR:0xEE TYPE:RC_CHANNELS_PACKED        LEN:26 | EE 18 16 E0 C3 5E 2B B2 D7 8A 56 B4 02 7C E0 03 1F F8 C0 07 3E F0 81 0F 7C E4
[21:17:26.410] ADDR:0xEE TYPE:RC_CHANNELS_PACKED        LEN:26 | EE 18 16 E0 BB 5E 2B B0 D7 8A 56 B4 02 7C E0 03 1F F8 C0 07 3E F0 81 0F 7C 38
[21:17:26.431] ADDR:0xEE TYPE:RC_CHANNELS_PACKED        LEN:26 | EE 18 16 E0 C3 5E 2B B2 D7 8A 56 B4 02 7C E0 03 1F F8 C0 07 3E F0 81 0F 7C E4
[21:17:26.451] ADDR:0xEE TYPE:RC_CHANNELS_PACKED        LEN:26 | EE 18 16 E0 C3 5E 2B B2 D7 8A 56 B4 02 7C E0 03 1F F8 C0 07 3E F0 81 0F 7C E4
[21:17:26.481] ADDR:0xEE TYPE:RC_CHANNELS_PACKED        LEN:26 | EE 18 16 E0 C3 5E 2B B0 D7 8A 56 B4 02 7C E0 03 1F F8 C0 07 3E F0 81 0F 7C 98
[21:17:26.492] ADDR:0xEE TYPE:RC_CHANNELS_PACKED        LEN:26 | EE 18 16 E0 C3 5E 2B B0 D7 8A 56 B4 02 7C E0 03 1F F8 C0 07 3E F0 81 0F 7C 98
[21:17:26.512] ADDR:0xEE TYPE:RC_CHANNELS_PACKED        LEN:26 | EE 18 16 E0 C3 5E 2B B0 D7 8A 56 B4 02 7C E0 03 1F F8 C0 07 3E F0 81 0F 7C 98
[21:17:26.513] ADDR:0xEA TYPE:ELRS_STATUS               LEN:15 | EA 0D 3A EA EE 10 00 03 0D 40 00 00 01 0E 36
[21:17:26.523] ADDR:0xEE TYPE:RC_CHANNELS_PACKED        LEN:26 | EE 18 16 E0 C3 5E 2B B2 D7 8A 56 B4 02 7C E0 03 1F F8 C0 07 3E F0 81 0F 7C E4
[21:17:26.554] ADDR:0xEE TYPE:RC_CHANNELS_PACKED        LEN:26 | EE 18 16 E0 C3 5E 2B B2 D7 8A 56 B4 02 7C E0 03 1F F8 C0 07 3E F0 81 0F 7C E4
[21:17:26.574] ADDR:0xEE TYPE:RC_CHANNELS_PACKED        LEN:26 | EE 18 16 E0 C3 5E 2B B2 D7 8A 56 B4 02 7C E0 03 1F F8 C0 07 3E F0 81 0F 7C E4
[21:17:26.595] ADDR:0xEE TYPE:RC_CHANNELS_PACKED        LEN:26 | EE 18 16 E0 C3 5E 2B B2 D7 8A 56 B4 02 7C E0 03 1F F8 C0 07 3E F0 81 0F 7C E4
[21:17:26.605] ADDR:0xEE TYPE:RC_CHANNELS_PACKED        LEN:26 | EE 18 16 E0 BB 5E 2B B0 D7 8A 56 B4 02 7C E0 03 1F F8 C0 07 3E F0 81 0F 7C 38
[21:17:26.635] ADDR:0xEE TYPE:RC_CHANNELS_PACKED        LEN:26 | EE 18 16 E0 C3 5E 2B B2 D7 8A 56 B4 02 7C E0 03 1F F8 C0 07 3E F0 81 0F 7C E4
[21:17:26.655] ADDR:0xEE TYPE:RC_CHANNELS_PACKED        LEN:26 | EE 18 16 E0 C3 5E 2B B2 D7 8A 56 B4 02 7C E0 03 1F F8 C0 07 3E F0 81 0F 7C E4
[21:17:26.666] ADDR:0xEE TYPE:RC_CHANNELS_PACKED        LEN:26 | EE 18 16 E0 C3 5E 2B B0 D7 8A 56 B4 02 7C E0 03 1F F8 C0 07 3E F0 81 0F 7C 98
[21:17:26.686] ADDR:0xEE TYPE:RC_CHANNELS_PACKED        LEN:26 | EE 18 16 E0 C3 5E 2B B2 D7 8A 56 B4 02 7C E0 03 1F F8 C0 07 3E F0 81 0F 7C E4
[21:17:26.717] ADDR:0xEE TYPE:RC_CHANNELS_PACKED        LEN:26 | EE 18 16 E0 BB 5E 2B B0 D7 8A 56 B4 02 7C E0 03 1F F8 C0 07 3E F0 81 0F 7C 38
[21:17:26.717] ADDR:0xEA TYPE:ELRS_STATUS               LEN:15 | EA 0D 3A EA EE 10 00 03 0D 40 00 00 00 D2 CA
[21:17:26.737] ADDR:0xEE TYPE:RC_CHANNELS_PACKED        LEN:26 | EE 18 16 E0 C3 5E 2B AA D7 8A 56 B4 02 7C E0 03 1F F8 C0 07 3E F0 81 0F 7C 8B
[21:17:26.747] ADDR:0xEE TYPE:RC_CHANNELS_PACKED        LEN:26 | EE 18 16 E0 C3 5E 2B B2 D7 8A 56 B4 02 7C E0 03 1F F8 C0 07 3E F0 81 0F 7C E4
[21:17:26.767] ADDR:0xEE TYPE:RC_CHANNELS_PACKED        LEN:26 | EE 18 16 E0 C3 5E 2B B2 D7 8A 56 B4 02 7C E0 03 1F F8 C0 07 3E F0 81 0F 7C E4
[21:17:26.798] ADDR:0xEE TYPE:RC_CHANNELS_PACKED        LEN:26 | EE 18 16 E0 C3 5E 2B B0 D7 8A 56 B4 02 7C E0 03 1F F8 C0 07 3E F0 81 0F 7C 98
[21:17:26.818] ADDR:0xEE TYPE:RC_CHANNELS_PACKED        LEN:26 | EE 18 16 DD C3 5E 2B B0 D7 8A 56 B4 02 7C E0 03 1F F8 C0 07 3E F0 81 0F 7C 6C
[21:17:26.829] ADDR:0xEE TYPE:RC_CHANNELS_PACKED        LEN:26 | EE 18 16 E0 BB 5E 2B B2 D7 8A 56 B4 02 7C E0 03 1F F8 C0 07 3E F0 81 0F 7C 44
[21:17:26.849] ADDR:0xEE TYPE:RC_CHANNELS_PACKED        LEN:26 | EE 18 16 E0 BB 5E 2B B2 D7 8A 56 B4 02 7C E0 03 1F F8 C0 07 3E F0 81 0F 7C 44
[21:17:26.879] ADDR:0xEE TYPE:RC_CHANNELS_PACKED        LEN:26 | EE 18 16 E0 C3 5E 2B B2 D7 8A 56 B4 02 7C E0 03 1F F8 C0 07 3E F0 81 0F 7C E4
[21:17:26.900] ADDR:0xEE TYPE:RC_CHANNELS_PACKED        LEN:26 | EE 18 16 E0 C3 5E 2B B2 D7 8A 56 B4 02 7C E0 03 1F F8 C0 07 3E F0 81 0F 7C E4
[21:17:26.911] ADDR:0xEE TYPE:RC_CHANNELS_PACKED        LEN:26 | EE 18 16 E0 C3 5E 2B B0 D7 8A 56 B4 02 7C E0 03 1F F8 C0 07 3E F0 81 0F 7C 98
[21:17:26.911] ADDR:0xEA TYPE:ELRS_STATUS               LEN:15 | EA 0D 3A EA EE 10 00 03 0D 40 FF FF FF F6 48
[21:17:26.931] ADDR:0xEE TYPE:RC_CHANNELS_PACKED        LEN:26 | EE 18 16 E0 C3 5E 2B B2 D7 8A 56 B4 02 7C E0 03 1F F8 C0 07 3E F0 81 0F 7C E4
[21:17:26.961] ADDR:0xEE TYPE:RC_CHANNELS_PACKED        LEN:26 | EE 18 16 E0 C3 5E 2B B2 D7 8A 56 B4 02 7C E0 03 1F F8 C0 07 3E F0 81 0F 7C E4
[21:17:26.972] ADDR:0xEE TYPE:RC_CHANNELS_PACKED        LEN:26 | EE 18 16 E0 BB 5E 2B B4 D7 8A 56 B4 02 7C E0 03 1F F8 C0 07 3E F0 81 0F 7C C0
[21:17:26.992] ADDR:0xEE TYPE:RC_CHANNELS_PACKED        LEN:26 | EE 18 16 E0 C3 5E 2B B2 D7 8A 56 B4 02 7C E0 03 1F F8 C0 07 3E F0 81 0F 7C E4
[21:17:27.002] ADDR:0xEE TYPE:RC_CHANNELS_PACKED        LEN:26 | EE 18 16 E0 C3 5E 2B B2 D7 8A 56 B4 02 7C E0 03 1F F8 C0 07 3E F0 81 0F 7C E4
[21:17:27.043] ADDR:0xEE TYPE:RC_CHANNELS_PACKED        LEN:26 | EE 18 16 E0 C3 5E 2B B2 D7 8A 56 B4 02 7C E0 03 1F F8 C0 07 3E F0 81 0F 7C E4
[21:17:27.053] ADDR:0xEE TYPE:RC_CHANNELS_PACKED        LEN:26 | EE 18 16 E0 C3 5E 2B B0 D7 8A 56 B4 02 7C E0 03 1F F8 C0 07 3E F0 81 0F 7C 98
[21:17:27.073] ADDR:0xEE TYPE:RC_CHANNELS_PACKED        LEN:26 | EE 18 16 E0 C3 5E 2B B2 D7 8A 56 B4 02 7C E0 03 1F F8 C0 07 3E F0 81 0F 7C E4
[21:17:27.083] ADDR:0xEE TYPE:RC_CHANNELS_PACKED        LEN:26 | EE 18 16 E0 C3 5E 2B B0 D7 8A 56 B4 02 7C E0 03 1F F8 C0 07 3E F0 81 0F 7C 98
[21:17:27.124] ADDR:0xEE TYPE:RC_CHANNELS_PACKED        LEN:26 | EE 18 16 E0 BB 5E 2B B0 D7 8A 56 B4 02 7C E0 03 1F F8 C0 07 3E F0 81 0F 7C 38
[21:17:27.124] ADDR:0xEA TYPE:ELRS_STATUS               LEN:15 | EA 0D 3A EA EE 10 00 03 0D 40 00 00 01 36 E9
[21:17:27.134] ADDR:0xEE TYPE:RC_CHANNELS_PACKED        LEN:26 | EE 18 16 E0 C3 5E 2B B0 D7 8A 56 B4 02 7C E0 03 1F F8 C0 07 3E F0 81 0F 7C 98
[21:17:27.154] ADDR:0xEE TYPE:RC_CHANNELS_PACKED        LEN:26 | EE 18 16 E0 C3 5E 2B B2 D7 8A 56 B4 02 7C E0 03 1F F8 C0 07 3E F0 81 0F 7C E4
[21:17:27.164] ADDR:0xEE TYPE:RC_CHANNELS_PACKED        LEN:26 | EE 18 16 E0 C3 5E 2B B2 D7 8A 56 B4 02 7C E0 03 1F F8 C0 07 3E F0 81 0F 7C E4
[21:17:27.195] ADDR:0xEE TYPE:RC_CHANNELS_PACKED        LEN:26 | EE 18 16 E0 C3 5E 2B B2 D7 8A 56 B4 02 7C E0 03 1F F8 C0 07 3E F0 81 0F 7C E4
[21:17:27.215] ADDR:0xEE TYPE:RC_CHANNELS_PACKED        LEN:26 | EE 18 16 E0 C3 5E 2B B2 D7 8A 56 B4 02 7C E0 03 1F F8 C0 07 3E F0 81 0F 7C E4
[21:17:27.235] ADDR:0xEE TYPE:RC_CHANNELS_PACKED        LEN:26 | EE 18 16 E0 C3 5E 2B B2 D7 8A 56 B4 02 7C E0 03 1F F8 C0 07 3E F0 81 0F 7C E4
[21:17:27.246] ADDR:0xEE TYPE:RC_CHANNELS_PACKED        LEN:26 | EE 18 16 E0 C3 5E 2B B2 D7 8A 56 B4 02 7C E0 03 1F F8 C0 07 3E F0 81 0F 7C E4
[21:17:27.276] ADDR:0xEE TYPE:RC_CHANNELS_PACKED        LEN:26 | EE 18 16 E0 C3 5E 2B B2 D7 8A 56 B4 02 7C E0 03 1F F8 C0 07 3E F0 81 0F 7C E4
[21:17:27.296] ADDR:0xEE TYPE:RC_CHANNELS_PACKED        LEN:26 | EE 18 16 E0 C3 5E 2B B2 D7 8A 56 B4 02 7C E0 03 1F F8 C0 07 3E F0 81 0F 7C E4
[21:17:27.306] ADDR:0xEE TYPE:RC_CHANNELS_PACKED        LEN:26 | EE 18 16 E0 BB 5E 2B B2 D7 8A 56 B4 02 7C E0 03 1F F8 C0 07 3E F0 81 0F 7C 44
[21:17:27.306] ADDR:0xEA TYPE:ELRS_STATUS               LEN:15 | EA 0D 3A EA EE 10 00 03 0D 40 FF FF FF F6 48
[21:17:27.327] ADDR:0xEE TYPE:RC_CHANNELS_PACKED        LEN:26 | EE 18 16 E0 BB 5E 2B B2 D7 8A 56 B4 02 7C E0 03 1F F8 C0 07 3E F0 81 0F 7C 44
[21:17:27.357] ADDR:0xEE TYPE:RC_CHANNELS_PACKED        LEN:26 | EE 18 16 E0 BB 5E 2B B4 D7 8A 56 B4 02 7C E0 03 1F F8 C0 07 3E F0 81 0F 7C C0
[21:17:27.378] ADDR:0xEE TYPE:RC_CHANNELS_PACKED        LEN:26 | EE 18 16 E0 C3 5E 2B B2 D7 8A 56 B4 02 7C E0 03 1F F8 C0 07 3E F0 81 0F 7C E4
[21:17:27.388] ADDR:0xEE TYPE:RC_CHANNELS_PACKED        LEN:26 | EE 18 16 E0 C3 5E 2B B2 D7 8A 56 B4 02 7C E0 03 1F F8 C0 07 3E F0 81 0F 7C E4
[21:17:27.409] ADDR:0xEE TYPE:RC_CHANNELS_PACKED        LEN:26 | EE 18 16 E0 BB 5E 2B B2 D7 8A 56 B4 02 7C E0 03 1F F8 C0 07 3E F0 81 0F 7C 44
[21:17:27.439] ADDR:0xEE TYPE:RC_CHANNELS_PACKED        LEN:26 | EE 18 16 E0 C3 5E 2B B2 D7 8A 56 B4 02 7C E0 03 1F F8 C0 07 3E F0 81 0F 7C E4
[21:17:27.459] ADDR:0xEE TYPE:RC_CHANNELS_PACKED        LEN:26 | EE 18 16 E0 C3 5E 2B B2 D7 8A 56 B4 02 7C E0 03 1F F8 C0 07 3E F0 81 0F 7C E4
[21:17:27.470] ADDR:0xEE TYPE:RC_CHANNELS_PACKED        LEN:26 | EE 18 16 E0 C3 5E 2B B2 D7 8A 56 B4 02 7C E0 03 1F F8 C0 07 3E F0 81 0F 7C E4
[21:17:27.491] ADDR:0xEE TYPE:RC_CHANNELS_PACKED        LEN:26 | EE 18 16 E0 C3 5E 2B B2 D7 8A 56 B4 02 7C E0 03 1F F8 C0 07 3E F0 81 0F 7C E4
[21:17:27.522] ADDR:0xEE TYPE:RC_CHANNELS_PACKED        LEN:26 | EE 18 16 E0 C3 5E 2B B0 D7 8A 56 B4 02 7C E0 03 1F F8 C0 07 3E F0 81 0F 7C 98
[21:17:27.522] ADDR:0xEA TYPE:ELRS_STATUS               LEN:15 | EA 0D 3A EA EE 10 00 03 0D 40 00 00 00 FA 47
[21:17:27.532] ADDR:0xEE TYPE:RC_CHANNELS_PACKED        LEN:26 | EE 18 16 E0 C3 5E 2B B2 D7 8A 56 B4 02 7C E0 03 1F F8 C0 07 3E F0 81 0F 7C E4
[21:17:27.553] ADDR:0xEE TYPE:RC_CHANNELS_PACKED        LEN:26 | EE 18 16 E0 C3 5E 2B AE D7 8A 56 B4 02 7C E0 03 1F F8 C0 07 3E F0 81 0F 7C 73
[21:17:27.563] ADDR:0xEE TYPE:RC_CHANNELS_PACKED        LEN:26 | EE 18 16 E0 C3 5E 2B B2 D7 8A 56 B4 02 7C E0 03 1F F8 C0 07 3E F0 81 0F 7C E4
[21:17:27.603] ADDR:0xEE TYPE:RC_CHANNELS_PACKED        LEN:26 | EE 18 16 E0 C3 5E 2B B2 D7 8A 56 B4 02 7C E0 03 1F F8 C0 07 3E F0 81 0F 7C E4
[21:17:27.614] ADDR:0xEE TYPE:RC_CHANNELS_PACKED        LEN:26 | EE 18 16 E0 C3 5E 2B B2 D7 8A 56 B4 02 7C E0 03 1F F8 C0 07 3E F0 81 0F 7C E4
[21:17:27.635] ADDR:0xEE TYPE:RC_CHANNELS_PACKED        LEN:26 | EE 18 16 E0 C3 5E 2B B2 D7 8A 56 B4 02 7C E0 03 1F F8 C0 07 3E F0 81 0F 7C E4
[21:17:27.646] ADDR:0xEE TYPE:RC_CHANNELS_PACKED        LEN:26 | EE 18 16 E0 BB 5E 2B B0 D7 8A 56 B4 02 7C E0 03 1F F8 C0 07 3E F0 81 0F 7C 38
[21:17:27.676] ADDR:0xEE TYPE:RC_CHANNELS_PACKED        LEN:26 | EE 18 16 E0 C3 5E 2B B2 D7 8A 56 B4 02 7C E0 03 1F F8 C0 07 3E F0 81 0F 7C E4
[21:17:27.696] ADDR:0xEE TYPE:RC_CHANNELS_PACKED        LEN:26 | EE 18 16 E0 C3 5E 2B B2 D7 8A 56 B4 02 7C E0 03 1F F8 C0 07 3E F0 81 0F 7C E4
[21:17:27.707] ADDR:0xEE TYPE:RC_CHANNELS_PACKED        LEN:26 | EE 18 16 E0 C3 5E 2B B0 D7 8A 56 B4 02 7C E0 03 1F F8 C0 07 3E F0 81 0F 7C 98
[21:17:27.707] ADDR:0xEA TYPE:ELRS_STATUS               LEN:15 | EA 0D 3A EA EE 10 00 03 0D 40 FF FF FF F6 48
[21:17:27.727] ADDR:0xEE TYPE:RC_CHANNELS_PACKED        LEN:26 | EE 18 16 E0 C3 5E 2B B2 D7 8A 56 B4 02 7C E0 03 1F F8 C0 07 3E F0 81 0F 7C E4
[21:17:27.757] ADDR:0xEE TYPE:RC_CHANNELS_PACKED        LEN:26 | EE 18 16 E0 C3 5E 2B B0 D7 8A 56 B4 02 7C E0 03 1F F8 C0 07 3E F0 81 0F 7C 98
[21:17:27.778] ADDR:0xEE TYPE:RC_CHANNELS_PACKED        LEN:26 | EE 18 16 E0 BB 5E 2B B2 D7 8A 56 B4 02 7C E0 03 1F F8 C0 07 3E F0 81 0F 7C 44
[21:17:27.788] ADDR:0xEE TYPE:RC_CHANNELS_PACKED        LEN:26 | EE 18 16 E0 C3 5E 2B B2 D7 8A 56 B4 02 7C E0 03 1F F8 C0 07 3E F0 81 0F 7C E4
[21:17:27.809] ADDR:0xEE TYPE:RC_CHANNELS_PACKED        LEN:26 | EE 18 16 E0 C3 5E 2B B2 D7 8A 56 B4 02 7C E0 03 1F F8 C0 07 3E F0 81 0F 7C E4
[21:17:27.839] ADDR:0xEE TYPE:RC_CHANNELS_PACKED        LEN:26 | EE 18 16 E0 BB 5E 2B AE D7 8A 56 B4 02 7C E0 03 1F F8 C0 07 3E F0 81 0F 7C D3
[21:17:27.859] ADDR:0xEE TYPE:RC_CHANNELS_PACKED        LEN:26 | EE 18 16 E0 C3 5E 2B B2 D7 8A 56 B4 02 7C E0 03 1F F8 C0 07 3E F0 81 0F 7C E4
[21:17:27.869] ADDR:0xEE TYPE:RC_CHANNELS_PACKED        LEN:26 | EE 18 16 E0 BB 5E 2B B0 D7 8A 56 B4 02 7C E0 03 1F F8 C0 07 3E F0 81 0F 7C 38
[21:17:27.890] ADDR:0xEE TYPE:RC_CHANNELS_PACKED        LEN:26 | EE 18 16 E0 C3 5E 2B B4 D7 8A 56 B4 02 7C E0 03 1F F8 C0 07 3E F0 81 0F 7C 60
[21:17:27.920] ADDR:0xEE TYPE:RC_CHANNELS_PACKED        LEN:26 | EE 18 16 E0 C3 5E 2B B2 D7 8A 56 B4 02 7C E0 03 1F F8 C0 07 3E F0 81 0F 7C E4
[21:17:27.920] ADDR:0xEA TYPE:ELRS_STATUS               LEN:15 | EA 0D 3A EA EE 10 00 03 0D 40 00 00 00 D2 CA
[21:17:27.931] ADDR:0xEE TYPE:RC_CHANNELS_PACKED        LEN:26 | EE 18 16 E0 C3 5E 2B B2 D7 8A 56 B4 02 7C E0 03 1F F8 C0 07 3E F0 81 0F 7C E4
[21:17:27.951] ADDR:0xEE TYPE:RC_CHANNELS_PACKED        LEN:26 | EE 18 16 E0 C3 5E 2B B2 D7 8A 56 B4 02 7C E0 03 1F F8 C0 07 3E F0 81 0F 7C E4
[21:17:27.971] ADDR:0xEE TYPE:RC_CHANNELS_PACKED        LEN:26 | EE 18 16 E0 C3 5E 2B B2 D7 8A 56 B4 02 7C E0 03 1F F8 C0 07 3E F0 81 0F 7C E4
[21:17:28.003] ADDR:0xEE TYPE:RC_CHANNELS_PACKED        LEN:26 | EE 18 16 E0 C3 5E 2B B2 D7 8A 56 B4 02 7C E0 03 1F F8 C0 07 3E F0 81 0F 7C E4
[21:17:28.013] ADDR:0xEE TYPE:RC_CHANNELS_PACKED        LEN:26 | EE 18 16 E0 C3 5E 2B B2 D7 8A 56 B4 02 7C E0 03 1F F8 C0 07 3E F0 81 0F 7C E4
[21:17:28.033] ADDR:0xEE TYPE:RC_CHANNELS_PACKED        LEN:26 | EE 18 16 E0 C3 5E 2B B2 D7 8A 56 B4 02 7C E0 03 1F F8 C0 07 3E F0 81 0F 7C E4
[21:17:28.043] ADDR:0xEE TYPE:RC_CHANNELS_PACKED        LEN:26 | EE 18 16 E0 C3 5E 2B AE D7 8A 56 B4 02 7C E0 03 1F F8 C0 07 3E F0 81 0F 7C 73
[21:17:28.085] ADDR:0xEE TYPE:RC_CHANNELS_PACKED        LEN:26 | EE 18 16 E0 BB 5E 2B B2 D7 8A 56 B4 02 7C E0 03 1F F8 C0 07 3E F0 81 0F 7C 44
[21:17:28.095] ADDR:0xEE TYPE:RC_CHANNELS_PACKED        LEN:26 | EE 18 16 E0 BB 5E 2B B2 D7 8A 56 B4 02 7C E0 03 1F F8 C0 07 3E F0 81 0F 7C 44
[21:17:28.116] ADDR:0xEE TYPE:RC_CHANNELS_PACKED        LEN:26 | EE 18 16 E0 C3 5E 2B B2 D7 8A 56 B4 02 7C E0 03 1F F8 C0 07 3E F0 81 0F 7C E4
[21:17:28.116] ADDR:0xEA TYPE:ELRS_STATUS               LEN:15 | EA 0D 3A EA EE 10 00 03 0D 40 00 00 00 C8 CE
[21:17:28.126] ADDR:0xEE TYPE:RC_CHANNELS_PACKED        LEN:26 | EE 18 16 E0 C3 5E 2B B0 D7 8A 56 B4 02 7C E0 03 1F F8 C0 07 3E F0 81 0F 7C 98
[21:17:28.157] ADDR:0xEE TYPE:RC_CHANNELS_PACKED        LEN:26 | EE 18 16 E0 C3 5E 2B B2 D7 8A 56 B4 02 7C E0 03 1F F8 C0 07 3E F0 81 0F 7C E4
[21:17:28.178] ADDR:0xEE TYPE:RC_CHANNELS_PACKED        LEN:26 | EE 18 16 E0 C3 5E 2B B2 D7 8A 56 B4 02 7C E0 03 1F F8 C0 07 3E F0 81 0F 7C E4
[21:17:28.188] ADDR:0xEE TYPE:RC_CHANNELS_PACKED        LEN:26 | EE 18 16 E0 C3 5E 2B B2 D7 8A 56 B4 02 7C E0 03 1F F8 C0 07 3E F0 81 0F 7C E4
[21:17:28.209] ADDR:0xEE TYPE:RC_CHANNELS_PACKED        LEN:26 | EE 18 16 E0 C3 5E 2B B2 D7 8A 56 B4 02 7C E0 03 1F F8 C0 07 3E F0 81 0F 7C E4
[21:17:28.241] ADDR:0xEE TYPE:RC_CHANNELS_PACKED        LEN:26 | EE 18 16 E0 C3 5E 2B B2 D7 8A 56 B4 02 7C E0 03 1F F8 C0 07 3E F0 81 0F 7C E4
[21:17:28.251] ADDR:0xEE TYPE:RC_CHANNELS_PACKED        LEN:26 | EE 18 16 E0 C3 5E 2B B2 D7 8A 56 B4 02 7C E0 03 1F F8 C0 07 3E F0 81 0F 7C E4
[21:17:28.271] ADDR:0xEE TYPE:RC_CHANNELS_PACKED        LEN:26 | EE 18 16 DF C3 5E 2B B2 D7 8A 56 B4 02 7C E0 03 1F F8 C0 07 3E F0 81 0F 7C 66
[21:17:28.291] ADDR:0xEE TYPE:RC_CHANNELS_PACKED        LEN:26 | EE 18 16 E0 C3 5E 2B B2 D7 8A 56 B4 02 7C E0 03 1F F8 C0 07 3E F0 81 0F 7C E4
[21:17:28.322] ADDR:0xEE TYPE:RC_CHANNELS_PACKED        LEN:26 | EE 18 16 E0 C3 5E 2B B0 D7 8A 56 B4 02 7C E0 03 1F F8 C0 07 3E F0 81 0F 7C 98
[21:17:28.322] ADDR:0xEA TYPE:ELRS_STATUS               LEN:15 | EA 0D 3A EA EE 10 00 03 0D 40 00 00 01 86 F0
[21:17:28.332] ADDR:0xEE TYPE:RC_CHANNELS_PACKED        LEN:26 | EE 18 16 E0 C3 5E 2B B2 D7 8A 56 B4 02 7C E0 03 1F F8 C0 07 3E F0 81 0F 7C E4
[21:17:28.352] ADDR:0xEE TYPE:RC_CHANNELS_PACKED        LEN:26 | EE 18 16 E0 C3 5E 2B B2 D7 8A 56 B4 02 7C E0 03 1F F8 C0 07 3E F0 81 0F 7C E4
[21:17:28.362] ADDR:0xEE TYPE:RC_CHANNELS_PACKED        LEN:26 | EE 18 16 E0 C3 5E 2B B2 D7 8A 56 B4 02 7C E0 03 1F F8 C0 07 3E F0 81 0F 7C E4
[21:17:28.403] ADDR:0xEE TYPE:RC_CHANNELS_PACKED        LEN:26 | EE 18 16 E0 C3 5E 2B B2 D7 8A 56 B4 02 7C E0 03 1F F8 C0 07 3E F0 81 0F 7C E4
[21:17:28.413] ADDR:0xEE TYPE:RC_CHANNELS_PACKED        LEN:26 | EE 18 16 E0 C3 5E 2B B2 D7 8A 56 B4 02 7C E0 03 1F F8 C0 07 3E F0 81 0F 7C E4
[21:17:28.433] ADDR:0xEE TYPE:RC_CHANNELS_PACKED        LEN:26 | EE 18 16 E0 C3 5E 2B B2 D7 8A 56 B4 02 7C E0 03 1F F8 C0 07 3E F0 81 0F 7C E4
[21:17:28.443] ADDR:0xEE TYPE:RC_CHANNELS_PACKED        LEN:26 | EE 18 16 E0 C3 5E 2B B2 D7 8A 56 B4 02 7C E0 03 1F F8 C0 07 3E F0 81 0F 7C E4
[21:17:28.484] ADDR:0xEE TYPE:RC_CHANNELS_PACKED        LEN:26 | EE 18 16 E0 C3 5E 2B B2 D7 8A 56 B4 02 7C E0 03 1F F8 C0 07 3E F0 81 0F 7C E4
[21:17:28.494] ADDR:0xEE TYPE:RC_CHANNELS_PACKED        LEN:26 | EE 18 16 E0 C3 5E 2B B2 D7 8A 56 B4 02 7C E0 03 1F F8 C0 07 3E F0 81 0F 7C E4
[21:17:28.514] ADDR:0xEE TYPE:RC_CHANNELS_PACKED        LEN:26 | EE 18 16 E0 C3 5E 2B B2 D7 8A 56 B4 02 7C E0 03 1F F8 C0 07 3E F0 81 0F 7C E4
[21:17:28.514] ADDR:0xEA TYPE:ELRS_STATUS               LEN:15 | EA 0D 3A EA EE 10 00 03 0D 40 FF FF FE DE CE
[21:17:28.525] ADDR:0xEE TYPE:RC_CHANNELS_PACKED        LEN:26 | EE 18 16 E0 C3 5E 2B B2 D7 8A 56 B4 02 7C E0 03 1F F8 C0 07 3E F0 81 0F 7C E4
[21:17:28.555] ADDR:0xEE TYPE:RC_CHANNELS_PACKED        LEN:26 | EE 18 16 E0 C3 5E 2B B2 D7 8A 56 B4 02 7C E0 03 1F F8 C0 07 3E F0 81 0F 7C E4
[21:17:28.575] ADDR:0xEE TYPE:RC_CHANNELS_PACKED        LEN:26 | EE 18 16 E0 C3 5E 2B B0 D7 8A 56 B4 02 7C E0 03 1F F8 C0 07 3E F0 81 0F 7C 98
[21:17:28.595] ADDR:0xEE TYPE:RC_CHANNELS_PACKED        LEN:26 | EE 18 16 E0 C3 5E 2B B0 D7 8A 56 B4 02 7C E0 03 1F F8 C0 07 3E F0 81 0F 7C 98
[21:17:28.606] ADDR:0xEE TYPE:RC_CHANNELS_PACKED        LEN:26 | EE 18 16 E0 C3 5E 2B B2 D7 8A 56 B4 02 7C E0 03 1F F8 C0 07 3E F0 81 0F 7C E4
[21:17:28.636] ADDR:0xEE TYPE:RC_CHANNELS_PACKED        LEN:26 | EE 18 16 E0 C3 5E 2B B2 D7 8A 56 B4 02 7C E0 03 1F F8 C0 07 3E F0 81 0F 7C E4
[21:17:28.656] ADDR:0xEE TYPE:RC_CHANNELS_PACKED        LEN:26 | EE 18 16 E0 C3 5E 2B B2 D7 8A 56 B4 02 7C E0 03 1F F8 C0 07 3E F0 81 0F 7C E4
[21:17:28.667] ADDR:0xEE TYPE:RC_CHANNELS_PACKED        LEN:26 | EE 18 16 E0 C3 5E 2B B2 D7 8A 56 B4 02 7C E0 03 1F F8 C0 07 3E F0 81 0F 7C E4
[21:17:28.687] ADDR:0xEE TYPE:RC_CHANNELS_PACKED        LEN:26 | EE 18 16 E0 C3 5E 2B B2 D7 8A 56 B4 02 7C E0 03 1F F8 C0 07 3E F0 81 0F 7C E4
[21:17:28.717] ADDR:0xEE TYPE:RC_CHANNELS_PACKED        LEN:26 | EE 18 16 E0 C3 5E 2B B2 D7 8A 56 B4 02 7C E0 03 1F F8 C0 07 3E F0 81 0F 7C E4
[21:17:28.717] ADDR:0xEA TYPE:ELRS_STATUS               LEN:15 | EA 0D 3A EA EE 10 00 03 0D 40 00 00 01 54 AF
[21:17:28.737] ADDR:0xEE TYPE:RC_CHANNELS_PACKED        LEN:26 | EE 18 16 E0 C3 5E 2B B2 D7 8A 56 B4 02 7C E0 03 1F F8 C0 07 3E F0 81 0F 7C E4
[21:17:28.748] ADDR:0xEE TYPE:RC_CHANNELS_PACKED        LEN:26 | EE 18 16 E0 BB 5E 2B B2 D7 8A 56 B4 02 7C E0 03 1F F8 C0 07 3E F0 81 0F 7C 44